date,water_temp,ph,dissolved_oxygen,conductivity,turbidity,codmn,nh3_n,tp,tn,station_id,weather_station_name,district,pressure,air_temp,humidity,precipitation,wind_speed,wind_dir,songpu_flow_m3s,songpu_water_level_m,huangdu_flow_m3s,huangdu_water_level_m,huangdu_flow_m3s_abs,huangdu_flow_m3s_reverse_flag,huangdu_flow_m3s_3d_mean,huangdu_flow_m3s_7d_mean,songpu_flow_m3s_abs,songpu_flow_m3s_reverse_flag,songpu_flow_m3s_3d_mean,songpu_flow_m3s_7d_mean,huangdu_water_level_m_1d_diff,huangdu_water_level_m_3d_mean,songpu_water_level_m_1d_diff,songpu_water_level_m_3d_mean,songpu_flow_level_coupling,huangdu_flow_level_coupling,boundary_label,boundary_label_available,boundary_extent_ratio,label_source,label_confidence,boundary_zone_name,notes,wind_dir_sin,wind_dir_cos,precipitation_3d,precipitation_7d,pressure_drop,conductivity_anomaly,mixing_proxy,resuspension_index,runoff_proxy,nutrient_risk_index,self_purification_index,settling_index,songpu_flow_m3s_1d_diff,songpu_flow_rise_flag,huangdu_flow_m3s_1d_diff,huangdu_flow_rise_flag,songpu_tidal_pumping_proxy,songpu_resuspension_potential,songpu_flushing_potential,runoff_sediment_pulse,hydrodynamic_intensity,water_air_temp_gap,dayofyear_sin,dayofyear_cos,clearness_proxy
2022-01-01,13.543333333333335,7.656666666666666,8.111666666666666,486.73333333333335,105.83333333333333,3.638333333333333,0.2283333333333333,0.11,2.19,58362,宝山,宝山区,1027.533333,7.9875,69.416667,0.0,1.929167,220.026741,602.0,2.12,26.4,2.48,26.4,0,26.4,26.4,602.0,0,602.0,602.0,0.0,2.48,0.0,2.12,1276.24,65.472,0.0,1.0,0.0107015457788347,DLR_GWP_P1D_real_raster_proxy,0.3571428571428571,wusongkou_aoi_boundary_proxy,"Derived from DLR Global WaterPack daily real raster masks within a station-centered AOI; label denotes boundary-change proxy relative to the median reference mask, not a manual governance-zone annotation.",-0.6431450667753911,-0.7657443588316388,0.0,0.0,0.0,0.0,4.130188818544959,1.929167,0.49658145200910364,3.5183333333333335,1.5335649776339173,0.3413939867545961,0.0,0.0,0.0,0.0,0.0,602.0,5.634945397815913,0.0,3.830848016010714,5.555833333333335,0.017201575418260506,0.9998520419557735,0.3014283106226222
2022-01-02,14.115,7.746666666666667,8.423333333333334,449.3,155.24,3.5133333333333336,0.21666666666666667,0.09333333333333334,2.2449999999999997,58362,宝山,宝山区,1027.808333,5.945833,77.416667,0.0,1.504167,29.531563,413.0,2.14,10.9,2.48,10.9,0,18.65,18.65,413.0,0,507.5,507.5,0.0,2.48,0.02,2.13,883.82,27.032,,0.0,,,,,,0.4929029454037373,0.8700842984517767,0.0,0.0,0.0,-18.71666666666664,3.1494552407529,1.511167,0.44671160074729055,3.3949999999999996,1.6727123319545583,0.39933438943968197,-189.0,0.0,-15.499999999999998,0.0,0.0,614.04,3.248207885304659,0.0,3.428774328629964,8.169167,0.03439806061360801,0.9994082116062598,0.23690810444475197
2022-01-03,14.311666666666667,7.761666666666667,8.441666666666666,426.6333333333334,127.925,3.1799999999999997,0.155,0.0,2.145,58362,宝山,宝山区,1025.466667,6.925,83.541667,0.0,0.875,53.943164,352.0,2.21,3.8,2.56,3.8,0,13.7,13.7,352.0,0,455.6666666666667,455.6666666666667,0.08,2.5066666666666664,0.0699999999999998,2.1566666666666667,777.92,9.728,,0.0,,,,,,0.8084335279563852,0.5885874878690444,0.0,0.0,2.341666000000032,-27.588888888888846,2.4623495455018314,0.8995,0.40317712406770356,2.3,2.1858348761494066,0.23715418769235988,-61.0,0.0,-7.1000000000000005,0.0,0.0,441.9099999999999,3.5343545989270244,0.0,3.4656364659583376,7.386666666666668,0.051584366869408364,0.9986686402879997,0.26952478622397835
2022-01-04,14.501666666666667,7.763333333333333,8.49,422.26666666666665,149.46833333333333,3.4683333333333337,0.19333333333333333,0.0,2.2283333333333335,58362,宝山,宝山区,1023.995833,10.533333,79.375,0.3,3.683333,81.322774,279.0,2.27,5.8,2.64,5.8,0,6.833333333333333,11.725,279.0,0,348.0,411.5,0.08,2.56,0.06,2.2066666666666666,633.33,15.312,,0.0,,,,,,0.9885539320653771,0.15086790048940754,0.3,0.3,1.470833999999968,-23.966666666666697,8.16972476073155,4.8093329,0.8468832198723004,2.421666666666667,2.0405954324792024,0.15493866210775223,-73.0,0.0,2.0,1.0,0.0,373.12,2.3127789900422018,0.6,4.946749399355328,3.968333666666666,0.06875540848113941,0.9976335468520451,0.24329703532734426
2022-01-05,14.395,7.81,8.61,404.55,138.625,3.275,0.15,0.0,1.81,58362,宝山,宝山区,1024.35,7.791667,92.666667,12.5,3.475,32.536333,160.0,2.3,4.3,2.67,4.3,0,4.633333333333333,10.239999999999998,160.0,0,263.6666666666667,361.2,0.0299999999999998,2.623333333333333,0.0299999999999998,2.26,368.0,11.481,,0.0,,,,,,0.5378343205010699,0.8430505582058245,12.8,12.8,0.0,-33.34666666666669,6.1061849184888874,47.965500000000006,24.92063857598914,1.96,2.175059038446637,0.057887120115774245,-119.0,0.0,-1.5,0.0,0.0,287.36999999999995,1.888391524917935,0.0,6.804970587852195,6.603332999999999,0.08590610426133272,0.9963032375991965,0.25599191815806344
2022-01-06,12.549999999999999,7.743333333333333,9.193333333333333,425.93333333333334,180.16,3.6966666666666668,0.26999999999999996,0.15666666666666665,2.9,58362,宝山,宝山区,1031.108333,7.129167,65.666667,0.0,2.683333,6.625343,300.0,2.43,3.9,2.73,3.9,0,4.666666666666666,9.183333333333334,300.0,0,246.33333333333331,351.0,0.06,2.68,0.1300000000000003,2.333333333333333,729.0,10.647,,0.0,,,,,,0.11537652667706425,0.9933218295657942,12.8,12.8,0.0,-9.969444444444491,3.848993181170279,37.0754954,21.465523534308215,4.736666666666666,1.572162191656118,0.06066734197507263,140.0,1.0,-0.3999999999999999,0.0,0.0,497.20000000000016,1.3597556487819238,0.0,6.598734046308584,5.420832999999999,0.10303137904317879,0.9946781061893646,0.21178948317552937
2022-01-07,12.491666666666667,7.728333333333333,9.123333333333333,426.55,146.655,3.0549999999999997,0.16833333333333333,0.13333333333333333,2.7116666666666664,58362,宝山,宝山区,1029.045833,7.083333,69.833333,0.0,1.908333,40.983242,568.0,2.44,4.6,2.76,4.6,0,4.266666666666667,8.528571428571428,568.0,0,342.6666666666667,382.0,0.0299999999999998,2.72,0.0099999999999997,2.39,1385.92,12.695999999999998,,0.0,,,,,,0.6558382617563009,0.75490143357691,12.5,12.8,2.0625,-8.016666666666652,4.111472862691136,25.7659955,21.987876271704724,4.213333333333333,1.8371898232200057,0.057238255325318496,268.0,1.0,0.6999999999999997,1.0,0.0,844.3599999999998,2.320725113722303,8.749999999999996,6.729696019562885,5.4083336666666675,0.1201261651823505,0.9927586335250793,0.24650064331870902
2022-01-08,12.426666666666668,7.698333333333333,8.785,454.6833333333334,119.87,3.301666666666667,0.21333333333333335,0.13333333333333333,2.9583333333333335,58362,宝山,宝山区,1025.683333,6.683333,68.25,0.0,1.454167,51.407135,687.0,2.36,9.9,2.77,9.9,0,6.133333333333333,6.171428571428572,687.0,0,518.3333333333334,394.1428571428572,0.0100000000000002,2.7533333333333334,-0.08,2.41,1621.32,27.423,0.0,1.0,0.0107015457788347,DLR_GWP_P1D_real_raster_proxy,0.3571428571428571,wusongkou_aoi_boundary_proxy,"Derived from DLR Global WaterPack daily real raster masks within a station-centered AOI; label denotes boundary-change proxy relative to the median reference mask, not a manual governance-zone annotation.",0.7815981576122495,0.6237822697200821,0.0,12.8,3.3624999999999545,24.695238095238096,3.5708095737505334,1.482167,21.830716795003955,4.505,1.6817703781776339,0.17191976092150502,119.0,1.0,5.300000000000001,1.0,0.0,870.48,4.288353878822978,0.0,4.295189284860788,5.7433336666666674,0.13718540405660057,0.9905453876091833,0.2804752788067899
2022-01-09,13.603333333333333,7.746666666666666,8.235,467.26666666666665,108.07333333333334,3.2883333333333336,0.23500000000000001,0.11833333333333333,2.3183333333333334,58362,宝山,宝山区,1023.383333,6.541667,71.125,0.0,1.141667,312.980013,724.0,2.29,27.5,2.73,27.5,0,14.0,8.542857142857143,724.0,0,659.6666666666666,438.57142857142856,-0.04,2.7533333333333334,-0.0699999999999998,2.3633333333333333,1657.96,75.075,,0.0,,,,,,-0.7315915647126418,0.681743193909047,0.0,12.8,2.2999999999999545,34.71190476190469,2.9648266951389886,1.166167,22.310207530165336,3.7366666666666664,1.618691231997569,0.22514069604948103,37.0,1.0,17.6,1.0,0.0,814.2699999999999,6.047918831367276,0.0,3.9106350405620978,7.061666333333333,0.1542040475626894,0.988039023376751,0.2979062339877686
2022-01-10,13.353333333333333,7.676666666666667,8.135,508.7,113.37833333333333,3.5516666666666663,0.29833333333333334,0.11666666666666665,2.285,58362,宝山,宝山区,1023.229167,6.35,75.208333,0.0,3.104167,299.084333,799.0,2.28,31.0,2.67,31.0,0,22.8,12.428571428571429,799.0,0,736.6666666666666,502.4285714285714,-0.06,2.723333333333333,-0.0100000000000002,2.31,1821.72,82.77,,0.0,,,,,,-0.8739051742712549,0.4860964373269233,0.0,12.8,0.154166000000032,64.42142857142858,6.819606362252268,3.107667,22.902119461101616,3.75,1.5203150006165191,0.23483367787347595,75.0,1.0,3.5,1.0,0.0,882.7400000000002,6.440613752604659,0.0,4.691699107402505,7.003333333333334,0.17117705961019986,0.985240282501282,0.28984531311547024
2022-01-11,13.031666666666666,7.711666666666666,8.436666666666666,500.0833333333333,109.23333333333333,3.356666666666667,0.25,0.10666666666666667,2.0233333333333334,58362,宝山,宝山区,1027.779167,2.333333,60.708333,0.0,2.504167,353.917034,672.0,2.26,28.7,2.62,28.7,0,29.066666666666663,15.7,672.0,0,731.6666666666666,558.5714285714286,-0.0499999999999998,2.6733333333333333,-0.02,2.276666666666667,1518.7199999999998,75.194,,0.0,,,,,,-0.10596845058535216,0.9943694924325363,0.0,12.5,0.0,44.68809523809517,3.7462914964436784,2.511167,20.599054195760072,3.34,1.6752534696621526,0.28537452695604976,-127.0,0.0,-2.3000000000000007,0.0,0.0,814.98,6.637435742364681,0.0,4.231378740362956,10.698333666666667,0.18809941761179758,0.9821499931752291,0.2961106262917461
2022-01-12,12.64,7.623333333333334,8.135,557.7166666666666,88.04,3.635,0.3466666666666667,0.10333333333333333,2.3966666666666665,58362,宝山,宝山区,1024.379167,3.508333,62.583333,0.0,1.433333,278.341443,1140.0,2.3,32.2,2.6,32.2,0,30.633333333333336,19.685714285714287,1140.0,0,870.3333333333334,698.5714285714286,-0.02,2.63,0.04,2.28,2622.0,83.72000000000001,,0.0,,,,,,-0.989421114958831,0.1450719038050569,0.0,0.0,3.3999999999998636,80.44047619047609,3.9074519874465974,1.447333,0.5181317125421658,3.7766666666666664,1.5296360977158219,0.17142858122449436,468.0,1.0,3.5000000000000036,1.0,0.0,1672.3200000000002,9.774633123689727,0.0,4.4847259844455225,9.131667,0.20496611396949532,0.9787690698649216,0.33235134898814334
2022-01-13,12.878333333333332,7.711666666666666,8.378333333333332,508.6833333333334,82.27499999999999,3.275,0.24833333333333332,0.09499999999999999,2.1599999999999997,58362,宝山,宝山区,1028.854167,2.75,59.416667,0.0,2.466667,350.823858,727.0,2.09,30.8,2.55,30.8,0,30.566666666666663,23.52857142857143,727.0,0,846.3333333333334,759.5714285714286,-0.0500000000000002,2.5900000000000003,-0.2099999999999999,2.2166666666666663,1519.4299999999998,78.53999999999999,,0.0,,,,,,-0.15947012965753593,0.9872027541224795,0.0,0.0,0.0,19.585714285714346,3.8485718635414687,2.5401670000000003,0.5178152567285884,3.358333333333333,1.7338579174367894,0.2884615107248547,-413.0,0.0,-1.4000000000000021,0.0,0.0,1379.3999999999999,10.16311417992595,0.0,4.2475877323346705,10.128333333333332,0.22177215755648186,0.975098513039961,0.3437129516220039
2022-01-14,12.981666666666667,7.691666666666666,8.42,516.2833333333333,74.28166666666667,3.0066666666666664,0.26,0.09833333333333333,2.3333333333333335,58362,宝山,宝山区,1024.666667,5.425,63.583333,0.0,1.970833,190.584235,719.0,2.14,30.9,2.51,30.9,0,31.3,27.285714285714285,719.0,0,862.0,781.1428571428571,-0.04,2.553333333333333,0.0500000000000002,2.1766666666666663,1538.66,77.55899999999998,,0.0,,,,,,-0.18368088785466494,-0.982985926367678,0.0,0.0,4.1875,14.366666666666617,3.319725037054788,1.9883330000000001,0.5212600845342916,3.576666666666667,1.817502304591998,0.1396973289731003,-8.0,0.0,0.09999999999999787,1.0,0.0,763.3500000000003,11.450330979211406,0.0,4.7707101367742615,7.5566666666666675,0.23851257519407648,0.9711394088771653,0.36084120159106814
2022-01-15,12.906666666666666,7.7,8.335,527.2333333333333,80.21499999999999,3.1783333333333332,0.2783333333333333,0.165,2.313333333333333,58362,宝山,宝山区,1024.891667,6.125,76.916667,0.0,1.133333,118.257294,725.0,2.14,30.4,2.52,30.4,0,30.7,30.214285714285715,725.0,0,723.6666666666666,786.5714285714286,0.0100000000000002,2.526666666666667,0.0,2.123333333333333,1551.5,76.60799999999999,0.0,1.0,0.0118906064209274,DLR_GWP_P1D_real_raster_proxy,0.2857142857142857,wusongkou_aoi_boundary_proxy,"Derived from DLR Global WaterPack daily real raster masks within a station-centered AOI; label denotes boundary-change proxy relative to the median reference mask, not a manual governance-zone annotation.",0.8808304754312092,-0.47343180454172057,0.0,0.0,0.0,14.952380952380963,3.1197397474355975,1.133333,0.5184475021324852,4.241666666666666,1.5469510878916017,0.468750073242199,6.0,1.0,-0.5,0.0,0.0,731.0,8.910505038067681,0.0,3.429030575777344,6.781666666666666,0.2551824131233728,0.9668929289391521,0.34796454457697257
2022-01-16,14.568333333333333,7.73,8.881666666666666,417.5333333333333,63.73666666666667,3.0483333333333333,0.28,0.10333333333333333,2.341666666666667,58362,宝山,宝山区,1028.2875,7.3375,74.291667,0.0,2.166667,60.121397,355.0,2.1,29.4,2.5,29.4,0,30.23333333333333,30.485714285714288,355.0,0,599.6666666666666,733.8571428571429,-0.02,2.51,-0.04,2.126666666666667,745.5,73.5,,0.0,,,,,,0.8670828477803652,0.49816396405710855,0.0,0.0,0.0,-87.64285714285717,4.926586402179545,2.1806669999999997,0.51622288508644,3.6550000000000002,1.8751611689571546,0.31578944044321683,-370.0,0.0,-1.0,0.0,0.0,754.0,9.263168734874618,0.0,3.7650422252598945,7.230833333333333,0.2717767384711357,0.9623603298276545,0.3864557108454354
2022-01-17,13.876666666666667,7.72,8.603333333333333,485.8666666666666,74.94166666666666,2.8516666666666666,0.2383333333333333,0.105,1.9983333333333333,58362,宝山,宝山区,1028.9,7.679167,75.125,0.0,2.054167,61.779033,562.0,2.24,9.6,2.51,9.6,0,23.13333333333333,27.428571428571427,562.0,0,547.3333333333334,700.0,0.0099999999999997,2.51,0.1400000000000001,2.16,1258.88,24.096,,0.0,,,,,,0.8811304663276114,0.4728732402127298,0.0,0.0,0.0,-16.047619047619094,4.814148070845744,2.103167,0.47753910160853413,3.286666666666667,1.8931520474245949,0.32742151951743304,207.0,1.0,-19.799999999999997,0.0,0.0,876.6600000000001,7.20728629430484,0.0,3.90063587063215,6.197499666666667,0.2882906407095177,0.9575429528116719,0.3593596078356398
2022-01-18,14.188333333333333,7.728333333333333,8.536666666666667,474.3666666666666,82.845,2.8683333333333336,0.2633333333333333,0.10666666666666667,2.13,58362,宝山,宝山区,1025.566667,5.825,81.125,0.0,1.654167,93.815373,433.0,2.22,12.3,2.59,12.3,0,17.1,25.085714285714285,433.0,0,450.0,665.8571428571429,0.08,2.533333333333333,-0.02,2.186666666666667,961.26,31.857,,0.0,,,,,,0.9977836504615949,-0.06654161759030046,0.0,0.0,3.3333330000000387,-23.87380952380954,4.215624467848166,1.6611669999999998,0.434386790740767,3.46,1.8557627026275507,0.16701461377870455,-129.0,0.0,2.700000000000001,1.0,0.0,573.24,5.36704633550003,0.0,4.209820636188041,8.363333333333333,0.3047192331091634,0.9524422234305676,0.34255510944585377
2022-01-19,14.395000000000001,7.7316666666666665,8.486666666666666,474.95,87.15333333333335,2.8033333333333332,0.21,0.11,2.0016666666666665,58362,宝山,宝山区,1025.383333,8.533333,80.833333,0.0,2.170833,48.17793,509.0,2.23,10.1,2.61,10.1,0,10.666666666666666,21.928571428571427,509.0,0,501.3333333333333,575.7142857142857,0.02,2.57,0.0099999999999997,2.2300000000000004,1135.07,26.361,,0.0,,,,,,0.7452191999654475,0.6668195738000335,0.0,0.0,0.18333400000005895,-11.46666666666664,4.723741040376348,2.174333,0.3685103659231956,3.3116666666666665,1.8707406178643644,0.29813661633424404,76.0,1.0,-2.200000000000001,0.0,0.0,590.8499999999999,5.687060425017014,0.0,3.954068813994753,5.861667000000001,0.321057654185271,0.9470596510722283,0.33405005366030716
2022-01-20,12.896666666666667,7.753333333333333,8.626666666666667,460.06666666666666,104.23666666666666,2.7716666666666665,0.20333333333333334,0.11499999999999999,2.0883333333333334,58362,宝山,宝山区,1029.104167,5.425,65.0,0.0,2.441667,48.162026,263.0,2.25,4.6,2.65,4.6,0,9.0,18.185714285714287,263.0,0,401.6666666666667,509.4285714285714,0.04,2.6166666666666667,0.02,2.233333333333334,591.75,12.19,,0.0,,,,,,0.7450340773722436,0.6670264039407209,0.0,0.0,0.0,-19.404761904761926,5.097184486067201,2.448667,0.34538776394910686,3.4416666666666664,1.8931620011032124,0.2905568725852908,-246.0,0.0,-5.5,0.0,0.0,519.1800000000001,3.816793893129771,0.0,3.8187033845284057,7.471666666666667,0.3373010691361842,0.9413968285264122,0.30398421429001754
2022-01-21,10.15,7.785,8.666666666666666,468.3166666666666,99.89666666666666,2.8233333333333337,0.20833333333333334,0.11833333333333333,2.185,58362,宝山,宝山区,1025.466667,7.425,75.333333,0.7,2.566667,68.524453,439.0,2.36,4.8,2.66,4.8,0,6.5,14.457142857142856,439.0,0,403.6666666666667,469.4285714285714,0.0100000000000002,2.64,0.1099999999999998,2.28,1036.04,12.768,,0.0,,,,,,0.9305739006001941,0.36610410475947974,0.7,0.7,3.6375000000000455,-4.302380952380986,5.868156530768644,4.4018339,1.5295687840813397,3.576666666666667,1.8664042792794462,0.12651554553439903,176.0,1.0,0.20000000000000018,1.0,0.0,682.65,4.000792890415937,0.14000000000000012,4.981812748771854,2.7250000000000005,0.3534446712740877,0.9354554315134164,0.3111325829204551
2022-01-22,12.161666666666667,7.791666666666667,8.521666666666667,397.1666666666667,84.20666666666666,2.8833333333333333,0.24333333333333332,0.12333333333333334,2.066666666666667,58362,宝山,宝山区,1018.26087,9.982609,98.73913,12.4,1.630435,44.770485,352.0,2.33,5.4,2.68,5.4,0,4.933333333333334,10.885714285714284,352.0,0,351.3333333333333,416.1428571428572,0.02,2.6633333333333336,-0.0299999999999998,2.313333333333333,820.1600000000001,14.472,0.0,1.0,0.0154577883472057,DLR_GWP_P1D_real_raster_proxy,0.15,wusongkou_aoi_boundary_proxy,"Derived from DLR Global WaterPack daily real raster masks within a station-centered AOI; label denotes boundary-change proxy relative to the median reference mask, not a manual governance-zone annotation.",0.7042685925266303,0.7099336233624657,13.1,13.1,7.205796999999961,-56.87142857142851,3.658669371196151,22.9996335,26.30191395529449,3.5433333333333334,1.7817097088268434,0.04359914043422659,-87.0,0.0,0.6000000000000005,1.0,0.0,452.1699999999999,4.123308035364995,7.8600000000000065,7.515645110446178,2.179057666666667,0.3694836834473831,0.9292372181882051,0.33982070976699597
2022-01-23,10.945,7.763333333333333,7.94,475.40000000000003,92.17333333333333,2.7899999999999996,0.23666666666666666,0.205,1.8683333333333334,58362,宝山,宝山区,1018.6875,8.941667,98.958333,12.9,3.458333,31.977296,236.0,2.36,5.1,2.69,5.1,0,5.1000000000000005,7.4142857142857155,236.0,0,342.3333333333333,399.1428571428572,0.0099999999999997,2.6766666666666663,0.0299999999999998,2.35,556.9599999999999,13.719,,0.0,,,,,,0.529583175477784,0.8482580151409514,26.0,26.0,0.0,13.09523809523813,6.1100169931698805,93.385491,52.00040989567689,4.154999999999999,1.4632201767813477,0.0328317377054089,-116.0,0.0,-0.3000000000000007,0.0,0.0,362.55999999999995,3.674155695477962,0.0,9.593657926567388,2.0033329999999996,0.38541335945432564,0.9227440286201427,0.32464948158204887
2022-01-24,10.816666666666668,7.728333333333333,8.29,462.5833333333333,75.00500000000001,2.6333333333333333,0.26166666666666666,0.12,1.9749999999999999,58362,宝山,宝山区,1022.9,5.9,83.5,0.0,2.3625,11.479084,396.0,2.51,28.0,2.76,28.0,0,12.833333333333334,10.042857142857144,396.0,0,328.0,375.4285714285714,0.0699999999999998,2.7099999999999995,0.1499999999999999,2.4,993.96,77.28,,0.0,,,,,,0.19901019662267305,0.979997419200788,25.3,26.0,0.0,3.604761904761915,3.730252031624144,62.18625,48.104062170785284,3.4366666666666665,1.8200814041445261,0.03488879197557784,160.0,1.0,22.9,1.0,0.0,639.4,4.315505558844812,579.37,9.023889450473622,4.916666666666668,0.4012289854475009,0.9159777842484877,0.35921811239472734
2022-01-25,11.094999999999999,7.718333333333334,7.978333333333334,498.9166666666667,69.82833333333333,2.72,0.24333333333333332,0.10833333333333334,2.025,58362,宝山,宝山区,1024.158333,6.1625,83.541667,1.2,1.470833,46.596798,615.0,2.53,32.8,2.75,32.8,0,21.96666666666667,12.97142857142857,615.0,0,415.6666666666667,401.4285714285714,-0.0099999999999997,2.733333333333333,0.02,2.4666666666666663,1555.9499999999998,90.2,,0.0,,,,,,0.7265362716467033,0.6871281146785566,14.1,27.2,0.0,36.43095238095236,3.502933568564963,22.216578300000002,50.393440007402724,3.3516666666666666,1.770542383363913,0.060346996436449515,219.0,1.0,4.799999999999997,1.0,0.0,850.6800000000001,5.868649551733064,67.67999999999996,6.412884149625451,4.932499999999999,0.4169258813287287,0.908940487313808,0.371191218381719
2022-01-26,10.765,7.68,7.538333333333334,527.6833333333333,55.17166666666666,2.9033333333333338,0.33166666666666667,0.10333333333333333,2.145,58362,宝山,宝山区,1023.870833,6.770833,96.291667,21.4,3.245833,54.19311,626.0,2.44,32.0,2.75,32.0,0,30.933333333333334,16.099999999999998,626.0,0,545.6666666666666,418.1428571428572,0.0,2.7533333333333334,-0.0899999999999998,2.4933333333333327,1527.44,88.0,,0.0,,,,,,0.8109934701013908,0.5850552037653409,22.599999999999998,48.599999999999994,0.2875000000001364,57.664285714285654,6.844324349134546,76.63315879999999,95.9172977214463,3.51,1.60367498902269,0.03685503730780126,11.0,1.0,-0.7999999999999972,0.0,0.0,694.3299999999999,9.714268759457616,0.0,9.244036868116707,3.994167000000001,0.4324994021339788,0.901634220265486,0.4105436929085904
2022-01-27,10.948333333333332,7.678333333333334,7.108333333333333,532.3166666666667,51.93666666666667,2.91,0.39166666666666666,0.10666666666666667,2.231666666666667,58362,宝山,宝山区,1026.816667,5.9125,87.291667,2.9,3.183333,27.380089,733.0,2.44,36.6,2.72,36.6,0,33.800000000000004,20.67142857142857,733.0,0,658.0,485.2857142857143,-0.0299999999999998,2.74,0.0,2.47,1788.52,99.552,,0.0,,,,,,0.4598912300514959,0.8879752567057947,25.499999999999996,51.5,0.0,51.97619047619054,5.637096283325696,84.3583245,96.98765111301707,3.6900000000000004,1.4879645227744236,0.033688939176742726,107.0,1.0,4.600000000000001,1.0,0.0,840.0,12.429947736288646,117.30000000000003,9.783082463121106,5.035833333333333,0.44794493940789115,0.8940611451454876,0.4206117327482368
2022-01-28,11.896666666666667,7.7749999999999995,7.618333333333333,535.9333333333333,41.208333333333336,2.91,0.3516666666666666,0.10166666666666667,2.223333333333333,58362,宝山,宝山区,1026.283333,4.083333,83.541667,7.8,2.825,15.402712,779.0,2.46,37.6,2.76,37.6,0,35.4,25.357142857142858,779.0,0,712.6666666666666,533.8571428571429,0.0399999999999995,2.7433333333333336,0.02,2.4466666666666668,1916.34,103.776,,0.0,,,,,,0.2656017510345688,0.9640828334989535,32.099999999999994,58.599999999999994,0.533333999999968,45.93333333333328,4.5742190346252025,93.5145,108.09460217819641,3.5916666666666663,1.624660691988167,0.027428570927020442,46.0,1.0,1.0,1.0,0.0,841.5,16.884501480750245,32.099999999999994,11.022294393087632,7.813333666666667,0.4632579225674917,0.88622350294858,0.4590530574629469
2022-02-07,15.303999999999998,7.438,8.828,308.32000000000005,30.32,2.968,0.44799999999999995,0.192,2.254,58362,宝山,宝山区,1025.2875,4.495833,96.958333,21.5,2.4375,53.138252,699.0,2.44,32.6,2.84,32.6,0,18.700000000000003,13.428571428571429,699.0,0,710.6666666666666,609.7142857142857,-0.02,2.853333333333333,-0.08,2.5033333333333334,1705.56,92.584,0.0,1.0,0.0130796670630202,DLR_GWP_P1D_real_raster_proxy,0.2142857142857143,wusongkou_aoi_boundary_proxy,"Derived from DLR Global WaterPack daily real raster masks within a station-centered AOI; label denotes boundary-change proxy relative to the median reference mask, not a manual governance-zone annotation.",0.8000853347987452,0.5998862034085963,32.2,67.69999999999999,0.9958330000001752,-168.98761904761903,5.370370053828452,80.95300000000002,133.78788423636155,4.622,1.5720591757035405,0.02729754346949526,-80.0,0.0,-5.0,0.0,0.0,841.32,22.690506598552574,0.0,10.863771922872722,10.808166999999997,0.6081214998935418,0.7938439653781019,0.5096953110884727
2022-02-08,13.51,7.72,8.381666666666666,439.06666666666666,35.35333333333333,2.8183333333333334,0.515,0.23500000000000001,2.2716666666666665,58362,宝山,宝山区,1028.016667,5.225,80.416667,0.0,1.904167,39.655123,832.0,2.47,41.2,2.82,41.2,0,28.566666666666677,17.74285714285714,832.0,0,766.0,651.8571428571429,-0.02,2.84,0.0300000000000002,2.4766666666666666,2055.04,116.184,,0.0,,,,,,0.6381649883555743,0.7698996347817874,29.3,54.8,0.0,-33.05047619047622,4.128094757707095,57.7067601,99.37633065609711,5.136666666666667,1.4166820502038644,0.031051882198971335,133.0,1.0,8.600000000000001,1.0,0.0,993.9500000000003,21.070970108197322,251.98000000000005,9.83103917278752,8.285,0.6216868902665479,0.7832658619336791,0.4843998773393874
2022-02-09,13.223333333333334,7.56,8.098333333333333,456.7166666666667,29.216666666666665,3.0566666666666666,0.5650000000000001,0.09999999999999999,2.7466666666666666,58362,宝山,宝山区,1024.779167,4.95,90.0,3.3,1.175,34.661939,1110.0,2.56,45.4,2.82,45.4,0,39.73333333333333,22.957142857142856,1110.0,0,880.3333333333334,735.4285714285714,0.0,2.8266666666666667,0.0899999999999998,2.49,2841.6,128.028,,0.0,,,,,,0.568733255991798,0.8225220261664534,24.8,58.099999999999994,3.237500000000182,-14.56238095238092,2.895213944236307,30.346500000000002,110.94605701371039,4.3116666666666665,1.6307631527429345,0.033098882912701494,278.0,1.0,4.199999999999996,1.0,0.0,1512.9199999999998,29.13403199117485,104.1599999999999,9.267625108205682,8.273333333333333,0.6350683134867438,0.7724559775191742,0.5157825531032172
2022-02-10,13.815,7.5566666666666675,8.123333333333333,458.4166666666667,31.661666666666665,3.1333333333333333,0.5683333333333334,0.09666666666666668,3.216666666666667,58362,宝山,宝山区,1024.729167,6.2625,72.416667,0.0,2.279167,50.907209,1190.0,2.43,41.1,2.79,41.1,0,42.56666666666667,27.514285714285712,1190.0,0,1044.0,834.5714285714286,-0.0299999999999998,2.81,-0.1299999999999999,2.486666666666667,2891.7000000000003,114.669,,0.0,,,,,,0.7761257530492528,0.6305781596707345,3.3,56.89999999999999,0.049999999999954525,-7.076666666666654,5.110469489603301,9.8459181,98.6712273727943,4.751666666666667,1.6259502298533004,0.15084851535645533,80.0,1.0,-4.299999999999997,0.0,0.0,1435.1,31.964076134102164,0.0,5.016629182491258,7.552499999999999,0.6482618097757122,0.7614175109532997,0.5025757371916508
2022-02-11,12.615,7.666666666666667,8.176666666666668,529.2166666666667,35.41833333333333,2.965,0.4716666666666667,0.225,2.715,58362,宝山,宝山区,1023.758333,6.845833,87.125,3.2,2.395833,63.39165,956.0,2.33,41.1,2.72,41.1,0,42.53333333333334,32.128571428571426,956.0,0,1085.3333333333333,888.5714285714286,-0.0699999999999998,2.776666666666667,-0.1,2.44,2227.48,111.79200000000002,,0.0,,,,,,0.8940889731769411,0.44788939264443745,6.5,38.7,0.970833999999968,63.50428571428574,5.5674913755913735,18.0037475,72.98340403922613,5.4366666666666665,1.388910117085438,0.09202453705446233,-234.0,0.0,0.0,0.0,0.0,1309.0,29.801839732735345,0.0,5.813978700518189,5.769167,0.6612634749656386,0.7501537286959042,0.4840966611376747
2022-02-12,12.746666666666668,7.578333333333333,7.966666666666666,521.3333333333334,38.406666666666666,2.9566666666666666,0.47833333333333333,0.09333333333333334,2.6766666666666663,58362,宝山,宝山区,1021.75,7.891667,85.916667,0.0,1.575,28.339251,808.0,2.32,39.9,2.69,39.9,0,40.70000000000001,36.17142857142857,808.0,0,984.6666666666666,908.8571428571428,-0.0300000000000002,2.733333333333333,-0.0100000000000002,2.36,1874.56,107.331,,0.0,,,,,,0.4746912768516424,0.880152368445917,3.2,35.8,2.0083329999999933,57.19,3.327008598600111,6.6185,67.11774195532071,4.088333333333333,1.686231075655329,0.12847966288992144,-148.0,0.0,-1.2000000000000028,0.0,0.0,965.5600000000002,24.987311791575028,0.0,4.792115713336496,4.854999666666668,0.6740694616546161,0.7386679638813748,0.47071090600821996
2022-02-13,14.331666666666669,7.6000000000000005,8.231666666666667,421.5833333333333,40.068333333333335,3.19,0.4366666666666667,0.19499999999999998,2.9766666666666666,58362,宝山,宝山区,1021.816667,5.879167,84.333333,0.3,1.795833,0.800941,680.0,2.33,38.5,2.67,38.5,0,39.833333333333336,39.971428571428575,680.0,0,814.6666666666666,896.4285714285714,-0.02,2.6933333333333334,0.0100000000000002,2.3266666666666667,1584.4,102.795,,0.0,,,,,,0.013978602284621132,0.9999022945659083,3.5,28.3,0.0,-26.224285714285713,2.799470581199025,8.084748500000002,52.722758050197505,5.363333333333333,1.4218595849458833,0.15883521688075272,-128.0,0.0,-1.3999999999999986,0.0,0.0,816.0800000000002,19.836857270402984,0.0,4.514679179597836,8.452499666666668,0.6866759803451553,0.726963615332308,0.46370045583365993
2022-02-14,14.308333333333335,7.66,8.365,421.23333333333335,37.915,3.3000000000000003,0.7066666666666667,0.395,2.7566666666666664,58362,宝山,宝山区,1024.433333,8.2125,68.166667,0.0,2.358333,20.043528,620.0,2.4,35.9,2.67,35.9,0,38.1,40.44285714285714,620.0,0,702.6666666666666,885.1428571428571,0.0,2.6766666666666663,0.0699999999999998,2.35,1488.0,95.853,0.0,1.0,0.0059453032104637,DLR_GWP_P1D_real_raster_proxy,0.6428571428571428,wusongkou_aoi_boundary_proxy,"Derived from DLR Global WaterPack daily real raster masks within a station-centered AOI; label denotes boundary-change proxy relative to the median reference mask, not a manual governance-zone annotation.",0.3427339355414377,0.9394325145683843,0.3,6.8,0.0,-42.70476190476188,4.131313412697267,3.0903329,11.985251726048697,7.413333333333333,1.0607121010976237,0.27334854426866007,-60.0,0.0,-2.6000000000000014,0.0,0.0,727.5999999999999,18.05644781361086,0.0,4.185711575385971,6.095833333333335,0.6990793005655562,0.7150441465537444,0.4728419666218763
2022-02-15,14.126666666666665,7.603333333333334,8.75,385.70000000000005,36.13,2.515,0.305,0.09333333333333332,1.9983333333333333,58362,宝山,宝山区,1025.2875,4.8625,74.333333,0.0,2.025,60.827193,511.0,2.38,9.8,2.67,9.8,0,28.066666666666663,35.95714285714286,511.0,0,603.6666666666666,839.2857142857143,0.0,2.67,-0.02,2.37,1216.1799999999998,26.166,,0.0,,,,,,0.87315352074366,0.4874453089454762,0.3,6.8,0.0,-70.61428571428564,4.728884573261838,2.6395,12.360105450337024,3.2366666666666664,2.0887247218990725,0.30075187969924816,-109.0,0.0,-26.099999999999998,0.0,0.0,632.4,16.25819193823503,0.0,3.9022249542700305,9.264166666666664,0.7112757519738152,0.7029130847082615,0.4808117880417361
2022-02-16,11.751666666666667,7.4816666666666665,8.876666666666667,496.0,55.69833333333333,2.6233333333333335,0.345,0.19000000000000003,2.335,58362,宝山,宝山区,1026.525,4.829167,67.5,0.0,3.429167,55.812486,582.0,2.48,15.7,2.74,15.7,0,20.46666666666667,31.714285714285715,582.0,0,571.0,763.8571428571429,0.0700000000000002,2.6933333333333334,0.1,2.42,1443.36,43.018,,0.0,,,,,,0.8272030448618987,0.5619031256108152,0.0,3.5,0.0,34.07380952380953,7.221012461692516,3.464167,6.32247520166633,4.58,1.7135074354648285,0.22577608837056723,71.0,1.0,5.899999999999999,1.0,0.0,718.3000000000001,10.070842764337577,0.0,4.7508602359666305,6.922499666666667,0.7232617254437388,0.6905740195722293,0.4089596690751871
2022-02-17,10.828,7.486,9.815999999999999,398.08000000000004,49.598,2.616,0.352,0.10400000000000001,3.6740000000000004,58362,宝山,宝山区,1027.679167,4.041667,70.416667,0.7,3.483333,61.87197,369.0,2.41,7.3,2.75,7.3,0,10.933333333333335,26.885714285714283,369.0,0,487.3333333333333,646.5714285714286,0.0099999999999997,2.72,-0.0699999999999998,2.4233333333333333,889.2900000000001,20.075,,0.0,,,,,,0.8818963340169722,0.47144337522912017,0.7,4.2,0.0,-55.22666666666669,7.442297053706082,5.946166099999999,7.5294003547107815,5.066000000000001,2.213822751054746,0.1929260574228976,-213.0,0.0,-8.399999999999999,0.0,0.0,622.7399999999999,9.63147423481824,0.0,4.734107639261709,6.786332999999999,0.7350336741329413,0.6780306024735382,0.42828106703818514
2022-02-18,11.601666666666667,7.538333333333333,8.834999999999999,472.43333333333334,72.70666666666666,2.518333333333333,0.355,0.20833333333333334,2.518333333333333,58362,宝山,宝山区,1025.829167,4.808333,87.375,4.7,3.404167,27.761555,430.0,2.52,3.4,2.77,3.4,0,8.800000000000002,21.5,430.0,0,460.3333333333333,571.4285714285714,0.02,2.753333333333334,0.1099999999999998,2.47,1083.6,9.418,,0.0,,,,,,0.46579298878563197,0.8848937176848687,5.4,5.7,1.849999999999909,27.23857142857139,5.899720334770981,21.8251688,11.02273235785148,4.956666666666667,1.6715766988491323,0.08580621849678384,61.0,1.0,-3.9,0.0,0.0,545.01,6.245477568740955,0.0,6.068372202686963,6.793333666666666,0.746588114532413,0.6652865452111116,0.3644299724304412
2022-02-19,10.936666666666667,7.451666666666667,9.071666666666667,478.65000000000003,87.59166666666665,2.7566666666666664,0.44166666666666665,0.12333333333333334,2.2733333333333334,58362,宝山,宝山区,1030.0,3.129167,59.791667,0.0,4.325,337.086496,440.0,2.55,1.8,2.81,1.8,0,4.166666666666669,16.057142857142857,440.0,0,413.0,518.8571428571429,0.04,2.776666666666667,0.0299999999999998,2.493333333333333,1122.0,5.058,,0.0,,,,,,-0.3893410528389667,0.9210936676442005,5.4,5.7,0.0,39.55285714285719,6.922256784845558,27.690500000000004,9.354459179288565,3.9483333333333333,1.8790309584921447,0.09324009324009323,10.0,1.0,-1.5999999999999999,0.0,0.0,463.4999999999999,4.661838020882326,0.0,6.253825062072479,7.807499666666668,0.7579216274973472,0.6523456189565257,0.3332081556088812
2022-02-20,10.226666666666667,7.456666666666667,9.401666666666666,485.8833333333334,84.24833333333333,2.8266666666666667,0.3983333333333334,0.18000000000000002,2.3266666666666667,58362,宝山,宝山区,1032.566667,1.445833,56.625,0.0,2.095833,18.45622,533.0,2.65,7.9,2.83,7.9,0,4.36666666666667,11.685714285714283,533.0,0,467.6666666666667,497.8571428571428,0.02,2.803333333333333,0.1,2.5733333333333337,1412.45,22.357000000000003,,0.0,,,,,,0.3165799448598754,0.9485658324610465,4.7,5.4,0.0,37.60047619047617,3.701391071419536,11.9812481,8.709781047498346,4.525,1.7543219685241906,0.12827365593901255,93.0,1.0,6.1000000000000005,1.0,0.0,688.6,5.485933253827055,28.670000000000005,4.86566708023818,8.780833666666666,0.7690308592589181,0.6392116531380588,0.3397377284593105
2022-02-21,10.372,7.4319999999999995,9.136,522.8199999999999,101.578,3.116,0.43,0.122,2.64,58362,宝山,宝山区,1032.004167,3.875,54.041667,0.0,1.329167,112.223406,898.0,2.68,6.2,2.83,6.2,0,5.3000000000000025,7.442857142857142,898.0,0,623.6666666666666,537.5714285714286,0.0,2.8233333333333337,0.0300000000000002,2.6266666666666665,2406.6400000000003,17.546,0.0,1.0,0.0118906064209274,DLR_GWP_P1D_real_raster_proxy,0.2857142857142857,wusongkou_aoi_boundary_proxy,"Derived from DLR Global WaterPack daily real raster masks within a station-centered AOI; label denotes boundary-change proxy relative to the median reference mask, not a manual governance-zone annotation.",0.9257161551521783,-0.37821898430706524,0.0,5.4,0.5625,60.024761904761874,3.579790819965898,1.3396670000000002,8.594332463009623,4.29,1.783751558516647,0.34582128578428983,365.0,1.0,-1.7000000000000002,0.0,0.0,1300.8900000000003,6.079926170003964,0.0,3.781281302656569,6.497,0.7799125224167177,0.6258885343075018,0.30832744244443644
2022-04-03,16.5,7.647,10.181,0.668,1.343,3.1340000000000003,0.025,0.503,4.195,58362,宝山,宝山区,1028.8375,10.554167,68.333333,0.0,1.908333,89.46066,653.0,2.61,11.9,2.89,11.9,0,12.66666666666667,25.985714285714284,653.0,0,628.6666666666666,674.4285714285714,0.02,2.876666666666667,-0.06,2.6466666666666665,1704.33,34.391000000000005,,0.0,,,,,,0.9999556956066482,0.009413119771055484,0.0,5.4,3.1666669999999613,-407.1226666666667,4.789047555182702,1.929333,9.48224394870543,9.25,1.9005210635227805,0.16460905349794344,-245.0,0.0,5.7,1.0,0.0,951.88,268.31697254232466,0.0,4.5213371257707875,5.945833,0.9995786855478958,-0.029025013321975237,0.9497882637437322
2022-04-30,20.32,7.374,9.275,0.538,0.899,3.152,0.029666666666666668,0.005,4.195,58362,宝山,宝山区,1019.245833,14.445833,73.208333,0.0,2.279167,19.023239,580.0,2.71,11.0,2.74,11.0,0,20.933333333333337,24.2,580.0,0,492.6666666666667,649.0,0.06,2.69,0.1499999999999999,2.6,1571.8,30.14,,0.0,,,,,,0.3259516272262439,0.9453864483419274,0.0,5.4,9.591667000000143,-336.472380952381,3.9767778058981436,2.331667,9.816451114449475,4.245,9.97759845077718,0.07769504291640998,-73.0,0.0,-0.9000000000000004,0.0,0.0,750.9499999999999,259.43479024047747,0.0,5.996113201621942,5.874167,0.8806828564301475,-0.47370635037968,0.9854503775629867
2022-05-20,20.81,7.08,9.285,0.479,0.888,3.17,0.034333333333333334,0.005,4.195,58362,宝山,宝山区,1011.066667,19.366667,95.833333,0.1,1.458333,68.442211,371.0,2.59,9.2,2.77,9.2,0,8.000000000000004,9.914285714285713,371.0,0,330.6666666666667,400.8571428571428,0.0100000000000002,2.766666666666667,0.0499999999999998,2.57,960.89,25.484,,0.0,,,,,,0.9300474386050581,0.367439467047527,0.1,4.8,8.179165999999896,-279.73123809523815,3.7024859494242026,1.6216663,9.729583670600432,4.245,9.903309666339997,0.09313155698547768,-209.0,0.0,-1.8000000000000007,0.0,0.0,608.9999999999999,175.14124293785312,0.0,5.045891478420285,1.443332999999999,0.6692903895412567,-0.7430009249440493,0.9864364296440986
2022-06-04,24.79,7.19,5.96,406.857,56.053,3.188,0.039,0.097,2.766,58362,宝山,宝山区,1001.008333,26.170833,92.375,22.4,1.566667,144.644968,298.0,2.59,10.3,2.76,10.3,0,6.200000000000003,7.999999999999998,298.0,0,287.6666666666667,378.2857142857143,0.0099999999999997,2.7433333333333336,0.0,2.5933333333333333,771.8199999999999,28.428,,0.0,,,,,,0.5786412493770452,-0.8155821874706266,22.5,22.5,10.058334000000059,136.01480952380956,3.3282716862463904,36.8166745,43.580487153903306,3.7750000000000004,1.2830179223257243,0.028469750079152978,-73.0,0.0,1.1000000000000014,1.0,0.0,371.0,5.0420953616228195,24.750000000000032,9.874284817719776,-1.380832999999999,0.4575313760742512,-0.8891934772070711,0.40790122836085363
2022-06-10,24.88,6.902333333333334,4.707,380.2058333333334,42.745666666666665,3.4036,0.18400000000000002,0.26716666666666666,2.4431666666666665,58362,宝山,宝山区,1009.747826,21.534783,89.478261,1.0,2.0,108.9628,563.0,2.62,41.6,2.75,41.6,0,43.03333333333334,34.22857142857142,563.0,0,602.6666666666666,627.7142857142857,-0.02,2.763333333333333,-0.04,2.676666666666667,1475.0600000000002,114.4,,0.0,,,,,,0.9457297554846249,-0.3249541961430744,23.5,23.5,0.0,123.42709523809526,4.841717648693958,49.014,45.09513337342903,5.2988333333333335,0.7319758302084043,0.03773584905660377,265.0,1.0,31.3,1.0,0.0,861.12,13.77660263492765,735.5500000000001,8.582333311085621,3.345216999999998,0.36348161248290634,-0.9316013725767187,0.45298080918996786
2022-06-11,25.381666666666664,6.976666666666667,4.3295,421.8115,55.30783333333333,3.1315000000000004,0.14683333333333334,0.12466666666666666,2.1945,58362,宝山,宝山区,1011.233333,23.4,79.5,0.0,2.633333,83.783079,411.0,2.6,38.3,2.75,38.3,0,41.2,38.22857142857142,411.0,0,519.0,643.8571428571429,0.0,2.7566666666666664,-0.02,2.626666666666667,1068.6,105.325,,0.0,,,,,,0.9941190254754865,0.1082929507755191,23.4,23.5,0.0,174.18588095238096,6.154332938114868,64.2603252,42.743863033156295,3.588,0.8850051048891613,0.03699136913676164,-152.0,0.0,-3.3000000000000043,0.0,0.0,574.26,9.217190029806392,0.0,8.81351164120554,1.9816666666666656,0.3474028211842774,-0.9377159910299093,0.4101327335321363
2022-06-12,25.42,6.996166666666666,4.541666666666667,404.2293333333334,62.548333333333325,3.205,0.09916666666666667,0.12766666666666668,2.2006666666666668,58362,宝山,宝山区,1007.8625,21.5625,89.791667,9.0,1.895833,126.821262,465.0,2.64,41.3,2.75,41.3,0,40.400000000000006,41.42857142857143,465.0,0,479.6666666666667,618.7142857142857,0.0,2.75,0.04,2.62,1227.6,113.575,1.0,1.0,0.0249702734839476,DLR_GWP_P1D_real_raster_proxy,0.5,wusongkou_aoi_boundary_proxy,"Derived from DLR Global WaterPack daily real raster masks within a station-centered AOI; label denotes boundary-change proxy relative to the median reference mask, not a manual governance-zone annotation.",0.8005090230111489,-0.5993207021935216,10.0,32.5,3.3708330000000615,173.54523809523812,4.3350922677411425,20.868163,62.240783907124694,3.5765000000000002,0.9184394775442934,0.06147541235554946,54.0,1.0,3.0,1.0,0.0,539.76,7.548060531354089,30.0,6.418757396840897,3.8575000000000017,0.3312212278016865,-0.9435531242349544,0.3896003880743568
2022-06-13,25.185000000000002,6.9995,4.525333333333333,395.61266666666666,75.086,3.432166666666667,0.10116666666666667,0.13083333333333333,2.1148333333333333,58362,宝山,宝山区,1004.683333,21.516667,97.375,3.9,1.245833,106.095463,430.0,2.64,25.0,2.74,25.0,0,34.86666666666667,39.42857142857143,430.0,0,435.3333333333333,544.7142857142857,-0.0099999999999997,2.7466666666666666,0.0,2.626666666666667,1135.2,68.5,,0.0,,,,,,0.9608011104692848,-0.2772385725706096,12.9,36.4,3.1791670000000067,108.50790476190474,3.3527469433748425,17.3170787,72.38147125385893,3.5243333333333338,0.8723049919787217,0.05457025920873122,-35.0,0.0,-16.299999999999997,0.0,0.0,465.0,5.721595738155946,0.0,6.535176918544392,3.6683330000000005,0.31494162072895193,-0.9491110448902284,0.3590373189010805
2022-06-14,25.331666666666667,7.022833333333334,4.700833333333334,378.33733333333333,87.78399999999999,3.1670000000000003,0.08566666666666667,0.13266666666666668,2.0585,58362,宝山,宝山区,1005.441667,25.166667,82.083333,0.0,1.7125,232.187395,301.0,2.71,18.0,2.83,18.0,0,28.100000000000005,35.95714285714285,301.0,0,398.6666666666667,487.8571428571428,0.0899999999999998,2.773333333333333,0.0699999999999998,2.6633333333333336,815.71,50.94,,0.0,,,,,,-0.790020154468217,-0.61308087193617,12.9,36.4,0.0,37.26123809523807,3.921973567133052,23.82825,66.78394393812661,3.470833333333333,0.9468857348331446,0.06405124099279423,-129.0,0.0,-7.0,0.0,0.0,460.0999999999999,4.490298552291705,0.0,6.047899365546835,0.16499966666666666,0.2985688173637202,-0.9543881083175908,0.33284005889492074
2022-06-15,25.900000000000002,6.997833333333333,4.452,407.51066666666674,98.57799999999999,3.2896666666666667,0.16316666666666668,0.144,2.1598333333333333,58362,宝山,宝山区,1007.470833,27.966667,62.333333,0.0,2.033333,140.297093,297.0,2.73,10.6,2.88,10.6,0,17.86666666666667,31.21428571428571,297.0,0,342.6666666666667,435.7142857142857,0.0499999999999998,2.8166666666666664,0.02,2.6933333333333334,810.81,30.528,,0.0,,,,,,0.6388068535042539,-0.7693671450718407,3.9,36.3,0.0,8.287190476190517,4.186804078832176,9.9703317,59.367609383481145,3.763,0.84735113570992,0.14423077616494118,-4.0,0.0,-7.4,0.0,0.0,307.02,3.4411884820609644,0.0,4.43116312002144,-2.066666999999999,0.2821076626819194,-0.9593827529490743,0.3133655537224205
2022-06-16,26.371666666666666,6.990833333333334,4.599166666666666,435.96583333333336,97.60083333333334,3.348333333333333,0.19300000000000003,0.1465,2.2358333333333333,58362,宝山,宝山区,1005.641667,28.891667,65.25,0.0,2.470833,165.082374,240.0,2.77,10.7,2.88,10.7,0,13.1,26.5,240.0,0,279.3333333333333,386.7142857142857,0.0,2.8633333333333333,0.04,2.7366666666666664,664.8,30.815999999999995,,0.0,,,,,,0.25743006893176873,-0.9662969313879584,0.0,13.9,1.8291659999999865,32.58395238095238,3.929619249532487,2.4848329999999996,23.366676219607616,3.8938333333333333,0.8569973997100359,0.18867928088288366,-57.0,0.0,0.09999999999999964,1.0,0.0,308.88,2.832971323771773,0.0,4.1986806321438,-2.5200003333333356,0.26556302780405594,-0.9640935007889755,0.3150394022266575
2022-06-17,26.801666666666666,6.979833333333333,4.315333333333333,454.5118333333333,97.92483333333332,3.3673333333333333,0.18566666666666665,0.15166666666666667,2.2685,58362,宝山,宝山区,1004.570833,28.333333,71.125,0.0,2.595833,133.21581,385.0,2.72,7.3,2.87,7.3,0,9.533333333333337,21.599999999999994,385.0,0,307.3333333333333,361.2857142857143,-0.0099999999999997,2.8766666666666665,-0.0499999999999998,2.74,1047.2,20.951,,0.0,,,,,,0.7287797081016477,-0.6847482289566561,0.0,12.9,1.0708339999999907,40.51480952380945,5.380999021440349,2.613333,22.428306724788715,3.970833333333333,0.7947536270784035,0.21428569897959338,145.0,1.0,-3.3999999999999995,0.0,0.0,556.4999999999999,3.106735922392254,0.0,4.308850395321415,-1.5316663333333338,0.24893980855376657,-0.9685189578512204,0.314482571597658
2022-06-18,27.006666666666664,7.006,4.4718333333333335,447.4655,100.05983333333334,3.3156666666666665,0.1075,0.13716666666666666,2.1653333333333333,58362,宝山,宝山区,1003.775,26.920833,85.666667,0.0,2.320833,80.936618,241.0,2.68,10.8,2.89,10.8,0,9.600000000000003,17.67142857142857,241.0,0,288.6666666666667,337.0,0.02,2.8800000000000003,-0.04,2.723333333333333,645.88,31.212000000000003,,0.0,,,,,,0.9875146846457639,0.1575269742265669,0.0,12.9,0.795833000000016,29.803619047619065,5.436030327033985,2.3348329999999997,24.305128143167703,3.6445,0.8615652704545457,0.2429150190955487,-144.0,0.0,3.500000000000001,1.0,0.0,400.40000000000003,2.8563936545841653,0.0,3.898724952423044,0.08583366666666592,0.23224292400907015,-0.9726578145718654,0.31085831503833417
2022-06-19,27.156666666666666,7.051833333333334,5.011833333333333,430.7935,83.83783333333334,3.0005,0.06533333333333334,0.12316666666666666,2.0158333333333336,58362,宝山,宝山区,1002.583333,27.129167,88.458333,3.2,1.6625,110.026885,335.0,2.66,13.2,2.84,13.2,0,10.433333333333335,13.657142857142857,335.0,0,320.3333333333333,318.42857142857144,-0.0500000000000002,2.8666666666666667,-0.02,2.686666666666667,891.1,37.488,1.0,1.0,0.0261593341260404,DLR_GWP_P1D_real_raster_proxy,0.5714285714285714,wusongkou_aoi_boundary_proxy,"Derived from DLR Global WaterPack daily real raster masks within a station-centered AOI; label denotes boundary-change proxy relative to the median reference mask, not a manual governance-zone annotation.",0.9395320306247429,-0.34246103928789784,3.2,7.1,1.1916669999999385,9.336738095238047,4.0970386749081165,6.9895000000000005,13.746021602825566,3.3128333333333337,1.055186682050175,0.1417601823149365,94.0,1.0,2.3999999999999986,1.0,0.0,437.58,3.7758311445168915,7.679999999999996,4.351147925078749,0.027499666666667366,0.21547731504673012,-0.976508846196619,0.3405570347020239
2022-06-20,27.30666666666667,7.014833333333333,4.552166666666667,439.51383333333337,76.693,3.1300000000000003,0.08916666666666667,0.125,2.0533333333333332,58362,宝山,宝山区,1001.4,26.758333,86.916667,0.0,2.6625,70.206582,357.0,2.68,37.9,2.88,37.9,0,20.633333333333336,15.499999999999998,357.0,0,311.0,308.0,0.04,2.87,0.02,2.6733333333333333,956.76,109.152,,0.0,,,,,,0.940919676135413,0.33862983191270873,3.2,3.2,1.1833330000000615,11.785476190476231,6.0497785856706425,11.1895,6.442468644256291,3.3925,0.9277737317055663,0.12428793886226476,22.0,1.0,24.7,1.0,0.0,386.58,4.002934627315202,79.04,4.975989430299837,0.548333666666668,0.19864794288017112,-0.9800709131432666,0.35548970860601947
2022-06-21,27.528333333333332,7.026,4.583833333333334,462.90766666666667,68.07766666666667,2.923,0.06583333333333334,0.11916666666666668,1.9725000000000001,58362,宝山,宝山区,1003.929167,27.145833,87.75,0.0,2.066667,114.779295,413.0,2.62,38.5,2.76,38.5,0,29.86666666666667,18.428571428571423,413.0,0,368.3333333333333,324.0,-0.1200000000000001,2.826666666666666,-0.06,2.6533333333333338,1082.06,106.26,,0.0,,,,,,0.9079289968328089,-0.4191240111353313,3.2,3.2,0.0,23.09783333333337,4.846933792171267,8.7010014,6.522451527947604,3.2300000000000004,0.9871779068877616,0.1595744595971032,56.0,1.0,0.6000000000000014,1.0,0.0,497.14000000000004,5.3321623486606855,1.9200000000000046,4.440598540525592,0.3825003333333328,0.18175978759137534,-0.9833429613388902,0.375439282312373
2022-06-22,28.02,7.018666666666667,4.483666666666667,486.8488333333333,60.74783333333334,2.948833333333333,0.04416666666666667,0.1115,2.045666666666667,58362,宝山,宝山区,1004.170833,31.370833,66.041667,0.0,3.679167,212.652746,522.0,2.6,42.3,2.73,42.3,0,39.56666666666667,22.957142857142856,522.0,0,430.6666666666667,356.1428571428572,-0.0299999999999998,2.79,-0.02,2.6333333333333333,1357.2,115.47899999999998,,0.0,,,,,,-0.5395461110003306,-0.8419560523592778,0.0,3.2,0.0,35.704976190476145,6.603184466180492,3.686167,5.868775350698806,3.204833333333333,0.9809668565349584,0.21371325280760445,109.0,1.0,3.799999999999997,1.0,0.0,643.62,6.974603697295721,0.0,4.856482901918184,-3.3508330000000015,0.16481784665719793,-0.9863240225317866,0.39447889010332393
2022-06-23,28.498333333333335,6.971,3.9333333333333336,539.0506666666666,77.89766666666667,3.458,0.051166666666666666,0.1315,2.273,58362,宝山,宝山区,1002.220833,31.745833,61.041667,24.0,4.158333,242.186015,768.0,2.54,46.3,2.72,46.3,0,42.36666666666667,28.04285714285714,768.0,0,567.6666666666666,431.57142857142856,-0.0099999999999997,2.736666666666667,-0.06,2.5866666666666664,1950.72,125.936,,0.0,,,,,,-0.8844671112110899,-0.46660253876925,24.0,27.2,1.9500000000000455,73.18040476190475,8.833005421389592,103.979325,44.368787088527554,3.6391666666666667,0.7573306854690788,0.032145727641529315,246.0,1.0,4.0,1.0,0.0,1074.8400000000001,7.194974080348806,96.0,10.488742489485604,-3.2474996666666662,0.14782713347053048,-0.9890132145779883,0.3528780834635926
2022-07-24,32.8,7.03,3.19,580.1,80.6,3.73,0.02,0.14,1.91,58362,宝山,宝山区,1006.554167,28.975,70.875,0.0,2.058333,93.888392,573.0,2.42,42.2,2.66,42.2,0,43.56666666666667,30.685714285714287,573.0,0,756.3333333333334,580.8571428571429,-0.0499999999999998,2.703333333333333,-0.08,2.5,1386.66,112.252,,0.0,,,,,,0.9976980381096846,-0.06781316061124444,24.0,27.2,0.0,96.28857142857146,5.064822205324356,51.486325,47.04754792931597,3.33,0.5847423011964618,0.03695719170874274,-195.0,0.0,-4.099999999999994,0.0,0.0,829.44,9.268790849673204,0.0,8.716463272223033,3.8249999999999957,-0.3754703786876202,-0.9268343944460494,0.34716181663961054
2022-08-13,33.4,7.17,5.05,391.5,122.9,3.58,0.21,0.16,2.1,58362,宝山,宝山区,1004.4,32.975,67.25,0.0,1.879167,149.475943,-31.1,2.46,2.5,2.72,2.5,0,16.566666666666674,29.914285714285715,31.1,1,73.03333333333333,386.3,0.08,2.66,0.0899999999999998,2.3800000000000003,-76.506,6.800000000000001,,0.0,,,,,,0.5079000937719677,-0.8614159824071216,24.0,27.2,2.1541670000000295,-84.31635714285716,3.353924500033583,47.210675,45.921900475031876,3.91,0.884488131179748,0.034443167980639046,-604.1,0.0,-39.7,0.0,33.898999999999994,692.3679999999999,0.5894538606403013,0.0,7.987100910441612,0.42499999999999716,-0.666088855860977,-0.7458723993404063,0.27627277729530775
2022-09-08,28.0,7.0,6.0,919.0,169.0,4.0,0.07,0.0,2.0,58362,宝山,宝山区,1016.429167,26.483333,63.041667,0.0,2.795833,70.203102,428.0,2.39,31.7,2.72,31.7,0,38.26666666666667,36.04285714285714,428.0,0,720.0,492.3571428571428,-0.0099999999999997,2.78,-0.2399999999999997,2.6,1022.92,86.224,1.0,1.0,0.0225921521997621,DLR_GWP_P1D_real_raster_proxy,0.357142857142857,wusongkou_aoi_boundary_proxy,"Derived from DLR Global WaterPack daily real raster masks within a station-centered AOI; label denotes boundary-change proxy relative to the median reference mask, not a manual governance-zone annotation.",0.9408991068846981,0.33868698035734607,0.0,24.0,0.0,373.43985714285714,6.335648310537969,2.879833,39.68055647738241,2.07,1.3302067062597327,0.26344678493495366,459.1,1.0,29.2,1.0,0.0,1100.004,4.235294117647059,0.0,4.2565730813641345,1.5166670000000018,-0.9231578729647039,-0.38442104726885545,0.22258160110315683
2022-09-09,27.375,7.25125,5.11825,1069.70125,290.22225000000003,4.566,0.1505,0.22225,2.298,58362,宝山,宝山区,1015.654167,24.7125,66.708333,0.0,2.2,53.5734,374.0,2.52,30.7,2.71,30.7,0,33.333333333333336,37.25714285714286,374.0,0,600.6666666666666,544.4285714285714,-0.0100000000000002,2.72,0.1299999999999999,2.513333333333333,942.48,83.197,,0.0,,,,,,0.8046182114075466,0.593792500686326,0.0,24.0,0.7749999999999773,434.11433333333355,4.859198968992165,2.2455000000000003,40.540417424934226,4.671,0.7259491627359438,0.2515723270440266,-54.0,0.0,-1.0,0.0,0.0,483.63999999999993,2.0625713408459228,0.0,3.9971677815299493,2.6625000000000014,-0.9296339319682695,-0.3684843993077793,0.13121527025683644
2022-09-10,26.581666666666667,7.375166666666666,6.441166666666667,1239.5791666666667,327.998,4.6526,0.0785,0.24866666666666667,2.184,58362,宝山,宝山区,1013.408333,25.595833,71.458333,0.0,2.304167,66.696225,242.0,2.53,16.3,2.75,16.3,0,26.23333333333333,33.71428571428571,242.0,0,348.0,539.0,0.04,2.7266666666666666,0.0099999999999997,2.48,612.26,44.825,,0.0,,,,,,0.9184203183677349,0.3956060146273164,0.0,24.0,2.245834000000059,493.0391785714286,5.244320006213511,2.307667,41.645666176979674,4.749166666666667,0.882437755812208,0.1801801477152868,-132.0,0.0,-14.399999999999999,0.0,0.0,377.7399999999999,1.0577571900133131,0.0,4.168750709270505,0.985833666666668,-0.9358348973349941,-0.35243871088460327,0.11051355645434535
2022-09-11,27.21166666666667,7.368166666666667,6.847,1413.4326666666666,314.19483333333335,3.925666666666667,0.09566666666666666,0.18366666666666667,2.1359999999999997,58362,宝山,宝山区,1011.6125,25.766667,75.291667,0.0,2.3125,37.735915,105.0,2.55,10.4,2.78,10.4,0,19.133333333333336,28.65714285714285,105.0,0,240.33333333333331,499.57142857142856,0.0299999999999998,2.746666666666666,0.02,2.533333333333333,267.75,28.912,,0.0,,,,,,0.6120228866160689,0.7908400509952278,0.0,24.0,1.795833000000016,534.5235595238095,4.42731878941647,2.3195,42.5203566024409,4.068333333333333,1.1225116428248691,0.19575857721099954,-137.0,0.0,-5.9,0.0,0.0,246.84,0.7624913479440493,0.0,3.7535936104443004,1.4449996666666678,-0.9417589340994617,-0.33628873017668287,0.11778851584008365
2022-09-12,26.361666666666665,7.4845,7.0874999999999995,761.9135,293.48616666666663,4.07075,0.07633333333333334,0.3146666666666667,2.1165,58362,宝山,宝山区,1010.445833,24.15,88.625,14.6,2.55,39.998562,53.3,2.63,10.6,2.82,10.6,0,12.433333333333335,26.11428571428571,53.3,0,133.43333333333334,419.1857142857143,0.04,2.783333333333333,0.08,2.57,140.17899999999997,29.892,,0.0,,,,,,0.6427683834273319,0.7660605754548491,14.6,14.6,1.1666669999999613,-148.83315476190478,4.788238011780679,39.80799999999999,27.92891087704268,5.3395,0.9578018110072738,0.0517687652844045,-51.7,0.0,0.1999999999999993,1.0,0.0,113.4,0.4531056071111434,2.9199999999999897,6.432468745052862,2.211666666666666,-0.9474042892438845,-0.32003923622313857,0.1293235219880995
2022-09-13,27.17833333333333,7.406166666666667,6.1955,1091.3010000000002,438.8335,4.721666666666667,0.13433333333333333,0.21233333333333335,2.5825,58362,宝山,宝山区,1008.570833,24.0125,90.291667,5.6,3.554167,16.427379,-80.7,2.78,25.5,2.86,25.5,0,15.500000000000002,23.257142857142856,80.7,1,25.866666666666664,303.0857142857143,0.04,2.8200000000000003,0.1499999999999999,2.6533333333333333,-224.346,72.92999999999999,,0.0,,,,,,0.2827998363181863,0.9591789471096658,20.2,20.2,1.875,107.525630952381,5.219742946127393,75.6008404,38.85942079113598,4.840166666666667,0.8652266481644556,0.03755280816707485,-134.0,0.0,14.9,1.0,92.80499999999999,246.90499999999997,0.05881013307687264,300.98,8.575909250288396,3.1658333333333317,-0.9527692922168511,-0.30369503751065885,0.061231936874767134
2022-09-14,26.953333333333333,7.338166666666666,5.722833333333334,978.9348333333334,352.77849999999995,4.5648333333333335,0.14383333333333334,0.2058333333333333,2.459,58362,宝山,宝山区,998.1375,24.95,93.458333,95.1,5.216667,18.770521,-0.5,2.9,23.8,2.83,23.8,0,19.96666666666667,21.285714285714285,0.5,1,-9.300000000000002,160.15714285714284,-0.0299999999999998,2.8366666666666664,0.1200000000000001,2.77,-1.45,67.354,,0.0,,,,,,0.3217785962423371,0.9468149423199398,115.3,115.3,10.433332999999948,-88.75979761904762,6.9560985505399495,606.9403721000001,223.51389803025575,4.6611666666666665,0.8117092312389269,0.0075786282682834445,80.2,1.0,-1.6999999999999993,0.0,0.56,90.38400000000001,0.0,0.0,28.624446280710533,2.003333333333334,-0.9578523554276669,-0.28726097055059635,0.09818751708210838
2022-09-15,26.464,7.2176,5.1208,645.0626,308.5366,5.069333333333334,0.3456666666666666,0.235,3.0046666666666666,58362,宝山,宝山区,1004.279167,23.779167,84.083333,0.5,3.341667,230.926645,732.0,2.96,-7.1,2.87,7.1,1,14.06666666666667,15.742857142857142,732.0,0,216.9333333333333,203.58571428571423,0.04,2.853333333333333,0.06,2.8799999999999994,2166.72,-20.377,1.0,1.0,0.0202140309155766,DLR_GWP_P1D_real_raster_proxy,0.2142857142857143,wusongkou_aoi_boundary_proxy,"Derived from DLR Global WaterPack daily real raster masks within a station-centered AOI; label denotes boundary-change proxy relative to the median reference mask, not a manual governance-zone annotation.",-0.7763396144965422,-0.6303148443146174,101.2,115.8,0.0,-383.49811666666665,6.925507325838815,341.53936740000006,213.57537233372548,5.700333333333333,0.6464066409017251,0.009474930882037328,732.5,1.0,-30.9,0.0,0.0,1552.3700000000001,0.7008325779030115,0.0,25.052501305910756,2.6848329999999976,-0.9626519747161487,-0.2707418984477642,0.12086320079659729
2022-09-16,26.058333333333334,7.149,4.112666666666667,1203.6941666666667,233.61666666666667,4.987833333333334,0.35733333333333334,0.22266666666666668,2.9593333333333334,58362,宝山,宝山区,1006.395833,25.1125,79.5,0.0,1.379167,283.390326,897.0,3.27,41.6,3.4,41.6,0,19.433333333333337,17.3,897.0,0,542.8333333333334,278.3,0.5299999999999998,3.033333333333333,0.31,3.043333333333333,2933.19,141.44,,0.0,,,,,,-0.9728149933897163,0.23158365364629296,95.6,115.8,0.0,155.99160476190468,3.740866846233645,133.33603219999998,208.3135751331411,5.543333333333333,0.5338345748698419,0.010206251294216455,165.0,1.0,48.7,1.0,0.0,1391.22,2.3137032038076297,4655.72,22.87617072426791,0.9458333333333329,-0.9671667297977312,-0.2541427094613622,0.16790071894008984
2022-09-17,26.36,7.140666666666667,4.412333333333334,1376.8770000000002,179.76933333333332,4.5874999999999995,0.11566666666666665,0.1965,2.313,58362,宝山,宝山区,1006.483333,25.825,77.083333,0.0,2.579167,5.587617,726.0,2.81,48.9,2.88,48.9,0,27.8,21.957142857142856,726.0,0,785.0,347.4428571428571,-0.52,3.0500000000000003,-0.4599999999999999,3.013333333333333,2040.06,140.832,,0.0,,,,,,0.09736780483450376,0.9952484667567743,0.5,115.8,0.0,309.56046190476195,3.8186338007216203,4.0297505,205.56655592207127,4.393666666666667,0.6427720129804522,0.2451480902841193,-171.0,0.0,7.299999999999997,1.0,0.0,1309.62,4.342550727630793,3.6499999999999986,4.483915503343178,0.5350000000000001,-0.97139528468375,-0.23746831555846842,0.21215590724645383
2022-09-18,26.378333333333334,7.088666666666668,4.322166666666667,805.7226,107.281,4.067833333333334,0.09483333333333333,0.16366666666666665,2.3198333333333334,58362,宝山,宝山区,1005.841667,25.291667,72.666667,0.0,4.445833,312.815824,719.0,2.72,44.2,2.8,44.2,0,44.900000000000006,26.78571428571428,719.0,0,780.6666666666666,435.1571428571429,-0.08,3.026666666666667,-0.0899999999999998,2.9333333333333336,1955.68,123.76,,0.0,,,,,,-0.733542187810837,0.6796439205213938,0.0,115.8,0.6416659999999865,-174.77821428571428,8.693926747263133,4.477333000000001,200.52197015356,4.051333333333333,0.7129477602554293,0.16427107421290782,-7.0,0.0,-4.699999999999996,0.0,0.0,791.3399999999999,7.209636655245764,0.0,5.586496468768654,1.0866663333333335,-0.9753363880767837,-0.2207236509605022,0.2991437271283166
2022-09-19,26.30333333333333,7.143833333333333,4.814,1106.0246666666667,87.49233333333332,3.72,0.11,0.14833333333333334,2.3626666666666667,58362,宝山,宝山区,1011.05,23.641667,60.333333,0.0,4.045833,348.689651,463.0,2.62,37.6,2.81,37.6,0,43.56666666666667,30.642857142857142,463.0,0,636.0,493.6857142857143,0.0100000000000002,2.83,-0.1,2.716666666666667,1213.06,105.656,,0.0,,,,,,-0.1961232637091407,0.9805792499497809,0.0,101.2,0.0,76.3651142857143,5.760297655216083,4.080833,162.82688092531598,3.956,0.8571246576251476,0.19818333266281304,-256.0,0.0,-6.600000000000001,0.0,0.0,790.9000000000001,7.187063286085048,0.0,5.037729747125347,2.6616663333333292,-0.9789888737409319,-0.20391367068311472,0.3333985775483449
2022-09-20,25.753333333333334,7.201333333333333,5.4446666666666665,1034.9636666666668,82.09316666666666,3.266833333333333,0.123,0.13816666666666666,2.2081666666666666,58362,宝山,宝山区,1015.2625,22.083333,63.5,0.0,3.429167,13.770784,933.0,2.73,41.4,2.81,41.4,0,41.06666666666667,32.91428571428571,933.0,0,705.0,638.5,0.0,2.806666666666666,0.1099999999999998,2.69,2547.09,116.334,,0.0,,,,,,0.23803823026983453,0.9712557855323206,0.0,95.6,0.0,13.352304761904747,5.2713613097140435,3.467667,156.86688834921583,3.712833333333333,1.0652676719139713,0.22577608837056723,470.0,1.0,3.799999999999997,1.0,0.0,1557.33,8.484452191215082,0.0,4.9548342102406036,3.670000333333334,-0.9823516608469237,-0.18704334906991657,0.34408397792154166
2022-09-21,25.151666666666667,7.061166666666666,4.8758333333333335,583.8185,79.24,4.126666666666666,0.08933333333333333,0.16766666666666666,2.723333333333333,58362,宝山,宝山区,1015.0625,20.920833,71.958333,0.0,1.479167,59.781555,786.0,2.62,42.3,2.81,42.3,0,40.43333333333334,35.55714285714286,786.0,0,727.3333333333334,750.8571428571429,0.0,2.81,-0.1099999999999998,2.6566666666666667,2059.32,118.863,,0.0,,,,,,0.8641128219818196,0.5032981530729237,0.0,0.5,0.20000000000004547,-381.34767142857163,3.7575684078149925,1.5176669999999999,1.4184045214772834,4.489333333333333,0.8010893669931385,0.3732503423638702,-147.0,0.0,0.8999999999999986,1.0,0.0,1035.6299999999999,9.06447324692589,0.0,3.750149750533181,4.230833666666669,-0.9854237542919524,-0.17011767832049052,0.35001457189622287
2022-09-22,25.333333333333332,7.224666666666667,5.657333333333334,1291.1968333333334,101.90083333333332,4.072,0.06583333333333334,0.15933333333333333,2.3394999999999997,58362,宝山,宝山区,1012.922727,23.177273,73.454545,0.0,1.518182,145.547931,640.0,2.5,39.1,2.72,39.1,0,40.93333333333334,42.15714285714286,640.0,0,786.3333333333334,737.7142857142857,-0.0899999999999998,2.78,-0.1200000000000001,2.6166666666666667,1600.0,106.35200000000002,1.0,1.0,0.0178359096313912,DLR_GWP_P1D_real_raster_proxy,0.15,wusongkou_aoi_boundary_proxy,"Derived from DLR Global WaterPack daily real raster masks within a station-centered AOI; label denotes boundary-change proxy relative to the median reference mask, not a manual governance-zone annotation.",0.5657166129485115,-0.8245997294651897,0.0,0.0,2.139772999999991,233.72577142857153,3.3464971974174977,1.560182,0.5604121583397346,3.9986666666666664,0.9514928598633638,0.2146864879544783,-146.0,0.0,-3.1999999999999957,0.0,0.0,880.32,7.6416614701856975,0.0,4.073378721179673,2.1560603333333326,-0.9882042449941422,-0.15314166701312007,0.30779409172033667
2022-09-23,25.915000000000003,7.328333333333333,6.165,1171.893,134.3775,4.267666666666666,0.06983333333333333,0.169,2.3141666666666665,58362,宝山,宝山区,1017.241667,21.95,61.333333,0.0,2.941667,8.127194,543.0,2.51,37.8,2.75,37.8,0,39.73333333333333,41.61428571428571,543.0,0,656.3333333333334,687.1428571428571,0.0299999999999998,2.76,0.0099999999999997,2.543333333333333,1362.9299999999998,103.95,,0.0,,,,,,0.14137110586657917,0.9899566709841702,0.0,0.0,0.0,118.96496190476182,4.302376103909613,2.9451669999999996,0.5560570137104077,4.074,0.9919091801094253,0.2536997671289838,-97.0,0.0,-1.3000000000000043,0.0,0.0,646.3999999999999,4.84817147113319,0.0,4.423456339329747,3.9650000000000034,-0.9906923101615609,-0.13612033862266704,0.261235554159144
2022-09-24,25.72,7.416,6.726333333333334,1140.183,233.25283333333334,4.968333333333334,0.07566666666666666,0.17166666666666666,2.220166666666667,58362,宝山,宝山区,1016.830435,21.743478,61.478261,0.0,2.634783,57.310699,392.0,2.5,34.9,2.71,34.9,0,37.26666666666667,39.614285714285714,392.0,0,525.0,639.4285714285714,-0.04,2.7266666666666666,-0.0099999999999997,2.5033333333333334,980.0,94.579,,0.0,,,,,,0.8416116478484579,0.5400831734148022,0.0,0.0,0.4112320000000409,121.0683904761903,5.7483185041334925,2.638283,0.5466868792826034,4.0125,0.9787384885589945,0.2471567703036172,-151.0,0.0,-2.8999999999999986,0.0,0.0,548.4299999999998,2.241168196471476,0.0,4.190854471902128,3.9765219999999992,-0.9928872135356962,-0.11905873003404988,0.16816414081851294
2022-09-25,25.576666666666668,7.430833333333333,6.7825,1686.2649999999999,311.6946666666667,5.646166666666667,0.09433333333333332,0.20066666666666666,2.3195,58362,宝山,宝山区,1015.63,21.815,71.5,0.0,1.81,50.262075,425.0,2.53,14.7,2.73,14.7,0,29.133333333333336,35.4,425.0,0,453.3333333333333,597.4285714285714,0.02,2.73,0.0299999999999998,2.513333333333333,1075.25,40.131,,0.0,,,,,,0.7689765758135317,0.6392769555130983,0.0,0.0,1.2004349999999704,541.358619047619,4.1100135041628985,1.8205,0.5108447968095031,4.4205000000000005,0.8745560773431905,0.24934950946717932,33.0,1.0,-20.2,0.0,0.0,471.7399999999999,1.4497635606193047,0.0,3.8898825449286285,3.7616666666666667,-0.994788305609327,-0.10196189005174576,0.11914024377174026
2022-09-26,25.57166666666667,7.425833333333333,6.958333333333333,1782.1419999999998,328.34250000000003,5.854499999999999,0.09449999999999999,0.20233333333333334,2.3601666666666667,58362,宝山,宝山区,1015.427778,22.661111,78.388889,0.0,2.094444,64.037073,229.0,2.5,7.8,2.78,7.8,0,19.133333333333336,31.14285714285714,229.0,0,348.6666666666667,564.0,0.0499999999999998,2.74,-0.0299999999999998,2.51,572.5,21.684,,0.0,,,,,,0.8990775043902086,0.4377894940487658,0.0,0.0,0.20222200000000612,533.4103619047619,4.793223380943526,2.104944,0.4503565224408989,4.478,0.8738204384869652,0.3033367650832684,-196.0,0.0,-6.8999999999999995,0.0,0.0,437.74999999999994,1.0586749862731553,0.0,3.6123943177162143,2.9105556666666708,-0.9963950238187231,-0.08483487790576538,0.11033591678934496
2022-09-27,25.611666666666668,7.476166666666667,7.264666666666667,1878.019,333.338,5.8385,0.09349999999999999,0.18299999999999997,2.0208333333333335,58362,宝山,宝山区,1013.942857,23.3,66.571429,0.0,2.261905,62.702633,171.0,2.55,-1.1,2.81,1.1,1,7.133333333333336,25.07142857142857,171.0,0,275.0,455.1428571428572,0.0300000000000002,2.773333333333333,0.0499999999999998,2.5266666666666664,436.05,-3.091,,0.0,,,,,,0.8886383087364024,0.4586087180223533,0.0,0.0,1.4849209999999857,525.4621047619047,5.04404460524443,2.279405,0.31439562654465697,3.9443333333333332,0.9306402152594648,0.2106670857537232,-58.0,0.0,-8.9,0.0,0.0,240.44999999999996,0.8225209219412689,0.0,3.8580079599573347,2.3116666666666674,-0.9977068927101168,-0.06768276175455162,0.10778069054012485
2022-09-28,25.400000000000002,7.476666666666667,7.096,1973.896,421.67350000000005,6.271999999999999,0.10916666666666668,0.19316666666666668,2.25,58362,宝山,宝山区,1013.483333,20.529167,85.666667,2.4,1.7625,43.64391,256.0,2.6,-9.6,2.83,9.6,1,-0.9666666666666645,17.657142857142855,256.0,0,218.66666666666663,379.4285714285714,0.02,2.806666666666666,0.0500000000000002,2.5500000000000003,665.6,-27.168,,0.0,,,,,,0.6901743277046227,0.723643142285942,2.4,2.4,0.4595239999999876,517.5138476190476,3.8112936653136806,6.01,4.557451017336534,4.2908333333333335,0.8524998558417364,0.17787188386246702,85.0,1.0,-8.5,0.0,0.0,358.05000000000007,0.5173417937643752,0.0,3.9970023461048485,4.870833000000001,-0.9987235240803972,-0.050510617185222886,0.0679867481530343
2022-09-29,25.528333333333332,7.485166666666667,6.6803333333333335,2069.773,556.7913333333333,6.861166666666667,0.13333333333333333,0.2081666666666667,2.747333333333333,58362,宝山,宝山区,1014.308333,23.279167,79.125,0.0,1.966667,85.512204,286.0,2.59,-8.3,2.85,8.3,1,-6.333333333333331,10.885714285714284,286.0,0,237.66666666666663,328.85714285714283,0.02,2.83,-0.0100000000000002,2.58,740.74,-23.655,0.0,1.0,0.0107015457788347,DLR_GWP_P1D_real_raster_proxy,0.3571428571428571,wusongkou_aoi_boundary_proxy,"Derived from DLR Global WaterPack daily real raster masks within a station-centered AOI; label denotes boundary-change proxy relative to the median reference mask, not a manual governance-zone annotation.",0.9969340229044052,0.0782467505755913,2.4,2.4,0.0,509.5655904761905,4.776226576387281,6.690167799999999,4.59786452470353,4.9623333333333335,0.7398719342686907,0.18633539215308126,30.0,1.0,1.299999999999999,1.0,0.0,319.1600000000001,0.4260852624697168,3.1199999999999974,4.067220570557221,2.2491663333333314,-0.9994446170919858,-0.033323525711631344,0.02090483402352994
2022-09-30,25.451666666666668,7.481166666666667,6.420833333333333,2165.65,610.4828333333334,6.9235,0.13266666666666668,0.23216666666666666,2.654166666666667,58362,宝山,宝山区,1014.017391,24.152174,87.043478,0.0,1.73913,107.038372,317.0,2.59,-7.6,2.81,7.6,1,-8.499999999999998,4.399999999999998,317.0,0,286.3333333333333,296.57142857142856,-0.04,2.83,0.0,2.5933333333333333,821.03,-21.356,,0.0,,,,,,0.9561087349983957,-0.29301209336777845,2.4,2.4,0.2909419999999727,501.61733333333336,4.266235091714787,5.913042,4.8267372417909735,5.1085,0.6891853089460622,0.18415962071957886,31.0,1.0,0.7000000000000011,1.0,0.0,348.0,0.46826062437838945,1.6800000000000026,4.028945779306124,1.2994926666666693,-0.9998699583618592,-0.016126573270657762,0.005305862893360214
2022-10-01,25.756666666666664,7.511666666666667,6.366166666666667,1871.665,604.0363333333333,6.854833333333333,0.1285,0.17783333333333332,2.8285,58362,宝山,宝山区,1012.669565,27.121739,78.391304,0.0,2.682609,130.751022,439.0,2.58,-3.9,2.81,3.9,1,-6.599999999999998,-1.1428571428571452,439.0,0,347.3333333333333,303.2857142857143,0.0,2.8233333333333337,-0.0099999999999997,2.5866666666666664,1132.62,-10.959,,0.0,,,,,,0.7575533408148768,-0.6527732652462255,0.0,2.4,1.347825999999941,-36.194999999999936,5.627844619086902,2.6861089999999996,4.585613533093842,4.735333333333333,0.7267403755121159,0.19878996548012484,122.0,1.0,3.6999999999999997,1.0,0.0,566.6099999999999,0.5740702073539384,0.0,4.456799981397323,-1.3650723333333374,-0.9999994220246925,0.001075151282798226,0.0071047766750292896
2022-10-02,25.679999999999996,7.467333333333333,6.096,2002.8000000000002,476.9753333333333,14.9185,0.136,0.20766666666666667,2.792666666666667,58362,宝山,宝山区,1011.463158,29.6,66.631579,0.0,3.063158,169.56043,637.0,2.54,2.9,2.8,2.9,0,-2.866666666666664,-2.8285714285714314,637.0,0,464.3333333333333,333.57142857142856,-0.0100000000000002,2.806666666666666,-0.04,2.5700000000000003,1617.98,8.12,,0.0,,,,,,0.18119838294859306,-0.9834465649016295,0.0,2.4,1.2064070000000129,-10.571666666666488,4.586948018817765,3.077158,4.202016817416631,5.005333333333334,0.3753041845167646,0.18976898472644282,198.0,1.0,6.8,1.0,0.0,868.4,0.9714587782075226,0.0,4.806193510880724,-3.9200000000000053,-0.999832969770105,0.018276557681691223,0.04711629006374152
2022-10-05,24.73,7.3725000000000005,6.394500000000001,1250.9075,166.312,3.9074999999999998,0.049,0.1395,2.2455,58362,宝山,宝山区,1022.73913,16.943478,74.173913,2.0,3.104348,24.97049,865.0,2.55,6.5,2.75,6.5,0,5.000000000000003,-0.2714285714285735,865.0,0,611.6666666666666,502.0,-0.0099999999999997,2.763333333333333,0.1599999999999997,2.4599999999999995,2205.75,17.875,,0.0,,,,,,0.4221514149060212,0.9065253349426282,2.0,4.4,0.0,-571.848125,5.429435636845042,9.369043999999999,7.9324160923842095,3.6895,1.1320241323866893,0.16381765915049404,228.0,1.0,3.6,1.0,0.0,1267.8799999999997,3.6558445698256348,7.2,5.12447144572566,7.7865220000000015,-0.9975590477788613,0.06982797572987089,0.22528685429790796
2022-10-06,24.27,7.387666666666667,6.535333333333333,1086.536,181.91316666666668,4.144666666666667,0.077,0.15233333333333335,2.2191666666666667,58362,宝山,宝山区,1022.317391,15.643478,85.565217,15.4,2.678261,19.663788,597.0,2.45,17.5,2.73,17.5,0,8.533333333333337,3.414285714285712,597.0,0,591.0,546.4285714285714,-0.02,2.7466666666666666,-0.0999999999999996,2.4633333333333334,1462.65,47.775,,0.0,,,,,,0.3365001642140371,0.9416834072467912,17.4,19.8,0.4217390000000023,-588.9757000000002,4.538534879400646,49.31500239999999,37.080132130373656,3.8195,1.091099953937865,0.046511627906976744,-268.0,0.0,11.0,1.0,0.0,951.4999999999997,3.23104132288636,191.39999999999998,7.873005377722803,8.626522,-0.9962102997023297,0.0869772313136861,0.21015477910913183
2022-10-07,23.95,7.442166666666666,6.9435,1593.4202,279.2846666666667,4.679666666666667,0.08700000000000001,0.1738333333333333,2.33,58362,宝山,宝山区,1023.413636,16.972727,70.909091,2.6,1.954545,33.561509,488.0,2.43,26.2,2.72,26.2,0,16.733333333333334,8.242857142857142,488.0,0,650.0,570.8571428571429,-0.0099999999999997,2.733333333333333,-0.02,2.4766666666666666,1185.84,71.26400000000001,,0.0,,,,,,0.5528318723500394,0.8332928182301523,20.0,20.000000000000004,0.0,-68.40958333333333,3.9639341453636385,41.052445,34.61313511615193,4.155333333333333,1.0426609253276464,0.04356435729830411,-109.0,0.0,8.7,1.0,0.0,608.94,2.31907084939835,174.0,7.784675061157752,6.977273,-0.9945667569706337,0.1041007489354256,0.13771288814746285
2022-10-08,24.24,7.619,7.216333333333334,1613.1886,391.5536666666667,5.318833333333333,0.10633333333333334,0.19466666666666665,2.7298333333333336,58362,宝山,宝山区,1021.566667,17.195833,71.166667,1.3,1.65,62.384967,558.0,2.53,28.5,2.75,28.5,0,24.066666666666663,12.871428571428568,558.0,0,547.6666666666666,587.8571428571429,0.0299999999999998,2.733333333333333,0.0999999999999996,2.47,1411.7399999999998,78.375,0.0,1.0,0.0071343638525564,DLR_GWP_P1D_real_raster_proxy,0.5714285714285714,wusongkou_aoi_boundary_proxy,"Derived from DLR Global WaterPack daily real raster masks within a station-centered AOI; label denotes boundary-change proxy relative to the median reference mask, not a manual governance-zone annotation.",0.8860819912713934,0.46352853714148196,19.3,21.3,1.8469689999999446,-41.69244285714308,4.060957706571064,33.529999999999994,36.941730912343154,4.7828333333333335,0.9719346993089857,0.04202215836815194,70.0,1.0,2.3000000000000007,1.0,0.0,690.7999999999997,1.3951383292815163,44.390000000000015,7.8989241223025175,7.044166999999998,-0.9926289059345095,0.121193461470736,0.08053470166894072
2022-10-09,23.385,7.641333333333333,7.419333333333333,1823.3693333333333,595.4676666666666,6.033166666666666,0.13,0.20299999999999999,3.548833333333333,58362,宝山,宝山区,1022.5625,16.595833,59.041667,0.0,3.1375,285.198981,449.0,2.48,25.8,2.78,25.8,0,26.83333333333333,16.14285714285714,449.0,0,498.3333333333333,561.0,0.0299999999999998,2.75,-0.0499999999999998,2.48,1113.52,71.724,,0.0,,,,,,-0.9650211573293471,0.2621720158726469,3.9000000000000004,21.3,0.0,217.3855285714285,7.081641018535482,15.391250000000001,34.37481022247831,5.708833333333333,0.9092453221957859,0.12441679626749609,-109.0,0.0,-2.6999999999999993,0.0,0.0,585.8999999999999,0.8354741777006075,0.0,5.247238760380869,6.789167000000003,-0.9903973200352558,0.1382503109109819,0.009525787007779063
2022-10-10,22.38,7.4959999999999996,7.198,1633.2640000000001,629.8995,6.231833333333333,0.13066666666666668,0.2061666666666667,4.018,58362,宝山,宝山区,1024.908333,14.404167,40.458333,0.0,2.85,299.255353,411.0,2.54,23.5,2.79,23.5,0,25.933333333333337,18.514285714285712,411.0,0,472.6666666666667,525.5714285714286,0.0100000000000002,2.773333333333333,0.06,2.5166666666666666,1043.94,65.565,,0.0,,,,,,-0.8724503526162327,0.48870275446308986,1.3,21.3,0.0,61.33748095238093,6.239637007358692,6.576,30.41162963052884,6.210333333333333,0.8595040131889528,0.1941747572815534,-38.0,0.0,-2.3000000000000007,0.0,0.0,475.94,0.7491948664829607,0.0,4.52401304930977,7.975833,-0.9878726596350429,0.15526624985999563,0.0
2022-10-11,21.996666666666666,7.446666666666666,6.971,1317.889,556.7621666666666,5.780166666666666,0.1135,0.2101666666666667,3.6645000000000003,58362,宝山,宝山区,1024.95,16.783333,56.041667,0.0,1.933333,15.915762,588.0,2.59,-8.8,2.79,8.8,1,13.5,17.028571428571425,588.0,0,482.6666666666667,565.1428571428571,0.0,2.786666666666666,0.0499999999999998,2.536666666666666,1522.9199999999998,-24.552000000000003,,0.0,,,,,,0.2742237821995609,0.9616659073067776,0.0,21.3,0.0,-156.19309047619072,3.420262815058962,1.9508329999999998,33.63799736841398,5.879666666666667,0.8732041026355873,0.3409091296487647,177.0,1.0,-32.3,0.0,0.0,803.2499999999999,0.8653628652355709,0.0,3.858962532127463,5.213333666666667,-0.9850556718215013,0.172236243027682,0.020913709622025434
2022-10-12,21.996666666666666,7.433666666666667,6.944,1332.5739999999998,479.4696666666666,5.517333333333333,0.105,0.18000000000000002,3.4535,58362,宝山,宝山区,1024.554167,17.5875,60.291667,0.0,2.4375,48.056362,464.0,2.49,-10.4,2.82,10.4,1,1.4333333333333351,14.614285714285712,464.0,0,487.6666666666667,507.8571428571428,0.0299999999999998,2.8000000000000003,-0.0999999999999996,2.54,1155.36,-29.328,,0.0,,,,,,0.7438026912438239,0.6683992493251656,0.0,19.3,0.39583300000003874,-153.1747333333335,5.1718246707449245,2.4724999999999997,31.069681039922937,5.3585,0.9272398856229822,0.2608695879017007,-124.0,0.0,-1.5999999999999996,0.0,0.0,646.7999999999998,1.0149790933732203,0.0,4.145130814312353,4.409166666666668,-0.981947190186646,0.18915526872004093,0.04623282470039736
2022-10-13,22.008333333333336,7.4751666666666665,7.192833333333334,1629.945,435.03849999999994,5.261,0.09266666666666667,0.18700000000000003,2.7733333333333334,58362,宝山,宝山区,1021.1375,18.35,73.708333,0.0,2.2125,37.149823,339.0,2.52,-13.4,2.78,13.4,1,-10.866666666666664,10.199999999999998,339.0,0,463.6666666666667,471.0,-0.04,2.7966666666666664,0.0299999999999998,2.533333333333333,854.28,-37.252,,0.0,,,,,,0.6039013189551372,0.7970590925171394,0.0,3.9000000000000004,3.4166669999999613,66.56640952380963,4.422973510829772,2.223,7.1456849893784815,4.736000000000001,0.9823544818130256,0.15084851535645516,-125.0,0.0,-3.0,0.0,0.0,477.9199999999999,1.0633617597222877,0.0,4.48378413950833,3.658333333333335,-0.9785481345802031,0.20601832032517084,0.06270280964329078
2022-10-14,21.973333333333333,7.486666666666667,7.141333333333333,1927.5026666666665,410.0046666666667,5.0841666666666665,0.09483333333333333,0.17766666666666667,2.470833333333333,58362,宝山,宝山区,1018.6,18.883333,77.208333,0.0,1.979167,43.409391,466.0,2.56,-9.0,2.79,9.0,1,-10.933333333333332,5.17142857142857,466.0,0,423.0,467.8571428571428,0.0100000000000002,2.796666666666667,0.04,2.523333333333333,1192.96,-25.11,,0.0,,,,,,0.6872065899752219,0.7264620449098682,0.0,1.3,2.5375000000000227,316.3980095238094,4.261212993711824,1.993167,2.6756086697107815,4.342333333333333,1.0080563011509358,0.18126887122242394,127.0,1.0,4.4,1.0,0.0,616.72,1.029185394488627,0.0,4.298337133300308,3.0900003333333323,-0.9748595108374125,0.22282040779479959,0.07273855331476453
2022-10-15,21.988333333333333,7.478833333333333,7.057666666666667,1703.623,352.3078333333333,5.137166666666666,0.08366666666666667,0.17133333333333334,2.2276666666666665,58362,宝山,宝山区,1018.3625,19.291667,75.125,0.0,2.095833,40.796962,662.0,2.53,-2.4,2.81,2.4,1,-8.266666666666666,0.757142857142855,662.0,0,489.0,482.7142857142857,0.02,2.793333333333333,-0.0300000000000002,2.536666666666666,1674.86,-6.744,1.0,1.0,0.0249702734839476,DLR_GWP_P1D_real_raster_proxy,0.5,wusongkou_aoi_boundary_proxy,"Derived from DLR Global WaterPack daily real raster masks within a station-centered AOI; label denotes boundary-change proxy relative to the median reference mask, not a manual governance-zone annotation.",0.6533804648450341,0.7570297009753892,0.0,0.0,0.2375000000000682,79.59914285714308,4.439725588305441,2.106333,0.3339635598042722,4.024666666666667,0.9995007089338956,0.30000002999999686,196.0,1.0,6.6,1.0,0.0,883.7400000000002,1.3840621516552847,0.0,4.045805809346496,2.696666333333333,-0.9708824104813836,0.23955655912092708,0.09841348267502903
2022-10-16,21.918333333333333,7.412166666666667,7.012833333333333,1206.7382499999999,266.1996666666667,4.7185,0.0685,0.18333333333333335,1.9523333333333335,58362,宝山,宝山区,1019.820833,19.291667,75.458333,0.1,3.120833,19.093393,691.0,2.46,1.8,2.79,1.8,0,-3.199999999999998,-2.671428571428573,691.0,0,606.3333333333334,517.2857142857143,-0.02,2.796666666666667,-0.0699999999999998,2.516666666666667,1699.86,5.022,,0.0,,,,,,0.32710893105595035,0.9449866386480994,0.1,0.1,0.0,-329.1954523809527,5.122623239976785,3.4574163,0.39072101179339835,3.854166666666667,1.035323656167506,0.2369200581970431,29.0,1.0,4.2,1.0,0.0,770.3999999999999,2.2692144077026044,0.42000000000000004,4.650229681576704,2.6266663333333327,-0.9666180104000972,0.2562218218071163,0.14582784092069678
2022-10-17,21.513333333333332,7.416833333333333,7.055499999999999,1276.1044,195.76200000000003,4.226666666666667,0.044833333333333336,0.11266666666666668,1.8495,58362,宝山,宝山区,1024.441667,17.05,49.666667,0.0,4.2625,3.032511,379.0,2.42,2.6,2.77,2.6,0,0.6666666666666684,-5.657142857142859,379.0,0,577.3333333333334,512.7142857142857,-0.02,2.79,-0.04,2.47,917.18,7.202,,0.0,,,,,,0.05290259414548716,0.9985996773145273,0.1,0.1,0.0,-208.80650238095222,5.379022995453204,4.702750000000001,0.22629051056489874,3.021,1.2403962070111838,0.1864801864801865,-312.0,0.0,0.8,1.0,0.0,718.64,2.9341708934313195,0.08000000000000002,5.089901830654757,4.463333333333331,-0.9620675724981452,0.27281126433401914,0.19776695689049073
2022-10-18,20.763333333333332,7.2796666666666665,6.832833333333333,764.898,143.02966666666666,3.874333333333333,0.05533333333333334,0.122,2.1568333333333336,58362,宝山,宝山区,1025.704348,15.817391,52.043478,0.0,2.691304,17.609813,1130.0,2.55,9.4,2.75,9.4,0,4.600000000000002,-3.05714285714286,1130.0,0,733.3333333333334,590.1428571428571,-0.02,2.77,0.1299999999999999,2.4766666666666666,2881.5,25.85,,0.0,,,,,,0.3025331384794339,0.9531388671761233,0.1,0.1,0.0,-641.0141880952382,4.560141267139672,3.0059344000000006,0.4104584676611656,3.4321666666666673,1.2529108460654397,0.26376149208821026,751.0,1.0,6.800000000000001,1.0,0.0,2125.5299999999997,5.0915436403148435,0.6800000000000002,4.600458756850513,4.945942333333331,-0.957232443323312,0.28931997761869527,0.25072011388490734
2022-10-19,20.05333333333333,7.216,6.5986666666666665,612.23,157.46633333333332,4.231333333333334,0.05433333333333334,0.122,2.361666666666667,58362,宝山,宝山区,1026.591667,15.895833,60.041667,0.0,2.229167,54.805845,1060.0,2.36,12.6,2.72,12.6,0,8.200000000000001,0.2285714285714262,1060.0,0,856.3333333333334,675.2857142857143,-0.0299999999999998,2.7466666666666666,-0.1899999999999999,2.443333333333333,2501.6,34.272,,0.0,,,,,,0.8172036985345389,0.5763489525465197,0.0,0.1,0.0,-690.7759023809522,5.0958955878432395,2.295667,0.4929221896082492,3.636,1.146490672982123,0.30967738738814066,-70.0,0.0,3.1999999999999993,1.0,0.0,1344.7,5.403881791926361,0.0,4.272004805218138,4.157500333333331,-0.9521140536681102,0.3057430764672831,0.23450654576097218
2022-10-31,20.715,7.44975,7.480499999999999,1176.4345,381.82800000000003,4.426,0.08325,0.1785,2.6014999999999997,58362,宝山,宝山区,1021.933333,18.579167,69.75,0.0,2.529167,51.493028,486.0,2.49,-5.7,2.76,5.7,1,-0.6666666666666649,2.971428571428569,486.0,0,453.6666666666667,329.57142857142856,-0.0100000000000002,2.763333333333333,0.0100000000000002,2.5033333333333334,1210.14,-15.732,,0.0,,,,,,0.7825324007662123,0.6226098631977075,0.0,0.1,4.658333999999968,-61.78418809523782,5.436561742911068,2.5326670000000004,0.24637384356489844,4.4697499999999994,1.1445126082775958,0.12213738966260936,-574.0,0.0,-18.3,0.0,0.0,1070.6000000000001,1.1850404533280394,0.0,5.0621306323417725,2.135832999999998,-0.8692328164574792,0.49440298420761813,0.08479291957880453
2022-11-01,20.503333333333334,7.3435,7.229666666666667,1102.6516666666666,286.47700000000003,4.311166666666667,0.07566666666666667,0.15333333333333332,2.468,58362,宝山,宝山区,1022.0125,17.766667,70.458333,0.0,2.6125,36.270283,590.0,2.49,-1.9,2.78,1.9,1,-2.199999999999998,1.557142857142855,590.0,0,502.3333333333333,367.7142857142857,0.02,2.77,0.0,2.486666666666667,1469.1,-5.281999999999999,,0.0,,,,,,0.5915950968349969,0.8062352270899547,0.0,0.1,0.0,-17.731164285714385,5.115314593092344,2.6125,0.34493095447085204,4.077,1.1682112360076458,0.2768166089965398,104.0,1.0,3.8000000000000003,1.0,0.0,694.0,1.7473861677050104,0.0,4.256916860052012,2.736666333333332,-0.8605996962501181,0.5092820071573356,0.13341229632179608
2022-11-02,20.39,7.309666666666666,7.157666666666667,1063.4213333333335,203.544,3.9515,0.04583333333333334,0.12816666666666668,2.1165,58362,宝山,宝山区,1019.725,15.325,70.291667,0.0,1.85,64.644895,900.0,2.46,-4.8,2.77,4.8,1,-4.133333333333332,0.0285714285714264,900.0,0,658.6666666666666,460.1428571428572,-0.0099999999999997,2.77,-0.0300000000000002,2.48,2214.0,-13.296,0.0,1.0,0.0154577883472057,DLR_GWP_P1D_real_raster_proxy,0.15,wusongkou_aoi_boundary_proxy,"Derived from DLR Global WaterPack daily real raster masks within a station-centered AOI; label denotes boundary-change proxy relative to the median reference mask, not a manual governance-zone annotation.",0.9036711143175837,0.42822717936629906,0.0,0.1,2.2875000000000227,34.49588333333327,4.542317350128781,1.8605000000000003,0.415654950112721,3.444,1.2797782123633523,0.19464720194647117,310.0,1.0,-2.9,0.0,0.0,1246.3000000000004,3.220171047142261,0.0,4.426827466773974,5.065000000000001,-0.8517119107469189,0.5240103253675756,0.19118323811068838
2022-11-03,20.38,7.231166666666667,6.909666666666666,931.2539999999999,209.25033333333332,4.148166666666667,0.0665,0.13033333333333333,2.3821666666666665,58362,宝山,宝山区,1021.520833,16.933333,63.583333,0.0,2.704167,11.506931,886.0,2.33,-0.9,2.77,0.9,1,-2.533333333333332,-0.7714285714285737,886.0,0,792.0,567.2857142857143,0.0,2.773333333333333,-0.1299999999999999,2.4266666666666667,2064.38,-2.493,,0.0,,,,,,0.19948647324484556,0.9799005801571573,0.0,0.0,0.0,-58.31655714285728,4.2617884852415315,2.749667,0.1893362568674867,3.752,1.1945650601712423,0.26996622992429875,-14.0,0.0,3.9,1.0,0.0,1016.9999999999999,3.766938141992641,0.0,4.477421871752811,3.446666999999998,-0.8425720899866032,0.5385835804920232,0.18651284996952044
2022-11-04,20.24833333333333,7.310166666666667,7.140499999999999,1407.4761666666666,214.46633333333332,4.157,0.06766666666666667,0.13416666666666668,2.2901666666666665,58362,宝山,宝山区,1026.7875,14.470833,56.25,0.0,3.154167,15.223937,444.0,2.28,-4.1,2.74,4.1,1,-3.2666666666666653,-1.9571428571428595,444.0,0,743.3333333333334,597.2857142857143,-0.0299999999999998,2.76,-0.0500000000000002,2.356666666666667,1012.32,-11.234,,0.0,,,,,,0.2625923198208243,0.9649068730043941,0.0,0.0,0.0,399.1382142857142,4.897138171957226,3.1716670000000002,0.21762493233861924,3.6995,1.2265044283688558,0.24072214718377954,-442.0,0.0,-3.1999999999999997,0.0,0.0,930.3000000000002,3.4498815746930305,0.0,4.460166872704188,5.777500333333331,-0.8331829385891785,0.5529974600700271,0.18235336158753068
2022-11-05,19.776666666666667,7.2895,7.1735,1269.5891666666666,263.21416666666664,4.595666666666666,0.07633333333333334,0.1505,2.7108333333333334,58362,宝山,宝山区,1026.504167,13.175,64.375,0.0,1.6375,47.801769,786.0,2.46,-1.5,2.73,1.5,1,-2.1666666666666647,-2.55714285714286,786.0,0,705.3333333333334,646.1428571428571,-0.0100000000000002,2.7466666666666666,0.1800000000000001,2.356666666666667,1933.56,-4.095,,0.0,,,,,,0.7408253352225307,0.6716977167539169,0.0,0.0,0.28333299999985684,189.15247619047614,3.8508357236895048,1.7005,0.17290192649075772,4.292166666666667,1.128900543047226,0.3423680847210535,342.0,1.0,2.5999999999999996,1.0,0.0,1331.0400000000002,2.669551531743504,0.0,3.8593689405182126,6.601666666666667,-0.8235472349556007,0.5672476988027229,0.14773501371031816
2022-11-06,19.781666666666666,7.3105,7.185666666666666,1303.5206666666666,306.88466666666665,4.7245,0.07183333333333333,0.1655,2.6566666666666667,58362,宝山,宝山区,1022.941667,13.7,69.166667,0.0,1.708333,100.69774,622.0,2.33,-4.4,2.72,4.4,1,-3.333333333333332,-3.3285714285714314,622.0,0,617.3333333333334,673.4285714285714,-0.0099999999999997,2.7300000000000004,-0.1299999999999999,2.356666666666667,1449.26,-11.968000000000002,,0.0,,,,,,0.9826201192950813,-0.18562785662857872,0.0,0.0,3.5625,124.32816666666668,4.352157354073842,1.753833,0.219950560319014,4.3835,1.089978889179593,0.15946844701493407,-164.0,0.0,-2.9000000000000004,0.0,0.0,888.18,2.0050798242631984,0.0,4.451061149149654,6.081666666666667,-0.8136678304455991,0.5813300798152042,0.12177146713957387
2022-11-07,19.935,7.312,7.200166666666667,1320.1356666666668,401.5553333333333,5.144666666666667,0.082,0.18783333333333332,2.7976666666666667,58362,宝山,宝山区,1021.9125,16.120833,75.166667,0.0,1.275,129.741731,514.0,2.35,-4.6,2.72,4.6,1,-3.4999999999999982,-3.171428571428573,514.0,0,640.6666666666666,677.4285714285714,0.0,2.723333333333334,0.02,2.3800000000000003,1207.9,-12.512,,0.0,,,,,,0.7689341087187704,-0.6393280350875208,0.0,0.0,1.0291670000000295,120.41442857142874,3.1920160237159925,1.2819999999999998,0.22561160951644105,4.758,1.0041994576176567,0.302648140968659,-108.0,0.0,-0.1999999999999993,0.0,0.0,634.44,1.591499636488897,0.0,3.598495045297132,3.8141669999999976,-0.8035476485339116,0.5952404359043674,0.07626428877770508
2022-11-08,19.996666666666666,7.330000000000001,7.202000000000001,1198.3456666666666,443.47316666666666,4.983333333333333,0.09649999999999999,0.18300000000000002,2.876,58362,宝山,宝山区,1022.916667,17.120833,77.583333,0.0,2.025,88.187906,445.0,2.38,-10.2,2.72,10.2,1,-6.399999999999999,-4.357142857142859,445.0,0,527.0,656.7142857142857,0.0,2.72,0.0299999999999998,2.353333333333333,1059.1,-27.744,,0.0,,,,,,0.9994999079125777,0.03162173434125048,0.0,0.0,0.0,-15.046142857142968,4.964035156325979,2.0355,0.30022200003151855,4.8025,1.0286743319772538,0.3305785123966942,-69.0,0.0,-5.6,0.0,0.0,529.4199999999998,1.1856733758580853,0.0,3.7879975163468735,2.875833666666665,-0.7931896839451843,0.6089746507720486,0.05945083353226699
2022-11-09,20.075,7.335166666666667,7.433833333333333,1091.9188333333334,428.116,4.688666666666667,0.09133333333333334,0.19216666666666668,2.6671666666666667,58362,宝山,宝山区,1020.266667,19.295833,84.833333,0.0,1.566667,115.489922,453.0,2.41,-11.3,2.74,11.3,1,-8.699999999999998,-5.285714285714287,453.0,0,470.6666666666667,592.8571428571429,0.02,2.7266666666666666,0.0300000000000002,2.3800000000000003,1091.73,-30.962000000000003,0.0,1.0,0.0095124851367419,DLR_GWP_P1D_real_raster_proxy,0.4285714285714286,wusongkou_aoi_boundary_proxy,"Derived from DLR Global WaterPack daily real raster masks within a station-centered AOI; label denotes boundary-change proxy relative to the median reference mask, not a manual governance-zone annotation.",0.902660994827291,-0.430352330558817,0.0,0.0,2.6499999999999773,-125.54404761904743,3.89855077248929,1.5771670000000002,0.34081888282640055,4.680166666666667,1.0885147154118895,0.19169327848605333,8.0,1.0,-1.1000000000000014,0.0,0.0,474.8300000000001,1.0968285187843536,0.0,4.05198966417953,0.779167000000001,-0.7825970017677834,0.6225286602431057,0.06541912265840222
2022-11-10,20.358333333333334,7.408166666666666,7.3755,969.599,350.8126666666667,4.302666666666666,0.09283333333333334,0.16566666666666666,2.4918333333333336,58362,宝山,宝山区,1020.104167,20.6125,87.291667,0.0,1.891667,76.31941,458.0,2.43,-7.5,2.75,7.5,1,-9.666666666666664,-6.228571428571432,458.0,0,452.0,531.7142857142857,0.0099999999999997,2.736666666666667,0.02,2.4066666666666667,1112.94,-20.625,,0.0,,,,,,0.9716292975283157,0.23650900233317076,0.0,0.0,0.16250000000002274,-253.34173809523793,4.649023609876578,1.8986669999999999,0.3550685421197425,4.241333333333333,1.1771652591085051,0.32742151951743065,5.0,1.0,3.8000000000000007,1.0,0.0,472.26,1.2847746622729141,0.0,3.754111536376036,-0.25416666666666643,-0.7717727365467836,0.6358984534680745,0.09913330973483214
2022-11-11,20.808333333333334,7.319,7.046666666666667,867.6246666666667,344.66900000000004,4.406166666666667,0.11033333333333334,0.162,2.6198333333333337,58362,宝山,宝山区,1018.545833,20.475,93.791667,24.8,1.9375,115.911708,468.0,2.43,0.4,2.76,0.4,0,-6.133333333333333,-5.585714285714288,468.0,0,459.6666666666667,535.1428571428571,0.0099999999999997,2.75,0.0,2.4233333333333333,1137.24,1.104,,0.0,,,,,,0.8994685027219325,-0.43698559771594886,24.8,24.8,1.5583339999999453,-278.1944285714286,4.602810639290686,49.987500000000004,48.355050211003956,4.3501666666666665,1.1115179987787527,0.034134546229337655,10.0,1.0,7.9,1.0,0.0,478.0,1.3297885163745278,195.92000000000002,9.027403265425573,0.33333333333333215,-0.7607200913564104,0.6490800741100398,0.1021235585887943
2022-11-12,21.765,7.3035,6.667333333333333,869.015,394.20250000000004,4.732833333333333,0.20233333333333334,0.16033333333333333,3.140833333333333,58362,宝山,宝山区,1015.9125,21.5875,80.25,0.1,3.179167,232.026298,573.0,2.43,17.6,2.75,17.6,0,3.5000000000000018,-2.85714285714286,573.0,0,499.6666666666667,504.7142857142857,-0.0099999999999997,2.7533333333333334,0.0,2.43,1392.39,48.400000000000006,,0.0,,,,,,-0.788293251012852,-0.6152997240431599,24.900000000000002,24.900000000000002,2.6333329999999933,-219.57921428571433,6.63817729939071,82.3404253,45.10786160951645,4.9464999999999995,0.994567344595666,0.031533307055577456,105.0,1.0,17.200000000000003,1.0,0.0,678.0,1.2643307334003875,428.2800000000001,10.088248384961913,0.177500000000002,-0.7494423368521954,0.6620696215153815,0.07939322849152253
2022-11-13,20.473333333333333,7.315166666666666,7.003,1017.9365000000001,358.19716666666665,4.850333333333333,0.10883333333333334,0.16416666666666666,2.7868333333333335,58362,宝山,宝山区,1023.445833,13.304167,72.791667,0.0,2.554167,323.533712,424.0,2.4,19.3,2.71,19.3,0,12.433333333333335,0.5285714285714265,424.0,0,488.3333333333333,476.4285714285714,-0.04,2.74,-0.0300000000000002,2.4200000000000004,1017.6,52.303,,0.0,,,,,,-0.5943497061771781,0.8042067064922438,24.900000000000002,24.900000000000002,0.0,-29.85997619047623,4.980048781316107,66.1634253,43.41478596004268,4.537333333333334,1.0350112676181484,0.035144237397636696,-149.0,0.0,1.6999999999999993,1.0,0.0,590.1900000000002,1.359513322070562,42.329999999999984,9.06745015439868,7.169166333333333,-0.7379428103031386,0.6748632518680403,0.09560747171554684
2022-11-14,19.445,7.240833333333334,7.1113333333333335,1213.183,286.48266666666666,4.565166666666666,0.09683333333333333,0.15516666666666667,2.503833333333333,58362,宝山,宝山区,1021.383333,11.158333,77.166667,1.7,1.920833,282.483215,1030.0,2.5,20.8,2.71,20.8,0,19.233333333333334,4.157142857142856,1030.0,0,675.6666666666666,550.1428571428571,0.0,2.723333333333333,0.1,2.4433333333333334,2575.0,56.368,,0.0,,,,,,-0.976359371970982,0.2161535953076645,1.8,26.6,2.0625,180.66547619047606,4.836998974143682,5.4133324,47.57743313340961,4.152333333333333,1.1102630016574564,0.14742015466438108,606.0,1.0,1.5,1.0,0.0,1799.6000000000001,2.3502866259762905,2.7,4.8476698840878765,8.286667,-0.7262249146041543,0.6874571793269664,0.1334089505867989
2022-11-15,19.188333333333333,7.215833333333333,6.942,1140.5835,277.98066666666665,4.9065,0.07733333333333334,0.16466666666666666,2.750666666666667,58362,宝山,宝山区,1021.0875,10.070833,77.125,0.0,1.0,270.84634,807.0,2.3,32.3,2.69,32.3,0,24.133333333333336,10.228571428571426,807.0,0,753.6666666666666,601.8571428571429,-0.02,2.703333333333333,-0.2000000000000001,2.4,1856.1,86.88699999999999,,0.0,,,,,,-0.9998909045653218,0.014770882422607629,1.7,26.6,0.295833000000016,116.31771428571437,3.0040752133434863,2.77,47.59887924795187,4.474666666666667,1.0262511351834367,0.25026070909369735,-223.0,0.0,11.499999999999996,1.0,0.0,1236.0000000000002,2.701501418258374,19.549999999999994,3.821822826160128,9.117500333333332,-0.7142921172691032,0.699847677146407,0.13850440785226825
2022-11-16,19.216666666666665,7.174499999999999,6.738666666666667,977.4391666666667,189.67816666666667,4.321166666666667,0.06366666666666666,0.12916666666666668,2.5421666666666667,58362,宝山,宝山区,1019.6875,14.995833,75.166667,34.9,2.104167,105.674303,879.0,2.31,36.1,2.63,36.1,0,29.73333333333333,16.999999999999996,879.0,0,905.3333333333334,662.7142857142857,-0.06,2.676666666666667,0.0100000000000002,2.37,2030.49,94.943,1.0,1.0,0.0237812128418549,DLR_GWP_P1D_real_raster_proxy,0.4285714285714286,wusongkou_aoi_boundary_proxy,"Derived from DLR Global WaterPack daily real raster masks within a station-centered AOI; label denotes boundary-change proxy relative to the median reference mask, not a manual governance-zone annotation.",0.9628130131577929,-0.27016865416626656,36.6,61.5,1.3999999999999773,-30.472380952380945,5.147074655578031,79.1201792,108.24130238128417,3.8975,1.1404783656772104,0.024328433659779568,72.0,1.0,3.8000000000000043,1.0,0.0,960.5100000000002,4.747965376214197,139.08000000000015,11.700959395809745,4.220833666666666,-0.7021479494046978,0.7120310787787131,0.20309796835718463
2022-11-17,19.121666666666666,7.1405,6.586333333333333,833.7995000000001,148.41883333333334,3.9770000000000003,0.07233333333333335,0.11016666666666668,2.3905,58362,宝山,宝山区,1019.629167,15.625,88.5,5.6,3.241667,65.206248,694.0,2.3,27.3,2.59,27.3,0,31.9,21.971428571428568,694.0,0,793.3333333333334,696.4285714285714,-0.04,2.6366666666666663,-0.0100000000000002,2.303333333333333,1596.1999999999998,70.707,,0.0,,,,,,0.90782321361809,0.419353088478103,40.5,67.1,0.05833299999994779,-154.712119047619,7.166114330254431,134.5326805,127.00752089866569,3.5645,1.210990168117265,0.022321428571428596,-185.0,0.0,-8.8,0.0,0.0,887.7900000000002,5.309460097064962,0.0,12.800045867669548,3.496666666666666,-0.6897960046655887,0.7240037789593305,0.24448506581968033
2022-11-18,19.991666666666667,7.101833333333334,6.364,801.0591666666666,126.89566666666667,3.907166666666667,0.12933333333333333,0.10316666666666667,2.342333333333333,58362,宝山,宝山区,1020.233333,18.3,85.458333,0.0,2.091667,79.506581,789.0,2.37,36.6,2.63,36.6,0,33.333333333333336,27.14285714285714,789.0,0,787.3333333333334,742.2857142857143,0.04,2.6166666666666667,0.0700000000000002,2.3266666666666667,1869.93,96.258,,0.0,,,,,,0.9832758326719182,0.18212258751551386,40.5,42.300000000000004,0.0,-177.94309523809534,5.149157552916534,86.8286805,78.97929236393425,3.503333333333333,1.1874193184537785,0.02294016422909452,95.0,1.0,9.3,1.0,0.0,945.8800000000002,6.156059496412441,376.65000000000003,12.160137073229189,1.6916666666666664,-0.6772399381909491,0.7357622347736527,0.2708853836531827
2022-11-19,20.68,7.0915,6.182333333333333,850.63,115.85266666666666,3.8211666666666666,0.16833333333333333,0.10816666666666667,2.297833333333333,58362,宝山,宝山区,1017.6375,17.945833,87.166667,3.4,2.041667,279.581862,838.0,2.4,38.0,2.62,38.0,0,33.96666666666667,30.057142857142853,838.0,0,773.6666666666666,780.1428571428571,-0.0099999999999997,2.6133333333333333,0.0299999999999998,2.3566666666666665,2011.2,99.56,,0.0,,,,,,-0.9860487812822827,0.16645660374922058,9.0,45.6,2.5958329999999705,-125.7458333333334,5.064681863104335,20.42717,85.88115943601014,3.547833333333333,1.1539650034654303,0.06831767719897537,49.0,1.0,1.3999999999999986,1.0,0.0,913.6099999999998,6.620873008175537,12.599999999999987,6.371267066095488,2.7341669999999993,-0.6644834655228552,0.7473029667054296,0.286212609399499
2022-11-20,20.366666666666664,7.120333333333334,6.364666666666667,1098.8578333333332,137.1925,3.880333333333333,0.2005,0.11383333333333334,2.3971666666666667,58362,宝山,宝山区,1018.616667,16.358333,80.833333,0.0,1.891667,272.11773,804.0,2.35,32.7,2.62,32.7,0,35.76666666666667,31.97142857142857,804.0,0,810.3333333333334,834.4285714285714,0.0,2.623333333333333,-0.0499999999999998,2.373333333333333,1889.4,85.674,,0.0,,,,,,-0.9993170066511105,0.03695294599709949,3.4,45.6,0.0,110.92180952380943,4.7856683456334705,8.340834800000001,83.0006885936387,3.7359999999999998,1.1611023760002521,0.1589403889303105,-34.0,0.0,-5.299999999999997,0.0,0.0,879.8999999999999,5.863801098708927,0.0,4.624392328235546,4.008333666666665,-0.6515303615068021,0.75862255966641,0.257742329558556
2022-11-21,20.425,7.121833333333334,6.4145,1186.1386666666667,191.157,4.216333333333333,0.21633333333333335,0.13166666666666668,2.5668333333333333,58362,宝山,宝山区,1017.891667,17.945833,83.208333,11.5,1.5625,79.939751,636.0,2.33,31.5,2.63,31.5,0,34.06666666666667,33.5,636.0,0,759.3333333333334,778.1428571428571,0.0099999999999997,2.623333333333333,-0.02,2.36,1481.88,82.845,,0.0,,,,,,0.9846246099746907,0.17468364958457955,14.9,55.4,0.7250000000000227,202.06611904761917,4.069491401421279,24.85075,102.03100413374533,4.099833333333334,1.0769478113517867,0.054982817869415744,-168.0,0.0,-1.2000000000000028,0.0,0.0,820.08,3.9516298304684883,0.0,6.773953627163639,2.4791670000000003,-0.6383844591746642,0.7697176640069211,0.20178664191298012
2022-11-22,20.086666666666666,7.128166666666666,6.535833333333333,1192.4478333333334,268.1426666666667,4.5995,0.18600000000000003,0.14866666666666667,2.8058333333333336,58362,宝山,宝山区,1016.191304,16.304348,85.782609,1.2,3.130435,277.845613,573.0,2.36,28.5,2.64,28.5,0,30.90000000000001,32.957142857142856,573.0,0,671.0,744.7142857142857,0.0100000000000002,2.6300000000000003,0.0299999999999998,2.3466666666666667,1352.28,75.24000000000001,,0.0,,,,,,-0.9906394837651314,0.13650426075970662,12.7,56.6,1.7003630000000385,200.96609523809525,7.184461921808233,42.8974595,105.67234759546864,4.4785,1.0176386874087846,0.05396421675958034,-63.0,0.0,-3.0,0.0,0.0,655.0799999999999,2.493101552088855,0.0,7.431033932222518,3.782318666666665,-0.6250496486104377,0.7805849965070866,0.14459804265563447
2022-11-23,19.88,7.154333333333334,6.6575,1067.9185,336.938,4.88,0.17116666666666666,0.17266666666666666,3.1016666666666666,58362,宝山,宝山区,1020.675,14.775,80.708333,0.0,1.525,40.383017,537.0,2.42,9.9,2.71,9.9,0,23.3,29.21428571428571,537.0,0,582.0,695.8571428571429,0.0699999999999998,2.66,0.06,2.37,1299.54,26.829,1.0,1.0,0.0190249702734839,DLR_GWP_P1D_real_raster_proxy,0.15,wusongkou_aoi_boundary_proxy,"Derived from DLR Global WaterPack daily real raster masks within a station-centered AOI; label denotes boundary-change proxy relative to the median reference mask, not a manual governance-zone annotation.",0.6478941455836029,0.7617303828248505,12.7,21.7,0.0,63.511142857142886,3.4562173560392617,20.9135,39.692279713551976,4.999499999999999,0.9680301520411373,0.06568144499178982,-36.0,0.0,-18.6,0.0,0.0,607.38,1.7222093993572787,0.0,6.108544866312952,5.104999999999999,-0.6115298757991053,0.7912213413483807,0.10596283111089955
2022-11-24,19.68166666666667,7.179166666666667,6.685,875.0341666666667,322.3516666666667,4.385333333333333,0.20966666666666667,0.1615,2.996166666666667,58362,宝山,宝山区,1020.254167,13.891667,79.125,0.0,1.333333,114.277819,506.0,2.48,3.7,2.75,3.7,0,14.033333333333337,25.842857142857145,506.0,0,538.6666666666666,669.0,0.04,2.7,0.06,2.42,1254.88,10.175,,0.0,,,,,,0.911562518498363,-0.41116149487630954,1.2,16.1,0.4208329999999023,-135.26385714285698,3.4830260380156552,2.9543326000000003,29.245665493676082,4.820833333333334,1.0478534022393726,0.25289782978256975,-31.0,0.0,-6.2,0.0,0.0,569.22,1.6658849240506979,0.0,3.757632921057151,5.789999666666668,-0.5978291414589552,0.801623551065242,0.11345187019854663
2022-11-25,20.023333333333333,7.245833333333334,6.724833333333334,762.3323333333333,359.212,4.390833333333333,0.17933333333333334,0.17016666666666666,3.1135,58362,宝山,宝山区,1015.9375,16.6625,81.791667,0.0,1.316667,246.009596,487.0,2.46,3.4,2.8,3.4,0,5.666666666666669,21.1,487.0,0,510.0,625.8571428571429,0.0499999999999998,2.7533333333333334,-0.02,2.453333333333333,1198.02,9.52,,0.0,,,,,,-0.9136135658128214,-0.40658363513892387,0.0,16.1,4.316667000000052,-242.43328571428583,3.448139143736042,1.323667,29.553026384732885,4.9945,1.0439029853591433,0.1507537536930889,-19.0,0.0,-0.30000000000000027,0.0,0.0,516.12,1.4158328984042732,0.0,4.266301426781627,3.360833333333332,-0.5839514998576998,0.8117885474764613,0.09512859877521651
2022-11-26,20.32166666666667,7.289166666666667,6.9623333333333335,744.0581666666667,365.53933333333333,4.402333333333334,0.1455,0.1745,2.9635,58362,宝山,宝山区,1017.7,15.7625,81.791667,0.0,1.708333,79.361162,405.0,2.47,2.3,2.8,2.3,0,3.133333333333336,15.999999999999998,405.0,0,466.0,564.0,0.0,2.783333333333333,0.0100000000000002,2.47,1000.35,6.44,,0.0,,,,,,0.982810431736244,0.18461759198521013,0.0,12.7,0.0,-245.48290476190482,4.288253467219533,1.7118330000000002,23.30040433659143,4.854,1.075674547200636,0.3692308146745618,-82.0,0.0,-1.1,0.0,0.0,491.8700000000001,1.2713505962979872,0.0,3.563953745183148,4.55916666666667,-0.5699010576127624,0.8217133225960589,0.0921729889386993
2022-11-27,19.861666666666668,7.278333333333333,6.891666666666667,744.1013333333334,454.02683333333334,4.497,0.1605,0.162,3.1793333333333336,58362,宝山,宝山区,1012.895833,18.825,76.791667,0.0,3.5,156.241809,576.0,2.52,2.2,2.81,2.2,0,2.633333333333336,11.64285714285714,576.0,0,489.3333333333333,531.4285714285714,0.0100000000000002,2.803333333333333,0.0499999999999998,2.483333333333333,1451.52,6.182,,0.0,,,,,,0.402877538597659,-0.9152538931321144,0.0,12.7,4.804167000000007,-194.76023809523804,5.863747725068022,3.5175,22.646064284085046,4.959833333333334,1.0658754177625238,0.1074787243178244,171.0,1.0,-0.09999999999999964,0.0,0.0,784.3499999999999,1.0753944547592613,0.0,5.747452255326192,1.0366666666666688,-0.5556819724760489,0.8313949395234058,0.05546771356295921
2022-11-28,20.321666666666665,7.218166666666666,6.433166666666668,795.619,481.3721666666667,5.087833333333333,0.16533333333333333,0.15633333333333332,3.67,58362,宝山,宝山区,1010.679167,19.1375,88.875,9.3,3.583333,234.936467,631.0,2.47,10.9,2.82,10.9,0,5.133333333333336,8.699999999999998,631.0,0,537.3333333333334,530.7142857142857,0.0099999999999997,2.81,-0.0499999999999998,2.486666666666667,1558.5700000000002,30.738,,0.0,,,,,,-0.8185155248302319,-0.5744844085019976,9.3,10.5,2.216666000000032,-87.45404761904763,7.483680100258518,36.925829900000004,20.103935756392026,5.398666666666666,0.9263316602128753,0.062111805100111994,55.0,1.0,8.7,1.0,0.0,720.2999999999998,1.113939340751073,80.91,7.173380161720017,1.1841666666666661,-0.5412984521036173,0.8408305333122887,0.04556205794165291
2022-11-29,18.896666666666665,7.244666666666667,7.084666666666667,1072.5415,306.13616666666667,4.669666666666667,0.1325,0.16866666666666666,2.7710000000000004,58362,宝山,宝山区,1025.8125,9.541667,84.291667,21.2,5.220833,352.829975,55.6,2.45,19.2,2.8,19.2,0,10.766666666666673,7.371428571428569,55.6,0,420.8666666666666,456.8,-0.02,2.81,-0.02,2.48,136.22000000000003,53.76,,0.0,,,,,,-0.12481417928503558,0.9921801351818141,30.5,30.5,0.0,206.59792857142872,6.4778683338606,164.4632395,56.57874903629068,4.590166666666667,1.0619466266569315,0.02723249769415634,-575.4,0.0,8.299999999999999,1.0,0.0,643.62,1.3702934149185728,253.14999999999998,10.981739867891696,9.354999666666664,-0.5267547528105542,0.8500173118187018,0.1221846130367692
2022-11-30,17.24,7.294666666666667,7.7299999999999995,1317.9626666666666,236.5615,3.811833333333334,0.21033333333333334,0.14666666666666667,2.3926666666666665,58362,宝山,宝山区,1034.083333,4.004167,72.875,0.0,3.945833,296.972502,969.0,2.73,40.4,2.8,40.4,0,23.5,11.728571428571428,969.0,0,551.8666666666667,518.5142857142857,0.0,2.806666666666666,0.2799999999999998,2.5500000000000003,2645.37,113.12,1.0,1.0,0.0214030915576694,DLR_GWP_P1D_real_raster_proxy,0.2857142857142857,wusongkou_aoi_boundary_proxy,"Derived from DLR Global WaterPack daily real raster masks within a station-centered AOI; label denotes boundary-change proxy relative to the median reference mask, not a manual governance-zone annotation.",-0.8912243055157726,0.4535628261420118,30.5,30.5,0.0,416.2984999999999,8.49404968583083,124.3917395,53.2066759676326,4.0696666666666665,1.3402559463989152,0.0282120609212372,913.4,1.0,21.2,1.0,0.0,2409.4719999999998,2.32304757575056,646.6,11.396965443165909,13.235833,-0.5120551783114646,0.8589525565270845,0.165783519832433
2022-12-01,17.955,7.1834999999999996,6.297000000000001,865.6840000000001,240.16333333333333,4.6113333333333335,0.23133333333333336,0.14916666666666667,3.0163333333333333,58362,宝山,宝山区,1032.495833,3.808333,61.333333,0.0,2.791667,284.527244,1390.0,2.65,39.7,2.83,39.7,0,33.1,16.87142857142857,1390.0,0,804.8666666666667,644.8000000000001,0.0300000000000002,2.81,-0.08,2.61,3683.5,112.351,,0.0,,,,,,-0.968028475868203,0.25084032751590013,21.2,30.5,1.587500000000091,-34.64442857142865,6.579746879930075,62.003007399999994,49.736061172643424,4.739333333333333,0.9696714301809773,0.037623451479875065,421.0,1.0,-0.6999999999999957,0.0,0.0,1955.88,3.3374338276963056,0.0,9.281728264511935,14.146666999999997,-0.4972040784469378,0.8676336233547726,0.1632293656860937
2022-12-02,17.933333333333334,7.233,6.6465,931.5483333333333,281.6261666666667,4.659666666666666,0.238,0.15483333333333335,3.045666666666667,58362,宝山,宝山区,1026.566667,7.1625,72.333333,0.8,1.316667,286.871237,1170.0,2.32,41.3,2.75,41.3,0,40.46666666666666,22.28571428571428,1170.0,0,1176.3333333333333,742.3714285714286,-0.08,2.793333333333333,-0.33,2.5666666666666664,2714.4,113.575,,0.0,,,,,,-0.9569593986195478,0.29022182790705686,0.8,31.3,5.929165999999896,7.046190476190418,3.636505865041862,2.4855006,54.49906671274555,4.832000000000001,1.0106535402686987,0.11054813857386175,-220.0,0.0,1.5999999999999943,1.0,0.0,1848.7,4.162152949980451,1.2799999999999956,5.1212409235743355,10.770833333333334,-0.4822058478963526,0.8760579434344281,0.13630081136392025
2022-12-03,17.478333333333335,7.223166666666667,6.698166666666666,892.6771666666667,198.88266666666667,4.315833333333333,0.2965,0.13283333333333333,2.7598333333333334,58362,宝山,宝山区,1024.466667,9.833333,91.333333,13.8,2.920833,357.126444,1100.0,2.35,39.2,2.68,39.2,0,40.06666666666667,27.557142857142857,1100.0,0,1220.0,841.657142857143,-0.0699999999999998,2.7533333333333334,0.0300000000000002,2.44,2585.0,105.056,,0.0,,,,,,-0.05013199089847964,0.9987426012184294,14.600000000000001,45.1,2.1000000000001364,-53.05626190476187,4.117856293880381,45.5754948,86.8486126973647,4.384666666666667,1.0950848220405938,0.04849464616681553,-70.0,0.0,-2.0999999999999943,0.0,0.0,1205.1000000000004,6.103580767383532,0.0,8.025173468080467,7.645000333333336,-0.46706492487743034,0.8842230238742036,0.19509606704603344
2022-12-04,15.236666666666666,7.2895,7.7956666666666665,1339.1503333333333,169.03666666666666,3.8373333333333335,0.26316666666666666,0.11833333333333333,3.083,58362,宝山,宝山区,1029.025,8.933333,79.625,2.9,3.566667,13.276948,540.0,2.34,36.0,2.67,36.0,0,38.833333333333336,32.385714285714286,540.0,0,936.6666666666666,836.5142857142857,-0.0100000000000002,2.7,-0.0100000000000002,2.3366666666666664,1263.6,96.12,,0.0,,,,,,0.22965817631278612,0.9732713506790823,17.5,48.0,0.0,308.4099047619045,5.329794130561968,65.9868395,86.77270561240552,4.5295000000000005,1.4075853497240054,0.0453172198592565,-560.0,0.0,-3.200000000000003,0.0,0.0,1111.0000000000002,5.508615788751445,0.0,8.285731691555297,6.303333666666667,-0.451785789832884,0.8921264484954345,0.22254499555332696
2022-12-05,15.198333333333332,7.315,7.828333333333333,1343.3509999999999,182.67166666666665,3.8960000000000004,0.3313333333333333,0.12533333333333332,3.9339999999999997,58362,宝山,宝山区,1028.8875,7.9625,69.208333,0.1,2.908333,3.565214,947.0,2.58,29.2,2.72,29.2,0,34.800000000000004,34.99999999999999,947.0,0,862.3333333333334,881.657142857143,0.0500000000000002,2.69,0.2400000000000002,2.4233333333333333,2443.26,79.424,,0.0,,,,,,0.062184575793254135,0.9980646665088455,16.8,38.800000000000004,0.13750000000004547,234.36314285714275,4.117339629208775,51.8523274,66.189525388011,5.518666666666666,1.3718210797783683,0.047971218036717354,407.0,1.0,-6.800000000000001,0.0,0.0,1678.9600000000003,4.694972006206728,0.0,8.040313080205555,7.235833333333332,-0.4363729641045924,0.8997658785476209,0.20945238159725532
2022-12-06,16.39,7.3276666666666666,7.463,1052.9366666666667,235.42549999999997,4.24,0.35600000000000004,0.14216666666666666,2.853666666666667,58362,宝山,宝山区,1026.795833,6.820833,74.083333,0.0,0.916667,63.349502,1070.0,2.5,35.5,2.79,35.5,0,33.56666666666667,37.32857142857142,1070.0,0,852.3333333333334,1026.571428571429,0.0699999999999998,2.7266666666666666,-0.08,2.473333333333333,2675.0,99.045,,0.0,,,,,,0.8937592542835208,0.448546982358108,3.0,17.6,2.091667000000143,-53.250499999999874,2.782398824913474,3.694668,31.17010008198511,4.631333333333333,1.210959647588582,0.14268726347802196,123.0,1.0,6.300000000000001,1.0,0.0,1288.44,3.6050820801196717,18.900000000000002,4.504232380799184,9.569167,-0.42083100859565564,0.9071390534005044,0.1665971255371259
2022-12-07,16.075,7.279,7.509166666666666,851.6301666666667,263.21383333333335,4.765000000000001,0.3635,0.14433333333333334,2.9523333333333333,58362,宝山,宝山区,1025.545833,10.516667,67.166667,0.0,1.545833,77.832363,980.0,2.4,37.0,2.77,37.0,0,33.9,36.84285714285714,980.0,0,999.0,1028.142857142857,-0.02,2.76,-0.1,2.4933333333333336,2352.0,102.49,0.0,1.0,0.0154577883472057,DLR_GWP_P1D_real_raster_proxy,0.15,wusongkou_aoi_boundary_proxy,"Derived from DLR Global WaterPack daily real raster masks within a station-centered AOI; label denotes boundary-change proxy relative to the median reference mask, not a manual governance-zone annotation.",0.977535103249257,0.21077267829456586,0.1,17.6,1.25,-187.93807142857133,4.0902248901959135,1.7354163,29.954206416381258,4.759166666666667,1.129305177769132,0.25668451394092096,-90.0,0.0,1.5,1.0,0.0,1177.0,3.781028371590435,0.15000000000000002,4.094159873200445,5.558332999999999,-0.4051645224207563,0.9142437912130223,0.1477352278485322
2022-12-08,16.293333333333333,7.2878333333333325,7.520500000000001,866.841,210.17549999999997,4.200333333333334,0.42216666666666663,0.13483333333333333,2.860666666666667,58362,宝山,宝山区,1022.379167,13.579167,78.125,0.5,1.416667,66.624557,953.0,2.38,36.3,2.79,36.3,0,36.266666666666666,36.35714285714285,953.0,0,1001.0,965.7142857142856,0.02,2.783333333333333,-0.02,2.4266666666666663,2268.14,101.277,,0.0,,,,,,0.9179247591699986,0.3967545040736149,0.5,18.1,3.16666599999985,-172.89252380952382,3.7461602655163273,2.1320004999999997,32.78333989080794,4.631166666666667,1.227170890371971,0.1643835706511586,-27.0,0.0,-0.7000000000000028,0.0,0.0,999.6,4.740133206740366,0.0,4.459572745471995,2.714166333333333,-0.3893781415452015,0.9210779895789526,0.18576760204887588
2022-12-09,16.773333333333333,7.386833333333333,8.212166666666667,820.1803333333334,178.124,3.7541666666666664,0.3818333333333333,0.12683333333333333,2.7415000000000003,58362,宝山,宝山区,1019.875,12.391667,94.375,6.8,1.591667,288.795084,781.0,2.4,38.0,2.76,38.0,0,37.1,35.885714285714286,781.0,0,904.6666666666666,910.1428571428572,-0.0300000000000002,2.773333333333333,0.02,2.393333333333333,1874.4,104.88,,0.0,,,,,,-0.94667690715224,0.3221844711724468,7.3,24.1,2.504167000000052,-203.64347619047612,4.097739603858081,13.2178361,47.3904071423199,4.391666666666667,1.4570502775438061,0.08067226456888626,-172.0,0.0,1.7000000000000028,1.0,0.0,972.0600000000001,5.05050505050505,12.41000000000002,5.713783872484166,4.381666333333333,-0.37347653741307074,0.9276396261490467,0.21370788100145477
2022-12-10,16.691666666666666,7.435333333333333,8.211166666666667,682.9671666666667,200.36,3.6156666666666673,0.206,0.11666666666666665,2.499,58362,宝山,宝山区,1022.316667,10.391667,81.791667,0.4,3.870833,316.267508,855.0,2.47,33.0,2.78,33.0,0,35.766666666666666,35.0,855.0,0,863.0,875.1428571428571,0.02,2.776666666666667,0.0700000000000002,2.4166666666666665,2111.8500000000004,91.74,,0.0,,,,,,-0.6912922891229861,0.7225752355285239,7.7,10.7,0.0,-310.8980714285715,7.559550561804057,33.7007471,19.9923971146387,3.8716666666666666,1.557005285252862,0.07954922318990316,74.0,1.0,-5.0,0.0,0.0,994.0300000000003,4.28585617798967,0.0,6.705936347932616,6.299999666666666,-0.3574644155648614,0.9339267592294762,0.19384616895718176
2022-12-11,16.171666666666667,7.451833333333333,8.049666666666667,583.4133333333333,206.45016666666666,3.6748333333333334,0.24250000000000002,0.116,2.6076666666666664,58362,宝山,宝山区,1025.733333,8.070833,59.458333,0.0,3.0,350.973581,711.0,2.47,17.1,2.83,17.1,0,29.366666666666664,32.3,711.0,0,782.3333333333334,899.5714285714286,0.0500000000000002,2.79,0.0,2.4466666666666668,1756.17,48.39300000000001,,0.0,,,,,,-0.15688987004114985,0.9876161038979018,7.2,7.8,0.0,-302.48947619047635,4.455881296835246,24.599999999999998,12.949751801339671,4.010166666666667,1.5047568659197759,0.08928571428571429,-144.0,0.0,-15.899999999999999,0.0,0.0,855.0,3.7711868151467707,0.0,6.0027384537540485,8.100833666666666,-0.34134651424503615,0.9399375283564133,0.18878861093929544
2022-12-12,15.601666666666667,7.441666666666666,8.009500000000001,573.5706666666666,203.74183333333335,3.8311666666666664,0.3288333333333333,0.11649999999999999,2.7901666666666665,58362,宝山,宝山区,1024.879167,5.508333,65.708333,0.0,2.304167,272.380592,1080.0,2.53,15.5,2.84,15.5,0,21.866666666666664,30.342857142857135,1080.0,0,882.0,918.5714285714286,0.0099999999999997,2.8166666666666664,0.0599999999999996,2.49,2732.4,44.02,,0.0,,,,,,-0.9991369574655224,0.041537214958862013,0.4,7.7,0.8541659999998501,-202.36352380952383,5.654191678518341,3.2468337999999997,13.228993677909559,4.284,1.4391496882445753,0.21937844383024077,369.0,1.0,-1.6000000000000014,0.0,0.0,1535.9399999999994,4.307864131332874,0.0,4.572739084589377,10.093333666666666,-0.3251276029999093,0.9456701548465688,0.19101915116075574
2022-12-13,15.280000000000001,7.409666666666666,7.964833333333334,589.7044999999999,174.24316666666667,3.782666666666666,0.33616666666666667,0.11966666666666666,2.8083333333333336,58362,宝山,宝山区,1028.325,7.779167,42.75,0.0,3.054167,318.263511,1060.0,2.39,13.5,2.82,13.5,0,15.366666666666667,27.2,1060.0,0,950.3333333333334,917.1428571428572,-0.02,2.83,-0.1399999999999996,2.4633333333333334,2533.4,38.07,,0.0,,,,,,-0.6657057186282305,0.7462143768285835,0.0,7.7,0.0,-120.05366666666669,6.1323885083377245,3.103167,11.411037011919854,4.341166666666667,1.4332374989264216,0.24665979472478566,-20.0,0.0,-2.0,0.0,0.0,1231.1999999999996,5.4229408849988445,0.0,4.763898814896511,7.500833000000001,-0.30881248126625377,0.9511229423235357,0.21742571617129447
2022-12-14,14.431666666666667,7.436166666666666,8.219666666666667,589.5543333333334,182.48083333333332,3.6590000000000003,0.3006666666666667,0.106,2.7419999999999995,58362,宝山,宝山区,1029.0,2.670833,63.541667,0.0,1.258333,118.257294,986.0,2.35,28.1,2.77,28.1,0,19.03333333333333,25.928571428571423,986.0,0,1042.0,918.0,-0.0499999999999998,2.81,-0.04,2.4233333333333333,2317.1,77.837,0.0,1.0,0.0118906064209274,DLR_GWP_P1D_real_raster_proxy,0.2857142857142857,wusongkou_aoi_boundary_proxy,"Derived from DLR Global WaterPack daily real raster masks within a station-centered AOI; label denotes boundary-change proxy relative to the median reference mask, not a manual governance-zone annotation.",0.8808304754312092,-0.47343180454172057,0.0,7.7,0.0,-82.76442857142854,3.4009115605558016,1.272333,13.04231799193096,4.102666666666666,1.5518084196147834,0.44280449340287725,-74.0,0.0,14.600000000000001,1.0,0.0,1102.4,5.679067295857424,0.0,3.6449427843995172,11.760833666666667,-0.29240597695107734,0.9562942772197719,0.20962882646813175
2022-12-15,12.163333333333334,7.367333333333334,7.795999999999999,634.0983333333332,169.621,3.7710000000000004,0.3761666666666667,0.10883333333333334,2.8653333333333335,58362,宝山,宝山区,1024.420833,8.85,59.791667,0.0,1.7625,94.19795,1340.0,2.36,30.2,2.71,30.2,0,23.933333333333334,25.057142857142853,1340.0,0,1128.6666666666667,973.2857142857144,-0.06,2.766666666666667,0.0099999999999997,2.3666666666666667,3162.4,81.842,,0.0,,,,,,0.9973170969938392,-0.07320251391708518,0.0,7.2,4.579167000000098,-4.97147619047621,4.600447015943893,1.7659999999999998,11.98743086344685,4.329833333333333,1.4223390877251028,0.13620884739119693,354.0,1.0,2.099999999999998,1.0,0.0,1710.9399999999996,6.615051293021765,0.0,4.983536522449847,3.3133333333333344,-0.27591294500296043,0.9611826292540837,0.2219626990629806
2022-12-16,12.083333333333334,7.330166666666667,8.039333333333333,640.4766666666667,145.82216666666667,3.7118333333333333,0.3555,0.10233333333333333,2.7655,58362,宝山,宝山区,1030.104167,6.741667,78.166667,5.0,3.479167,349.450726,735.0,2.12,35.9,2.64,35.9,0,31.4,24.757142857142856,735.0,0,1020.3333333333334,966.7142857142856,-0.0699999999999998,2.706666666666667,-0.2399999999999997,2.276666666666667,1558.2,94.776,,0.0,,,,,,-0.18308105086261559,0.9830978226072116,5.0,5.4,0.0,27.078809523809582,5.106321068295865,20.959001999999998,10.142723781419743,4.144333333333334,1.5014335899475568,0.10549450178480872,-605.0,0.0,5.699999999999999,1.0,0.0,1661.5999999999997,6.949450185201371,28.499999999999996,5.8645969519112215,5.341666333333334,-0.2593382659754056,0.9657865518844574,0.247460726548417
2022-12-17,11.013333333333334,7.317166666666666,8.4315,651.541,131.3325,3.611333333333333,0.4098333333333333,0.09533333333333334,2.8266666666666667,58362,宝山,宝山区,1034.3875,0.120833,43.25,0.0,4.316667,283.84296,1440.0,2.36,39.3,2.57,39.3,0,35.13333333333333,25.65714285714285,1440.0,0,1171.6666666666667,1050.2857142857142,-0.0700000000000002,2.64,0.2399999999999997,2.28,3398.4,101.001,,0.0,,,,,,-0.9709551561220124,0.23926154057866977,5.0,5.0,0.0,42.63259523809529,9.598920970311667,25.984002,7.700582370050616,4.1898333333333335,1.607630532676578,0.0969305299860895,705.0,1.0,3.3999999999999986,1.0,0.0,2659.7999999999997,8.853960037531722,16.999999999999993,6.6519764826663685,10.892500333333334,-0.2426868445825954,0.9701046827361175,0.2650969354257351
2022-12-18,10.071666666666667,7.314666666666667,8.432833333333333,677.9876666666667,135.75483333333332,3.593666666666667,0.4693333333333333,0.09333333333333334,3.0818333333333334,58362,宝山,宝山区,1028.833333,-1.075,56.291667,0.0,1.658333,118.257294,1450.0,2.18,34.9,2.56,34.9,0,36.7,28.2,1450.0,0,1208.3333333333333,1155.857142857143,-0.0099999999999997,2.59,-0.1799999999999997,2.22,3161.0000000000005,89.344,,0.0,,,,,,0.8808304754312092,-0.47343180454172057,5.0,5.0,5.554167000000007,55.56864285714289,4.2110444827458915,10.012998000000001,8.359032364168094,4.4845,1.604721790726899,0.07568590350047301,10.0,1.0,-4.399999999999999,0.0,0.0,1722.7999999999995,8.835763269793024,0.0,6.15267926588646,11.146666666666667,-0.22596360824801906,0.974135744004672,0.259517393092758
2022-12-19,10.266666666666666,7.3715,9.031,629.2451666666667,164.55933333333334,3.8061666666666665,0.4323333333333333,0.10733333333333334,3.063833333333333,58362,宝山,宝山区,1026.366667,2.325,62.583333,0.0,1.070833,118.257294,1250.0,2.03,32.6,2.52,32.6,0,35.6,30.642857142857142,1250.0,0,1380.0,1180.142857142857,-0.04,2.5500000000000003,-0.1500000000000003,2.19,2537.4999999999995,82.152,,0.0,,,,,,0.8808304754312092,-0.47343180454172057,0.0,5.0,2.466666000000032,-1.1273571428571358,3.0838101170674648,1.1233330000000001,8.669173886061099,4.5695,1.633241608565841,0.22038572350098432,-200.0,0.0,-2.299999999999997,0.0,0.0,1667.5000000000005,8.335380266490564,0.0,4.109656922774851,7.9416666666666655,-0.20917350564635637,0.9778785428342386,0.22707428081868808
2022-12-20,10.674999999999999,7.4111666666666665,8.794833333333333,595.7861666666666,168.443,3.8586666666666667,0.3566666666666667,0.103,2.8398333333333334,58362,宝山,宝山区,1020.3875,9.383333,61.041667,0.1,2.3125,166.317782,700.0,1.93,30.5,2.48,30.5,0,32.666666666666664,33.07142857142857,700.0,0,1133.3333333333333,1128.7142857142858,-0.04,2.52,-0.0999999999999998,2.046666666666667,1351.0,75.64,,0.0,,,,,,0.2365366100739051,-0.971622576978708,0.1,5.1,5.979166999999961,-35.45516666666674,3.842367093851094,2.5787500000000003,8.740601251225971,4.226500000000001,1.6062133307746191,0.10647736977897579,-550.0,0.0,-2.1000000000000014,0.0,0.0,1374.9999999999998,6.688581607580916,0.0,5.332861410249076,1.2916669999999986,-0.19232150523909483,0.9813319716704275,0.2231386457184965
2022-12-21,10.725,7.402,8.7675,592.0981666666667,172.42966666666666,3.9354999999999998,0.3526666666666667,0.108,2.937333333333333,58362,宝山,宝山区,1016.220833,5.725,51.875,0.0,2.5625,268.481579,882.0,2.13,31.7,2.5,31.7,0,31.6,33.58571428571428,882.0,0,944.0,1113.857142857143,0.02,2.5,0.1999999999999999,2.03,1878.66,79.25,0.0,1.0,0.0130796670630202,DLR_GWP_P1D_real_raster_proxy,0.2142857142857143,wusongkou_aoi_boundary_proxy,"Derived from DLR Global WaterPack daily real raster masks within a station-centered AOI; label denotes boundary-change proxy relative to the median reference mask, not a manual governance-zone annotation.",-0.9996488572352283,-0.026498343878478447,0.1,5.1,4.166667000000075,-39.50657142857142,6.141598976755866,2.88875,8.2682718432559,4.37,1.569971479012346,0.1277275091973374,182.0,1.0,1.1999999999999993,1.0,0.0,1276.8,5.443128722690658,0.11999999999999994,5.2374916284117,5.0,-0.17541259380427843,0.9844950085880858,0.2191913661676621
2022-12-22,10.459999999999999,7.415166666666667,9.038833333333335,567.2056666666666,202.52200000000002,3.795,0.32783333333333337,0.11366666666666665,2.8793333333333333,58362,宝山,宝山区,1022.229167,1.720833,34.958333,0.0,4.75,291.516342,784.0,2.14,12.7,2.54,12.7,0,24.96666666666667,31.08571428571428,784.0,0,788.6666666666666,1034.428571428571,0.04,2.506666666666667,0.0100000000000002,2.066666666666667,1677.76,32.258,,0.0,,,,,,-0.9303129960327764,0.36676658709936955,0.1,5.1,0.0,-54.84297619047629,10.168839288823051,5.2285,7.371397032631289,4.343833333333333,1.6445224254870383,0.17094017094017094,-98.0,0.0,-19.0,0.0,0.0,890.8200000000002,3.875092946544681,0.0,5.651292535140524,8.739166999999998,-0.15845177496083632,0.9873667175937016,0.1920334411350202
2022-12-23,9.785,7.449333333333333,9.445,540.6471666666666,196.85133333333332,3.8005,0.2811666666666666,0.12083333333333333,2.9821666666666666,58362,宝山,宝山区,1025.775,1.5625,31.708333,0.0,3.391667,291.843016,787.0,2.22,5.6,2.6,5.6,0,16.666666666666668,26.757142857142856,787.0,0,817.6666666666666,1041.857142857143,0.06,2.546666666666667,0.08,2.1633333333333336,1747.14,14.56,,0.0,,,,,,-0.9282067530949077,0.3720648108985974,0.0,0.1,0.0,-67.14011904761912,7.5402599271278286,3.419667,0.5624602767326019,4.471666666666667,1.7103023862336306,0.22770396753670075,3.0,1.0,-7.1,0.0,0.0,853.2,4.132732657854214,0.0,4.830320869145695,8.2225,-0.14144406768794202,0.9899462489023779,0.19682984511823054
2022-12-24,12.078,7.5894,9.8714,190.7602,80.6238,3.515,0.24860000000000002,0.13025,3.4344,58362,宝山,宝山区,1027.845833,1.7125,48.708333,0.0,3.520833,293.332294,803.0,2.21,6.5,2.63,6.5,0,8.266666666666666,22.07142857142857,803.0,0,791.3333333333334,950.8571428571428,0.0299999999999998,2.59,-0.0100000000000002,2.19,1774.63,17.095,,0.0,,,,,,-0.9182232915324646,0.39606310972783915,0.0,0.1,0.0,-351.2012571428572,7.757183756572967,3.5243330000000004,0.48267189280427225,4.9855,1.8505206227090392,0.22119817299157038,16.0,1.0,0.9000000000000004,1.0,0.0,827.1900000000002,9.694884743583776,0.0,4.9081862025718985,10.365499999999999,-0.12439450483979998,0.9922328391893008,0.3471123178330162
2022-12-25,8.948333333333332,7.503333333333334,9.554166666666667,529.1151666666666,267.639,3.9738333333333333,0.2685,0.13616666666666666,3.2366666666666664,58362,宝山,宝山区,1028.9375,1.554167,73.416667,0.0,1.3625,276.437331,648.0,2.18,6.9,2.63,6.9,0,6.333333333333333,18.07142857142857,648.0,0,746.0,836.2857142857143,0.0,2.62,-0.0299999999999998,2.203333333333333,1412.64,18.147,,0.0,,,,,,-0.993695080774545,0.11211639685822232,0.0,0.1,0.0,8.421209523809466,3.6877244550609314,1.373,0.47228119170353094,4.866833333333333,1.6414580707083664,0.4232804232804233,-155.0,0.0,0.40000000000000036,1.0,0.0,827.0899999999998,2.776960902921765,0.0,3.527446661748968,7.394166333333333,-0.10730813165636247,0.9942258118156161,0.1449159778433452
2022-12-26,12.958333333333334,7.710166666666667,9.986333333333333,160.3803333333333,111.96816666666666,4.129,0.09000000000000001,0.1475,3.1745,58362,宝山,宝山区,1029.5125,4.775,57.666667,0.0,1.925,314.302398,575.0,2.24,7.2,2.64,7.2,0,6.866666666666667,14.44285714285714,575.0,0,675.3333333333334,739.8571428571429,0.0100000000000002,2.6333333333333333,0.06,2.2100000000000004,1288.0000000000002,19.008000000000003,,0.0,,,,,,-0.7156635023051422,0.6984452387040359,0.0,0.1,0.0,-293.33293333333336,4.256068391041782,1.946,0.46706183050451816,4.7395,1.688988461697839,0.3418803418803419,-73.0,0.0,0.2999999999999998,1.0,0.0,686.88,5.9780852718096105,0.0,3.8242702156148507,8.183333333333334,-0.09019000427034513,0.9959245770286599,0.2919509767382156
2022-12-27,8.865,7.482166666666667,9.813,534.1906666666667,305.87816666666663,4.227666666666667,0.29250000000000004,0.143,3.109833333333333,58362,宝山,宝山区,1030.804167,6.3625,62.083333,0.0,1.4875,27.405446,655.0,2.3,9.3,2.66,9.3,0,7.800000000000001,11.414285714285713,655.0,0,626.0,733.4285714285714,0.02,2.643333333333333,0.0599999999999996,2.24,1506.4999999999998,24.738000000000003,,0.0,,,,,,0.4602841701174841,0.8877716388459698,0.0,0.0,0.0,89.27675714285732,3.145096821391371,1.5085,0.32621275822262413,4.832333333333333,1.59825490157184,0.4020100502512563,80.0,1.0,2.1000000000000005,1.0,0.0,779.0999999999997,2.0398974837462642,0.0,3.617771386526223,2.5025000000000004,-0.07304518821104743,0.9973286321364752,0.12232725341272532
2022-12-28,8.983333333333333,7.437166666666666,9.735833333333334,545.5525,271.1115,4.03,0.268,0.13483333333333333,2.859,58362,宝山,宝山区,1033.083333,5.804167,63.0,0.0,2.004167,12.222763,721.0,2.3,8.3,2.67,8.3,0,8.266666666666667,8.07142857142857,721.0,0,650.3333333333334,710.4285714285714,0.0099999999999997,2.6566666666666667,0.0,2.28,1658.3,22.161,0.0,1.0,0.0142687277051129,DLR_GWP_P1D_real_raster_proxy,0.15,wusongkou_aoi_boundary_proxy,"Derived from DLR Global WaterPack daily real raster masks within a station-centered AOI; label denotes boundary-change proxy relative to the median reference mask, not a manual governance-zone annotation.",0.21171309664168372,0.9773318600712806,0.0,0.0,0.0,107.2879714285715,3.415779172590997,2.004167,0.3339635598042723,4.475333333333333,1.6572432771701568,0.33287097554829675,66.0,1.0,-1.0,0.0,0.0,787.0,2.3899516680968405,0.0,3.9601291505735174,3.179166333333333,-0.05587875690537313,0.9984375616565666,0.14273599765304812
2022-12-29,8.688333333333334,7.3905,9.662666666666667,610.1486666666666,243.79733333333334,4.070333333333333,0.3115,0.12633333333333333,2.953666666666667,58362,宝山,宝山区,1034.141667,5.216667,63.75,0.0,1.695833,37.660887,887.0,2.29,21.8,2.66,21.8,0,13.133333333333336,9.37142857142857,887.0,0,754.3333333333334,725.1428571428571,-0.0099999999999997,2.6633333333333336,-0.0099999999999997,2.296666666666667,2031.23,57.98800000000001,,0.0,,,,,,0.6109867684948398,0.7916408078947377,0.0,0.0,0.0,165.74942380952376,3.750310286025735,1.6993329999999998,0.3972804110354704,4.5285,1.6456728984195386,0.3709428588491943,166.0,1.0,13.5,1.0,0.0,1063.5299999999997,3.081460582359285,0.0,3.8582760844384465,3.471666333333334,-0.03869579017652689,0.9992510374388481,0.16069077225553918
2022-12-30,7.941666666666666,7.409,9.670166666666667,671.0308333333334,219.92433333333335,3.9888333333333335,0.3561666666666667,0.11383333333333334,3.1343333333333336,58362,宝山,宝山区,1033.708333,1.920833,77.0,0.0,0.695833,118.257294,927.0,2.25,24.1,2.62,24.1,0,18.066666666666663,12.014285714285714,927.0,0,845.0,745.1428571428571,-0.04,2.65,-0.04,2.28,2085.75,63.142,,0.0,,,,,,0.8808304754312092,-0.47343180454172057,0.0,0.0,0.43333400000005895,208.00535238095244,2.3336986721286546,0.709833,0.4421912414576463,4.628833333333334,1.688871004556691,0.46966724545325583,40.0,1.0,2.3000000000000007,1.0,0.0,1005.6800000000001,3.8248389720160594,0.0,3.362928999806189,6.020833666666666,-0.021501372740813793,0.999768818762748,0.17810734215641044
2022-12-31,7.460000000000001,7.412,9.745,674.2203333333333,191.427,3.9441666666666664,0.37933333333333336,0.10433333333333333,3.639333333333333,58362,宝山,宝山区,1032.75,3.920833,65.708333,0.0,0.895833,76.133975,979.0,2.2,23.0,2.59,23.0,0,22.96666666666667,14.37142857142857,979.0,0,931.0,770.2857142857143,-0.0300000000000002,2.623333333333333,-0.0499999999999998,2.2466666666666666,2153.8,59.56999999999999,,0.0,,,,,,0.9708587602789807,0.23965238907542877,0.0,0.0,0.9583330000000387,142.12911904761904,2.7986932015466928,0.913333,0.4764995964088337,5.061999999999999,1.7340970146234913,0.35036504534073576,52.0,1.0,-1.1000000000000014,0.0,0.0,1082.5499999999997,4.838198381723979,0.0,3.6073725215371186,3.539167000000001,-0.004300592702981974,0.9999907524084426,0.2015483145674144
2023-01-01,7.260000000000001,7.3919999999999995,9.750166666666667,675.4746666666666,150.50016666666667,3.8471666666666664,0.40149999999999997,0.09533333333333333,3.8796666666666666,58362,宝山,宝山区,1032.270833,7.0375,53.375,0.0,0.954167,69.36947,964.0,2.16,20.3,2.56,20.3,0,22.46666666666667,16.285714285714285,964.0,0,956.6666666666666,815.4285714285714,-0.0299999999999998,2.59,-0.04,2.203333333333333,2082.24,51.968,,0.0,,,,,,0.9358719243832848,0.3523403768391118,0.0,0.0,0.47916699999996126,122.47495238095235,2.8779643216738737,0.968167,0.47333714617438305,5.2345,1.7829171565242838,0.41095879151814585,-15.0,0.0,-2.6999999999999993,0.0,0.0,1018.1600000000001,6.314624516364668,0.0,3.5366175732935567,0.22250000000000103,0.017201575418260506,0.9998520419557735,0.24213705438312338
2023-01-02,7.658333333333334,7.388000000000001,9.643833333333333,688.5011666666666,123.01350000000001,3.7893333333333334,0.38933333333333336,0.08183333333333333,3.0239999999999996,58362,宝山,宝山区,1033.095833,7.054167,67.916667,0.0,2.195833,35.427678,818.0,2.11,21.4,2.55,21.4,0,21.566666666666663,18.314285714285717,818.0,0,920.3333333333334,850.1428571428571,-0.0100000000000002,2.5666666666666664,-0.0500000000000002,2.1566666666666667,1725.9799999999998,54.56999999999999,,0.0,,,,,,0.5796748703395084,0.8148478659828926,0.0,0.0,0.0,60.05561904761896,4.474914822140174,2.213333,0.4674710836875179,4.2316666666666665,1.8250944125545001,0.312907464188523,-146.0,0.0,1.0999999999999979,1.0,0.0,1012.2000000000003,7.42123505371055,0.0,4.117640245558824,0.6041663333333345,0.03439806061360801,0.9994082116062598,0.27611736085134686
2023-01-03,7.896666666666667,7.372166666666666,9.625666666666666,694.7203333333333,123.9425,3.7855000000000003,0.38633333333333336,0.08650000000000001,3.089,58362,宝山,宝山区,1032.25,4.1,69.0,0.0,1.0625,118.257294,857.0,2.15,20.2,2.54,20.2,0,20.633333333333333,19.871428571428567,857.0,0,879.6666666666666,879.0,-0.0099999999999997,2.5500000000000003,0.04,2.14,1842.55,51.308,,0.0,,,,,,0.8808304754312092,-0.47343180454172057,0.0,0.0,0.8458330000000842,43.34197619047609,3.011572995068854,1.0765,0.4611353002562901,4.340333333333334,1.8106996548102767,0.34383958095581596,39.0,1.0,-1.1999999999999993,0.0,0.0,931.84,7.0405719964517015,0.0,3.6272348758162174,3.7966666666666677,0.051584366869408364,0.9986686402879997,0.2748505948907335
2023-01-04,7.94,7.368666666666667,9.623333333333333,692.7698333333333,143.78533333333334,3.878833333333333,0.3833333333333333,0.09649999999999999,3.0713333333333335,58362,宝山,宝山区,1030.504167,6.0625,65.208333,0.0,1.345833,99.938264,822.0,2.11,20.8,2.55,20.8,0,20.8,21.65714285714285,822.0,0,832.3333333333334,893.4285714285714,0.0099999999999997,2.5466666666666664,-0.04,2.123333333333333,1734.4199999999998,53.04,1.0,1.0,0.0178359096313912,DLR_GWP_P1D_real_raster_proxy,0.15,wusongkou_aoi_boundary_proxy,"Derived from DLR Global WaterPack daily real raster masks within a station-centered AOI; label denotes boundary-change proxy relative to the median reference mask, not a manual governance-zone annotation.",0.9849942865937684,-0.17258695019506337,0.0,0.0,1.7458329999999478,20.360428571428542,3.678414245810912,1.359833,0.4622864954692565,4.419666666666666,1.7554327674950518,0.24439922515669968,-35.0,0.0,0.6000000000000014,1.0,0.0,891.2800000000001,5.74874066433985,0.0,3.957756160871283,1.8775000000000004,0.06875540848113941,0.9976335468520451,0.24983190980475656
2023-01-05,8.266666666666667,7.375333333333334,9.692833333333333,699.4001666666667,150.17016666666666,3.9361666666666664,0.3581666666666667,0.09816666666666667,3.0325,58362,宝山,宝山区,1028.304167,9.479167,78.333333,0.0,1.279167,110.502683,696.0,2.1,21.3,2.54,21.3,0,20.76666666666667,21.585714285714285,696.0,0,791.6666666666666,866.1428571428571,-0.0099999999999997,2.543333333333333,-0.0099999999999997,2.12,1461.6,54.102,,0.0,,,,,,0.936655788996022,-0.35025124259628204,0.0,0.0,2.2000000000000455,14.240547619047561,3.4593239872567527,1.2826669999999998,0.46205696214214137,4.372333333333334,1.7533959813130933,0.22325579733910117,-126.0,0.0,0.5,1.0,0.0,830.2199999999998,5.236923952146642,0.0,3.9383921956156676,-1.2125003333333328,0.08590610426133272,0.9963032375991965,0.2425071769023437
2023-01-06,8.88,7.380166666666667,9.812166666666666,703.7705,153.40933333333334,3.5020000000000002,0.2936666666666667,0.10016666666666667,2.357666666666667,58362,宝山,宝山区,1024.758333,8.716667,57.833333,0.0,2.391667,263.743171,644.0,2.15,10.8,2.53,10.8,0,17.633333333333336,19.685714285714283,644.0,0,720.6666666666666,825.7142857142857,-0.0100000000000002,2.54,0.0499999999999998,2.12,1384.6,27.324,,0.0,,,,,,-0.9940433554783324,-0.10898535419668857,0.0,0.0,3.5458340000000135,13.933785714285818,5.739475237386163,2.409167,0.4387428137239416,3.6530000000000005,1.91992121244608,0.14414412336661256,-52.0,0.0,-10.5,0.0,0.0,730.7999999999998,4.667248093811255,0.0,4.851562859870171,0.1633330000000015,0.10303137904317879,0.9946781061893646,0.23890863471877555
2023-01-07,9.273333333333333,7.403833333333334,10.054499999999999,646.4281666666667,152.7515,3.3645,0.29033333333333333,0.09150000000000001,3.1641666666666666,58362,宝山,宝山区,1023.9625,7.795833,48.708333,0.0,1.366667,133.55432,574.0,2.17,7.7,2.59,7.7,0,13.266666666666667,17.5,574.0,0,638.0,767.8571428571429,0.06,2.553333333333333,0.02,2.14,1245.58,19.943,,0.0,,,,,,0.7247214417178052,-0.6890419667295061,0.0,0.0,0.795833000000016,-39.43823809523815,3.3102753847077504,1.373667,0.39868887208794623,4.3695,2.0450744755549133,0.31620553359683634,-70.0,0.0,-3.1000000000000005,0.0,0.0,656.88,4.1495530124909354,0.0,3.6389831722904438,1.4775003333333334,0.1201261651823505,0.9927586335250793,0.23963330482843637
2023-01-08,10.42,7.3933333333333335,9.760833333333332,646.0523333333333,139.561,3.525,0.21150000000000002,0.10525000000000001,2.8688333333333333,58362,宝山,宝山区,1022.1625,9.1875,64.375,0.0,1.470833,153.916353,695.0,2.2,7.05,2.62,7.05,0,8.516666666666667,15.607142857142856,695.0,0,637.6666666666666,729.4285714285714,0.0300000000000002,2.58,0.0300000000000002,2.1733333333333333,1529.0000000000002,18.471,,0.0,,,,,,0.4396828425740229,-0.8981531038447883,0.0,0.0,1.7999999999999545,-35.61088095238097,3.0993354834418407,1.4813330000000002,0.3379566971150864,4.132833333333334,1.9084505243487273,0.23414635973825498,121.0,1.0,-0.6500000000000004,0.0,0.0,840.4800000000002,4.536583167924721,0.0,3.9817906672415684,1.2325,0.13718540405660057,0.9905453876091833,0.25485786794188847
2023-01-09,9.65,7.467,9.768833333333333,586.9101666666667,207.9188333333333,3.6681666666666666,0.2763333333333333,0.11183333333333334,2.6828333333333334,58362,宝山,宝山区,1026.85,10.008333,70.208333,0.0,2.904167,28.939456,440.0,2.17,2.29,2.63,2.29,0,5.68,12.877142857142855,440.0,0,569.6666666666666,675.4285714285714,0.0099999999999997,2.6133333333333333,-0.0300000000000002,2.18,954.8,6.0227,,0.0,,,,,,0.4838851459775024,0.8751315132609105,0.0,0.0,0.0,-80.24004761904757,5.222807004055072,2.914667,0.28486769813228313,4.0775,1.8212721073996407,0.25613658432131614,-255.0,0.0,-4.76,0.0,0.0,715.8500000000001,2.726736778956421,0.0,4.29714372178332,-0.358333,0.1542040475626894,0.988039023376751,0.1875911870883189
2023-01-10,10.188333333333334,7.4621666666666675,9.895999999999999,546.8213333333333,201.59316666666666,3.3481666666666663,0.22183333333333333,0.10633333333333334,2.4785,58362,宝山,宝山区,1026.554167,6.904167,79.0,0.0,1.579167,66.317614,427.0,2.27,8.51,2.64,8.51,0,5.95,11.207142857142856,427.0,0,520.6666666666666,614.0,0.0100000000000002,2.6300000000000003,0.1,2.2133333333333334,969.29,22.4664,,0.0,,,,,,0.9157861177764282,0.4016662625712771,0.0,0.0,0.2958329999999023,-99.20045238095247,3.9342146955879183,1.614167,0.2908112489365051,3.7636666666666665,1.9823019193924731,0.34782608695653355,-13.0,0.0,6.22,1.0,0.0,484.00000000000006,2.5700109990547557,0.0,3.563086848278516,3.284166333333334,0.17117705961019986,0.985240282501282,0.19280985019341823
2023-01-11,9.908333333333333,7.4448333333333325,9.719166666666666,571.1113333333333,195.67766666666668,3.470333333333333,0.3105,0.10116666666666667,3.0048333333333335,58362,宝山,宝山区,1021.079167,12.179167,81.958333,0.0,1.966667,117.047076,634.0,2.36,5.57,2.64,5.57,0,5.456666666666667,9.03142857142857,634.0,0,500.3333333333333,587.1428571428571,0.0,2.6366666666666667,0.0899999999999998,2.2666666666666666,1496.24,14.704800000000002,0.0,1.0,0.0118906064209274,DLR_GWP_P1D_real_raster_proxy,0.2857142857142857,wusongkou_aoi_boundary_proxy,"Derived from DLR Global WaterPack daily real raster masks within a station-centered AOI; label denotes boundary-change proxy relative to the median reference mask, not a manual governance-zone annotation.",0.8906332107224942,-0.4547224251762179,0.0,0.0,5.475000000000023,-57.53066666666666,4.68628969446588,1.9981669999999998,0.2797669783126192,4.327,1.8918849075686097,0.11846001506574438,207.0,1.0,-2.9399999999999995,0.0,0.0,916.6899999999998,2.543925509251177,0.0,4.994113253554817,-2.2708336666666664,0.18809941761179758,0.9821499931752291,0.19783972186511845
2023-01-12,10.248333333333333,7.4745,9.622833333333334,532.3351666666666,179.91366666666667,3.4555000000000002,0.2763333333333333,0.1076,3.0205,58362,宝山,宝山区,1012.7375,16.745833,88.5,22.3,1.833333,140.309458,501.0,2.25,6.34,2.65,6.34,0,6.806666666666668,6.894285714285713,501.0,0,520.6666666666666,559.2857142857143,0.0099999999999997,2.643333333333333,-0.1099999999999998,2.293333333333333,1127.25,16.801,,0.0,,,,,,0.6386408015353173,-0.7695049880373275,22.3,22.3,8.34166700000003,-72.4404047619048,3.9369642745549074,42.755158900000005,42.343746710425215,4.372833333333334,1.8665799272379722,0.02987303958177742,-133.0,0.0,0.7699999999999996,1.0,0.0,703.7399999999999,2.8779841581896335,17.170999999999992,9.848246685729004,-6.497499666666668,0.20496611396949532,0.9787690698649216,0.21202043827889527
2023-01-13,10.803333333333333,7.437833333333334,9.4105,540.8784999999999,146.95866666666666,3.5701666666666667,0.36833333333333335,0.11733333333333333,3.0375,58362,宝山,宝山区,1011.095833,14.608333,96.375,15.0,1.9,53.17483,709.0,2.28,10.7,2.66,10.7,0,7.536666666666666,6.879999999999998,709.0,0,614.6666666666666,568.5714285714286,0.0100000000000002,2.65,0.0299999999999998,2.2966666666666664,1616.5199999999998,28.462,,0.0,,,,,,0.8004681430019752,0.5993753014922866,37.3,37.3,1.641666999999984,-40.6267857142858,4.405679217209056,72.78049999999999,73.56953059173149,4.579166666666667,1.7351046857135521,0.023899621398927543,208.0,1.0,4.359999999999999,1.0,0.0,944.5099999999999,4.154313366796132,162.62799999999996,11.680947051167692,-3.8049996666666672,0.22177215755648186,0.975098513039961,0.24615192559643884
2023-01-14,10.906666666666666,7.450333333333333,9.5005,497.1395,132.59283333333335,3.093166666666667,0.27066666666666667,0.104,2.6995,58362,宝山,宝山区,1020.841667,5.283333,87.75,13.4,4.629167,340.880802,307.0,2.3,24.8,2.72,24.8,0,13.946666666666667,9.322857142857142,307.0,0,505.6666666666667,530.4285714285714,0.06,2.676666666666667,0.02,2.276666666666667,706.0999999999999,67.456,,0.0,,,,,,-0.32753450303951803,0.9448392187661644,50.7,50.7,0.0,-63.03883333333329,7.004893880277972,239.3349339,95.59492324643038,4.010166666666667,1.9787658441257574,0.017752792261245404,-402.0,0.0,14.100000000000001,1.0,0.0,723.1800000000001,3.7851331845395895,714.8700000000001,15.336200960534924,5.6233336666666665,0.23851257519407648,0.9711394088771653,0.2634880311171872
2023-01-15,10.071666666666667,7.393,9.3985,555.2243333333333,110.06366666666666,3.16,0.359,0.10483333333333333,3.0675000000000003,58362,宝山,宝山区,1028.854167,-0.8375,66.791667,0.5,3.979167,287.627136,922.0,2.55,35.4,2.66,35.4,0,23.63333333333333,13.37285714285714,922.0,0,646.0,562.8571428571429,-0.06,2.68,0.25,2.3766666666666665,2351.1,94.164,,0.0,,,,,,-0.9530473547200167,0.3028212998802739,28.9,51.2,0.0,8.0214285714286,8.795645968514613,119.0645933,85.8779485848929,4.474833333333334,1.902033145163648,0.029516664326487134,615.0,1.0,10.599999999999998,1.0,0.0,1921.25,5.816483638513645,306.3399999999999,11.063867082393937,10.909166666666668,0.2551824131233728,0.9668929289391521,0.2948368879060925
2023-01-16,9.585,7.3691666666666675,9.076333333333332,611.1018333333333,98.85566666666666,3.3415,0.42850000000000005,0.10033333333333333,3.3531666666666666,58362,宝山,宝山区,1030.3125,0.9625,54.458333,0.0,2.508333,283.186462,1160.0,2.48,31.9,2.67,31.9,0,30.7,17.60285714285714,1160.0,0,796.3333333333334,665.7142857142857,0.0099999999999997,2.6833333333333336,-0.0699999999999998,2.4433333333333334,2876.8,85.17299999999999,,0.0,,,,,,-0.9736328310496765,0.2281208239117861,13.9,51.2,0.0,60.4429761904762,6.0090839072600115,37.398661700000005,79.60111399813249,4.785,1.7765621292400002,0.057443754091790415,238.0,1.0,-3.5,0.0,0.0,1495.8599999999997,7.974843691060765,0.0,7.250976254273871,8.6225,0.2717767384711357,0.9623603298276545,0.31289291771398375
2023-01-17,9.963333333333333,7.3785,9.057,610.0688333333334,82.596,3.2932,0.33016666666666666,0.158,3.128833333333333,58362,宝山,宝山区,1029.545833,2.670833,52.666667,0.0,1.75,276.255843,1110.0,2.3,29.4,2.66,29.4,0,32.23333333333333,20.58714285714285,1110.0,0,1064.0,763.2857142857143,-0.0099999999999997,2.6633333333333336,-0.1800000000000001,2.443333333333333,2553.0,78.204,,0.0,,,,,,-0.9940452308542618,0.10896824774170416,0.5,51.2,0.7666670000000977,50.37461904761915,4.541531522440902,2.688,78.69086651224495,5.039,1.6538725581073404,0.2489626349408541,-50.0,0.0,-2.5,0.0,0.0,1368.8000000000002,12.727881716828556,0.0,4.2513997528987995,7.292500333333333,0.2882906407095177,0.9575429528116719,0.34305993241958155
2023-01-18,10.338333333333333,7.352,8.620666666666667,631.4481666666667,60.856500000000004,3.4735,0.39799999999999996,0.15316666666666667,3.0568333333333335,58362,宝山,宝山区,1028.4125,2.5125,59.5,0.0,1.716667,269.389901,974.0,2.23,28.4,2.61,28.4,0,29.899999999999995,23.848571428571425,974.0,0,1081.3333333333333,811.8571428571429,-0.0500000000000002,2.6466666666666665,-0.0699999999999998,2.3366666666666664,2172.02,74.124,0.0,1.0,0.0011890606420927,DLR_GWP_P1D_real_raster_proxy,0.9285714285714286,wusongkou_aoi_boundary_proxy,"Derived from DLR Global WaterPack daily real raster masks within a station-centered AOI; label denotes boundary-change proxy relative to the median reference mask, not a manual governance-zone annotation.",-0.9999433080673805,-0.010648035089332191,0.0,51.2,1.1333329999999933,63.13440476190476,4.465602299479783,1.741167,82.17861342758556,4.9865,1.5267339214321238,0.25974025974026016,-136.0,0.0,-1.0,0.0,0.0,1187.6999999999998,17.481321014498608,0.0,4.136857145361415,7.825833333333333,0.3047192331091634,0.9524422234305676,0.3941804453054052
2023-01-19,10.396666666666667,7.343166666666666,8.5925,632.9731666666667,63.76266666666667,3.308,0.381,0.08600000000000001,3.0996666666666663,58362,宝山,宝山区,1026.779167,3.983333,57.708333,0.0,1.554167,261.458578,941.0,2.23,28.8,2.59,28.8,0,28.866666666666664,27.057142857142853,941.0,0,1008.3333333333334,874.7142857142857,-0.02,2.62,0.0,2.2533333333333334,2098.43,74.592,,0.0,,,,,,-0.9889087460575785,-0.14852438173858118,0.0,28.9,1.6333329999999933,50.28254761904759,4.118297130320523,1.554167,46.08721969169691,4.3406666666666665,1.7582970991812052,0.23880597014925414,-33.0,0.0,0.40000000000000213,1.0,0.0,974.0,15.569669768590959,0.0,4.118581292388592,6.4133336666666665,0.321057654185271,0.9470596510722283,0.3863875543778479
2023-01-20,10.173333333333334,7.357500000000001,8.728333333333333,658.1096666666666,90.89616666666666,3.299,0.31183333333333335,0.08966666666666667,2.8795,58362,宝山,宝山区,1030.508333,5.7125,62.333333,0.0,2.4625,48.668344,647.0,2.19,27.3,2.57,27.3,0,28.166666666666668,29.428571428571423,647.0,0,854.0,865.8571428571429,-0.02,2.59,-0.04,2.216666666666667,1416.93,70.161,,0.0,,,,,,0.7508993669933991,0.6604166417110585,0.0,13.9,0.0,58.671738095238084,5.282673295674086,2.4764999999999997,23.07028726270432,4.088,1.7992292095047995,0.2888086642599278,-294.0,0.0,-1.5,0.0,0.0,978.64,9.293097100531941,0.0,4.188515675173617,4.460833333333333,0.3373010691361842,0.9413968285264122,0.3269922042002733
2023-01-21,10.035,7.383666666666667,8.9705,800.4508333333333,124.6065,3.2596,0.249,0.1668333333333333,2.8666666666666667,58362,宝山,宝山区,1024.341667,7.608333,66.875,7.4,2.758333,101.089389,634.0,2.26,6.12,2.57,6.12,0,20.74,26.76,634.0,0,740.6666666666666,912.5714285714286,0.0,2.5766666666666667,0.0699999999999998,2.2266666666666666,1432.84,15.7284,,0.0,,,,,,0.9813283016327751,-0.19234023087886012,7.4,7.9,6.1666660000000775,157.68271428571427,6.433206988061541,23.1944972,13.64499808225396,4.784,1.650269201281496,0.05772006105166272,-13.0,0.0,-21.18,0.0,0.0,692.2899999999998,5.896722436073505,0.0,7.07895596556169,2.426667,0.3534446712740877,0.9354554315134164,0.27395093641670976
2023-01-22,10.011666666666667,7.412,9.275333333333334,902.6788333333334,185.55816666666666,3.3393333333333337,0.29083333333333333,0.11850000000000001,2.9235,58362,宝山,宝山区,1021.045833,7.666667,93.666667,0.7,1.683333,0.093005,424.0,2.28,5.83,2.64,5.83,0,13.08333333333333,22.53571428571428,424.0,0,568.3333333333334,841.4285714285714,0.0700000000000002,2.5933333333333333,0.02,2.243333333333333,966.72,15.3912,,0.0,,,,,,0.0016232427579648107,0.9999986825406065,8.1,8.1,3.2958339999999,210.27435714285718,2.5938788334401557,15.3253303,16.083748836770262,4.399333333333334,1.8099154215011055,0.07102692936308001,-210.0,0.0,-0.29000000000000004,0.0,0.0,646.6800000000001,3.0464135850391614,0.0,5.835430310616422,2.3449996666666664,0.3694836834473831,0.9292372181882051,0.2068056481678735
2023-01-23,10.09,7.449000000000001,9.552,825.4478333333333,231.07750000000001,3.3535,0.2551666666666667,0.13283333333333333,2.8766666666666665,58362,宝山,宝山区,1027.7375,5.0125,78.083333,3.2,4.004167,355.158099,233.0,2.38,-0.036,2.67,0.036,1,3.9713333333333303,17.973428571428567,233.0,0,430.3333333333333,709.0,0.0299999999999998,2.6266666666666665,0.1,2.306666666666666,554.54,-0.09612,,0.0,,,,,,-0.08440656649261868,0.9964313983074435,11.3,11.3,0.0,102.42250000000001,5.160443155436703,49.286254099999994,20.363969841068027,4.460166666666667,1.8201496075249375,0.061334013568433154,-191.0,0.0,-5.866,0.0,0.0,466.40000000000003,1.8542656368382686,0.0,6.984321570892627,5.0775,0.38541335945432564,0.9227440286201427,0.16974770821486407
2023-01-24,9.448333333333332,7.484166666666667,9.9725,694.5386666666667,293.056,3.4135000000000004,0.23650000000000002,0.1515,3.0719999999999996,58362,宝山,宝山区,1037.175,-3.004167,43.583333,0.0,4.704167,311.425902,241.0,2.51,0.666,2.72,0.666,0,2.153333333333331,13.868571428571428,241.0,0,299.3333333333333,584.8571428571429,0.0500000000000002,2.676666666666667,0.1299999999999999,2.39,604.91,1.81152,,0.0,,,,,,-0.7498120303073673,0.6616509043342597,3.9000000000000004,11.3,0.0,-40.55378571428571,9.05474866809842,23.0959183,16.39718564315935,4.823499999999999,1.8237810224623459,0.10412147144046953,8.0,1.0,0.7020000000000001,1.0,0.0,281.36999999999995,1.017946694960597,2.7378000000000005,5.9487443505674324,12.452500333333333,0.4012289854475009,0.9159777842484877,0.1295716412613016
2023-01-25,8.755,7.532333333333334,9.635166666666667,602.8961666666667,270.60383333333334,3.4156666666666666,0.2505,0.146,3.3476666666666666,58362,宝山,宝山区,1027.608333,-1.566667,68.25,0.0,1.329167,116.537725,899.0,2.61,0.108,2.76,0.108,0,0.2459999999999976,9.82685714285714,899.0,0,457.6666666666667,574.1428571428571,0.0399999999999995,2.716666666666667,0.1,2.5,2346.39,0.2980799999999999,1.0,1.0,0.0225921521997621,DLR_GWP_P1D_real_raster_proxy,0.357142857142857,wusongkou_aoi_boundary_proxy,"Derived from DLR Global WaterPack daily real raster masks within a station-centered AOI; label denotes boundary-change proxy relative to the median reference mask, not a manual governance-zone annotation.",0.8946403796349703,-0.44678696391747624,3.2,11.3,9.566667000000052,-128.1174285714286,3.5386526839769212,5.6175014,19.04524076305479,5.058166666666667,1.7726783184840855,0.06624344173365954,658.0,1.0,-0.558,0.0,0.0,1712.7,1.6850523096446233,0.0,6.225591193574774,10.321667000000001,0.4169258813287287,0.908940487313808,0.14305296056397032
2023-01-26,8.69,7.4775,9.177833333333334,589.9701666666666,258.06350000000003,3.7903333333333333,0.316,0.14383333333333334,3.33,58362,宝山,宝山区,1025.9375,3.679167,54.0,0.0,3.508333,302.036026,697.0,2.32,5.16,2.75,5.16,0,1.9779999999999975,6.449714285714284,697.0,0,612.3333333333334,539.2857142857143,-0.0099999999999997,2.7433333333333336,-0.29,2.48,1617.04,14.19,,0.0,,,,,,-0.8477147299752816,0.5304523886108303,0.0,11.3,1.6708329999999023,-134.900142857143,7.464631427172725,3.609833,17.565687790139272,5.084333333333333,1.5788107192022418,0.16183413748716505,-202.0,0.0,5.0520000000000005,1.0,0.0,1159.71,2.3636418612939813,0.0,5.213566798569332,5.010833,0.4324994021339788,0.901634220265486,0.1510765526320612
2023-01-27,8.411666666666667,7.477333333333333,9.724166666666667,619.3891666666667,218.76649999999998,3.3976666666666664,0.27499999999999997,0.13266666666666668,3.130333333333333,58362,宝山,宝山区,1031.225,0.154167,45.083333,0.0,3.733333,285.308596,587.0,2.33,1.39,2.7,1.39,0,2.219333333333331,2.748285714285712,587.0,0,727.6666666666666,530.7142857142857,-0.0499999999999998,2.7366666666666664,0.0100000000000002,2.42,1367.71,3.753,,0.0,,,,,,-0.9645178191240147,0.2640177581001978,0.0,11.3,0.0,-99.94964285714275,8.29070824540851,3.7368330000000003,16.569792773817486,4.732,1.8243301596743695,0.21126762051180425,-110.0,0.0,-3.7700000000000005,0.0,0.0,703.9700000000001,3.3110900281283393,0.0,4.918425132383681,8.257499666666668,0.44794493940789115,0.8940611451454876,0.1789992382943839
2023-01-28,7.953333333333333,7.4543333333333335,9.4685,657.624,168.14466666666667,3.4331666666666667,0.3053333333333333,0.11433333333333333,3.2153333333333336,58362,宝山,宝山区,1027.8625,-0.083333,52.291667,0.0,1.870833,279.705261,1020.0,2.43,26.5,2.72,26.5,0,11.016666666666664,5.659714285714283,1020.0,0,768.0,585.8571428571429,0.02,2.723333333333333,0.1,2.36,2478.6000000000004,72.08,,0.0,,,,,,-0.9856879939401391,0.16857988789373504,0.0,3.9000000000000004,3.3624999999999545,-41.31097619047614,4.754171299491712,1.9058329999999999,6.312319199259427,4.664000000000001,1.8150280283159175,0.16042781606565978,433.0,1.0,25.11,1.0,0.0,1598.3000000000002,4.540491965457576,0.0,4.709512134915322,8.036666333333333,0.4632579225674917,0.88622350294858,0.2234377564610921
2023-01-29,8.018333333333333,7.446833333333333,9.452833333333333,674.6966666666667,110.86566666666666,3.1048333333333336,0.282,0.08750000000000001,2.953,58362,宝山,宝山区,1025.204167,2.733333,52.541667,0.0,1.791667,258.129596,1100.0,2.27,28.2,2.66,28.2,0,18.696666666666665,8.85542857142857,1100.0,0,902.3333333333334,682.4285714285714,-0.06,2.6933333333333334,-0.1600000000000001,2.3433333333333333,2497.0,75.012,,0.0,,,,,,-0.9786153688398841,-0.20569871139697884,0.0,3.2,2.658332999999857,8.330571428571488,4.59561598255165,1.847667,5.328400756503421,4.11,2.0310087021553342,0.1834862385321149,80.0,1.0,1.6999999999999993,1.0,0.0,1368.8000000000002,8.06622228446619,0.0,4.5471471877834695,5.285000333333333,0.4784338202547012,0.8781236129591848,0.2936156218760473
2023-01-30,8.858333333333333,7.4991666666666665,9.592666666666666,735.7946666666667,99.53216666666667,3.24025,0.17783333333333332,0.20133333333333334,2.8318333333333334,58362,宝山,宝山区,1022.066667,5.333333,55.583333,0.0,1.279167,112.450415,922.0,2.15,28.3,2.59,28.3,0,27.666666666666668,12.903428571428568,922.0,0,1014.0,780.8571428571429,-0.0700000000000002,2.6566666666666667,-0.1200000000000001,2.283333333333333,1982.3,73.297,,0.0,,,,,,0.9242103689718896,-0.38188374393896857,0.0,0.0,3.1375000000000455,82.23616666666669,3.4855307902220924,1.321167,0.5033602511378097,5.023,1.6902544520022558,0.18461537325443703,-178.0,0.0,0.10000000000000142,1.0,0.0,1232.0000000000002,10.086323946067013,0.0,4.252785119076868,3.525000333333333,0.49346814167723735,0.8697638720650646,0.31174687882787133
2023-01-31,11.041666666666666,7.474333333333334,9.193333333333333,745.459,67.13466666666666,3.300333333333333,0.2728333333333333,0.08666666666666667,2.896333333333333,58362,宝山,宝山区,1015.808333,8.4125,57.458333,0.0,1.229167,117.208499,1030.0,2.19,29.2,2.55,29.2,0,28.566666666666663,16.979714285714284,1030.0,0,1017.3333333333334,893.5714285714286,-0.04,2.6,0.04,2.2033333333333336,2255.7,74.46,,0.0,,,,,,0.8893485596417391,-0.4572298540812532,0.0,0.0,6.258334000000104,84.62616666666668,3.3630675736117013,1.243167,0.5079971400971136,4.035833333333333,1.919719584893018,0.11782031012426245,108.0,1.0,0.8999999999999986,1.0,0.0,1183.52,14.931214653333596,0.0,4.88598694823094,2.6291666666666664,0.5083564379375122,0.8611467540480452,0.3777723462098066
2023-02-01,10.891666666666667,7.532,9.477666666666666,778.9523333333333,62.1505,3.1300000000000003,0.25866666666666666,0.08316666666666667,2.811666666666667,58362,宝山,宝山区,1024.6,7.645833,59.25,0.0,3.775,20.147922,461.0,2.08,31.9,2.51,31.9,0,29.8,21.52142857142857,461.0,0,804.3333333333334,831.0,-0.04,2.55,-0.1099999999999998,2.14,958.88,80.06899999999999,0.0,1.0,0.0083234244946492,DLR_GWP_P1D_real_raster_proxy,0.5,wusongkou_aoi_boundary_proxy,"Derived from DLR Global WaterPack daily real raster masks within a station-centered AOI; label denotes boundary-change proxy relative to the median reference mask, not a manual governance-zone annotation.",0.3444450296074048,0.9388064878231052,0.0,0.0,0.0,92.96861904761909,5.995614720430215,3.8135,0.5141272034969293,3.902,2.0596752797265423,0.20942408376963348,-569.0,0.0,2.6999999999999993,1.0,0.0,1143.3,12.736769041153012,0.0,4.839912464267744,3.245833666666668,0.5230943033491326,0.8522748088519838,0.3906663243265597
2023-02-02,8.548333333333334,7.574333333333333,9.697166666666666,991.8070000000001,71.88883333333332,2.919333333333333,0.22366666666666668,0.08533333333333333,2.7603333333333335,58362,宝山,宝山区,1027.483333,4.845833,68.208333,0.0,2.408333,19.664758,479.0,2.24,33.9,2.51,33.9,0,31.66666666666666,25.627142857142854,479.0,0,656.6666666666666,799.8571428571429,0.0,2.523333333333333,0.1600000000000001,2.17,1072.96,85.08899999999998,,0.0,,,,,,0.3365161065775022,0.9416777102671163,0.0,0.0,0.0,248.4180238095239,4.144843760087406,2.464333,0.5229532785003692,3.8373333333333335,2.2003756552855123,0.29339856170157086,18.0,1.0,2.0,1.0,0.0,576.5200000000001,9.009153208196043,0.0,4.051312530539591,3.702500333333334,0.5376773767406141,0.8431506618282,0.3663238413930636
2023-02-03,8.121666666666668,7.507666666666666,9.482999999999999,715.0913333333333,96.1785,3.4376666666666664,0.2708333333333333,0.09666666666666666,3.095333333333333,58362,宝山,宝山区,1025.729167,4.120833,69.166667,0.0,1.3875,77.528665,731.0,2.31,28.0,2.56,28.0,0,31.266666666666666,29.428571428571423,731.0,0,557.0,820.4285714285714,0.0500000000000002,2.526666666666667,0.0699999999999998,2.2100000000000004,1688.61,71.68,,0.0,,,,,,0.9764041693749478,0.21595114731628162,0.0,0.0,1.754165999999941,-41.969380952381016,3.731627862101937,1.412,0.5211052058421632,4.332833333333333,1.895242452522107,0.24144873101790781,252.0,1.0,-5.899999999999999,0.0,0.0,1051.81,5.731720493730609,0.0,3.954116280298571,4.000833666666668,0.5521013427459208,0.8337770129585915,0.31750568821888947
2023-02-04,8.290000000000001,7.521666666666667,9.551166666666667,750.8795,129.65866666666668,3.5628333333333333,0.271,0.10766666666666667,3.2275000000000005,58362,宝山,宝山区,1025.5125,5.420833,69.75,0.0,1.879167,74.139935,522.0,2.16,25.0,2.56,25.0,0,28.966666666666665,29.21428571428571,522.0,0,577.3333333333334,749.2857142857143,0.0,2.543333333333333,-0.1499999999999999,2.236666666666667,1127.52,64.0,,0.0,,,,,,0.9619320247427405,0.27328882116605424,0.0,0.0,0.2166669999999158,-19.503428571428458,4.62573513674948,1.931667,0.5100128479214198,4.575166666666667,1.829934502059868,0.3230147352862031,-209.0,0.0,-3.0,0.0,0.0,840.65,4.418637875788313,0.0,3.805028313827397,2.869167000000001,0.5663619330814524,0.8241566360566663,0.267257554309405
2023-02-05,9.041666666666666,7.514833333333333,9.556666666666667,770.2708333333334,150.85083333333333,3.5831666666666666,0.26533333333333337,0.11583333333333334,3.2323333333333335,58362,宝山,宝山区,1020.891304,8.943478,78.26087,1.2,2.2,99.684159,491.0,2.24,5.9,2.56,5.9,0,19.63333333333333,26.02857142857143,491.0,0,581.3333333333334,662.2857142857143,0.0,2.56,0.08,2.236666666666667,1099.84,15.104,,0.0,,,,,,0.9857500149551741,-0.16821684819266502,1.2,1.2,4.6211960000000545,-13.765547619047538,5.29842184037523,4.868,2.593166623653366,4.656000000000001,1.797702495938642,0.1108500469339092,-31.0,0.0,-19.1,0.0,0.0,563.76,3.8283183606719318,0.0,5.092433199682318,0.09818866666666537,0.580454927809098,0.8142923779467267,0.24174463495530973
2023-02-06,11.135,7.439666666666667,9.72,814.7721666666666,184.70583333333335,3.433666666666667,0.23716666666666666,0.12316666666666666,3.1023333333333336,58362,宝山,宝山区,1018.141667,8.645833,93.958333,2.8,2.366667,53.575073,406.0,2.24,7.03,2.63,7.03,0,12.643333333333327,22.99,406.0,0,473.0,588.5714285714286,0.0699999999999998,2.583333333333333,0.0,2.2133333333333334,909.44,18.4889,,0.0,,,,,,0.8046355494245688,0.5937690060976761,4.0,4.0,2.749637000000007,19.4532857142857,5.172293379666385,11.833335,8.15032097027543,4.571166666666667,1.8568665072778565,0.09885033110906902,-85.0,0.0,1.13,1.0,0.0,491.0,2.547038999851916,4.52,5.2942200962313475,2.489167,0.5943761565849831,0.804187157621448,0.20758289765695082
2023-02-07,11.421666666666667,7.474666666666667,9.776166666666667,783.084,243.96216666666666,3.5185,0.30333333333333334,0.14416666666666667,3.2428333333333335,58362,宝山,宝山区,1023.5,8.466667,77.125,0.0,2.329167,34.722613,422.0,2.33,-0.666,2.69,0.666,1,4.087999999999996,18.72342857142857,422.0,0,439.6666666666667,501.7142857142857,0.06,2.6266666666666665,0.0899999999999998,2.27,983.26,-1.79154,,0.0,,,,,,0.5696039557459307,0.8219192987140451,4.0,4.0,0.0,-17.60988095238099,4.5629755636498235,11.677335,7.329032723905673,4.987833333333334,1.754981416016463,0.13644115354446146,16.0,1.0,-7.696000000000001,0.0,0.0,477.41999999999996,1.7948349847221308,0.0,4.752126758230452,2.9549996666666676,0.6081214998935418,0.7938439653781019,0.16057652035284598
2023-02-08,11.443333333333333,7.476333333333333,9.765833333333333,700.3463333333333,258.03616666666665,3.5726666666666667,0.24983333333333335,0.14633333333333334,3.014,58362,宝山,宝山区,1025.725,8.279167,76.125,0.0,3.033333,66.358199,483.0,2.43,2.61,2.74,2.61,0,2.9913333333333285,14.539142857142853,483.0,0,437.0,504.8571428571428,0.0500000000000002,2.686666666666667,0.1,2.333333333333333,1173.69,7.151400000000001,0.0,1.0,0.0047562425683709,DLR_GWP_P1D_real_raster_proxy,0.7142857142857143,wusongkou_aoi_boundary_proxy,"Derived from DLR Global WaterPack daily real raster masks within a station-centered AOI; label denotes boundary-change proxy relative to the median reference mask, not a manual governance-zone annotation.",0.9160704050399462,0.401017472200338,2.8,4.0,0.0,-89.11811904761907,6.739392325938529,11.561665399999999,7.252618801575258,4.727166666666667,1.7470912744995897,0.14634147055324248,61.0,1.0,3.276,1.0,0.0,598.4000000000001,1.6870231119592696,9.172799999999999,4.995834960976431,3.164166333333334,0.6216868902665479,0.7832658619336791,0.15109446201150034
2023-02-09,11.418333333333331,7.456833333333333,9.557666666666668,656.1853333333333,280.095,3.7228333333333334,0.24083333333333334,0.14866666666666667,3.189666666666666,58362,宝山,宝山区,1019.508333,7.7,92.375,15.3,2.675,31.686841,494.0,2.43,0.23,2.73,0.23,0,0.7246666666666619,9.729142857142856,494.0,0,466.3333333333333,507.0,-0.0100000000000002,2.72,0.0,2.3966666666666665,1200.42,0.6279,,0.0,,,,,,0.5252762332347632,0.8509317709421236,15.3,19.3,6.216666999999916,-85.33316666666667,5.010797588288295,43.6025,37.210130069264366,4.917166666666667,1.6663703111430084,0.03969566603115242,11.0,1.0,-2.38,0.0,0.0,505.0,1.6589883609930212,0.0,8.523161761070511,3.718333333333331,0.6350683134867438,0.7724559775191742,0.1372228740439213
2023-02-10,11.513333333333334,7.4750000000000005,9.208166666666667,599.0414999999999,264.08,3.813333333333333,0.3625,0.15766666666666665,3.4614999999999996,58362,宝山,宝山区,1021.670833,7.295833,84.125,8.7,2.1,47.046594,627.0,2.45,3.6,2.75,3.6,0,2.1466666666666616,6.243428571428569,627.0,0,534.6666666666666,492.1428571428572,0.02,2.74,0.02,2.436666666666667,1536.15,9.9,,0.0,,,,,,0.7319080735546639,0.6814033841018846,24.0,28.0,0.0,-125.89845238095245,4.603387979435024,52.507,51.726951553723396,5.400666666666666,1.532784370529446,0.03690036900369004,133.0,1.0,3.37,1.0,0.0,775.2,2.0170011568834565,80.88,8.773287841340522,4.217500333333334,0.6482618097757122,0.7614175109532997,0.14717969944024722
2023-02-11,11.706666666666665,7.48,9.161166666666666,559.9965000000001,230.1555,3.5595,0.27166666666666667,0.14766666666666667,3.0583333333333336,58362,宝山,宝山区,1018.756522,8.495652,94.913043,6.9,2.617391,82.85325,658.0,2.46,-2.34,2.77,2.34,1,0.496666666666662,2.337714285714284,658.0,0,593.0,511.57142857142856,0.02,2.75,0.0099999999999997,2.4466666666666668,1618.68,-6.4818,,0.0,,,,,,0.9922307560039372,0.12441112024194377,30.9,34.9,2.914310999999998,-137.6744523809523,6.188055380863277,83.4982729,68.08513806896289,4.806666666666667,1.633584327716511,0.026715322749684217,31.0,1.0,-5.9399999999999995,0.0,0.0,695.8899999999999,2.5653726603952753,0.0,11.065475265303192,3.2110146666666655,0.6612634749656386,0.7501537286959042,0.17042337606839608
2023-02-12,11.968333333333334,7.467833333333334,8.9415,555.6136666666666,215.35466666666665,3.6646666666666667,0.29483333333333334,0.14433333333333334,3.0973333333333333,58362,宝山,宝山区,1014.5375,10.720833,93.333333,30.5,2.879167,18.147705,856.0,2.47,17.4,2.78,17.4,0,6.219999999999995,3.980571428571426,856.0,0,713.6666666666666,563.7142857142857,0.0099999999999997,2.766666666666666,0.0100000000000002,2.4600000000000004,2114.32,48.37199999999999,,0.0,,,,,,0.3114677301095426,0.9502567301000341,46.099999999999994,64.19999999999999,4.219021999999995,-111.39197619047616,4.788950297885968,135.61226569999997,124.41652802893569,4.8355,1.5734634287316216,0.018450801003701438,198.0,1.0,19.74,1.0,0.0,1064.5400000000002,3.298596132276632,910.0139999999998,14.629208286690252,1.247500333333333,0.6740694616546161,0.7386679638813748,0.18165501009594942
2023-02-13,11.756666666666668,7.426166666666667,8.769,581.5585,224.707,4.0615,0.39199999999999996,0.14783333333333334,3.5668333333333333,58362,宝山,宝山区,1025.195833,4.945833,73.333333,1.6,4.391667,335.383509,759.0,2.49,23.3,2.78,23.3,0,12.786666666666662,6.3048571428571405,759.0,0,757.6666666666666,614.1428571428571,0.0,2.776666666666666,0.02,2.473333333333333,1889.91,64.774,,0.0,,,,,,-0.4165424733940058,0.9091162565144262,38.99999999999999,63.0,0.0,-52.13090476190473,7.215980599494889,175.67367999999996,109.59355508122982,5.437166666666666,1.4275104970699977,0.02252675034708654,-97.0,0.0,5.900000000000002,1.0,0.0,873.12,3.356859409175022,230.10000000000005,13.227051829369119,6.810833666666667,0.6866759803451553,0.726963615332308,0.17447205452412795
2023-02-14,11.62,7.327833333333333,8.082166666666668,614.6171666666667,204.15033333333335,3.9143333333333334,0.5011666666666666,0.14333333333333334,3.764,58362,宝山,宝山区,1028.945833,4.041667,62.833333,0.0,3.058333,328.004912,1190.0,2.69,41.6,2.88,41.6,0,27.433333333333326,12.34285714285714,1190.0,0,935.0,723.8571428571429,0.1,2.813333333333333,0.1999999999999997,2.5500000000000003,3201.1,119.808,,0.0,,,,,,-0.5298465586368177,0.8480935233219985,32.099999999999994,63.0,0.0,4.994452380952339,5.74116250061871,101.30082229999998,103.08713411487443,5.6985,1.3355187821995973,0.027656142223149507,431.0,1.0,18.3,1.0,0.0,1945.1999999999996,4.557633345302875,587.43,11.256371260871315,7.578332999999999,0.6990793005655562,0.7150441465537444,0.1906808341471692
2023-02-15,11.82,7.331666666666667,8.017999999999999,624.6206666666667,178.84400000000002,4.113,0.5576666666666666,0.13783333333333334,3.968666666666666,58362,宝山,宝山区,1032.491304,3.934783,66.869565,0.0,2.086957,5.43246,1410.0,2.56,36.4,2.79,36.4,0,33.766666666666666,17.169999999999998,1410.0,0,1119.6666666666667,856.2857142857143,-0.0899999999999998,2.8166666666666664,-0.1299999999999999,2.58,3609.6,101.556,1.0,1.0,0.0190249702734839,DLR_GWP_P1D_real_raster_proxy,0.15,wusongkou_aoi_boundary_proxy,"Derived from DLR Global WaterPack daily real raster masks within a station-centered AOI; label denotes boundary-change proxy relative to the median reference mask, not a manual governance-zone annotation.",0.0946723177636172,0.9955084892904051,1.5999999999999965,63.0,0.0,25.81590476190479,3.3723421490409273,5.471588199999992,105.6601248110008,5.904666666666666,1.2911100522003356,0.21335804872969835,220.0,1.0,-5.200000000000003,0.0,0.0,1841.8999999999999,6.2257660342667345,0.0,4.626932074338587,7.885217000000001,0.7112757519738152,0.7029130847082615,0.21302698842999834
2023-02-16,11.921666666666667,7.3180000000000005,8.154666666666666,625.7893333333333,143.96416666666667,3.9284999999999997,0.4708333333333334,0.12633333333333333,3.7463333333333337,58362,宝山,宝山区,1029.170833,6.583333,65.791667,0.0,2.258333,102.779699,1150.0,2.36,33.5,2.73,33.5,0,37.16666666666666,21.92285714285714,1150.0,0,1250.0,950.0,-0.06,2.8000000000000003,-0.2000000000000001,2.536666666666666,2714.0,91.455,,0.0,,,,,,0.9752277919994409,-0.2212029694915854,0.0,47.7,3.3204709999999977,31.32685714285708,5.517980066497756,2.3283329999999998,79.62891953914892,5.480500000000001,1.3917973024075547,0.1520033124561851,-260.0,0.0,-2.8999999999999986,0.0,0.0,1692.0000000000002,8.622820582097875,0.0,4.987172687035676,5.338333666666667,0.7232617254437388,0.6905740195722293,0.24962238903348466
2023-02-17,11.959999999999999,7.2426666666666675,7.658166666666666,625.0376666666667,128.5615,4.0136666666666665,0.651,0.13433333333333333,4.0845,58362,宝山,宝山区,1022.041667,10.0625,72.416667,0.0,1.225,98.63579,1050.0,2.31,36.6,2.65,36.6,0,35.5,26.63714285714285,1050.0,0,1203.3333333333333,1010.4285714285714,-0.08,2.723333333333333,-0.0499999999999998,2.41,2425.5,96.99,,0.0,,,,,,0.9886627803991496,-0.1501529442049769,0.0,39.0,7.129165999999941,26.861452380952414,3.479736511620501,1.2425,67.78209696908826,6.078833333333334,1.2439957194920919,0.10690423924484624,-100.0,0.0,3.1000000000000014,1.0,0.0,1207.4999999999998,9.287738512855542,0.0,5.074338318046016,1.897499999999999,0.7350336741329413,0.6780306024735382,0.2686888701580077
2023-02-18,11.82,7.3,7.9585,612.2851666666667,140.03983333333335,4.1605,0.6038333333333333,0.13633333333333333,4.055666666666666,58362,宝山,宝山区,1020.8625,13.666667,69.75,0.1,2.5375,275.325375,881.0,2.28,34.0,2.6,34.0,0,34.7,31.828571428571426,881.0,0,1027.0,1042.2857142857142,-0.0499999999999998,2.66,-0.0300000000000002,2.3166666666666664,2008.68,88.4,,0.0,,,,,,-0.9956836916988954,0.09281156223692763,0.09999999999999645,32.2,1.1791670000000067,6.639142857142815,6.081376176086966,2.8017499999999913,55.19577260331785,6.022833333333333,1.2717699455012494,0.20761244237976162,-169.0,0.0,-2.6000000000000014,0.0,0.0,1081.5000000000002,7.281630839514604,0.0,4.617741031661507,-1.846667,0.746588114532413,0.6652865452111116,0.25428063366637765
2023-02-19,12.079999999999998,7.337166666666666,8.409666666666666,589.2888333333334,179.9896666666667,4.246166666666666,0.5861666666666666,0.14616666666666667,3.986333333333333,58362,宝山,宝山区,1027.504167,6.1875,60.833333,0.0,2.154167,17.68166,669.0,2.31,13.3,2.6,13.3,0,27.966666666666665,31.24285714285714,669.0,0,866.6666666666666,1015.5714285714286,0.0,2.6166666666666667,0.0300000000000002,2.3000000000000003,1545.39,34.580000000000005,,0.0,,,,,,0.3037281047170002,0.9527587514187519,0.09999999999999645,1.7000000000000002,0.0,-21.167928571428547,3.7845397170116577,2.3800836999999926,3.2390885225404857,6.034166666666667,1.312622623351886,0.30729830398993074,-212.0,0.0,-20.7,0.0,0.0,907.4300000000002,4.788487003862098,0.0,4.043871397282408,5.892499999999998,0.7579216274973472,0.6523456189565257,0.21194914932070352
2023-02-20,11.991666666666667,7.369666666666667,8.754,556.5948333333333,185.82233333333332,3.640333333333333,0.4121666666666666,0.1366666666666667,3.3343333333333334,58362,宝山,宝山区,1032.0625,7.341667,51.75,0.0,2.529167,41.620549,612.0,2.39,5.72,2.67,5.72,0,17.673333333333332,28.73142857142857,612.0,0,720.6666666666666,994.5714285714286,0.0699999999999998,2.623333333333333,0.08,2.3266666666666667,1462.68,15.2724,,0.0,,,,,,0.6641943660178811,0.7475599267952403,0.09999999999999645,0.1,0.0,-50.29569047619054,5.171780212508779,2.8100836999999914,0.5908144721745779,5.113166666666667,1.5520134053771544,0.27554532486380506,-57.0,0.0,-7.580000000000001,0.0,0.0,722.5200000000001,3.8574974084112,0.0,4.2433977976932065,4.649999666666667,0.7690308592589181,0.6392116531380588,0.20656547321824903
2023-02-21,11.813333333333333,7.391333333333333,9.023833333333334,531.4416666666667,195.06883333333334,3.4921666666666664,0.4028333333333333,0.13349999999999998,3.3074999999999997,58362,宝山,宝山区,1034.3875,5.070833,58.916667,0.0,2.475,43.452525,365.0,2.42,5.31,2.72,5.31,0,8.109999999999998,23.547142857142852,365.0,0,548.6666666666666,876.7142857142857,0.0500000000000002,2.6633333333333336,0.0299999999999998,2.373333333333333,883.3,14.4432,,0.0,,,,,,0.6877532978386189,0.725944489139565,0.0,0.1,0.0,-63.566642857142824,5.0625844121607875,2.4855,0.49032257369078003,5.045333333333333,1.6447803626071078,0.28776978417266186,-247.0,0.0,-0.41000000000000014,0.0,0.0,630.3599999999999,2.7983369785951018,0.0,3.981377789087595,6.742500333333332,0.7799125224167177,0.6258885343075018,0.1983659665213784
2023-02-22,11.666666666666666,7.387666666666667,8.990833333333333,536.5148333333333,234.71733333333336,3.44,0.2765,0.21833333333333335,3.0928333333333335,58362,宝山,宝山区,1027.85,6.0125,66.541667,0.2,1.8,61.755864,558.0,2.53,5.25,2.74,5.25,0,5.426666666666665,19.097142857142853,558.0,0,511.6666666666667,755.0,0.02,2.7100000000000004,0.1099999999999998,2.4466666666666668,1411.7399999999998,14.385000000000002,0.0,1.0,0.0130796670630202,DLR_GWP_P1D_real_raster_proxy,0.2142857142857143,wusongkou_aoi_boundary_proxy,"Derived from DLR Global WaterPack daily real raster masks within a station-centered AOI; label denotes boundary-change proxy relative to the median reference mask, not a manual governance-zone annotation.",0.8809391760172189,0.47322950896800936,0.19999999999999646,0.30000000000000004,6.537500000000136,-45.90692857142858,4.334612937804259,2.1984999999999935,0.7786934010771436,5.552666666666667,1.4757842904601584,0.1048492791612043,193.0,1.0,-0.05999999999999961,0.0,0.0,833.6099999999999,2.170679005362355,0.0,5.108030322302556,5.654166666666666,0.7905633969115482,0.612380204990065,0.1671062965333312
2023-02-23,12.161666666666667,7.357,8.452166666666667,561.4885,252.09333333333333,3.2955,0.4068333333333333,0.11833333333333333,3.722,58362,宝山,宝山区,1024.6875,5.116667,82.791667,5.7,2.004167,49.437548,593.0,2.47,5.95,2.78,5.95,0,5.503333333333331,15.161428571428567,593.0,0,505.3333333333333,675.4285714285714,0.0399999999999995,2.7466666666666666,-0.0599999999999996,2.473333333333333,1464.71,16.541,,0.0,,,,,,0.7596976201844402,0.6502764995646836,5.899999999999997,6.0,3.162499999999909,-11.747428571428486,4.484759798256586,13.849752299999992,11.248347249895035,5.312166666666667,1.6232303564461537,0.08287292588748887,35.0,1.0,0.7000000000000002,1.0,0.0,665.6799999999997,1.9966283847855864,4.129999999999999,5.7112342866939265,7.044999666666667,0.8009803309782905,0.5986906625177214,0.1550339021434758
2023-02-24,12.200000000000001,7.349666666666667,8.324,568.9203333333334,258.7658333333333,4.085999999999999,0.40066666666666667,0.1795,3.9091666666666662,58362,宝山,宝山区,1030.5375,7.058333,73.375,0.0,2.516667,2.97324,676.0,2.48,1.83,2.78,1.83,0,4.343333333333331,10.194285714285712,676.0,0,609.0,622.0,0.0,2.766666666666666,0.0099999999999997,2.493333333333333,1676.48,5.0874,,0.0,,,,,,0.05186954051983478,0.9986538693492661,5.899999999999997,6.0,0.0,3.7011666666667224,3.624856051868272,17.368502299999992,10.653877451693003,6.104833333333333,1.2902572631422844,0.10619468650638282,83.0,1.0,-4.12,0.0,0.0,766.5899999999998,2.3444191723956513,0.0,5.434175210168724,5.141667000000001,0.8111602420785621,0.5848239578463322,0.15061701585215037
2023-02-25,12.318333333333333,7.365166666666667,8.43,580.7408333333333,231.65449999999998,3.8689999999999998,0.38000000000000006,0.15766666666666668,3.605166666666667,58362,宝山,宝山区,1039.095833,4.65,55.333333,0.0,3.216667,5.625418,671.0,2.47,5.93,2.79,5.93,0,4.569999999999998,6.184285714285712,671.0,0,646.6666666666666,592.0,0.0100000000000002,2.783333333333333,-0.0099999999999997,2.473333333333333,1657.37,16.5447,,0.0,,,,,,0.09802440067351312,0.9951840115639914,5.699999999999997,5.9,0.0,20.027999999999906,4.5085176059197405,21.555168899999988,9.42227590509088,5.561833333333333,1.3927641415741099,0.1008403327448628,-5.0,0.0,4.1,1.0,0.0,682.7599999999999,2.779514974636926,23.369999999999983,5.810603355815724,7.668333333333333,0.8211001178128892,0.5707841943569036,0.16932623040832262
2023-02-26,12.333333333333334,7.3105,8.140666666666666,620.7366666666667,241.81933333333333,4.006666666666667,0.40499999999999997,0.1545,3.9675,58362,宝山,宝山区,1037.845833,4.233333,66.041667,0.0,1.579167,78.533992,1050.0,2.48,30.4,2.75,30.4,0,12.719999999999995,8.627142857142854,1050.0,0,799.0,646.4285714285714,-0.04,2.773333333333333,0.0099999999999997,2.4766666666666666,2604.0,83.6,,0.0,,,,,,0.9800428116376984,0.19878653716304548,0.0,5.9,1.25,55.53128571428567,4.170442872357012,1.5826669999999998,10.189286546344661,5.9174999999999995,1.3216902855101742,0.26115340490503547,379.0,1.0,24.47,1.0,0.0,1443.2899999999997,3.290512287599285,0.0,4.117652735847358,8.100000333333334,0.8307970168121247,0.5565755266413303,0.16206782755415983
2023-02-27,11.741666666666667,7.297166666666667,8.0595,629.2656666666667,222.81166666666664,4.614833333333333,0.47950000000000004,0.157,4.711166666666666,58362,宝山,宝山区,1031.1125,7.341667,70.458333,0.0,2.633333,126.063818,1130.0,2.35,31.3,2.68,31.3,0,22.543333333333333,12.281428571428568,1130.0,0,950.3333333333334,720.4285714285714,-0.0699999999999998,2.74,-0.1299999999999999,2.4333333333333336,2655.5,83.884,,0.0,,,,,,0.8083617973371274,-0.5886859983097007,0.0,5.9,6.73333300000013,53.678738095238145,5.816647418284588,2.678833,10.530868051212908,6.760666666666666,1.1899702962764813,0.09646302871144759,80.0,1.0,0.9000000000000021,1.0,0.0,1367.3,4.246129558334017,0.0,5.880095480912706,4.399999666666667,0.8402480696078469,0.5422021592729844,0.17590339085838302
2023-02-28,11.196666666666667,7.32,8.102666666666666,627.2476666666666,142.068,4.117666666666667,0.4115,0.118,4.136333333333334,58362,宝山,宝山区,1024.116667,13.483333,62.5,1.7,1.908333,246.387042,1290.0,2.25,32.9,2.62,32.9,0,31.53333333333333,16.22285714285714,1290.0,0,1156.6666666666667,852.5714285714286,-0.06,2.6833333333333336,-0.1,2.36,2902.5,86.198,,0.0,,,,,,-0.9162721632849313,-0.4005562666956444,1.6999999999999964,7.6000000000000005,6.995832999999948,37.97416666666663,4.731361264805019,5.187499099999994,12.872339780712641,5.727833333333334,1.370726742683404,0.08617594750023438,160.0,1.0,1.5999999999999979,1.0,0.0,1595.0000000000002,8.084733599873253,2.7199999999999904,5.881010325433465,-2.286666333333333,0.8494504794814806,0.527668345562516,0.251857211573564
2023-03-01,11.32,7.347166666666666,8.262333333333332,623.692,96.707,3.846666666666667,0.38233333333333336,0.10466666666666667,3.86,58362,宝山,宝山区,1027.8125,10.058333,65.916667,0.0,2.704167,13.100361,1140.0,2.15,30.2,2.57,30.2,0,31.466666666666665,19.78714285714285,1140.0,0,1186.6666666666667,935.7142857142856,-0.0500000000000002,2.623333333333333,-0.1,2.25,2451.0,77.61399999999999,0.0,1.0,0.0071343638525564,DLR_GWP_P1D_real_raster_proxy,0.5714285714285714,wusongkou_aoi_boundary_proxy,"Derived from DLR Global WaterPack daily real raster masks within a station-centered AOI; label denotes boundary-change proxy relative to the median reference mask, not a manual governance-zone annotation.",0.22665744410293082,0.9739745392117428,1.6999999999999964,7.4,0.0,21.964619047618953,4.373035633126801,7.336250899999991,12.799865446297057,5.289,1.4967355725287301,0.18504239413770904,-150.0,0.0,-2.6999999999999993,0.0,0.0,1419.0000000000002,12.145155072478602,0.0,4.903114182023933,1.261667000000001,0.8584015232918917,0.512978386299228,0.3165850949795369
2023-03-02,10.991666666666667,7.325500000000001,8.655833333333334,641.321,71.9165,3.612833333333333,0.3798333333333333,0.10166666666666667,3.9415,58362,宝山,宝山区,1031.275,6.3875,61.333333,0.0,1.975,61.258045,883.0,2.09,22.4,2.53,22.4,0,28.5,22.13714285714285,883.0,0,1104.3333333333333,977.1428571428572,-0.04,2.5733333333333333,-0.06,2.1633333333333336,1845.47,56.67199999999999,,0.0,,,,,,0.8767942835339095,0.48086566145053256,1.6999999999999964,1.7,0.0,28.188976190476183,4.724337269375118,5.353499999999993,3.2503252005018664,5.338,1.6387600012985166,0.21390374331550818,-257.0,0.0,-7.800000000000001,0.0,0.0,1208.4,15.14517747469137,0.0,4.355268913740451,4.604166666666667,0.8670985522812081,0.4981366284784055,0.36625942673802214
2023-03-03,11.161666666666667,7.307333333333333,8.533333333333333,644.6595,78.0355,3.653833333333333,0.41050000000000003,0.10049999999999999,4.1265,58362,宝山,宝山区,1027.370833,7.8625,64.041667,0.0,1.895833,101.374621,985.0,2.13,27.9,2.55,27.9,0,26.83333333333333,25.86142857142857,985.0,0,1002.6666666666666,1021.2857142857144,0.02,2.55,0.04,2.123333333333333,2098.05,71.145,,0.0,,,,,,0.9803586302010697,-0.1972231127182668,0.0,1.7,3.904167000000143,20.707595238095223,4.78847769616038,1.9098330000000001,3.2876434904783047,5.542,1.6008378571690207,0.1470588235294087,102.0,1.0,5.5,1.0,0.0,1130.48,12.686282324609405,0.0,4.793133309711287,3.2991666666666672,0.8755389928586302,0.4831474640149687,0.35258181714657677
2023-03-04,11.479999999999999,7.36,8.7225,634.6973333333333,85.62016666666666,3.6140000000000003,0.347,0.09983333333333333,3.8775,58362,宝山,宝山区,1027.175,10.2125,65.25,0.0,1.870833,105.179851,690.0,2.01,28.5,2.52,28.5,0,26.266666666666666,29.08571428571428,690.0,0,852.6666666666666,1024.0,-0.0299999999999998,2.533333333333333,-0.1200000000000001,2.0766666666666667,1386.9,71.82000000000001,,0.0,,,,,,0.9651086379211861,-0.2618497985676387,0.0,1.7,0.19583299999999326,3.037357142857104,4.657111061973156,1.912833,3.3050997432410885,5.222833333333333,1.6666068130693854,0.32608702741022405,-295.0,0.0,0.6000000000000014,1.0,0.0,1103.2,9.84374308523227,0.0,3.893533419796185,1.2674999999999983,0.8837203473619977,0.4680153284438345,0.33702806384098605
2023-03-05,12.186666666666667,7.361666666666667,8.488833333333334,630.6819999999999,107.01983333333334,3.7113333333333336,0.3373333333333333,0.10716666666666667,3.6865,58362,宝山,宝山区,1024.358333,11.233333,65.375,0.0,1.933333,103.021273,595.0,2.12,27.0,2.51,27.0,0,27.8,28.6,595.0,0,756.6666666666666,959.0,-0.0100000000000002,2.526666666666667,0.1100000000000003,2.0866666666666664,1261.4,67.77,,0.0,,,,,,0.9742864769249402,-0.2253128067402918,0.0,1.7,2.816667000000052,-2.3987380952381727,4.775489297352528,1.9718330000000002,3.315431308071285,5.0954999999999995,1.5774759070734146,0.17391304347825928,-95.0,0.0,-1.5,0.0,0.0,765.9000000000002,7.004886448321989,0.0,4.40300885928009,0.9533336666666674,0.8916401947968874,0.45274469960737107,0.29955361117675017
2023-03-06,12.698333333333332,7.384166666666666,8.364166666666668,616.4318333333333,126.02816666666666,3.7594999999999996,0.3393333333333333,0.11333333333333333,3.4296666666666664,58362,宝山,宝山区,1020.995833,15.8875,43.833333,0.0,1.8,166.711558,639.0,2.17,8.84,2.53,8.84,0,21.44666666666667,25.39142857142857,639.0,0,641.3333333333334,888.8571428571429,0.02,2.52,0.0499999999999998,2.1,1386.63,22.3652,,0.0,,,,,,0.22985341784982413,-0.9732252597948504,0.0,1.7,3.3624999999999545,-14.815500000000043,3.182956378582741,1.8175,2.911837979759723,4.902333333333333,1.524381244127585,0.16227180527383486,44.0,1.0,-18.16,0.0,0.0,717.1499999999999,5.048749030726781,0.0,4.4581699243272155,-3.189166666666667,0.8992961915530253,0.4373400963303323,0.2720405963992659
2023-03-07,13.101666666666667,7.363333333333333,8.176,603.8006666666666,150.37316666666666,3.891,0.31566666666666665,0.12,3.482666666666667,58362,宝山,宝山区,1018.8,16.745455,50.545455,0.0,2.095455,155.616227,634.0,2.19,8.13,2.61,8.13,0,14.656666666666666,21.85285714285714,634.0,0,622.6666666666666,795.1428571428571,0.08,2.5499999999999994,0.02,2.16,1388.46,21.2193,,0.0,,,,,,0.41284649437190124,-0.9108006214780663,0.0,0.0,2.1958329999999933,-24.09709523809522,3.9286000006979758,2.102455,0.4126345217056191,4.998333333333333,1.446661405250236,0.1889899018915624,-5.0,0.0,-0.7099999999999991,0.0,0.0,651.78,4.113454718416628,0.0,4.397346418938365,-3.643788333333333,0.9066860720977985,0.4218060770826634,0.24227939995505166
2023-03-08,13.534999999999998,7.371833333333334,8.1605,588.6206666666667,183.52833333333334,3.9466666666666668,0.28933333333333333,0.13166666666666668,3.5218333333333334,58362,宝山,宝山区,1017.2,19.066667,58.041667,0.0,2.333333,231.429568,559.0,2.19,5.43,2.61,5.43,0,7.466666666666666,18.314285714285717,559.0,0,610.6666666666666,712.1428571428571,0.0,2.583333333333333,0.0,2.183333333333333,1224.21,14.172299999999998,0.0,1.0,0.0023781212841854,DLR_GWP_P1D_real_raster_proxy,0.8571428571428572,wusongkou_aoi_boundary_proxy,"Derived from DLR Global WaterPack daily real raster masks within a station-centered AOI; label denotes boundary-change proxy relative to the median reference mask, not a manual governance-zone annotation.",-0.7818423269901169,-0.6234762030155434,0.0,0.0,1.599999999999909,-34.2669047619047,5.10682201992221,2.333333,0.32042053280345717,5.127833333333333,1.4090046434345034,0.20270271639883594,-75.0,0.0,-2.700000000000001,0.0,0.0,634.0,3.309338222675831,0.0,4.368614126460989,-5.5316670000000006,0.9138076496466615,0.4061472386305789,0.20866255797120004
2023-03-09,13.9,7.370166666666667,8.168833333333334,574.4513333333333,222.8033333333333,4.0305,0.24766666666666667,0.13899999999999998,3.0446666666666666,58362,宝山,宝山区,1017.929167,17.233333,65.25,0.0,1.616667,120.903393,444.0,2.24,-0.552,2.64,0.552,1,4.336,15.035428571428568,444.0,0,545.6666666666666,649.4285714285714,0.0300000000000002,2.62,0.0500000000000002,2.2066666666666666,994.56,-1.45728,,0.0,,,,,,0.8580344928086346,-0.513592064921791,0.0,0.0,0.0,-38.88342857142857,3.918534191710393,1.6341670000000001,0.2511714462919984,4.682333333333333,1.3837577305291389,0.38216555641203104,-115.0,0.0,-5.981999999999999,0.0,0.0,586.9500000000002,2.438152544644852,0.0,3.535014579477836,-3.333332999999998,0.9206588168102428,0.3903682146763026,0.17590971083359463
2023-03-10,14.126666666666667,7.351166666666667,8.0635,564.722,234.91233333333332,3.7883333333333336,0.21133333333333335,0.14366666666666666,3.6313333333333335,58362,宝山,宝山区,1017.870833,20.8375,39.541667,0.0,2.5375,155.317954,533.0,2.3,2.31,2.69,2.31,0,2.396,11.379714285714284,533.0,0,512.0,584.8571428571429,0.0499999999999998,2.646666666666667,0.0599999999999996,2.243333333333333,1225.9,6.2139,,0.0,,,,,,0.41758236642557245,-0.9086390742480861,0.0,0.0,0.05833400000005895,-37.19311904761901,4.539174630648919,2.5585,0.18338974026736513,5.279333333333334,1.4124945822213206,0.2780996008158284,89.0,1.0,2.862,1.0,0.0,659.3199999999997,2.1702977235894125,0.0,4.177102651009631,-6.710833333333332,0.9272375462179537,0.374473674486883,0.16696593930832315
2023-03-11,14.38,7.340833333333333,7.904666666666667,569.2976666666667,260.84383333333335,3.9885,0.1975,0.151,3.729833333333333,58362,宝山,宝山区,1019.145833,18.3125,62.625,0.0,2.733333,145.825086,414.0,2.32,1.63,2.7,1.63,0,1.1293333333333333,7.541142857142854,414.0,0,463.6666666666667,545.4285714285714,0.0100000000000002,2.676666666666667,0.02,2.286666666666666,960.48,4.401,,0.0,,,,,,0.5617212005745523,-0.8273265938098954,0.0,0.0,0.0,-23.274642857142908,5.1729458723646475,2.740333,0.11337134125269843,5.437333333333333,1.3293298615134679,0.26785716677296134,-119.0,0.0,-0.6800000000000002,0.0,0.0,543.66,1.7707755831561178,0.0,4.179340494654744,-3.932499999999999,0.9335418911179212,0.35846832151248087,0.14926462114607952
2023-03-12,13.796666666666667,7.3685,8.344166666666666,550.9443333333334,307.38383333333337,4.2215,0.15983333333333336,0.1545,3.9156666666666666,58362,宝山,宝山区,1029.345833,8.379167,59.166667,0.7,3.495833,14.052623,346.0,2.35,4.4,2.7,4.4,0,2.78,4.312571428571426,346.0,0,431.0,509.8571428571428,0.0,2.6966666666666668,0.0300000000000002,2.3233333333333333,813.1,11.880000000000004,,0.0,,,,,,0.24281295632104072,0.970073125203784,0.6999999999999964,0.7,0.0,-30.236880952380943,5.222065262526682,5.9534160999999886,1.3136252704447242,5.6205,1.3549544468988284,0.19246192092778974,-68.0,0.0,2.7700000000000005,1.0,0.0,426.42000000000013,1.3976089321586787,1.9389999999999903,4.708143476273704,5.417499666666666,0.9395699859530622,0.342356891994542,0.12149650243226706
2023-03-13,13.638333333333334,7.341666666666666,8.251,563.655,245.85,3.9685,0.14233333333333334,0.14666666666666667,4.014166666666667,58362,宝山,宝山区,1021.695833,10.104167,44.541667,0.0,2.566667,138.627776,804.0,2.44,26.1,2.72,26.1,0,10.71,6.778285714285711,804.0,0,521.3333333333334,533.4285714285714,0.02,2.706666666666667,0.0899999999999998,2.37,1961.76,70.992,,0.0,,,,,,0.6609481467946449,-0.7504315739950742,0.6999999999999964,0.7,7.650000000000091,-9.986666666666679,5.266727138701755,4.394833899999991,1.3808581456414437,5.623166666666667,1.4120141859422308,0.08391608156878032,458.0,1.0,21.700000000000003,1.0,0.0,1375.58,2.1119438255350755,15.189999999999923,6.0290268080983225,3.5341663333333333,0.945320046913132,0.3261441535642696,0.1592734502895431
2023-03-14,14.268333333333333,7.310833333333334,7.5595,599.7996666666667,276.63349999999997,4.533333333333334,0.17066666666666666,0.1495,4.571000000000001,58362,宝山,宝山区,1014.708333,14.65,48.833333,0.0,3.4125,160.83533,1080.0,2.33,26.3,2.68,26.3,0,18.933333333333334,9.373999999999995,1080.0,0,743.3333333333334,597.1428571428571,-0.04,2.7000000000000006,-0.1099999999999998,2.373333333333333,2516.4,70.48400000000001,,0.0,,,,,,0.3282842583398579,-0.9445789780247332,0.6999999999999964,0.7,6.9874999999999545,26.72957142857149,5.580616304230647,5.839749999999988,1.4906923368432716,6.236666666666667,1.1843565911638785,0.08264462809917389,276.0,1.0,0.1999999999999993,1.0,0.0,1505.1599999999999,2.6773906366967006,0.1399999999999988,6.517057739688403,-0.3816666666666677,0.9507903724625832,0.3098349038318025,0.13932602439216224
2023-03-15,14.765,7.3385,7.627833333333334,598.9723333333333,229.35833333333335,4.1985,0.18899999999999997,0.13466666666666668,4.241833333333333,58362,宝山,宝山区,1022.4125,13.604167,61.375,0.0,3.3125,35.442589,641.0,2.11,26.4,2.58,26.4,0,26.26666666666667,12.369714285714284,641.0,0,841.6666666666666,608.8571428571429,-0.1,2.66,-0.2200000000000002,2.293333333333333,1352.51,68.112,1.0,1.0,0.0190249702734839,DLR_GWP_P1D_real_raster_proxy,0.15,wusongkou_aoi_boundary_proxy,"Derived from DLR Global WaterPack daily real raster masks within a station-centered AOI; label denotes boundary-change proxy relative to the median reference mask, not a manual governance-zone annotation.",0.5798869116412109,0.8146969802983306,0.0,0.7,0.0,24.42342857142853,6.203063640365006,3.3895,1.6254747432410885,5.7775,1.277992355683919,0.2318840579710145,-439.0,0.0,0.09999999999999787,1.0,0.0,1317.6000000000001,3.6537278877111743,0.0,4.7072155505144515,1.1608330000000002,0.9559793438440766,0.2934339689665273,0.17100973843897604
2023-03-16,14.731666666666667,7.3475,7.949666666666666,613.0548333333334,152.76283333333333,3.5864999999999996,0.18333333333333335,0.10783333333333334,3.857333333333333,58362,宝山,宝山区,1025.241667,10.2125,60.75,7.7,4.5875,66.342724,654.0,2.25,25.4,2.54,25.4,0,26.03333333333333,16.077142857142857,654.0,0,791.6666666666666,638.8571428571429,-0.04,2.6,0.1400000000000001,2.23,1471.5,64.51599999999999,,0.0,,,,,,0.915962060938845,0.4012648787530046,7.699999999999997,8.4,0.0,32.991142857142904,9.76217123990224,39.96024999999998,13.997560600867988,5.119,1.5350043951165755,0.07525870178739417,13.0,1.0,-1.0,0.0,0.0,760.3800000000001,5.148621741057927,0.0,7.021866346237674,4.519166666666667,0.9608854255574977,0.27694620226893646,0.2396207937844227
2023-03-17,14.61,7.347333333333334,8.112833333333333,665.8183333333333,122.56016666666666,3.5171666666666668,0.27466666666666667,0.11083333333333334,3.9475,58362,宝山,宝山区,1021.720833,7.7375,86.125,20.5,2.908333,347.732897,720.0,2.31,21.4,2.52,21.4,0,24.4,18.804285714285715,720.0,0,671.6666666666666,665.5714285714286,-0.02,2.546666666666667,0.06,2.223333333333333,1663.2,53.928,,0.0,,,,,,-0.21246936976299766,0.9771677271136796,28.199999999999996,28.9,3.520834000000036,71.3123095238094,4.51336055016367,84.94432359999999,54.27533737610367,5.3305,1.5538290016065863,0.028066892498497063,66.0,1.0,-4.0,0.0,0.0,833.1600000000001,5.435948208767389,0.0,10.852891355291192,6.8725,0.9655071658143364,0.2603764827344581,0.2767389664864133
2023-03-18,14.591666666666667,7.3235,7.601333333333334,669.9413333333333,118.26783333333333,3.605833333333333,0.3348333333333333,0.11916666666666668,3.92,58362,宝山,宝山区,1022.879167,9.266667,71.083333,0.0,1.85,47.370539,803.0,2.27,33.1,2.57,33.1,0,26.633333333333336,23.3,803.0,0,725.6666666666666,721.1428571428571,0.0499999999999998,2.543333333333333,-0.04,2.276666666666667,1822.81,85.067,,0.0,,,,,,0.7357489459887196,0.6772543750146529,28.199999999999996,28.9,0.0,61.05764285714292,4.2145754404559765,54.034,49.94093665302096,5.4465,1.4027298069148586,0.032206119162640906,83.0,1.0,11.700000000000003,1.0,0.0,921.44,6.0843451782892,329.94000000000005,9.552702267076025,5.324999666666667,0.969843196967294,0.24372971360968387,0.282740208893252
2023-03-19,14.386666666666665,7.346166666666666,7.570666666666667,666.5151666666667,139.84233333333333,3.584,0.2781666666666667,0.12733333333333333,3.671666666666667,58362,宝山,宝山区,1018.104167,10.9125,66.333333,0.0,2.495833,108.828923,759.0,2.26,33.1,2.57,33.1,0,29.200000000000003,27.4,759.0,0,760.6666666666666,780.1428571428571,0.0,2.553333333333333,-0.0100000000000002,2.28,1715.34,85.067,,0.0,,,,,,0.9464864592758436,-0.3227435241913877,20.499999999999996,28.2,4.775000000000091,41.12135714285728,5.853102904105864,53.663909499999995,47.417176194657124,5.223166666666667,1.3982877101068483,0.03475742256054932,-44.0,0.0,0.0,0.0,0.0,811.0300000000002,5.400838289624095,0.0,9.32902181766309,3.4741666666666653,0.9738922359149924,0.22701082094141847,0.25451848238858554
2023-03-20,14.31,7.3455,7.381,665.564,219.9621666666667,4.006833333333334,0.27466666666666667,0.1455,3.7889999999999997,58362,宝山,宝山区,1010.920833,12.779167,86.916667,25.6,1.75,104.647395,619.0,2.24,28.0,2.58,28.0,0,31.4,27.67142857142857,619.0,0,727.0,753.7142857142857,0.0100000000000002,2.5733333333333337,-0.0199999999999995,2.2566666666666664,1386.5600000000002,72.24000000000001,,0.0,,,,,,0.9675003279540706,-0.25286975977519693,25.599999999999998,53.8,7.183333999999945,25.611761904761806,4.407583495625494,46.556999999999995,101.08289060941974,5.518666666666666,1.2408788242864768,0.028142588590195385,-140.0,0.0,-5.100000000000001,0.0,0.0,774.1799999999997,3.290156007099254,0.0,10.301391982699105,1.5308330000000012,0.9776530844816641,0.2102247521189836,0.1780782775044526
2023-03-21,14.339999999999998,7.311166666666666,6.998666666666668,654.6068333333334,273.81916666666666,4.3196666666666665,0.4151666666666667,0.1845,4.064166666666667,58362,宝山,宝山区,1007.6125,13.1875,93.583333,0.0,1.566667,67.919897,493.0,2.27,0.708,2.58,0.708,0,20.602666666666668,24.01542857142857,493.0,0,623.6666666666666,669.8571428571429,0.0,2.5766666666666667,0.0299999999999998,2.2566666666666664,1119.11,1.82664,,0.0,,,,,,0.9266592257098557,0.37590248656641084,25.599999999999998,53.8,3.3083330000000615,6.8250000000000455,3.9488137567433705,41.6838422,104.608755668579,6.324333333333334,1.0435177961139475,0.031771247021445535,-126.0,0.0,-27.292,0.0,0.0,637.5699999999998,2.2693710712802053,0.0,9.328478005359816,1.152499999999998,0.981124629771712,0.19337647441020586,0.14105538463207634
2023-03-22,14.476666666666667,7.289833333333333,6.628666666666667,637.8183333333333,270.2815,4.396333333333334,0.4546666666666667,0.20316666666666663,4.144333333333333,58362,宝山,宝山区,1006.391667,14.433333,90.0,1.2,2.408333,341.383971,467.0,2.45,5.27,2.77,5.27,0,11.326000000000002,20.99685714285714,467.0,0,526.3333333333334,645.0,0.1899999999999999,2.643333333333333,0.1800000000000001,2.3200000000000003,1144.15,14.5979,1.0,1.0,0.0225921521997621,DLR_GWP_P1D_real_raster_proxy,0.357142857142857,wusongkou_aoi_boundary_proxy,"Derived from DLR Global WaterPack daily real raster masks within a station-centered AOI; label denotes boundary-change proxy relative to the median reference mask, not a manual governance-zone annotation.",-0.3192244433904532,0.9476791412403542,26.799999999999997,55.0,1.2208329999999705,-15.512928571428574,4.099402005811507,67.01465739999999,104.87675662788101,6.630666666666666,0.9497448570130419,0.031817579887420525,-26.0,0.0,4.561999999999999,1.0,0.0,581.7400000000001,1.9401740750229315,122.26159999999997,9.66077711074563,0.04333366666666727,0.984305844499033,0.17647097349152166,0.14325451780924625
2023-03-23,14.656666666666666,7.2540000000000004,6.700333333333333,645.9973333333334,301.66283333333337,4.3133333333333335,0.3361666666666667,0.17800000000000002,4.0405,58362,宝山,宝山区,1014.9875,11.316667,69.583333,0.0,3.366667,0.516396,494.0,2.52,9.44,2.79,9.44,0,5.139333333333336,18.71685714285714,494.0,0,484.6666666666667,622.1428571428571,0.02,2.7133333333333334,0.0699999999999998,2.4133333333333336,1244.88,26.3376,,0.0,,,,,,0.009012688425062403,0.9999593848988831,1.1999999999999964,47.3,0.0,-12.040000000000077,4.327693385087243,7.431167399999989,80.48512393279465,6.156666666666667,1.0179199392598814,0.17964070780594577,27.0,1.0,4.17,1.0,0.0,557.4699999999999,1.6013418672152784,5.003999999999985,4.887279248620663,3.3399996666666656,0.9871957872910085,0.15951325197263655,0.12467492409064607
2023-03-24,14.338333333333333,7.284,7.031333333333333,682.2835,316.08099999999996,4.107833333333333,0.30616666666666664,0.17833333333333334,3.893166666666666,58362,宝山,宝山区,1021.4375,8.408333,64.958333,1.3,2.525,12.469466,431.0,2.56,7.52,2.82,7.52,0,7.410000000000001,16.733999999999998,431.0,0,464.0,580.8571428571429,0.0299999999999998,2.793333333333333,0.04,2.51,1103.36,21.2064,,0.0,,,,,,0.21591929669847498,0.9764112132258805,2.4999999999999964,28.099999999999998,0.0,21.894000000000005,3.980460062400266,8.85149999999999,46.672704794097726,5.982666666666666,1.1013237766548378,0.1659751037344399,-63.0,0.0,-1.92,0.0,0.0,513.76,1.4633484819336386,0.0,4.587159586156842,5.930000333333332,0.9897936029670716,0.14250832791617088,0.11677582700073974
2023-03-25,14.216666666666667,7.249666666666666,6.3629999999999995,715.8993333333333,309.9891666666667,4.115166666666666,0.18899999999999997,0.17300000000000001,3.7439999999999998,58362,宝山,宝山区,1019.925,8.8625,66.041667,0.0,1.979167,345.600949,717.0,2.61,7.93,2.84,7.93,0,8.296666666666669,13.138285714285711,717.0,0,547.3333333333334,568.5714285714286,0.02,2.8166666666666664,0.0499999999999998,2.563333333333333,1871.37,22.5212,,0.0,,,,,,-0.24867384431872863,0.9685872800897938,1.2999999999999965,28.099999999999998,1.5125000000000455,48.94440476190482,3.4578045017959984,4.569584099999992,46.99215681394569,5.663,1.019374476447668,0.1726618605662226,286.0,1.0,0.41000000000000014,1.0,0.0,1053.1499999999999,1.7599755618496893,0.5329999999999987,4.529361635324077,5.354166666666666,0.992098522791769,0.12546123335273648,0.12006854638304443
2023-03-26,14.186666666666667,7.269166666666667,6.502333333333333,872.0396666666667,288.4096666666667,4.3933333333333335,0.2245,0.1795,3.903,58362,宝山,宝山区,1022.220833,10.779167,60.958333,0.0,1.9625,56.206689,700.0,2.51,7.91,2.83,7.91,0,7.786666666666669,9.539714285714282,700.0,0,616.0,560.1428571428571,-0.0099999999999997,2.83,-0.1,2.56,1756.9999999999998,22.3853,,0.0,,,,,,0.8310494083838774,0.5561985983664535,1.2999999999999965,28.099999999999998,0.0,175.7240952380953,4.5763106470085475,4.548749999999993,45.555276886144924,5.9225,0.9882220765580539,0.2346041055718477,-17.0,0.0,-0.019999999999999574,0.0,0.0,788.7,2.1284707145234725,0.0,4.206416783495415,3.407499666666668,0.9941098647022418,0.10837701279187609,0.13227501126646857
2023-03-27,14.168333333333335,7.308666666666667,7.084833333333333,1147.6381666666666,282.41283333333337,4.196333333333333,0.166,0.16016666666666668,3.5481666666666665,58362,宝山,宝山区,1023.170833,11.2625,58.333333,0.0,1.625,105.831988,953.0,2.49,12.8,2.81,12.8,0,9.546666666666669,7.368285714285711,953.0,0,790.0,607.8571428571429,-0.02,2.8266666666666667,-0.0199999999999995,2.536666666666666,2372.9700000000003,35.968,,0.0,,,,,,0.9620658306269106,-0.27281740695958606,0.0,2.4999999999999964,0.0,382.4548571428571,4.217456525485973,1.632,4.311704803134695,5.315833333333333,1.1478077780758715,0.38095238095238093,253.0,1.0,4.890000000000001,1.0,0.0,1230.1199999999994,2.7874531675523984,0.0,3.858013758590574,2.9058333333333355,0.9958270335100595,0.09126072172931188,0.1358290244121605
2023-03-28,14.338333333333333,7.303333333333334,7.0921666666666665,1198.9896666666666,247.38066666666666,4.521666666666667,0.18466666666666667,0.15916666666666665,3.7131666666666665,58362,宝山,宝山区,1023.204167,14.283333,48.833333,0.0,2.495833,104.331418,1060.0,2.4,31.2,2.78,31.2,0,17.303333333333338,11.724285714285712,1060.0,0,904.3333333333334,688.8571428571429,-0.0300000000000002,2.806666666666666,-0.0900000000000003,2.466666666666667,2544.0,86.73599999999999,,0.0,,,,,,0.9688801444273052,-0.24753033295845622,0.0,2.4999999999999964,0.0,356.037380952381,5.959041108298532,2.5273330000000005,4.156895803893396,5.4895,1.098838506666313,0.2860548544509992,107.0,1.0,18.4,1.0,0.0,1272.0300000000004,3.640916764858242,0.0,4.424524474001189,0.05500033333333221,0.9972495210773451,0.07411742515094437,0.1582242081360573
2023-03-29,14.563333333333333,7.338333333333334,7.277166666666666,1145.7843333333333,171.98216666666667,4.269666666666667,0.22266666666666665,0.13516666666666666,3.4821666666666666,58362,宝山,宝山区,1019.929167,13.979167,69.625,5.1,2.195833,104.622527,1050.0,2.29,33.9,2.68,33.9,0,25.96666666666667,15.814285714285711,1050.0,0,1021.0,772.1428571428571,-0.0999999999999996,2.7566666666666664,-0.1099999999999998,2.393333333333333,2404.5,90.852,0.0,1.0,0.0142687277051129,DLR_GWP_P1D_real_raster_proxy,0.15,wusongkou_aoi_boundary_proxy,"Derived from DLR Global WaterPack daily real raster masks within a station-centered AOI; label denotes boundary-change proxy relative to the median reference mask, not a manual governance-zone annotation.",0.967609989498487,-0.252449813275308,5.099999999999996,6.399999999999996,3.2749999999999773,230.2654761904762,5.364167551701974,13.43308129999999,11.350190230309444,5.0565,1.2047190739607425,0.0864242012653715,-10.0,0.0,2.6999999999999993,1.0,0.0,1176.6,5.902342534346026,13.769999999999985,5.910701101890159,0.5841663333333322,0.998376906467142,0.056952196034039754,0.219629898697987
2023-03-30,14.615,7.303166666666667,7.020166666666667,739.2991666666667,122.36883333333333,3.9279999999999995,0.3401666666666667,0.11433333333333333,3.554,58362,宝山,宝山区,1018.275,12.791667,71.208333,0.9,1.566667,76.635165,1090.0,2.25,25.9,2.61,25.9,0,30.33333333333333,18.165714285714284,1090.0,0,1066.6666666666667,857.2857142857143,-0.0700000000000002,2.69,-0.04,2.313333333333333,2452.5,67.59899999999999,,0.0,,,,,,0.9729179291107442,0.23115082352191843,5.9999999999999964,7.299999999999996,1.6541670000000295,-189.54852380952366,4.140132911121103,10.980668999999994,13.014910683040277,5.0375,1.2428577312884113,0.09783937396889505,40.0,1.0,-8.0,0.0,0.0,1175.2,8.646159956661124,0.0,5.394336724787766,1.8233329999999999,0.9992088560679753,0.03977011384605572,0.27700200532576347
2023-03-31,14.823333333333332,7.283833333333334,7.0395,624.648,93.628,3.7876666666666665,0.3758333333333333,0.09949999999999999,3.4133333333333336,58362,宝山,宝山区,1016.979167,14.5125,70.458333,0.0,2.104167,67.266096,939.0,2.19,24.1,2.58,24.1,0,27.96666666666667,20.534285714285712,939.0,0,1026.3333333333333,929.8571428571428,-0.0299999999999998,2.623333333333333,-0.06,2.243333333333333,2056.41,62.178,,0.0,,,,,,0.9223095732916535,0.38645187412479715,5.9999999999999964,5.9999999999999964,1.295833000000016,-295.9660476190476,5.071742349193986,14.750168999999993,10.732421841540479,4.784166666666667,1.299335120320152,0.09615384615384603,-151.0,0.0,-1.7999999999999972,0.0,0.0,1155.4,10.845979343675586,0.0,5.583517247194314,0.3108333333333331,0.9997451236925734,0.022576263041545485,0.32201997202163846
2023-04-01,15.261666666666665,7.2575,7.144333333333333,640.128,82.96733333333333,3.6506666666666665,0.3541666666666667,0.09183333333333334,3.3095,58362,宝山,宝山区,1015.336842,13.221053,68.894737,0.0,1.168421,118.257294,801.0,2.18,34.7,2.55,34.7,0,28.23333333333333,24.358571428571423,801.0,0,943.3333333333334,941.8571428571428,-0.0300000000000002,2.58,-0.0099999999999997,2.2066666666666666,1746.18,88.485,,0.0,,,,,,0.8808304754312092,-0.47343180454172057,0.8999999999999965,5.9999999999999964,1.6423249999999143,-269.6615714285714,3.2006681161137855,2.2234998999999953,10.6399806616065,4.582,1.3713866911926982,0.21228060269010873,-138.0,0.0,10.600000000000001,1.0,0.0,948.3899999999998,11.234527713158293,9.539999999999964,4.002158502756404,2.0406136666666654,0.9999855506507186,0.005375731557583884,0.3423076396141336
2023-04-02,15.721666666666666,7.297166666666667,7.118333333333333,646.5806666666666,96.62816666666667,3.6918333333333333,0.35333333333333333,0.09633333333333333,3.2905,58362,宝山,宝山区,1016.404348,15.652174,76.652174,0.0,2.891304,96.527458,557.0,2.2,25.5,2.49,25.5,0,28.100000000000005,26.871428571428567,557.0,0,765.6666666666666,921.4285714285714,-0.0599999999999996,2.5400000000000005,0.02,2.19,1225.4,63.495000000000005,,0.0,,,,,,0.9935174909251022,-0.11367935268064075,0.0,5.9999999999999964,0.0,-231.00047619047632,6.712518939938908,2.898304,11.10474116612661,4.607166666666667,1.3464711629025126,0.2569832631940347,-244.0,0.0,-9.200000000000003,0.0,0.0,817.02,7.842682012875382,0.0,4.384647889728968,0.06949266666666531,0.9999300657962057,-0.011826390691832589,0.3167220981852018
2023-04-03,15.956666666666665,7.384,7.508833333333333,634.3035,110.61500000000001,3.6606666666666663,0.31383333333333335,0.10216666666666667,3.160833333333333,58362,宝山,宝山区,1012.8,17.475,75.416667,19.2,4.979167,129.259638,290.0,2.26,23.5,2.5,23.5,0,27.9,28.4,290.0,0,549.3333333333334,826.7142857142857,0.0099999999999997,2.5133333333333336,0.0599999999999996,2.2133333333333334,655.4,58.75,,0.0,,,,,,0.7742862027051147,-0.6328355839398524,19.199999999999996,25.199999999999996,3.6043480000000727,-169.9441190476191,9.685465799140344,100.60017339999999,44.70957632326775,4.496333333333333,1.4205443203840684,0.034742108460346054,-267.0,0.0,-2.0,0.0,0.0,590.4199999999997,4.921680180381967,0.0,9.945716170675277,-1.5183333333333362,0.9995786855478958,-0.029025013321975237,0.29399638778895476
2023-04-04,16.82,7.4762,7.7918,493.2443999999999,95.9446,3.5865,0.37360000000000004,0.189,3.3948,58362,宝山,宝山区,1007.991667,17.9625,85.166667,2.7,4.3375,205.366102,425.0,2.26,17.6,2.54,17.6,0,22.2,26.457142857142856,425.0,0,424.0,736.0,0.04,2.51,0.0,2.24,960.5,44.70400000000001,,0.0,,,,,,-0.42840061656077927,-0.903588906378528,21.899999999999995,27.899999999999995,4.808332999999948,-210.18246666666676,7.103853576272786,99.32874999999999,52.13312293480083,5.6584,1.287677681605702,0.03120530522642372,135.0,1.0,-5.899999999999999,0.0,0.0,560.0,4.37363195061922,0.0,10.488050621321655,-1.1424999999999983,0.9989315138848577,-0.046215046983708354,0.31791471756369194
2023-04-05,16.505,7.4045,7.4515,591.7068333333333,163.569,5.358833333333333,0.28883333333333333,0.1305,3.0935,58362,宝山,宝山区,1014.991667,13.141667,68.625,0.0,3.345833,285.75297,653.0,2.38,10.6,2.58,10.6,0,17.233333333333334,23.12857142857143,653.0,0,456.0,679.2857142857143,0.04,2.54,0.1200000000000001,2.2999999999999994,1554.14,27.348,0.0,1.0,0.0142687277051129,DLR_GWP_P1D_real_raster_proxy,0.15,wusongkou_aoi_boundary_proxy,"Derived from DLR Global WaterPack daily real raster masks within a station-centered AOI; label denotes boundary-change proxy relative to the median reference mask, not a manual governance-zone annotation.",-0.9624411646977625,0.2714903395983261,21.899999999999995,22.799999999999997,0.0,-32.56610476190474,7.538466512122789,76.66157569999999,38.881987713113965,4.687333333333333,1.059210758765245,0.038101286402302426,228.0,1.0,-7.000000000000002,0.0,0.0,986.7200000000001,2.7708742229703045,0.0,9.122674765771553,3.363332999999999,0.9979887423155984,-0.06339140486951038,0.2280926403982172
2023-04-06,16.341666666666665,7.426333333333333,7.549333333333334,553.0063333333334,184.043,3.828,0.19816666666666669,0.13133333333333333,2.965,58362,宝山,宝山区,1016.845833,11.125,81.25,3.1,1.9,284.928726,372.0,2.35,2.17,2.63,2.17,0,10.123333333333331,19.738571428571426,372.0,0,483.3333333333333,576.7142857142857,0.0499999999999998,2.583333333333333,-0.0299999999999998,2.33,874.2,5.7071,,0.0,,,,,,-0.9662470409292937,0.2576172662990271,5.799999999999997,24.999999999999996,0.0,-44.65334285714289,4.624106140712231,12.930499999999995,45.67385675061427,4.4765,1.3422934836661298,0.11494252873563221,-281.0,0.0,-8.43,0.0,0.0,672.5899999999999,2.612005497821227,0.0,4.799562469661112,5.216666666666665,0.9967506498213929,-0.08054900421874167,0.2081898104091947
2023-04-07,16.313333333333333,7.389833333333333,7.2124999999999995,549.4975000000001,198.19766666666666,3.7095000000000002,0.2041666666666667,0.13516666666666666,2.823166666666667,58362,宝山,宝山区,1022.883333,12.454167,69.541667,0.0,2.495833,322.602747,560.0,2.43,0.358,2.71,0.358,0,4.376,16.34685714285714,560.0,0,528.3333333333334,522.5714285714286,0.08,2.64,0.08,2.3866666666666667,1360.8000000000002,0.97018,,0.0,,,,,,-0.6073377514561079,0.7944437397677944,3.0999999999999965,24.999999999999996,0.0,-37.42639047619036,4.961104738058356,10.260915299999992,42.637708440483124,4.379,1.2953184955359447,0.15161087310730886,188.0,1.0,-1.8119999999999998,0.0,0.0,807.84,2.652306837596826,0.0,4.790414421338004,3.8591663333333326,0.9952176027737294,-0.09768276782171598,0.19567874947813824
2023-04-08,16.52,7.367,7.174833333333333,543.9963333333334,177.90833333333333,3.5231666666666666,0.14316666666666666,0.1275,2.7961666666666667,58362,宝山,宝山区,1023.9875,13.208333,43.0,0.0,1.9875,105.792545,477.0,2.42,4.08,2.74,4.08,0,2.2026666666666666,11.972571428571426,477.0,0,469.6666666666667,476.2857142857143,0.0300000000000002,2.6933333333333334,-0.0100000000000002,2.4,1154.34,11.179200000000002,,0.0,,,,,,0.9622534129367265,-0.2721550464195394,3.0999999999999965,24.999999999999996,0.0,-29.19446190476185,4.8254202680854625,8.152249999999993,35.92459756941643,4.214333333333333,1.3565872953665474,0.16427104722792615,-83.0,0.0,3.722,1.0,0.0,565.6000000000001,2.6251804928035773,11.538199999999987,4.41372517591255,3.311667,0.9933900548258936,-0.11478762552212701,0.21391236629637722
2023-04-09,16.683333333333334,7.296500000000001,6.590833333333333,579.2955000000001,172.302,3.8245,0.11783333333333333,0.12833333333333333,2.9765,58362,宝山,宝山区,1017.352174,15.895652,50.0,0.0,2.878261,158.195877,613.0,2.45,4.73,2.74,4.73,0,3.056,9.005428571428569,613.0,0,550.0,484.2857142857143,0.0,2.73,0.0300000000000002,2.4333333333333336,1501.85,12.960200000000002,,0.0,,,,,,0.3714346483591846,-0.9284591008753638,0.0,24.999999999999996,6.635325999999964,15.716871428571494,4.910346101643026,2.888761,37.710029589943325,4.377666666666666,1.1896051063107125,0.09511501640686508,136.0,1.0,0.6500000000000004,1.0,0.0,771.4700000000001,3.1736506214584947,0.0,5.759288319692787,0.7876813333333335,0.9912685467787256,-0.13185851571739118,0.21931635905037128
2023-04-10,17.05666666666667,7.286333333333334,6.552166666666667,588.567,187.7495,3.9621666666666666,0.13966666666666666,0.129,3.1308333333333334,58362,宝山,宝山区,1010.709091,21.177273,56.863636,0.0,3.759091,167.795888,633.0,2.38,3.83,2.73,3.83,0,4.213333333333334,6.195428571428569,633.0,0,574.3333333333334,533.2857142857143,-0.0100000000000002,2.736666666666667,-0.0700000000000002,2.4166666666666665,1506.54,10.4559,,0.0,,,,,,0.2113949430352243,-0.9774007254238838,0.0,5.799999999999997,6.643083000000047,31.522157142857168,5.521551170974808,3.7835910000000004,9.345773804967353,4.5605,1.1538537353575244,0.08770257321103817,20.0,1.0,-0.9000000000000004,0.0,0.0,698.7100000000002,3.0428336675505543,0.0,6.301818607946216,-4.120606333333331,0.9888537064205885,-0.1488903868564548,0.20482354070474917
2023-04-11,17.58,7.2989999999999995,6.4623333333333335,588.3246666666666,195.97083333333333,4.075,0.09916666666666667,0.13116666666666668,3.2695000000000003,58362,宝山,宝山区,1014.116667,19.191667,56.0,0.0,2.9625,6.562391,653.0,2.35,2.44,2.72,2.44,0,3.6666666666666674,4.029714285714283,653.0,0,633.0,565.8571428571429,-0.0099999999999997,2.7300000000000004,-0.0299999999999998,2.393333333333333,1534.55,6.6368,,0.0,,,,,,0.11428507502275831,0.9934479964381843,0.0,3.0999999999999965,0.0,17.696928571428543,4.273535637473501,2.973,5.067066756142068,4.6803333333333335,1.1227194250034462,0.25236593059936907,20.0,1.0,-1.3900000000000001,0.0,0.0,693.1899999999998,3.2136737672667275,0.0,4.501773423169383,-1.6116670000000006,0.986146248341595,-0.16587819893463143,0.19758690425533498
2023-04-12,17.448333333333334,7.286666666666666,6.5735,591.5906666666666,151.84683333333334,3.812333333333333,0.059666666666666666,0.12066666666666666,3.0305,58362,宝山,宝山区,1019.152632,15.831579,37.631579,0.0,2.736842,100.365757,526.0,2.35,27.0,2.71,27.0,0,11.090000000000002,6.372571428571425,526.0,0,604.0,547.7142857142857,-0.0100000000000002,2.72,0.0,2.36,1236.1,73.17,0.0,1.0,0.0023781212841854,DLR_GWP_P1D_real_raster_proxy,0.8571428571428572,wusongkou_aoi_boundary_proxy,"Derived from DLR Global WaterPack daily real raster masks within a station-centered AOI; label denotes boundary-change proxy relative to the median reference mask, not a manual governance-zone annotation.",0.9836791829724068,-0.17993127851137586,0.0,3.0999999999999965,0.0,20.979523809523698,6.369096584765773,2.736842,4.640435748694,4.296833333333334,1.2178258275592786,0.26760564134100395,-127.0,0.0,24.56,1.0,0.0,653.0,3.951668391341659,0.0,4.276984118615658,1.6167543333333345,0.9831469737221499,-0.1828169249850199,0.2406349670904303
2023-04-13,17.509999999999998,7.26525,6.5325,597.073,131.522,3.7025,0.06,0.1085,3.03575,58362,宝山,宝山区,1011.873913,18.73913,65.0,0.0,2.578261,140.996456,885.0,2.42,34.8,2.63,34.8,0,21.413333333333338,11.033999999999995,885.0,0,688.0,621.0,-0.08,2.686666666666667,0.0699999999999998,2.373333333333333,2141.7,91.524,,0.0,,,,,,0.6293684597964659,-0.7771070336919003,0.0,0.0,7.278719000000024,20.166619047619065,5.2189446971140585,2.6027609999999997,0.4664484029808458,4.18075,1.2608744973264427,0.0921066447575659,359.0,1.0,7.799999999999997,1.0,0.0,1331.0799999999997,5.191590830201778,0.0,5.856852936902277,-1.2291300000000014,0.9798567700958665,-0.1997015525660636,0.2648540490330731
2023-04-14,18.03333333333333,7.25,6.349,613.7586666666666,92.24900000000001,3.682,0.134,0.10400000000000001,2.9850000000000003,58362,宝山,宝山区,1008.5125,19.1375,76.125,0.0,2.395833,314.912508,799.0,2.24,34.8,2.61,34.8,0,32.2,15.954285714285712,799.0,0,736.6666666666666,655.1428571428571,-0.02,2.65,-0.1799999999999997,2.3366666666666664,1789.7600000000002,90.828,,0.0,,,,,,-0.7081857250011092,0.7060261885402364,0.0,0.0,3.3614129999999705,27.67211904761905,5.095219489236772,2.458833,0.5253824813883664,4.159000000000001,1.224836124728252,0.1479892843918964,-86.0,0.0,0.0,0.0,0.0,1044.2999999999997,7.899995352943908,0.0,4.922494640376683,-1.1041666666666679,0.9762766110869321,-0.21652708524481437,0.3245116946788209
2023-04-15,18.148333333333333,7.238499999999999,6.509666666666667,624.2011666666666,80.18016666666666,3.6485,0.17,0.09683333333333333,2.9375,58362,宝山,宝山区,1007.491667,17.6,70.125,0.0,2.8375,190.038204,728.0,2.24,36.9,2.62,36.9,0,35.5,20.64285714285714,728.0,0,804.0,691.0,0.0100000000000002,2.62,0.0,2.3000000000000003,1630.7200000000005,96.678,,0.0,,,,,,-0.17430479463212098,-0.9846917479943935,0.0,0.0,1.0208330000000387,26.65678571428566,4.320840914569942,2.8375,0.5395968390882668,4.075833333333334,1.2720389091642028,0.20583191806736836,-71.0,0.0,2.1000000000000014,1.0,0.0,799.0,9.903896887786631,0.0,4.6641935258287255,0.548333333333332,0.9724075561219968,-0.23328854407545518,0.34803735996961405
2023-04-16,18.463333333333335,7.275833333333334,6.807166666666667,625.4895,82.94816666666667,3.661,0.17183333333333337,0.09633333333333333,2.901,58362,宝山,宝山区,1009.541667,18.695833,61.875,0.0,2.85,102.529617,673.0,2.31,40.6,2.58,40.6,0,37.43333333333333,25.76714285714285,673.0,0,733.3333333333334,699.5714285714286,-0.04,2.603333333333333,0.0699999999999998,2.2633333333333336,1554.63,104.748,,0.0,,,,,,0.9761839959894312,-0.21694424623415623,0.0,0.0,0.0,21.34597619047622,6.609108905206725,2.8745,0.5473387707910355,4.0361666666666665,1.3283199250926798,0.2597402597402597,-55.0,0.0,3.700000000000003,1.0,0.0,778.9599999999999,8.735549118602949,0.0,4.447752910816915,-0.23249966666666566,0.9682507501166718,-0.2499809690726521,0.34234638830706166
2023-04-17,18.851666666666667,7.294833333333333,6.897166666666667,604.048,99.52083333333333,3.789,0.21950000000000003,0.10733333333333334,2.872,58362,宝山,宝山区,1008.5375,23.454167,60.041667,0.0,3.858333,167.557524,457.0,2.29,31.4,2.54,31.4,0,36.3,29.705714285714283,457.0,0,619.3333333333334,674.4285714285714,-0.04,2.58,-0.02,2.28,1046.53,79.756,,0.0,,,,,,0.21545932023081563,-0.976512816774913,0.0,0.0,1.0041669999999385,-2.3070952380952576,5.608677183021252,3.865333,0.5428489989974654,4.164833333333333,1.2818364100020814,0.17057569296375447,-216.0,0.0,-9.200000000000003,0.0,0.0,686.46,6.161243523316063,0.0,5.092679039679183,-4.602500333333335,0.9638074231367307,-0.26659942067929354,0.31176601470428944
2023-04-18,19.265,7.333833333333334,6.996666666666667,578.4243333333334,131.97466666666665,3.823166666666667,0.1366666666666667,0.1145,2.8193333333333332,58362,宝山,宝山区,1007.275,25.995833,59.541667,0.0,2.241667,171.868494,500.0,2.31,32.0,2.57,32.0,0,34.666666666666664,33.92857142857142,500.0,0,543.3333333333334,652.5714285714286,0.0299999999999998,2.563333333333333,0.02,2.303333333333333,1155.0,82.24,,0.0,,,,,,0.14144560821664778,-0.9899460287895612,0.0,0.0,1.2625000000000455,-26.51642857142849,3.491231867396918,2.248667,0.5361324818690694,4.101,1.2946754362755786,0.2220166348183782,43.0,1.0,0.6000000000000014,1.0,0.0,553.86,4.085991316641767,0.0,4.211559882656074,-6.7308330000000005,0.9590788900341131,-0.28313898122818354,0.26427525890410597
2023-04-19,19.466666666666665,7.319,7.021833333333333,537.8883333333333,161.49366666666666,3.7746666666666666,0.06333333333333334,0.12316666666666666,2.691333333333333,58362,宝山,宝山区,1007.0375,19.595833,82.208333,0.0,2.345833,92.056465,245.0,2.32,13.0,2.57,13.0,0,25.46666666666667,31.928571428571423,245.0,0,400.6666666666667,612.4285714285714,0.0,2.56,0.0099999999999997,2.306666666666666,568.4,33.41,0.0,1.0,0.0047562425683709,DLR_GWP_P1D_real_raster_proxy,0.7142857142857143,wusongkou_aoi_boundary_proxy,"Derived from DLR Global WaterPack daily real raster masks within a station-centered AOI; label denotes boundary-change proxy relative to the median reference mask, not a manual governance-zone annotation.",0.9993559482555762,-0.035884379417765275,0.0,0.0,0.23749999999995453,-59.380666666666684,5.515954892554078,2.3493329999999997,0.491382911937747,3.9863333333333335,1.30539380427028,0.2790697934018448,-255.0,0.0,-19.0,0.0,0.0,504.9999999999999,2.4657371261649175,0.0,3.7840201602096717,-0.12916633333333394,0.9540665500578387,-0.2995947563972602,0.2302467310187114
2023-04-20,19.763333333333335,7.317,6.9165,529.8083333333333,173.968,3.7278333333333333,0.06283333333333334,0.1235,2.699666666666667,58362,宝山,宝山区,1009.626087,18.486957,82.956522,0.0,2.465217,60.372923,337.0,2.45,6.7,2.65,6.7,0,17.233333333333334,27.91428571428571,337.0,0,360.6666666666667,534.1428571428571,0.08,2.5966666666666662,0.1300000000000003,2.36,825.6500000000001,17.755,,0.0,,,,,,0.8692614039886807,0.49435271976153594,0.0,0.0,0.0,-57.85142857142864,5.481591874879216,2.510717,0.43548771311397383,3.9975,1.292066641270752,0.2885822157746542,92.0,1.0,-6.3,0.0,0.0,484.77000000000015,2.061329309740448,0.0,3.9554988822203576,1.2763763333333351,0.9487718864399473,-0.31596187665790293,0.21769244329098136
2023-04-21,19.698333333333334,7.3629999999999995,7.366499999999999,472.24133333333333,173.9755,3.5893333333333337,0.05416666666666667,0.123,2.6218333333333335,58362,宝山,宝山区,1016.091667,14.916667,57.208333,0.0,3.408333,25.944974,97.9,2.45,4.7,2.7,4.7,0,8.133333333333333,23.61428571428571,97.9,0,226.63333333333333,433.9857142857143,0.0500000000000002,2.64,0.0,2.4066666666666667,239.855,12.69,,0.0,,,,,,0.4375077565512701,0.8992146367566948,0.0,0.0,0.0,-95.20166666666665,5.58862151020396,3.408333,0.33178960870888724,3.906,1.4065848118255215,0.2268431173416346,-239.1,0.0,-2.0,0.0,0.0,337.0,1.295228951100773,0.0,4.01615637355763,4.781666333333334,0.9431964659565866,-0.33223549871590435,0.21768516776183455
2023-04-22,19.543333333333333,7.384333333333333,7.395500000000001,478.25466666666665,178.01633333333334,3.4363333333333337,0.06233333333333333,0.12216666666666666,2.491,58362,宝山,宝山区,1017.558333,16.783333,61.875,0.0,3.429167,67.636602,229.0,2.57,2.51,2.72,2.51,0,4.636666666666667,18.70142857142857,229.0,0,221.3,362.7,0.02,2.69,0.1199999999999996,2.49,588.53,6.8272,,0.0,,,,,,0.9247892823835943,0.38047967513184827,0.0,0.0,0.0,-68.33883333333341,7.416135785441982,3.471167,0.2593939311363569,3.775,1.4453049486253617,0.22577608837056723,131.1,1.0,-2.1900000000000004,0.0,0.0,403.3119999999999,1.2362000487851201,0.0,4.3859188686209665,2.760000333333334,0.9373419384643772,-0.3484108069446808,0.21380993482950617
2023-04-23,19.423333333333332,7.362333333333333,7.2636666666666665,487.34,153.77783333333332,3.776666666666667,0.06266666666666666,0.129,2.6641666666666666,58362,宝山,宝山区,1020.154167,14.304167,80.208333,7.0,3.904167,61.178788,150.0,2.57,0.924,2.72,0.924,0,2.7113333333333336,13.033428571428567,150.0,0,158.96666666666667,287.9857142857143,0.0,2.7133333333333334,0.0,2.53,385.5,2.5132800000000004,,0.0,,,,,,0.8761282655140974,0.48207806667308495,6.9999999999999964,6.9999999999999964,0.0,-39.51785714285717,8.077310037509616,31.233335999999987,12.811291990163975,4.0168333333333335,1.3193670075825585,0.08400419785777537,-79.0,0.0,-1.5859999999999999,0.0,0.0,229.0,1.0270635222313274,0.0,5.890389939407852,5.119166333333332,0.9312100364121947,-0.3644830148102912,0.2385040425327256
2023-04-24,18.790000000000003,7.392333333333333,7.492,471.14183333333335,150.91566666666668,3.423166666666667,0.10333333333333333,0.1205,2.5868333333333333,58362,宝山,宝山区,1020.333333,13.620833,73.375,0.2,3.170833,45.620368,149.0,2.57,0.379,2.73,0.379,0,1.271,8.60185714285714,149.0,0,176.0,243.9857142857143,0.0099999999999997,2.723333333333334,0.0,2.57,382.93,1.03467,,0.0,,,,,,0.7147213568676289,0.6994093093727702,7.199999999999997,7.199999999999997,0.0,-36.72942857142857,6.188690358275093,26.000830599999986,12.606033039468509,3.895166666666667,1.4509813823583788,0.08794430452017017,-1.0,0.0,-0.545,0.0,0.0,150.0,1.1585375219145708,0.0,5.487727660169651,5.169167000000003,0.9248025743285089,-0.38044736628785164,0.24167218139472613
2023-04-25,18.69333333333333,7.333166666666667,6.8084999999999996,523.3163333333333,142.9466666666667,3.604333333333333,0.13183333333333333,0.12566666666666668,2.682166666666667,58362,宝山,宝山区,1016.145833,15.05,65.541667,0.0,2.004167,278.59357,758.0,2.64,8.35,2.76,8.35,0,3.2176666666666662,5.223285714285711,758.0,0,352.3333333333333,280.8428571428572,0.0299999999999998,2.736666666666667,0.0700000000000002,2.5933333333333333,2001.12,23.046,,0.0,,,,,,-0.9887731563752918,0.14942437964282346,7.199999999999997,7.199999999999997,4.1875,23.317642857142857,4.980633797102544,16.45866939999999,12.134892331880847,4.070666666666667,1.2642905556237862,0.06948465386254422,609.0,1.0,7.971,1.0,0.0,1462.6900000000003,2.4476658021489435,57.39119999999998,6.285294929069722,3.643333333333331,0.9181214482844364,-0.39629913726891813,0.2508179552625841
2023-04-26,18.94333333333333,7.317,6.608666666666667,580.5573333333333,127.02466666666668,3.7495,0.10933333333333334,0.1215,2.6991666666666667,58362,宝山,宝山区,1018.608333,16.804167,67.583333,0.0,2.366667,99.82832,770.0,2.46,32.2,2.74,32.2,0,13.643,7.966142857142855,770.0,0,559.0,355.8428571428572,-0.0199999999999995,2.7433333333333336,-0.1800000000000001,2.556666666666666,1894.2,88.22800000000001,0.0,1.0,0.0095124851367419,DLR_GWP_P1D_real_raster_proxy,0.4285714285714286,wusongkou_aoi_boundary_proxy,"Derived from DLR Global WaterPack daily real raster masks within a station-centered AOI; label denotes boundary-change proxy relative to the median reference mask, not a manual governance-zone annotation.",0.9853236474322408,-0.1706965430547004,0.19999999999999646,7.199999999999997,0.0,74.46307142857142,5.695753216732019,2.903000399999992,12.468594336835963,4.0235,1.2159517720906994,0.28037380557254177,12.0,1.0,23.85,1.0,0.0,922.7600000000001,4.3663460687263385,4.769999999999916,4.271984241317518,2.139166333333332,0.9111686353326631,-0.41203363695942635,0.2707142693918194
2023-04-27,19.31833333333333,7.294666666666667,6.453166666666667,599.9953333333333,113.23516666666667,3.7776666666666667,0.07616666666666667,0.11166666666666668,2.7723333333333335,58362,宝山,宝山区,1016.229167,18.5125,60.75,0.0,3.691667,146.326364,940.0,2.4,24.6,2.65,24.6,0,21.71666666666667,10.523285714285713,940.0,0,822.6666666666666,441.9857142857143,-0.0900000000000003,2.716666666666667,-0.06,2.5,2256.0,65.19,,0.0,,,,,,0.5544615545152419,-0.8322093393879579,0.0,7.199999999999997,2.3791660000000547,83.8743571428571,6.765595894510426,3.7126669999999997,12.04246483042116,3.9651666666666667,1.212564932757736,0.14142605263057298,170.0,1.0,-7.600000000000001,0.0,0.0,1176.6000000000001,7.201518504955421,0.0,5.566837951418986,0.8058333333333323,0.9039461929224011,-0.42764620926777464,0.2900579023901516
2023-04-28,19.733333333333334,7.317166666666666,6.463333333333334,612.8126666666666,104.88533333333334,3.8403333333333336,0.10633333333333334,0.1065,2.750166666666667,58362,宝山,宝山区,1011.133333,23.245833,63.0,0.3,2.491667,228.239472,919.0,2.27,18.8,2.6,18.8,0,25.200000000000003,12.537571428571423,919.0,0,876.3333333333334,559.2857142857143,-0.0499999999999998,2.6633333333333336,-0.1299999999999999,2.3766666666666665,2086.13,48.88,,0.0,,,,,,-0.745935007867738,-0.6660187415060912,0.29999999999999644,7.4999999999999964,5.095833999999968,76.61007142857136,5.373944693755246,3.2846670999999916,12.71486391161505,3.9215,1.2112099634830298,0.11251756821180711,-21.0,0.0,-5.800000000000001,0.0,0.0,1062.1999999999998,8.276248520412018,0.0,5.4397921968366925,-3.512499666666667,0.8964562582905575,-0.44313223418263453,0.3029411989182812
2023-04-29,20.12333333333333,7.257000000000001,6.158166666666666,622.5615,96.49533333333333,3.8285,0.08216666666666668,0.09683333333333333,2.6468333333333334,58362,宝山,宝山区,1014.3625,14.945833,74.416667,4.2,1.879167,279.884576,769.0,2.21,17.7,2.57,17.7,0,20.366666666666667,14.707571428571429,769.0,0,876.0,636.4285714285714,-0.0300000000000002,2.606666666666667,-0.06,2.293333333333333,1699.49,45.489,,0.0,,,,,,-0.9851555737018021,0.1716639030322716,4.4999999999999964,11.699999999999996,0.0,65.74364285714296,4.727397421193654,10.356418499999995,20.866024850288767,3.6973333333333334,1.1827669290730578,0.13551665113419992,-150.0,0.0,-1.1000000000000014,0.0,0.0,974.1400000000001,8.98504543807225,0.0,4.8108985872829235,5.177500333333331,0.8887010478292915,-0.45848712914008766,0.3169531975826968
2023-04-30,19.888333333333332,7.289000000000001,6.329666666666667,622.9998333333333,90.5475,3.9376666666666664,0.066,0.08833333333333333,2.4845,58362,宝山,宝山区,1014.529167,17.5,56.166667,0.0,1.6,229.398649,847.0,2.25,16.2,2.56,16.2,0,17.566666666666666,16.889857142857142,847.0,0,845.0,736.0,-0.0099999999999997,2.5766666666666667,0.04,2.2433333333333336,1905.75,41.472,,0.0,,,,,,-0.7592559622594057,-0.6507921202454312,4.4999999999999964,4.699999999999997,0.0,46.80199999999991,3.826241634983835,8.813999999999995,7.778038527739764,3.4338333333333333,1.217175178624974,0.1408450704225353,78.0,1.0,-1.5,0.0,0.0,962.0,9.230181053551435,0.0,4.682693484104627,2.388333333333332,0.8806828564301475,-0.47370635037968,0.3276374266695721
2023-05-01,20.03833333333333,7.217,6.666833333333334,602.724,79.49016666666667,3.5556666666666668,0.11399999999999999,0.09249999999999999,2.5126666666666666,58362,宝山,宝山区,1017.741667,21.791667,35.583333,0.0,2.904167,145.593009,620.0,2.19,23.0,2.54,23.0,0,18.96666666666667,20.12142857142857,620.0,0,745.3333333333334,803.2857142857143,-0.02,2.556666666666666,-0.06,2.216666666666667,1357.8,58.42,,0.0,,,,,,0.5650676762413112,-0.825044557140549,4.199999999999997,4.4999999999999964,0.0,7.728714285714432,5.509917560396722,15.122668399999991,6.55035961746799,3.5516666666666663,1.3510813112712758,0.12339331112006952,-227.0,0.0,6.800000000000001,1.0,0.0,897.82,9.259930302045177,28.55999999999998,5.278486555926333,-1.75333366666667,0.8724040568049612,-0.48878539428899265,0.34948620737218583
2023-05-02,20.2,7.178999999999999,7.3066666666666675,553.5478333333334,79.4675,3.300333333333333,0.11583333333333334,0.09633333333333334,2.5345,58362,宝山,宝山区,1016.033333,22.183333,59.208333,0.0,5.470833,155.608197,438.0,2.17,25.3,2.49,25.3,0,21.5,22.542857142857144,438.0,0,635.0,757.5714285714286,-0.0499999999999998,2.53,-0.02,2.203333333333333,950.46,62.99700000000001,,0.0,,,,,,0.41297413896839946,-0.9107427521223044,0.0,4.4999999999999964,1.7083340000000362,-45.76623809523812,8.64282045957618,5.4778329999999995,7.6314022813815505,3.6136666666666666,1.5383847300266573,0.12226183913349559,-182.0,0.0,2.3000000000000007,1.0,0.0,632.4,7.891384720539348,0.0,6.1759911003137855,-1.9833330000000018,0.8638670987837349,-0.503719798736334,0.3495340128040424
2023-05-03,20.541666666666668,7.245166666666667,7.6514999999999995,514.496,84.718,3.144666666666667,0.06933333333333334,0.09383333333333332,2.412,58362,宝山,宝山区,1009.745833,24.116667,79.833333,0.7,3.520833,161.732919,395.0,2.21,24.3,2.47,24.3,0,24.2,21.41428571428571,395.0,0,484.3333333333333,704.0,-0.02,2.5,0.04,2.19,872.9499999999999,60.02100000000001,0.0,1.0,0.0118906064209274,DLR_GWP_P1D_real_raster_proxy,0.2857142857142857,wusongkou_aoi_boundary_proxy,"Derived from DLR Global WaterPack daily real raster masks within a station-centered AOI; label denotes boundary-change proxy relative to the median reference mask, not a manual governance-zone annotation.",0.31344691657193774,-0.9496057237040775,0.6999999999999964,5.199999999999997,6.287500000000023,-75.38073809523803,5.521639379302898,5.999416099999988,9.835359915177602,3.419666666666666,1.679841044788321,0.08689355791147149,-43.0,0.0,-1.0,0.0,0.0,455.52000000000004,5.650310708758176,0.0,6.025306827680788,-3.575000333333332,0.8550745085896932,-0.518505144391157,0.3388051583617613
2023-05-04,21.091666666666665,7.208666666666667,7.314166666666666,517.6028333333334,113.21816666666666,3.509,0.14933333333333332,0.11199999999999999,2.513666666666667,58362,宝山,宝山区,1002.320833,25.108333,78.583333,8.0,2.5375,151.303166,386.0,2.25,5.8,2.47,5.8,0,18.466666666666665,18.728571428571428,386.0,0,406.3333333333333,624.8571428571429,0.0,2.476666666666667,0.04,2.2100000000000004,868.5,14.326,,0.0,,,,,,0.48017502813563084,-0.8771726981358609,8.699999999999996,13.199999999999996,7.4249999999999545,-60.503547619047595,4.649707837848631,24.62774999999999,24.018305496174904,3.7830000000000004,1.4288035045050018,0.05085823267641462,-9.0,0.0,-18.5,0.0,0.0,410.8,3.5575193088081436,0.0,7.256293923326586,-4.016666333333333,0.8460288880917339,-0.533137056031809,0.2900831635144371
2023-05-05,21.558333333333334,7.173166666666667,6.901833333333333,504.67616666666663,132.68716666666668,3.6136666666666666,0.12733333333333333,0.12233333333333334,2.5429999999999997,58362,宝山,宝山区,1002.55,21.6625,88.375,11.2,2.275,310.252382,348.0,2.29,-7.46,2.57,7.46,1,7.546666666666667,14.977142857142852,348.0,0,376.3333333333333,543.2857142857143,0.0999999999999996,2.5033333333333334,0.04,2.25,796.92,-19.1722,,0.0,,,,,,-0.7632056073308251,0.6461557095149638,19.899999999999995,24.099999999999994,0.0,-57.98214285714289,4.889553545007991,47.56149999999999,45.720206201507644,3.8936666666666664,1.3029774386781525,0.04314994606256743,-38.0,0.0,-13.26,0.0,0.0,401.44,2.815029615158772,0.0,7.815069231820277,-0.10416666666666785,0.8367329140344921,-0.5476112038402312,0.26336821920795905
2023-05-06,21.391666666666666,7.139833333333333,6.8745,450.55566666666664,144.04999999999998,3.455166666666667,0.1575,0.12883333333333333,2.5386666666666664,58362,宝山,宝山区,1007.47619,17.285714,80.142857,1.8,3.185714,356.274657,175.0,2.39,-0.344,2.66,0.344,1,-0.668,12.39942857142857,175.0,0,303.0,458.4285714285714,0.0900000000000003,2.5666666666666664,0.1,2.31,418.25,-0.91504,,0.0,,,,,,-0.06497369875694858,0.9978869768014017,20.999999999999996,21.699999999999996,0.0,-87.53038095238105,4.168274221017516,70.12070799999998,39.167743764590476,3.9844999999999997,1.3077972256966912,0.0397050486636988,-173.0,0.0,7.116,1.0,0.0,382.8,2.0889348500517064,149.43599999999998,8.319819508865034,4.105952666666667,0.8271893372462497,-0.5619233046832195,0.24952191865668738
2023-05-07,21.198333333333334,7.114666666666667,6.590166666666666,440.70116666666667,144.2185,3.0933333333333337,0.1615,0.127,2.5276666666666667,58362,宝山,宝山区,1013.395833,15.020833,85.791667,1.1,3.558333,354.649199,283.0,2.5,-2.41,2.67,2.41,1,-3.404666666666667,9.74085714285714,283.0,0,268.6666666666667,377.8571428571428,0.0099999999999997,2.6333333333333333,0.1099999999999998,2.393333333333333,707.5,-6.4347,,0.0,,,,,,-0.09325340506238881,0.9956424069133808,14.099999999999996,22.799999999999994,0.0,-71.3422142857143,4.737505804320046,53.76932829999999,42.582899763740926,3.959166666666667,1.334466325992449,0.053595356026714724,108.0,1.0,-2.0660000000000003,0.0,0.0,434.00999999999993,1.8500856754935953,0.0,7.362715868409911,6.1775003333333345,0.8174009818249189,-0.5760691233798758,0.24932485737735732
2023-05-08,21.233333333333334,7.149166666666666,6.854,428.6235,133.4175,2.950833333333333,0.13283333333333333,0.11383333333333334,2.397666666666667,58362,宝山,宝山区,1018.8625,15.35,66.5,0.0,2.220833,30.7684,165.0,2.55,1.73,2.71,1.73,0,-0.3413333333333332,6.702285714285712,165.0,0,207.66666666666663,312.85714285714283,0.04,2.68,0.0499999999999998,2.48,420.75,4.6883,,0.0,,,,,,0.5115690499826343,0.8592421702290135,2.899999999999997,22.799999999999994,0.0,-58.54838095238097,4.1237405962335645,8.678748699999993,38.00604962161939,3.6688333333333336,1.4634363099444618,0.1633764554595756,-118.0,0.0,4.140000000000001,1.0,0.0,297.15,1.5449377251225966,12.005999999999988,4.102158655303047,5.883333333333335,0.8073707443023492,-0.5900444739548627,0.2624434804161052
2023-05-09,21.368333333333336,7.0935,6.339166666666666,469.8016666666667,136.31116666666665,3.0853333333333333,0.16766666666666666,0.12083333333333333,2.4975,58362,宝山,宝山区,1017.9625,17.2375,56.75,0.0,1.854167,83.37656,463.0,2.61,12.6,2.73,12.6,0,3.973333333333333,4.887999999999997,463.0,0,303.6666666666667,316.42857142857144,0.02,2.703333333333333,0.06,2.553333333333333,1208.4299999999998,34.398,,0.0,,,,,,0.9933256610895187,0.11534353480395254,1.0999999999999965,22.799999999999994,0.8999999999999773,-5.406476190476155,4.616941343879308,3.9147506999999933,35.979613545916116,3.8735,1.294458750031874,0.20600856954447702,298.0,1.0,10.87,1.0,0.0,806.6600000000001,2.2115220053722267,11.956999999999962,4.118157006039592,4.130833333333335,0.7971015927871943,-0.6038452208771035,0.25882829385461836
2023-05-10,21.363333333333333,7.083833333333334,6.010166666666667,527.5148333333333,135.77783333333335,3.4120000000000004,0.19466666666666665,0.12733333333333333,3.3989999999999996,58362,宝山,宝山区,1017.979167,18.445833,53.625,0.2,2.004167,81.075181,587.0,2.51,10.5,2.73,10.5,0,8.276666666666666,2.9165714285714257,587.0,0,405.0,343.85714285714283,0.0,2.723333333333333,-0.1,2.556666666666666,1473.37,28.665,0.0,1.0,0.0142687277051129,DLR_GWP_P1D_real_raster_proxy,0.15,wusongkou_aoi_boundary_proxy,"Derived from DLR Global WaterPack daily real raster masks within a station-centered AOI; label denotes boundary-change proxy relative to the median reference mask, not a manual governance-zone annotation.",0.9878927566780663,0.15513832957399962,0.19999999999999646,22.299999999999997,0.0,50.44685714285714,4.9405781046580035,2.4400003999999926,34.592500343030444,4.866999999999999,1.1415868027432463,0.3120935956209527,124.0,1.0,-2.0999999999999996,0.0,0.0,782.1,2.9610061084459347,0.0,3.941079845807961,2.917500333333333,0.7865965660866021,-0.6174672802835514,0.2594888487603517
2023-05-11,21.275000000000002,7.0605,5.719333333333334,574.1666666666666,114.4535,3.4446666666666665,0.164,0.111,2.58,58362,宝山,宝山区,1017.475,18.620833,53.416667,0.0,0.975,95.655396,588.0,2.42,31.4,2.71,31.4,0,18.166666666666668,6.573714285714282,588.0,0,546.0,372.7142857142857,-0.02,2.723333333333333,-0.0899999999999998,2.513333333333333,1422.96,85.094,,0.0,,,,,,0.9951325875311633,-0.09854508223920481,0.19999999999999646,14.299999999999995,0.5041669999999385,89.01814285714283,2.9020182003906223,1.2014999999999962,22.38155927987027,3.854,1.1186002194531437,0.37325034236388555,1.0,1.0,20.9,1.0,0.0,642.0099999999999,4.729176681521132,4.179999999999926,3.4186194961663463,2.654167000000001,0.7758587728069828,-0.6309066211876704,0.2882572416923326
2023-05-12,21.35166666666667,7.013833333333333,5.333666666666667,598.9055,93.97066666666667,3.485333333333333,0.16416666666666668,0.10166666666666667,2.624,58362,宝山,宝山区,1014.608333,18.941667,61.625,0.0,1.375,142.214515,641.0,2.4,33.1,2.64,33.1,0,25.0,12.367999999999997,641.0,0,605.3333333333334,414.57142857142856,-0.0699999999999998,2.6933333333333334,-0.02,2.4433333333333334,1538.4,87.38400000000001,,0.0,,,,,,0.6127068604301026,-0.7903102575456595,0.19999999999999646,3.0999999999999965,2.8666670000000067,100.29564285714287,3.187160178644885,1.656999999999995,5.4990894807032165,3.8048333333333333,1.0548348404924526,0.1837672169208442,53.0,1.0,1.7000000000000028,1.0,0.0,707.88,6.373897905318133,0.33999999999999453,4.157352677287523,2.409999666666671,0.7648913904341225,-0.6441592666722685,0.3214064384855223
2023-05-13,21.7,7.015999999999999,5.472166666666666,615.4605,83.03,3.4619999999999997,0.1075,0.09716666666666667,2.5604999999999998,58362,宝山,宝山区,1010.7625,22.4375,59.791667,0.0,1.320833,198.604871,696.0,2.38,34.6,2.61,34.6,0,33.03333333333333,17.359999999999996,696.0,0,641.6666666666666,489.0,-0.0300000000000002,2.653333333333333,-0.02,2.4,1656.48,90.306,,0.0,,,,,,-0.31903988266520156,-0.9477412902627881,0.0,1.2999999999999965,3.8458329999999705,93.29280952380952,2.724249216954404,1.3278329999999998,2.606392736475371,3.6396666666666664,1.10989317063563,0.16216217969320937,55.0,1.0,1.5,1.0,0.0,766.02,7.636161688285929,0.0,4.312320801033456,-0.7375000000000007,0.753697664392914,-0.6572212950663319,0.3421810099429454
2023-05-14,22.205,7.001666666666666,5.2796666666666665,617.5108333333334,91.36416666666666,3.613666666666667,0.09133333333333334,0.09349999999999999,2.5435000000000003,58362,宝山,宝山区,1007.716667,25.854167,52.583333,0.0,1.958333,250.89669,645.0,2.33,37.7,2.56,37.7,0,35.13333333333333,23.09,645.0,0,660.6666666666666,540.7142857142857,-0.0499999999999998,2.603333333333333,-0.0499999999999998,2.37,1502.85,96.512,,0.0,,,,,,-0.9449300070723605,-0.3272724885080147,0.0,0.19999999999999646,3.045833000000016,70.08461904761907,4.779440541107427,1.975833,0.84324903605061,3.5698333333333334,1.0539626081514282,0.16655102473848948,-51.0,0.0,3.1000000000000014,1.0,0.0,730.7999999999998,7.152846071257793,0.0,4.504233840769673,-3.649167000000002,0.742280907086982,-0.6700888411055113,0.3261299879831959
2023-05-15,22.82166666666667,7.0275,5.257833333333333,618.3273333333333,94.95366666666666,3.700833333333333,0.07283333333333333,0.10116666666666667,2.5365,58362,宝山,宝山区,1007.941667,28.325,33.958333,0.0,3.0,186.959455,569.0,2.33,31.8,2.52,31.8,0,34.7,27.38571428571428,569.0,0,636.6666666666666,598.4285714285714,-0.04,2.563333333333333,0.0,2.3466666666666667,1325.77,80.136,,0.0,,,,,,-0.12116694387409008,-0.9926321431991879,0.0,0.19999999999999646,0.0,43.8005714285714,4.31534628574656,3.0,0.8041892693178343,3.6210000000000004,1.0250771380243597,0.25,-76.0,0.0,-5.900000000000002,0.0,0.0,645.0,6.635146824335356,0.0,4.464984494610807,-5.50333333333333,0.7306444969184916,-0.6827580970759147,0.3196586159881253
2023-05-16,22.911666666666665,7.052333333333333,5.618833333333334,598.4548333333333,98.92399999999999,3.78,0.06916666666666667,0.10916666666666668,2.513666666666667,58362,宝山,宝山区,1008.229167,26.075,59.416667,0.3,5.191667,163.747877,460.0,2.31,27.2,2.52,27.2,0,32.233333333333334,29.471428571428568,460.0,0,558.0,598.0,0.0,2.5333333333333337,-0.02,2.3233333333333337,1062.6,68.544,,0.0,,,,,,0.27986458689257904,-0.9600394851272764,0.29999999999999644,0.49999999999999645,0.0,5.549047619047542,7.564640446688332,6.756167099999981,1.3226163432449467,3.6745000000000005,1.0667714710378828,0.15404363778980046,-109.0,0.0,-4.600000000000001,0.0,0.0,580.38,5.584244025459349,0.0,5.75576190965449,-3.163333333333334,0.7187918772884232,-0.6952253139408722,0.3127768042472624
2023-05-17,22.953333333333333,7.087833333333333,5.9750000000000005,561.774,104.05733333333335,3.811166666666667,0.07283333333333333,0.11399999999999999,2.467833333333333,58362,宝山,宝山区,1004.508333,21.333333,90.833333,14.5,2.904167,184.854963,386.0,2.32,21.2,2.53,21.2,0,26.73333333333333,31.0,386.0,0,471.6666666666667,569.2857142857143,0.0099999999999997,2.523333333333333,0.0099999999999997,2.32,895.52,53.636,0.0,1.0,0.0130796670630202,DLR_GWP_P1D_real_raster_proxy,0.2142857142857143,wusongkou_aoi_boundary_proxy,"Derived from DLR Global WaterPack daily real raster masks within a station-centered AOI; label denotes boundary-change proxy relative to the median reference mask, not a manual governance-zone annotation.",-0.08463372565249486,-0.9964121298349284,14.799999999999997,14.799999999999997,3.720833999999968,-36.025952380952276,4.043721177081497,45.889338599999995,28.741728542873854,3.6806666666666663,1.117756213456331,0.04459308608280559,-74.0,0.0,-6.0,0.0,0.0,464.5999999999999,4.489612021372457,0.0,7.9570512635237955,1.6200003333333335,0.7067265555776158,-0.7074868024503348,0.30427370557700917
2023-05-18,23.503333333333334,7.096166666666666,5.702166666666667,551.2591666666666,140.16016666666667,3.9695,0.14733333333333334,0.13066666666666668,2.6503333333333337,58362,宝山,宝山区,1007.616667,19.716667,84.416667,0.2,3.35,320.440431,476.0,2.41,18.5,2.56,18.5,0,22.3,29.15714285714285,476.0,0,440.6666666666667,553.2857142857143,0.0300000000000002,2.536666666666666,0.0900000000000003,2.3466666666666667,1147.16,47.36,,0.0,,,,,,-0.6368801152862694,0.7709628517334335,14.999999999999996,14.999999999999996,0.0,-43.26828571428575,6.408675859842255,53.63149999999999,28.13476805408574,4.104333333333334,0.9998686051433575,0.05167958656330751,90.0,1.0,-2.6999999999999993,0.0,0.0,616.9400000000002,3.121749407587835,0.0,7.617766513720634,3.786666333333333,0.6944521021088763,-0.719538934232584,0.2541358797852967
2023-05-19,23.325,7.084499999999999,5.633,518.8756666666667,142.6555,3.8885,0.151,0.13349999999999998,2.5973333333333333,58362,宝山,宝山区,1011.045833,19.854167,80.083333,0.0,1.9,100.03022,332.0,2.48,12.3,2.65,12.3,0,17.333333333333332,26.185714285714283,332.0,0,398.0,509.1428571428572,0.0899999999999998,2.58,0.0699999999999998,2.4033333333333338,823.36,32.595,,0.0,,,,,,0.9847160272996,-0.17416757901312585,14.699999999999996,14.999999999999996,0.0,-64.21895238095237,4.642181825366307,29.85449999999999,27.44880808448465,4.083333333333333,0.9938662272120823,0.05681818181818184,-144.0,0.0,-6.199999999999999,0.0,0.0,509.31999999999994,2.7705169659358675,0.0,6.546226721650606,3.470832999999999,0.6819721490904629,-0.7313781428679254,0.2511616326055305
2023-05-20,23.391666666666666,7.093166666666666,5.750333333333334,494.28316666666666,131.65033333333332,3.766,0.2293333333333333,0.13899999999999998,2.649,58362,宝山,宝山区,1009.886957,20.886957,80.130435,0.0,1.930435,120.293788,406.0,2.55,13.2,2.7,13.2,0,14.666666666666664,23.128571428571423,406.0,0,404.6666666666667,467.7142857142857,0.0500000000000002,2.6366666666666667,0.0699999999999998,2.48,1035.3,35.64,,0.0,,,,,,0.8634502463429915,-0.5044340116310826,0.19999999999999646,14.999999999999996,1.1588759999999638,-71.50040476190469,4.498591554115522,2.3410219999999926,27.43229554695629,4.2683333333333335,1.0113212944933794,0.23313767642402455,74.0,1.0,0.8999999999999986,1.0,0.0,513.5999999999999,3.050626835967243,0.17999999999999652,3.9807512897891666,2.504709666666667,0.6692903895412567,-0.7430009249440493,0.2646897584953136
2023-05-21,23.601666666666663,7.111166666666667,5.863166666666667,493.62433333333337,120.30583333333334,3.5446666666666666,0.19216666666666668,0.127,2.6058333333333334,58362,宝山,宝山区,1007.8875,21.195833,88.083333,9.9,3.108333,77.042129,328.0,2.49,11.4,2.73,11.4,0,12.299999999999995,19.371428571428567,328.0,0,355.3333333333333,422.4285714285714,0.0299999999999998,2.6933333333333334,-0.0599999999999996,2.5066666666666664,816.72,31.122,,0.0,,,,,,0.9745352055801413,0.22423454926677053,9.899999999999997,24.9,1.9994570000000067,-54.46116666666666,7.006921601781343,33.90182969999999,47.22091452228415,4.068,1.0941572820917906,0.062469585120744325,-78.0,0.0,-1.799999999999999,0.0,0.0,430.35999999999984,2.9292353349316804,0.0,6.705883634648865,2.4058336666666627,0.6564105761979381,-0.7544038410927472,0.27986434893402545
2023-05-22,23.206666666666667,7.1065,5.8806666666666665,492.5131666666666,102.5385,3.4156666666666666,0.152,0.118,2.4065,58362,宝山,宝山区,1012.741667,16.616667,78.375,1.9,2.3125,314.217006,408.0,2.52,9.03,2.74,9.03,0,11.21,16.118571428571425,408.0,0,380.6666666666667,399.4285714285714,0.0100000000000002,2.723333333333333,0.0299999999999998,2.52,1028.16,24.7422,,0.0,,,,,,-0.7167036500178016,0.6973778588764922,11.799999999999997,26.799999999999997,0.0,-37.59888095238102,4.871934464072586,29.610499999999995,48.17983829321838,3.7385,1.1457638572916726,0.06617038875103393,80.0,1.0,-2.370000000000001,0.0,0.0,502.63999999999993,3.67657119493393,0.0,6.294403521187853,6.589999666666667,0.6433365204044917,-0.765583517007675,0.3067455060916592
2023-05-23,23.13,7.094666666666666,5.587166666666666,523.1225,99.11166666666666,3.597,0.1865,0.12166666666666666,2.4628333333333337,58362,宝山,宝山区,1013.466667,20.9125,51.75,0.0,1.4375,87.735792,646.0,2.59,11.1,2.79,11.1,0,10.509999999999998,13.818571428571426,646.0,0,460.6666666666667,426.0,0.0499999999999998,2.753333333333334,0.0699999999999998,2.533333333333333,1673.14,30.969,,0.0,,,,,,0.9992192700113882,0.039507599748762376,11.799999999999997,26.499999999999996,0.0,3.7722142857143126,3.8447296448165056,18.424499999999995,40.58023243341007,3.8660000000000005,1.0439663178664276,0.07023705004389817,238.0,1.0,2.0700000000000003,1.0,0.0,945.8799999999999,4.601528293405697,24.426,5.96104480556096,2.2174999999999976,0.6300720909843687,-0.7765366444428655,0.31245832504100113
2023-05-24,22.43166666666667,7.071666666666666,5.400666666666667,560.4678333333333,99.654,3.6631666666666667,0.15316666666666667,0.12466666666666666,2.4888333333333335,58362,宝山,宝山区,1013.079167,19.408333,64.75,0.2,2.379167,138.32112,611.0,2.53,11.4,2.78,11.4,0,10.509999999999998,12.418571428571424,611.0,0,555.0,458.1428571428572,-0.0100000000000002,2.77,-0.06,2.5466666666666664,1545.83,31.692,1.0,1.0,0.0166468489892984,DLR_GWP_P1D_real_raster_proxy,0.15,wusongkou_aoi_boundary_proxy,"Derived from DLR Global WaterPack daily real raster masks within a station-centered AOI; label denotes boundary-change proxy relative to the median reference mask, not a manual governance-zone annotation.",0.6649550885242002,-0.7468833444693844,2.0999999999999965,12.199999999999996,0.3875000000000455,41.30414285714278,4.923716045475704,7.396417699999991,20.465982433410062,3.888666666666667,0.9999537229733544,0.1704545357696274,-35.0,0.0,0.3000000000000007,1.0,0.0,684.76,5.513938839986489,0.6300000000000004,4.636777713791812,3.0233336666666695,0.6166212130956382,-0.7872599821916922,0.3115413042929376
2023-05-25,22.655,7.073,5.3806666666666665,582.0981666666667,90.74000000000001,3.6261666666666663,0.09000000000000001,0.11466666666666665,2.423833333333333,58362,宝山,宝山区,1013.133333,22.345833,72.041667,0.0,2.595833,132.618871,652.0,2.49,26.1,2.75,26.1,0,16.2,13.504285714285713,652.0,0,636.3333333333334,483.2857142857143,-0.0299999999999998,2.773333333333333,-0.0399999999999995,2.536666666666666,1623.4800000000002,71.775,,0.0,,,,,,0.7358741105958005,-0.6771183746988702,0.19999999999999646,11.999999999999996,0.0,58.528904761904755,5.478275869521693,3.1289995999999904,21.071736447572906,3.6604999999999994,1.0312428469493071,0.26344678493495394,41.0,1.0,14.700000000000001,1.0,0.0,720.7199999999997,6.936269166484993,2.939999999999948,4.330835538852044,0.3091670000000022,0.6029878670694714,-0.7977503570459932,0.3272808940266537
2023-05-26,23.065,7.042999999999999,5.3981666666666674,589.0373333333333,83.41566666666667,3.8364999999999996,0.13999999999999999,0.11583333333333333,2.4921666666666664,58362,宝山,宝山区,1012.225,23.975,83.0,96.6,2.145833,106.393669,713.0,2.45,27.2,2.7,27.2,0,21.566666666666663,15.63285714285714,713.0,0,658.6666666666666,537.7142857142857,-0.0499999999999998,2.7433333333333336,-0.04,2.49,1746.85,73.44,,0.0,,,,,,0.959345166509663,-0.2822354539999308,96.8,108.6,0.9083329999999705,55.444976190476154,5.190059961037867,209.87646740000002,199.2054710836875,3.7904999999999998,0.990600355479882,0.009915306820344937,61.0,1.0,1.0999999999999979,1.0,0.0,804.96,7.802659064075783,106.47999999999979,23.59580840161135,-0.9100000000000001,0.5891760872322963,-0.8080046647350754,0.3414037715007846
2023-05-27,23.808333333333334,7.037333333333333,4.775666666666667,570.4395000000001,100.72566666666667,4.233,0.29316666666666663,0.13449999999999998,2.5909999999999997,58362,宝山,宝山区,1010.25,24.775,80.0,0.0,3.870833,159.674372,963.0,2.4,12.8,2.66,12.8,0,22.03333333333333,15.575714285714282,963.0,0,776.0,617.2857142857143,-0.04,2.7033333333333336,-0.0500000000000002,2.4466666666666668,2311.2,34.048,,0.0,,,,,,0.34735512799051377,-0.9377336589131766,96.6,108.6,1.9750000000000227,25.967666666666787,6.246050386336487,377.8108008,195.9505413663158,4.229166666666666,0.7843684209573001,0.00966689494394617,250.0,1.0,-14.399999999999999,0.0,0.0,1273.6500000000003,7.628359935381762,0.0,24.922165833338823,-0.966666666666665,0.5751899607119775,-0.8180198708443174,0.3097436831882946
2023-05-28,24.02,6.9543333333333335,4.059166666666667,601.8294999999999,80.46366666666667,4.394166666666666,0.2776666666666667,0.13983333333333334,2.5645000000000002,58362,宝山,宝山区,1008.791667,28.479167,68.166667,0.0,2.645833,152.636575,893.0,2.4,31.4,2.81,31.4,0,23.8,18.432857142857134,893.0,0,856.3333333333334,698.0,0.1499999999999999,2.723333333333334,0.0,2.4166666666666665,2143.2,88.234,,0.0,,,,,,0.4596329504007788,-0.8881089746792762,96.6,98.69999999999999,1.4583330000000387,41.89978571428571,4.881300894333771,258.2333008,166.46212687697565,4.240500000000001,0.6493325210754601,0.009832438918972107,-70.0,0.0,18.599999999999998,1.0,0.0,963.0,10.511843725832785,1796.7599999999998,24.048671114006705,-4.459167000000001,0.5610336262283677,-0.8277930117131022,0.3474456387358915
2023-05-29,24.433333333333334,6.952333333333333,3.9453333333333336,612.1891666666667,67.62650000000001,4.199333333333334,0.1525,0.11683333333333334,2.3753333333333333,58362,宝山,宝山区,1008.691667,26.466667,79.708333,0.0,2.5,42.599185,719.0,2.32,39.0,2.64,39.0,0,27.73333333333333,22.714285714285715,719.0,0,858.3333333333334,742.4285714285714,-0.1699999999999999,2.703333333333333,-0.08,2.373333333333333,1668.08,102.96,,0.0,,,,,,0.6768654990501889,0.7361067152224184,0.0,96.8,0.09999999999990905,35.16288095238099,5.179051429426988,2.528,174.46137502735021,3.6961666666666666,0.6851062330366509,0.2777777777777848,-174.0,0.0,7.600000000000001,1.0,0.0,964.44,12.507316172809823,0.0,4.2858169813135625,-2.0333336666666675,0.5467112728685939,-0.8373211953118121,0.3765515075118273
2023-05-30,24.603333333333335,6.995666666666666,4.645166666666666,586.5224999999999,70.54666666666667,4.284,0.1235,0.11499999999999999,2.2355,58362,宝山,宝山区,1007.826087,23.46087,83.608696,0.0,2.156522,41.945006,636.0,2.38,38.2,2.57,38.2,0,36.2,26.585714285714285,636.0,0,749.3333333333334,741.0,-0.0700000000000002,2.6733333333333333,0.06,2.3666666666666667,1513.6799999999998,98.174,,0.0,,,,,,0.6684170082451831,0.7437867322617141,0.0,96.8,0.8655800000000227,0.4390714285714239,4.566493431790743,2.1775219999999997,178.27566404219183,3.509,0.8020125417493039,0.24862621584435063,-83.0,0.0,-0.7999999999999972,0.0,0.0,762.14,10.47335072679836,0.0,4.1856655350697,1.1424633333333354,0.5322271388474397,-0.8466016020976267,0.369478455587293
2023-05-31,24.676666666666666,7.016333333333333,4.929666666666667,553.3233333333334,71.29,3.832666666666667,0.07516666666666666,0.10666666666666667,2.141166666666667,58362,宝山,宝山区,1006.75,23.583333,82.916667,0.0,1.720833,66.030109,472.0,2.4,35.8,2.56,35.8,0,37.66666666666666,30.071428571428573,472.0,0,609.0,721.1428571428571,-0.0099999999999997,2.59,0.02,2.3666666666666667,1132.8,91.648,0.0,1.0,0.0130796670630202,DLR_GWP_P1D_real_raster_proxy,0.2142857142857143,wusongkou_aoi_boundary_proxy,"Derived from DLR Global WaterPack daily real raster masks within a station-centered AOI; label denotes boundary-change proxy relative to the median reference mask, not a manual governance-zone annotation.",0.9137590720820034,0.4062565177173606,0.0,96.6,1.0760870000000295,-31.739452380952343,4.21712407356188,1.727833,177.24574700736574,3.2830000000000004,0.9337400571168606,0.26337136415831575,-164.0,0.0,-2.4000000000000057,0.0,0.0,648.72,8.424401715313321,0.0,3.8444905624065195,1.0933336666666662,0.5175855102531889,-0.8556314858488706,0.3677240939693516
2023-06-01,25.023333333333337,7.045333333333333,4.960333333333334,533.19,80.67866666666667,3.722,0.09683333333333333,0.114,2.2426666666666666,58362,宝山,宝山区,1003.566667,24.2125,80.041667,0.0,1.695833,29.320838,424.0,2.44,36.2,2.58,36.2,0,36.73333333333333,31.514285714285712,424.0,0,510.6666666666667,688.5714285714286,0.02,2.57,0.04,2.4066666666666667,1034.56,93.39600000000002,,0.0,,,,,,0.48969958374066,0.8718912304205292,0.0,96.6,3.183332999999948,-44.885904761904726,3.434095089532337,1.709833,174.46483190356517,3.4795000000000003,0.9412505377842104,0.17009215252639726,-48.0,0.0,0.4000000000000057,1.0,0.0,490.88,6.252142542320312,0.0,4.212593335558049,0.8108333333333384,0.5027907197793043,-0.8644081744776648,0.34699826210516427
2023-06-02,25.388333333333332,7.064,4.953833333333333,520.6833333333334,97.66716666666667,3.893166666666666,0.07183333333333333,0.12033333333333333,2.3005,58362,宝山,宝山区,1006.95,26.591667,66.583333,0.0,2.645833,28.074929,433.0,2.48,14.0,2.62,14.0,0,28.666666666666668,29.628571428571423,433.0,0,443.0,648.5714285714286,0.04,2.5866666666666664,0.04,2.44,1073.84,36.68,,0.0,,,,,,0.47062584256658285,0.8823328829350598,0.0,0.0,0.0,-47.627714285714205,4.80198706503053,2.659833,0.5085036121596045,3.5756666666666668,0.9071307460125209,0.2742857393632676,9.0,1.0,-22.200000000000003,0.0,0.0,459.68,4.489842112286593,0.0,4.156749997366367,-1.2033336666666692,0.4878471454423119,-0.8729290708206411,0.3149252520864816
2023-06-03,25.281666666666666,7.083166666666667,5.048166666666667,514.0745000000001,125.33,4.118666666666667,0.07483333333333334,0.1345,2.4988333333333332,58362,宝山,宝山区,1012.6625,22.833333,59.375,0.0,2.070833,86.848627,385.0,2.48,10.3,2.7,10.3,0,20.166666666666668,29.27142857142857,385.0,0,414.0,566.0,0.08,2.6333333333333333,0.0,2.4666666666666663,954.8,27.81,,0.0,,,,,,0.9984877803723229,0.05497410706097831,0.0,0.0,0.0,-46.184404761904716,5.031910051111483,2.070833,0.4578641425845804,3.9186666666666667,0.8699717789251407,0.3256445400971007,-48.0,0.0,-3.6999999999999993,0.0,0.0,433.0,3.2771313227261936,0.0,3.7608414452878165,2.4483336666666666,0.47275920928627757,-0.881191653407483,0.2729760592687315
2023-06-04,25.05666666666667,7.086666666666666,5.016666666666667,507.8635,155.05683333333334,3.632,0.103,0.14916666666666667,2.667,58362,宝山,宝山区,1010.679167,22.679167,65.625,0.0,2.691667,107.076962,387.0,2.5,5.23,2.73,5.23,0,9.843333333333332,25.532857142857143,387.0,0,401.6666666666667,493.7142857142857,0.0299999999999998,2.6833333333333336,0.02,2.486666666666667,967.5,14.2779,,0.0,,,,,,0.9559111678975104,-0.29365598766042145,0.0,0.0,1.983333000000016,-38.97169047619053,6.158812346504679,2.698667,0.35753256777257253,4.261666666666667,0.9056422965203147,0.1762114537444929,2.0,1.0,-5.07,0.0,0.0,396.78000000000003,2.573848629932898,0.0,4.535280407332879,2.377499666666669,0.4575313760742512,-0.8891934772070711,0.23710720852672185
2023-06-05,24.691666666666666,7.121166666666666,5.309666666666667,485.23900000000003,154.5865,3.4621666666666666,0.15166666666666664,0.14733333333333334,2.6285000000000003,58362,宝山,宝山区,1008.079167,21.029167,90.291667,19.4,2.670833,287.031657,258.0,2.47,2.58,2.74,2.58,0,6.036666666666664,20.33,258.0,0,343.3333333333333,427.8571428571428,0.0100000000000002,2.723333333333334,-0.0299999999999998,2.483333333333334,637.2600000000001,7.0692,,0.0,,,,,,-0.9561430691150619,0.2929000365026096,19.4,19.4,2.6000000000000227,-43.46045238095235,6.058055670968718,54.4954932,37.20925358397882,4.253500000000001,0.9780112718187737,0.038954715649468764,-129.0,0.0,-2.6500000000000004,0.0,0.0,398.6099999999999,2.206703880692305,0.0,8.36351867400098,3.6624996666666654,0.44216815196707204,-0.8969321743510065,0.23761953818847326
2023-06-06,24.555000000000003,7.0795,4.977666666666667,502.64900000000006,151.47583333333333,3.5861666666666667,0.18466666666666667,0.14483333333333334,2.6405,58362,宝山,宝山区,1009.6125,20.35,84.541667,0.0,1.341667,75.240213,356.0,2.57,1.68,2.8,1.68,0,3.163333333333331,15.11285714285714,356.0,0,333.6666666666667,387.8571428571428,0.0599999999999996,2.7566666666666664,0.0999999999999996,2.513333333333333,914.92,4.704,,0.0,,,,,,0.9670024348789972,0.2547671308039772,19.4,19.4,0.0,-14.06852380952381,3.520722623063745,27.405006799999995,36.0150308033204,4.2735,0.895831322852529,0.04599463325420263,98.0,1.0,-0.9000000000000001,0.0,0.0,499.39999999999986,2.188324925807915,0.0,7.1874234991372425,4.205000000000002,0.42667408318992467,-0.9044054548343001,0.2410474598493202
2023-06-07,24.761666666666667,7.070333333333333,4.703166666666667,518.4003333333334,130.3705,3.4440000000000004,0.19216666666666668,0.131,2.6043333333333334,58362,宝山,宝山区,1007.0875,23.7375,83.375,3.4,1.841667,162.245213,364.0,2.54,10.0,2.78,10.0,0,4.753333333333331,11.427142857142856,364.0,0,326.0,372.4285714285714,-0.02,2.773333333333333,-0.0299999999999998,2.526666666666667,924.56,27.8,0.0,1.0,0.0095124851367419,DLR_GWP_P1D_real_raster_proxy,0.4285714285714286,wusongkou_aoi_boundary_proxy,"Derived from DLR Global WaterPack daily real raster masks within a station-centered AOI; label denotes boundary-change proxy relative to the median reference mask, not a manual governance-zone annotation.",0.3049438695960578,-0.9523703252389705,22.799999999999997,22.799999999999997,2.5249999999999773,6.671809523809543,3.2882566645247366,43.84217459999999,42.07196690954807,4.1065000000000005,0.884650293478034,0.035502958159728336,8.0,1.0,8.32,1.0,0.0,383.1599999999999,2.481531241793249,189.69599999999997,8.672534382355705,1.024166666666666,0.4110537546870351,-0.9116111071930239,0.266335341805509
2023-06-08,25.349999999999998,7.054166666666667,4.430499999999999,531.4216666666666,141.49533333333332,3.4964999999999997,0.1865,0.12833333333333333,2.582333333333333,58362,宝山,宝山区,1004.258333,26.7,72.291667,0.0,1.983333,225.176807,517.0,2.52,9.28,2.77,9.28,0,6.986666666666665,7.581428571428569,517.0,0,412.3333333333333,385.7142857142857,-0.0099999999999997,2.783333333333333,-0.02,2.543333333333333,1302.84,25.7056,,0.0,,,,,,-0.709285446558997,-0.7049213823538085,3.4,22.799999999999997,2.829166999999984,19.94576190476181,4.327578518919117,8.7336652,39.59416609868687,4.0521666666666665,0.8310649593130788,0.10854816824966097,153.0,1.0,-0.7200000000000006,0.0,0.0,683.4,2.8936620146624685,0.0,5.076287365900654,-1.3500000000000014,0.3953117887649151,-0.9185469991587165,0.25253798296501484
2023-06-09,25.941666666666666,7.0765,4.620833333333333,528.9823333333334,128.47866666666667,3.4873333333333334,0.19116666666666668,0.13566666666666669,2.5805000000000002,58362,宝山,宝山区,1002.375,28.583333,60.25,0.0,2.466667,163.931307,444.0,2.51,13.6,2.76,13.6,0,10.96,7.524285714285712,444.0,0,441.6666666666667,387.2857142857143,-0.0100000000000002,2.77,-0.0100000000000002,2.523333333333333,1114.4399999999998,37.536,,0.0,,,,,,0.2767896323728303,-0.9609305382861518,3.4,22.799999999999997,1.8833329999999933,16.320857142857108,4.064125994441128,10.856834800000001,36.90923516227837,4.128333333333334,0.8569436257384806,0.11428571428571438,-73.0,0.0,4.32,1.0,0.0,522.1700000000001,3.411115344612755,14.688,5.114736004274574,-2.6416663333333332,0.37945284372454435,-0.925211078289358,0.2687974225242976
2023-06-10,26.236666666666668,7.0855,4.882000000000001,525.4406666666667,106.85849999999999,3.294333333333333,0.1195,0.12666666666666668,2.3748333333333336,58362,宝山,宝山区,1001.275,27.416667,71.208333,3.0,2.283333,132.734471,434.0,2.52,15.4,2.74,15.4,0,12.759999999999998,8.252857142857142,434.0,0,465.0,394.2857142857143,-0.0199999999999995,2.7566666666666664,0.0100000000000002,2.5166666666666666,1093.68,42.196000000000005,,0.0,,,,,,0.7345064593078761,-0.6786016955733366,3.0,25.799999999999997,1.1000000000000227,11.155452380952397,4.8717577419141325,9.136832,44.56501478887578,3.761,0.9622126584337005,0.13544018670158814,-10.0,0.0,1.8000000000000007,1.0,0.0,448.4400000000001,4.311204031207555,5.400000000000002,4.759568912086875,-1.1800003333333322,0.36348161248290634,-0.9316013725767187,0.2998073087914165
2023-06-11,26.271666666666665,7.1018333333333326,5.040666666666667,532.9748333333333,97.31916666666666,3.1163333333333334,0.10183333333333333,0.12016666666666666,2.3078333333333334,58362,宝山,宝山区,1004.720833,24.145833,81.291667,0.0,2.345833,53.25906,340.0,2.48,29.9,2.72,29.9,0,19.63333333333333,11.777142857142854,340.0,0,406.0,387.57142857142856,-0.02,2.74,-0.04,2.5033333333333334,843.2,81.328,,0.0,,,,,,0.8013484138458906,0.5981978933652936,3.0,25.799999999999997,0.0,15.1022857142857,5.100444925289874,9.397331999999999,47.227286269653355,3.6113333333333335,1.040947848763824,0.15758372462685355,-94.0,0.0,14.499999999999998,1.0,0.0,451.36,4.129408474102202,43.49999999999999,4.480228834323139,2.125833666666665,0.3474028211842774,-0.9377159910299093,0.3155249670042466
2023-06-12,26.368333333333336,7.128,5.0680000000000005,552.8276666666667,106.29283333333332,3.112833333333333,0.06016666666666667,0.1155,2.2326666666666664,58362,宝山,宝山区,1004.966667,23.775,83.166667,0.0,2.445833,88.141423,520.0,2.52,38.7,2.67,38.7,0,28.0,16.937142857142856,520.0,0,431.3333333333333,425.0,-0.0500000000000002,2.7100000000000004,0.04,2.5066666666666664,1310.4,103.329,,0.0,,,,,,0.9994739248664459,0.03243259952674148,3.0,6.4,0.0,25.299595238095208,5.828741814340878,9.797331999999999,12.227761062497974,3.4478333333333326,1.0663810007766263,0.15513898669109175,180.0,1.0,8.800000000000004,1.0,0.0,728.0,4.020150460499847,26.400000000000013,4.71226489261277,2.5933333333333373,0.3312212278016865,-0.9435531242349544,0.3006998305223828
2023-06-13,26.338333333333335,7.058,4.644,580.4546666666666,97.26466666666666,3.432166666666667,0.15266666666666664,0.12916666666666668,2.3793333333333333,58362,宝山,宝山区,1004.979167,22.495833,90.125,0.2,1.6,89.837057,588.0,2.48,38.9,2.64,38.9,0,35.833333333333336,22.25428571428571,588.0,0,482.6666666666667,458.1428571428572,-0.0299999999999998,2.676666666666667,-0.04,2.4933333333333336,1458.24,102.696,,0.0,,,,,,0.999995956142318,0.002843888009644831,0.2,6.6,0.0,41.81149999999991,4.156757457375447,1.934,13.089210484843454,3.823666666666667,0.8871428718754104,0.3571428571428571,68.0,1.0,0.19999999999999574,1.0,0.0,682.24,4.911904584218132,0.03999999999999915,3.6914572005966555,3.8425003333333336,0.31494162072895193,-0.9491110448902284,0.3156190800798957
2023-06-14,26.573333333333334,7.020333333333333,4.1905,572.8725,102.19683333333334,3.4843333333333333,0.1615,0.13566666666666669,2.4979999999999998,58362,宝山,宝山区,1006.4875,23.325,83.708333,4.6,1.304167,240.855824,584.0,2.43,37.4,2.64,37.4,0,38.33333333333333,26.168571428571425,584.0,0,564.0,489.57142857142856,0.0,2.65,-0.0499999999999998,2.4766666666666666,1419.12,98.736,1.0,1.0,0.0225921521997621,DLR_GWP_P1D_real_raster_proxy,0.357142857142857,wusongkou_aoi_boundary_proxy,"Derived from DLR Global WaterPack daily real raster masks within a station-centered AOI; label denotes boundary-change proxy relative to the median reference mask, not a manual governance-zone annotation.",-0.8733969906824293,-0.4870089287342447,4.8,7.799999999999999,0.0,26.44759523809512,3.3989643102321105,7.5816686,14.88006082436963,4.016166666666667,0.7846315362752552,0.14076245673841845,-4.0,0.0,-1.5,0.0,0.0,617.3999999999999,5.465283979967085,0.0,4.42917765991802,3.248333333333335,0.2985688173637202,-0.9543881083175908,0.30730654056791973
2023-06-15,26.790000000000003,7.029333333333334,4.112333333333333,542.9581666666667,107.71616666666667,3.4571666666666663,0.2635,0.14683333333333334,2.6555,58362,宝山,宝山区,1009.658333,24.7875,72.0,0.0,1.85,89.219404,538.0,2.42,26.1,2.62,26.1,0,34.133333333333326,28.57142857142857,538.0,0,570.0,492.57142857142856,-0.02,2.6333333333333333,-0.0100000000000002,2.4433333333333334,1301.96,68.382,,0.0,,,,,,0.9999071951517444,0.01362354886845723,4.8,7.799999999999999,0.0,-5.114809523809527,4.643285646667077,10.733500000000001,13.949872552115872,4.387333333333333,0.7468734561562189,0.13071895424836602,-46.0,0.0,-11.299999999999997,0.0,0.0,589.8400000000001,5.243010469157454,0.0,4.719287974467045,2.0025000000000013,0.2821076626819194,-0.9593827529490743,0.298462952451098
2023-06-16,26.790000000000003,7.053166666666667,4.4065,527.4373333333333,114.91383333333333,3.442,0.1255,0.138,2.4225,58362,宝山,宝山区,1011.166667,25.258333,70.958333,3.5,2.4375,133.016999,536.0,2.42,25.8,2.63,25.8,0,29.766666666666666,30.314285714285717,536.0,0,552.6666666666666,505.7142857142857,0.0099999999999997,2.6300000000000003,0.0,2.4233333333333333,1297.12,67.854,,0.0,,,,,,0.7311513283499915,-0.6822153142901755,8.1,11.299999999999999,0.0,-20.414928571428618,5.162581077029434,22.18125,19.832256406926103,3.928,0.8331852032035233,0.0866738894907909,-2.0,0.0,-0.3000000000000007,0.0,0.0,538.0,4.767909495990556,0.0,5.72930037506428,1.5316670000000023,0.26556302780405594,-0.9640935007889755,0.28758182434867374
2023-06-17,26.439999999999998,7.0888333333333335,4.824166666666667,504.5795,124.95116666666667,3.436666666666667,0.11466666666666665,0.13483333333333333,2.3770000000000002,58362,宝山,宝山区,1008.6375,22.483333,94.958333,13.0,1.991667,113.359852,468.0,2.41,15.0,2.63,15.0,0,22.3,30.257142857142856,468.0,0,514.0,510.57142857142856,0.0,2.6266666666666665,-0.0099999999999997,2.4166666666666665,1127.88,39.45,,0.0,,,,,,0.9180326877519261,-0.3965047089493069,16.5,21.299999999999997,2.529166999999916,-40.2925952380952,4.7426728243837575,34.85767250000001,41.99839293308574,3.84,0.9197096263123331,0.0454115407254786,-68.0,0.0,-10.8,0.0,0.0,541.3599999999999,4.08094671612146,0.0,7.593831482573979,3.9566669999999995,0.24893980855376657,-0.9685189578512204,0.27348581830569474
2023-06-18,26.991666666666664,7.093833333333333,4.7865,497.70266666666674,126.84100000000001,3.5805000000000002,0.1708333333333333,0.12616666666666668,2.362,58362,宝山,宝山区,1004.220833,24.266667,96.541667,70.0,1.375,105.168228,512.0,2.44,4.41,2.65,4.41,0,15.07,26.615714285714283,512.0,0,505.3333333333333,535.1428571428571,0.02,2.6366666666666667,0.0299999999999998,2.4233333333333333,1249.28,11.6865,,0.0,,,,,,0.9651617368130965,-0.2616540116106137,86.5,91.3,4.416667000000075,-42.13054761904749,3.638138764893623,120.323,179.85908509796243,3.7945,0.8960761141247515,0.010719070975545964,44.0,1.0,-10.59,0.0,0.0,572.6799999999998,3.952826818730558,0.0,21.64107078207452,2.724999666666662,0.23224292400907015,-0.9726578145718654,0.2709579492635136
2023-06-19,26.991666666666664,7.044666666666667,3.878,510.334,125.08033333333333,3.770166666666667,0.30733333333333335,0.1475,2.531833333333333,58362,宝山,宝山区,1002.079167,24.195833,97.166667,80.4,1.633333,119.875012,487.0,2.59,19.5,2.86,19.5,0,12.97,23.87285714285714,487.0,0,489.0,530.4285714285714,0.2099999999999999,2.713333333333333,0.1499999999999999,2.48,1261.33,55.77,,0.0,,,,,,0.8671140683909218,-0.49810961885768074,163.4,171.7,2.1416659999999865,-23.42869047619041,3.978166333545121,268.5724452,338.9307040649903,4.314166666666666,0.6661172248743708,0.005946187042938529,-25.0,0.0,15.09,1.0,0.0,588.8,3.8784795936981977,2465.706,36.72201902625592,2.795833666666663,0.21547731504673012,-0.976508846196619,0.2733118392703343
2023-06-20,26.955,6.9605,2.716666666666667,500.095,107.914,3.8898333333333333,0.4078333333333333,0.162,2.438,58362,宝山,宝山区,1003.1875,26.908333,83.041667,0.0,1.504167,332.739602,1030.0,2.7,37.2,3.18,37.2,0,20.37,23.629999999999995,1030.0,0,676.3333333333334,593.5714285714286,0.3200000000000003,2.896666666666667,0.1100000000000003,2.5766666666666667,2781.0,118.29600000000002,,0.0,,,,,,-0.4580352458162835,0.8889340321925001,150.4,171.5,0.0,-22.18773809523816,3.2338711741962856,227.7693838,314.37575711539967,4.465833333333334,0.44288623619897927,0.006540044131040588,543.0,1.0,17.700000000000003,1.0,0.0,1746.0300000000004,6.209792435621989,2662.0800000000004,33.91771012687675,0.04666699999999935,0.19864794288017112,-0.9800709131432666,0.29815436252379457
2023-06-21,27.001666666666665,6.9110000000000005,2.290833333333333,513.8938333333333,87.0295,3.437666666666667,0.35033333333333333,0.148,2.4595,58362,宝山,宝山区,1005.991667,27.9375,71.333333,0.0,1.775,50.978035,763.0,2.85,39.5,3.18,39.5,0,32.06666666666667,23.93,763.0,0,760.0,619.1428571428571,0.0,3.0733333333333337,0.1499999999999999,2.7133333333333334,2174.55,125.61,1.0,1.0,0.0249702734839476,DLR_GWP_P1D_real_raster_proxy,0.5,wusongkou_aoi_boundary_proxy,"Derived from DLR Global WaterPack daily real raster masks within a station-centered AOI; label denotes boundary-change proxy relative to the median reference mask, not a manual governance-zone annotation.",0.7769046471025559,0.6296182726942199,80.4,166.89999999999998,0.0,0.03661904761895585,4.149790916982015,144.53750000000002,286.4801116358434,4.289833333333333,0.41248120661110793,0.012022843402464681,-267.0,0.0,2.299999999999997,1.0,0.0,1184.5,8.633469461941736,184.9199999999998,19.972397465059462,-0.9358333333333348,0.18175978759137534,-0.9833429613388902,0.33428865632940985
2023-06-22,27.166666666666668,6.902666666666666,2.1195,541.605,95.77433333333333,3.6326666666666667,0.1758333333333333,0.151,2.4091666666666667,58362,宝山,宝山区,1007.595833,26.829167,70.625,0.0,0.783333,267.73498,723.0,2.76,23.9,2.97,23.9,0,33.53333333333333,23.615714285714283,723.0,0,838.6666666666666,645.5714285714286,-0.2099999999999999,3.1100000000000008,-0.0900000000000003,2.77,1995.48,70.983,,0.0,,,,,,-0.9992187100064344,-0.03952176075375732,0.0,166.89999999999998,0.0,27.941095238095272,2.5537726986233276,0.814833,285.3044137561736,4.095,0.37886122830954927,0.5607477683640689,-40.0,0.0,-15.600000000000001,0.0,0.0,831.6700000000002,8.66620970436376,0.0,3.265068784434792,0.3374996666666661,0.16481784665719793,-0.9863240225317866,0.3182130901571856
2023-06-23,27.141666666666666,6.918499999999999,2.521,563.1131666666666,109.77499999999999,3.637,0.13699999999999998,0.15466666666666667,2.3831666666666664,58362,宝山,宝山区,1009.25,24.375,74.041667,78.4,3.433333,168.315236,779.0,2.65,19.3,2.92,19.3,0,27.566666666666663,22.687142857142856,779.0,0,755.0,680.2857142857143,-0.0500000000000002,3.023333333333333,-0.1099999999999998,2.7533333333333334,2064.35,56.356,,0.0,,,,,,0.20252689486116673,-0.9792767008654366,78.4,241.8,0.0,44.35271428571423,5.12756935946692,272.6451402,421.3355868865404,4.066833333333333,0.45089217816768706,0.0120724346562271,56.0,1.0,-4.599999999999998,0.0,0.0,926.8499999999999,6.815617242157527,0.0,20.56078152730468,2.7666666666666657,0.14782713347053048,-0.9890132145779883,0.2952786219679071
2023-06-24,26.83666666666667,6.939333333333334,2.9006666666666665,532.8104999999999,112.43650000000001,4.091,0.295,0.17316666666666666,2.5973333333333333,58362,宝山,宝山区,1006.9125,23.045833,97.291667,52.5,2.120833,153.868399,1140.0,2.58,-19.3,2.85,19.3,1,7.966666666666666,17.787142857142857,1140.0,0,880.6666666666666,776.2857142857143,-0.0699999999999998,2.9133333333333336,-0.0699999999999998,2.6633333333333336,2941.2000000000003,-55.005,,0.0,,,,,,0.44043440238990544,-0.8977847944755173,130.9,281.3,2.3374999999999773,10.017047619047503,4.1108698674031015,279.7623727,555.310486370691,4.624,0.46177946067872544,0.007333618547536806,361.0,1.0,-38.6,0.0,0.0,1606.0699999999997,7.763521147661172,0.0,30.884951819437934,3.7908336666666713,0.13079267585675922,-0.9914097417023038,0.2912487593693418
2023-06-25,26.63,6.861833333333333,2.206,500.5478333333333,104.96300000000001,4.578799999999999,0.2975,0.18083333333333332,2.8823333333333334,58362,宝山,宝山区,1006.179167,27.791667,80.916667,0.0,2.4,198.55173,1910.0,3.11,45.3,3.61,45.3,0,15.1,23.628571428571423,1910.0,0,1276.3333333333333,976.0,0.7599999999999998,3.1266666666666665,0.5299999999999998,2.78,5940.099999999999,163.533,,0.0,,,,,,-0.31816072934095746,-0.9480367874218965,130.9,211.3,0.733333000000016,-22.652071428571503,4.2968930420543385,316.7455,382.69374026179867,4.988166666666666,0.32659249208439284,0.007405578887695824,770.0,1.0,64.6,1.0,0.0,4100.4,12.045084919578844,8456.14,31.011959523119657,-1.1616670000000013,0.11371951458594969,-0.9935128947338007,0.30281674433736794
2023-06-26,26.15833333333333,6.8180000000000005,2.4055,502.02683333333334,89.86983333333335,4.718333333333333,0.21183333333333335,0.17600000000000002,2.7946666666666666,58362,宝山,宝山区,1007.581818,27.186364,81.772727,0.0,1.940909,216.237594,1450.0,3.02,66.9,3.41,66.9,0,30.96666666666667,30.4,1450.0,0,1500.0,1113.571428571429,-0.1999999999999997,3.2900000000000005,-0.0899999999999998,2.903333333333333,4379.0,228.129,,0.0,,,,,,-0.5911350186446033,-0.8065726190071447,52.5,130.90000000000003,0.0,-19.98633333333339,4.180249515835106,103.8701315,238.46020369698326,4.766500000000001,0.3566958578719646,0.018037222297347253,-460.0,0.0,21.60000000000001,1.0,0.0,2081.8999999999996,16.507128328249745,1134.0000000000005,14.75126806372662,-1.0280306666666696,0.0966127018812031,-0.9953220513156602,0.3288985375471425
2023-06-27,26.21666666666667,6.855666666666667,2.9768333333333334,459.3016666666667,76.348,4.489833333333333,0.29150000000000004,0.19383333333333333,2.9225,58362,宝山,宝山区,1008.416667,30.158333,69.75,0.0,3.1875,200.769633,1130.0,2.72,56.0,2.98,56.0,0,56.06666666666666,33.08571428571428,1130.0,0,1496.6666666666667,1127.857142857143,-0.4300000000000001,3.333333333333333,-0.2999999999999998,2.95,3073.6000000000004,166.88,,0.0,,,,,,-0.3546114510827681,-0.9350137532469636,0.0,130.90000000000003,0.0,-56.883880952380935,5.372452621743741,3.2925,222.809383026256,5.152333333333333,0.4398265351752848,0.23880597014925373,-320.0,0.0,-10.900000000000006,0.0,0.0,1884.9999999999998,19.349778490286326,0.0,4.904853882600805,-3.9416663333333304,0.07947729992362097,-0.9968366760893436,0.3562451042978043
2023-06-28,26.955,6.859000000000001,3.9296666666666664,389.31583333333333,66.42533333333333,4.377166666666667,0.2678333333333333,0.18833333333333335,2.8058333333333336,58362,宝山,宝山区,1005.25,32.166667,66.25,0.0,2.829167,190.630653,1080.0,2.55,48.2,2.81,48.2,0,57.03333333333334,34.32857142857142,1080.0,0,1220.0,1173.142857142857,-0.1699999999999999,3.0666666666666664,-0.1700000000000003,2.763333333333333,2754.0,135.442,1.0,1.0,0.0237812128418549,DLR_GWP_P1D_real_raster_proxy,0.4285714285714286,wusongkou_aoi_boundary_proxy,"Derived from DLR Global WaterPack daily real raster masks within a station-centered AOI; label denotes boundary-change proxy relative to the median reference mask, not a manual governance-zone annotation.",-0.18447719052180941,-0.9828367952906424,0.0,130.90000000000003,3.1666669999999613,-109.07285714285706,4.398930052322897,2.888667,218.23040263371595,4.957000000000001,0.5957742874998906,0.14294221389472728,-50.0,0.0,-7.799999999999997,0.0,0.0,1322.1000000000004,18.094089264173704,0.0,5.282419962647847,-5.2116669999999985,0.062318379354325076,-0.998056320853012,0.37954867774163836
2023-06-29,27.683333333333334,6.843166666666666,2.9288333333333334,474.2706666666666,81.04066666666667,4.248166666666666,0.11666666666666665,0.16949999999999998,2.5225,58362,宝山,宝山区,1000.75,32.9875,62.791667,0.0,3.3,216.829545,990.0,2.47,43.4,2.7,43.4,0,49.2,37.114285714285714,990.0,0,1066.6666666666667,1211.2857142857142,-0.1099999999999998,2.83,-0.0799999999999996,2.58,2445.3,117.18,,0.0,,,,,,-0.5994364220152336,-0.8004223734763882,0.0,130.90000000000003,4.5,-14.49883333333338,6.312947372799769,3.328,213.6816943570047,4.3341666666666665,0.4737708253416613,0.11363636363636363,-90.0,0.0,-4.800000000000004,0.0,0.0,1166.3999999999996,13.001682092620733,0.0,5.783028427274927,-5.304166666666664,0.04514101777397193,-0.9989806246941579,0.3462476586428609
2023-06-30,27.985,6.889166666666667,3.061666666666667,475.8326666666667,82.57333333333334,4.0485,0.08416666666666667,0.15933333333333333,2.4466666666666668,58362,宝山,宝山区,1002.558333,26.195833,92.416667,53.3,1.6,228.748461,792.0,2.44,33.6,2.71,33.6,0,41.73333333333333,39.15714285714285,792.0,0,954.0,1213.142857142857,0.0099999999999997,2.74,-0.0300000000000002,2.486666666666667,1932.48,91.056,,0.0,,,,,,-0.7518220967722218,-0.6593660097434656,53.3,105.8,0.0,-0.4681904761904434,3.804288838080782,86.89049999999999,204.14008057437275,4.1241666666666665,0.5198532803828794,0.017889087656529516,-198.0,0.0,-9.799999999999997,0.0,0.0,1019.7000000000003,11.415124441608167,0.0,14.427017320467412,1.789166999999999,0.02795029824021032,-0.999609314096404,0.34310596150044526
2023-07-01,28.126666666666665,6.949666666666666,2.882,473.276,77.471,3.8058333333333336,0.2753333333333333,0.16583333333333333,2.5531666666666664,58362,宝山,宝山区,1005.05,28.7875,83.708333,0.0,1.9875,79.585005,690.0,2.49,43.5,2.69,43.5,0,40.16666666666666,48.12857142857143,690.0,0,824.0,1148.857142857143,-0.02,2.7,0.0500000000000002,2.466666666666667,1718.1,117.015,,0.0,,,,,,0.9835241930814843,0.18077655164156428,53.3,53.3,0.0,5.480071428571421,4.9229753073146005,107.93875,98.47418581910999,4.486833333333333,0.48790143659704943,0.017765933821896514,-102.0,0.0,9.899999999999999,1.0,0.0,831.6000000000003,10.500694524091703,527.6699999999998,14.609468382499035,-0.6608333333333363,0.01075130776352193,-0.9999422030204416,0.3537984753180531
2023-07-02,28.453333333333333,6.962166666666666,3.073333333333333,467.1623333333334,92.11399999999999,3.8095,0.20266666666666666,0.15983333333333333,2.424,58362,宝山,宝山区,1005.470833,29.054167,83.291667,11.0,1.629167,172.79891,618.0,2.56,20.2,2.73,20.2,0,32.43333333333333,44.54285714285714,618.0,0,700.0,964.2857142857144,0.04,2.7099999999999995,0.0699999999999998,2.4966666666666666,1582.08,55.146,,0.0,,,,,,0.12535210761984705,-0.9921123167843762,64.3,64.3,0.0,4.135761904761921,2.7976023080173933,106.4091051,118.38297489194495,4.225,0.5288190510249461,0.01494116907207287,-72.0,0.0,-23.3,0.0,0.0,738.2999999999998,7.517666516313337,0.0,16.556595657505028,-0.6008336666666665,-0.00645086419810515,-0.9999791929590823,0.32475760423393774
2023-07-03,28.633333333333336,6.938833333333334,2.6835,475.79883333333333,106.57416666666667,4.021166666666667,0.26933333333333337,0.18016666666666667,2.5818333333333334,58362,宝山,宝山区,1003.129167,30.704167,79.958333,0.0,1.4125,187.172535,612.0,2.61,10.1,2.89,10.1,0,24.6,36.42857142857142,612.0,0,640.0,844.5714285714286,0.1600000000000001,2.77,0.0499999999999998,2.553333333333333,1597.32,29.189,,0.0,,,,,,-0.1248576443586859,-0.9921746663996214,11.0,64.3,2.3416659999999183,16.51911904761903,2.5516161630470755,16.9675,116.19959697172281,4.652833333333334,0.4293802757067074,0.06347527377837743,-6.0,0.0,-10.1,0.0,0.0,648.8999999999999,5.9493837584922025,0.0,6.231930687472791,-2.0708336666666654,-0.023651127245231586,-0.9997202729664083,0.30025534975641077
2023-07-04,29.241666666666664,6.988666666666667,3.0288333333333335,455.77116666666666,136.69183333333334,3.7155,0.14666666666666667,0.169,2.5156666666666667,58362,宝山,宝山区,999.954167,31.991667,67.541667,7.5,3.279167,249.239368,554.0,2.66,19.1,3.01,19.1,0,16.466666666666665,31.15714285714285,554.0,0,594.6666666666666,762.2857142857143,0.1199999999999996,2.876666666666667,0.0500000000000002,2.61,1473.64,57.491,,0.0,,,,,,-0.9350694501345185,-0.35446455877157773,18.5,71.8,3.175000000000068,-3.0041904761904448,7.293261100651224,63.961256500000005,120.72396105139885,4.352333333333333,0.5236312130956204,0.038529458487340296,-58.0,0.0,9.000000000000002,1.0,0.0,642.6000000000001,4.3188230722955,166.50000000000003,8.98166760411481,-2.750000333333336,-0.04084439154329611,-0.9991655196610109,0.2583583900648695
2023-07-05,29.400000000000002,7.011833333333333,2.9171666666666667,459.45416666666665,157.39133333333334,4.240666666666667,0.12466666666666666,0.17766666666666667,2.5736666666666665,58362,宝山,宝山区,1001.195833,28.433333,78.625,0.0,1.716667,227.836785,462.0,2.66,12.1,2.86,12.1,0,13.766666666666666,26.0,462.0,0,542.6666666666666,674.0,-0.1499999999999999,2.92,0.0,2.643333333333333,1228.92,34.605999999999995,1.0,1.0,0.0190249702734839,DLR_GWP_P1D_real_raster_proxy,0.15,wusongkou_aoi_boundary_proxy,"Derived from DLR Global WaterPack daily real raster masks within a station-centered AOI; label denotes boundary-change proxy relative to the median reference mask, not a manual governance-zone annotation.",-0.7412357012078724,-0.6712448400210416,7.5,71.8,0.0,-9.340952380952444,3.9097809255983496,14.5916695,128.65660585825745,4.475,0.46167134146753563,0.09787927902514586,-92.0,0.0,-7.000000000000002,0.0,0.0,554.0,3.426113381624415,0.0,5.131637624361682,0.966667000000001,-0.05802556932878035,-0.9983150972033183,0.2345868980594632
2023-07-06,29.791666666666668,6.9944999999999995,2.7228333333333334,464.39300000000003,145.7775,4.168333333333333,0.1655,0.17716666666666667,2.5303333333333335,58362,宝山,宝山区,1000.0,32.220833,70.083333,0.0,2.395833,210.470443,532.0,2.77,12.1,2.88,12.1,0,14.433333333333332,21.52857142857143,532.0,0,516.0,608.5714285714286,0.02,2.9166666666666665,0.1099999999999998,2.6966666666666668,1473.64,34.848,,0.0,,,,,,-0.5070938094260019,-0.8618908680580307,7.5,71.8,1.1958329999999933,-2.991023809523824,4.552523296343403,20.4030805,122.5303125448636,4.4675,0.43234827338602766,0.08270158967341644,70.0,1.0,0.0,0.0,0.0,668.2199999999999,3.5155251997070396,0.0,5.851722131719647,-2.429166333333331,-0.07518957641475855,-0.9971692572470178,0.2475123716625357
2023-07-07,29.96166666666667,7.0575,2.969,456.9446666666667,186.08216666666667,4.456166666666667,0.1165,0.18783333333333332,2.5463333333333336,58362,宝山,宝山区,1001.070833,29.475,86.041667,19.9,1.65,73.34083,381.0,2.74,14.7,2.86,14.7,0,12.966666666666663,18.828571428571426,381.0,0,458.3333333333333,549.8571428571429,-0.02,2.8666666666666667,-0.0299999999999998,2.723333333333333,1043.94,42.042,,0.0,,,,,,0.9580270298850655,0.28667788545613326,19.9,38.4,0.0,-7.741071428571445,4.122557690601344,34.49549999999999,71.83550115873899,4.541166666666666,0.4487686774374404,0.04434589800443459,-151.0,0.0,2.5999999999999996,1.0,0.0,547.9599999999999,2.449903919222659,51.73999999999999,7.502112364124033,0.48666666666666814,-0.09233133369539122,-0.9957283388645872,0.20632956911479994
2023-07-08,30.161666666666665,7.0035,2.6481666666666666,457.13983333333334,168.01133333333334,4.5729999999999995,0.32216666666666666,0.20266666666666666,2.7231666666666663,58362,宝山,宝山区,1003.208333,27.9,93.958333,39.4,1.041667,239.633852,481.0,2.79,-4.03,2.88,4.03,1,7.589999999999997,12.038571428571425,481.0,0,464.6666666666667,520.0,0.02,2.873333333333333,0.0499999999999998,2.766666666666667,1341.99,-11.6064,,0.0,,,,,,-0.8628124979984345,-0.5055240778614817,59.3,77.8,0.0,-5.2407380952381,2.867121923460125,62.83002009999999,151.2221728843994,5.071999999999999,0.3761114272426077,0.01630213277379632,100.0,1.0,-18.73,0.0,0.0,610.0499999999998,2.749322530638971,0.0,15.11488429108452,2.2616666666666667,-0.10944576864891556,-0.993992768446958,0.2235716078598815
2023-07-09,29.93166666666667,7.009333333333333,2.6376666666666666,451.7676666666667,143.919,4.368166666666666,0.23116666666666666,0.18799999999999997,2.504,58362,宝山,宝山区,1004.15,30.0,79.125,0.0,1.945833,221.693692,657.0,2.81,33.6,3.07,33.6,0,14.756666666666666,13.952857142857138,657.0,0,506.3333333333333,525.5714285714286,0.1899999999999999,2.936666666666666,0.02,2.78,1846.17,103.152,,0.0,,,,,,-0.6651481492165521,-0.7467114165417558,59.3,66.8,0.0,-8.413666666666643,4.213480958333289,117.3407299,120.06908953342054,4.615166666666666,0.3968588289912982,0.01606533243759466,176.0,1.0,37.63,1.0,0.0,849.66,3.4939057910510924,2231.459,15.780012535398058,-0.06833333333333158,-0.12652781683868314,-0.9919630595773397,0.24967528180202947
2023-07-10,30.064999999999998,6.9845,2.6333333333333333,461.1326666666667,114.5585,4.135333333333333,0.12666666666666668,0.16583333333333333,2.3408333333333333,58362,宝山,宝山区,1004.841667,27.716667,80.583333,0.5,1.941667,166.025295,856.0,2.71,55.3,2.85,55.3,0,28.29,20.41,856.0,0,664.6666666666666,560.4285714285714,-0.2199999999999997,2.9333333333333336,-0.1,2.77,2319.76,157.605,,0.0,,,,,,0.24149350487682356,-0.9704024356432271,39.9,67.3,0.0,3.0465000000000373,3.423582656923335,79.4491803,122.03917003312594,4.125833333333333,0.4286988372341247,0.02334176212144126,199.0,1.0,21.699999999999996,1.0,0.0,1160.5,5.751776517232974,865.8299999999998,12.005807179232836,2.3483329999999967,-0.1435724234118113,-0.9896398128792412,0.28810294520416524
2023-07-11,30.334999999999997,7.021,2.9019999999999997,464.35816666666665,107.72266666666667,3.9259999999999997,0.05583333333333334,0.154,2.2275,58362,宝山,宝山区,1003.9125,32.708333,68.416667,0.0,2.216667,165.014572,991.0,2.64,44.5,2.78,44.5,0,44.46666666666666,24.038571428571423,991.0,0,834.6666666666666,622.8571428571429,-0.0700000000000002,2.9,-0.0699999999999998,2.72,2616.24,123.71,,0.0,,,,,,0.2585733734193427,-0.9659916203355706,0.5,59.8,0.9291670000000067,5.045285714285683,3.8247965300300653,3.3495005,101.2857137845112,3.8233333333333333,0.5022423467296718,0.2152466058838948,135.0,1.0,-10.799999999999997,0.0,0.0,1204.8199999999997,7.677025336636334,0.0,4.528245717779402,-2.373333000000006,-0.16057454459499376,-0.9870237158387383,0.29845280452022505
2023-07-12,31.03833333333333,7.020333333333333,2.8529999999999998,482.278,98.45916666666666,3.9278333333333335,0.043333333333333335,0.15,2.1686666666666667,58362,宝山,宝山区,1003.020833,33.970833,65.125,0.0,2.754167,183.892886,929.0,2.61,44.5,2.74,44.5,0,48.1,28.667142857142856,929.0,0,925.3333333333334,689.5714285714286,-0.0399999999999995,2.7900000000000005,-0.0300000000000002,2.6533333333333333,2424.69,121.93,1.0,1.0,0.0178359096313912,DLR_GWP_P1D_real_raster_proxy,0.15,wusongkou_aoi_boundary_proxy,"Derived from DLR Global WaterPack daily real raster masks within a station-centered AOI; label denotes boundary-change proxy relative to the median reference mask, not a manual governance-zone annotation.",-0.06789141494455005,-0.9976927161089365,0.5,59.8,0.891666999999984,19.704571428571455,3.966428982545681,4.141750500000001,99.32882885522007,3.712,0.4985238402648561,0.1943319586290586,-62.0,0.0,0.0,0.0,0.0,1020.7300000000002,9.303650576869906,0.0,4.811710441384023,-2.9324996666666685,-0.17752914918703497,-0.984115542601034,0.3135682311590384
2023-07-13,31.22666666666667,7.009833333333333,2.8605,487.15899999999993,100.99566666666668,4.007666666666666,0.08933333333333333,0.149,2.181,58362,宝山,宝山区,1002.141667,33.054167,65.75,0.0,2.9625,202.697478,1050.0,2.53,46.3,2.72,46.3,0,45.1,33.552857142857135,1050.0,0,990.0,763.5714285714286,-0.02,2.7466666666666666,-0.08,2.5933333333333333,2656.5,125.936,,0.0,,,,,,-0.38586543440344506,-0.9225550750674133,0.0,59.8,0.8791660000000547,21.333285714285694,5.149250955051748,2.9905,99.69312194250038,3.7603333333333335,0.4919288351376932,0.2065404759436088,121.0,1.0,1.7999999999999972,1.0,0.0,1264.68,9.706294711866843,0.0,4.883478709251664,-1.8275003333333295,-0.19443122004766195,-0.9809161537413774,0.3092937699613656
2023-07-14,31.276666666666667,6.9926666666666675,2.9149999999999996,468.1006666666667,93.78766666666667,3.9055,0.12433333333333334,0.159,2.3283333333333336,58362,宝山,宝山区,1000.966667,32.966667,65.666667,0.0,3.158333,202.653798,912.0,2.45,37.9,2.69,37.9,0,42.9,36.867142857142845,912.0,0,963.6666666666666,839.4285714285714,-0.0300000000000002,2.716666666666667,-0.0799999999999996,2.53,2234.4,101.951,,0.0,,,,,,-0.3851620034220804,-0.9228489752499536,0.0,39.9,1.1749999999999545,0.6812380952382,5.397313247843314,3.186333,66.66828728101217,4.042666666666667,0.4996480879589123,0.18750001171875233,-138.0,0.0,-8.399999999999999,0.0,0.0,1133.9999999999995,10.16658285360613,0.0,4.999010089441459,-1.6900003333333338,-0.2112757555821793,-0.9774264960104055,0.32173381809002577
2023-07-15,31.084999999999997,6.935666666666666,3.067,447.68100000000004,91.4805,3.6648333333333336,0.12166666666666666,0.15883333333333335,2.4455,58362,宝山,宝山区,1002.4875,29.904167,80.541667,25.4,1.916667,17.008928,778.0,2.44,38.2,2.68,38.2,0,40.79999999999999,42.89999999999999,778.0,0,913.3333333333334,881.8571428571429,-0.0099999999999997,2.6966666666666668,-0.0100000000000002,2.473333333333333,1898.32,102.37600000000002,,0.0,,,,,,0.2925207154444214,0.9562591861184309,25.4,25.9,0.0,-18.387166666666587,3.476033458989325,50.6035088,47.3202262039296,4.1555,0.5463796558929628,0.03531489069670523,-134.0,0.0,0.30000000000000426,1.0,0.0,921.1200000000002,9.875955832130376,7.620000000000108,9.0278906424214,1.1808329999999962,-0.2280577712215198,-0.9736476020539838,0.3259163401179178
2023-07-16,30.938333333333333,6.808833333333333,2.6510000000000002,441.676,100.1665,4.1995,0.19216666666666668,0.16633333333333333,2.5791666666666666,58362,宝山,宝山区,1005.966667,27.816667,89.916667,70.1,1.775,82.307347,644.0,2.47,41.8,2.71,41.8,0,39.3,44.07142857142857,644.0,0,778.0,880.0,0.0299999999999998,2.6933333333333334,0.0300000000000002,2.4533333333333336,1590.68,113.278,,0.0,,,,,,0.9910003725276825,0.1338591111952955,95.5,96.0,0.0,-22.950500000000034,4.504413208756002,171.298,182.87445304034293,4.434666666666667,0.4267231290329039,0.010175527855507504,-134.0,0.0,3.5999999999999943,1.0,0.0,801.3400000000001,7.690292735243386,343.79999999999944,22.891194380375193,3.1216663333333337,-0.24477230089725957,-0.9695805901076308,0.31067925762394144
2023-07-17,31.105,6.8,2.4521666666666664,447.02683333333334,108.16250000000001,4.346166666666666,0.11599999999999999,0.1718333333333333,2.5436666666666667,58362,宝山,宝山区,1007.083333,28.733333,82.333333,0.4,2.770833,58.403206,771.0,2.57,27.6,2.84,27.6,0,35.86666666666667,40.11428571428571,771.0,0,731.0,867.8571428571429,0.1299999999999999,2.7433333333333336,0.0999999999999996,2.493333333333333,1981.47,78.384,,0.0,,,,,,0.8517562525750718,0.5239382465513187,95.9,95.9,0.0,-15.584547619047612,6.1282550150950605,268.5287177000001,175.39876251706303,4.378,0.38772392846149284,0.01003302540874721,127.0,1.0,-14.199999999999996,0.0,0.0,987.7999999999997,6.696438795373869,0.0,23.653560760654088,2.371667000000002,-0.2614143985111562,-0.965226663665613,0.29776753357705044
2023-07-18,31.025000000000002,6.838,2.891,448.3498333333334,115.83716666666668,4.042,0.09216666666666667,0.17200000000000001,2.489,58362,宝山,宝山区,1008.991667,28.233333,81.125,0.0,2.025,41.702626,641.0,2.71,11.3,2.89,11.3,0,26.899999999999995,35.37142857142857,641.0,0,685.3333333333334,817.8571428571429,0.0500000000000002,2.813333333333334,0.1400000000000001,2.583333333333333,1737.11,32.657000000000004,,0.0,,,,,,0.665264574135281,0.7466076924333176,70.5,95.9,0.0,-11.97464285714284,4.341849008177437,144.8365,174.19816900332413,4.301166666666667,0.4783734471069081,0.013600816048962936,-130.0,0.0,-16.3,0.0,0.0,878.94,5.865713393141166,0.0,18.064230115166758,2.791667000000004,-0.2779791393987801,-0.9605871111248129,0.28623512549761954
2023-07-19,31.03333333333333,6.882833333333333,3.2944999999999998,440.8793333333333,115.77816666666666,3.9226666666666667,0.06783333333333334,0.16933333333333334,2.4325,58362,宝山,宝山区,1008.313043,27.9,81.217391,2.5,1.821739,97.517393,565.0,2.68,11.0,2.84,11.0,0,16.63333333333333,30.58571428571428,565.0,0,659.0,765.8571428571429,-0.0500000000000002,2.856666666666667,-0.0299999999999998,2.653333333333333,1514.2,31.24,1.0,1.0,0.0297265160523186,DLR_GWP_P1D_real_raster_proxy,0.7857142857142857,wusongkou_aoi_boundary_proxy,"Derived from DLR Global WaterPack daily real raster masks within a station-centered AOI; label denotes boundary-change proxy relative to the median reference mask, not a manual governance-zone annotation.",0.9914051924939282,-0.13082715427646172,2.9,98.4,0.6786240000000134,-13.531047619047627,4.578609615699174,7.115282099999999,178.74838140152943,4.193666666666667,0.5583863324781329,0.15624113819794253,-76.0,0.0,-0.3000000000000007,0.0,0.0,660.2299999999999,5.643178162584616,0.0,4.494912127915571,3.133333333333333,-0.2944616217868012,-0.9556633054034704,0.2863208592691322
2023-07-20,30.849999999999998,6.892,3.391833333333333,445.23,129.66383333333332,3.8158333333333334,0.10366666666666667,0.17400000000000002,2.4298333333333333,58362,宝山,宝山区,1006.675,27.054167,94.166667,43.6,1.145833,140.148604,628.0,2.67,23.9,2.84,23.9,0,15.399999999999997,27.385714285714283,628.0,0,611.3333333333334,705.5714285714286,0.0,2.856666666666667,-0.0100000000000002,2.686666666666667,1676.76,67.87599999999999,,0.0,,,,,,0.6407986147820149,-0.7677090173323815,46.1,142.0,1.6380430000000388,-3.190523809523768,2.8467008876765867,53.97223430000001,276.13625934022457,4.2735,0.5761499586602992,0.02004655772939535,63.0,1.0,12.899999999999999,1.0,0.0,697.9100000000002,4.678672879386416,594.6899999999999,12.960923441582745,3.7958329999999982,-0.3108569682435036,-0.9504567035349151,0.267250842573
2023-07-21,30.891666666666666,6.829000000000001,2.6681666666666666,455.56166666666667,126.19733333333333,4.1034999999999995,0.14333333333333334,0.18800000000000003,2.4090000000000003,58362,宝山,宝山区,1007.0125,28.879167,85.25,9.3,2.141667,198.019915,731.0,2.8,9.98,3.21,9.98,0,14.96,23.397142857142853,731.0,0,641.3333333333334,679.7142857142857,0.3700000000000001,2.9633333333333334,0.1299999999999999,2.716666666666667,2046.8,32.0358,,0.0,,,,,,-0.309347546132477,-0.9509490500031087,55.400000000000006,151.3,0.0,8.932428571428602,3.7935535081771006,120.83551880000002,280.69876283880325,4.432333333333334,0.4232263001129679,0.017081850436544622,103.0,1.0,-13.919999999999998,0.0,0.0,942.42,5.042034424201765,0.0,15.170623527261437,2.012499666666667,-0.3271603271220951,-0.9449688462364056,0.2718147064029188
2023-07-22,30.636666666666667,6.7620000000000005,1.7501666666666666,446.2963333333334,97.52166666666666,4.244666666666666,0.2275,0.18516666666666667,2.3905,58362,宝山,宝山区,1007.595833,28.629167,85.041667,7.9,2.35,203.372291,816.0,2.83,0.493,3.25,0.493,0,11.457666666666666,18.010428571428566,816.0,0,725.0,685.1428571428571,0.04,3.1,0.0300000000000002,2.766666666666667,2309.28,1.60225,,0.0,,,,,,-0.39670400588225213,-0.9179465843484435,60.800000000000004,133.79999999999998,0.0,-0.13509523809523216,4.288100278052293,145.24050000000003,247.96410088048574,4.469666666666667,0.2701831611579785,0.015588464536243178,85.0,1.0,-9.487,0.0,0.0,928.0300000000002,7.35878740716932,0.0,16.411178374958723,2.007499666666668,-0.34336687399638804,-0.939201357453208,0.31517573724996806
2023-07-23,30.483333333333334,6.784666666666666,2.1468333333333334,420.9075,95.99066666666666,4.391333333333333,0.1295,0.167,2.3755,58362,宝山,宝山区,1006.604167,29.9625,77.666667,0.0,2.204167,211.38514,845.0,2.82,31.0,3.52,31.0,0,13.82433333333333,16.467571428571425,845.0,0,797.3333333333334,713.8571428571429,0.27,3.3266666666666667,-0.0100000000000002,2.8166666666666664,2382.9,109.12,,0.0,,,,,,-0.5207882408619345,-0.8536858955025154,17.200000000000003,63.7,0.9916660000000093,-22.55699999999996,4.363149158436861,40.11933940000001,113.57810737521834,4.175000000000001,0.3377934859422544,0.046738072782676866,29.0,1.0,30.507,1.0,0.0,882.7400000000002,8.220722268809372,524.7204000000002,7.8134372020510705,0.5208333333333357,-0.3594718130884232,-0.9331559438780432,0.31783408114013467
2023-07-24,30.543333333333333,6.795833333333333,2.3958333333333335,428.70166666666665,101.23433333333334,3.1645,0.050333333333333334,0.1635,2.2575,58362,宝山,宝山区,1007.166667,30.154167,75.166667,0.0,3.1875,169.610236,794.0,2.73,39.0,3.01,39.0,0,23.497666666666664,18.09614285714285,794.0,0,818.3333333333334,717.1428571428571,-0.5100000000000002,3.26,-0.0899999999999998,2.793333333333333,2167.62,117.39,,0.0,,,,,,0.18034342545648088,-0.9836037052058225,7.9,63.300000000000004,0.0,-12.144952380952418,4.764095985840682,28.400250000000003,111.36028689223801,3.9428333333333327,0.46342608615511016,0.0827300930713547,-51.0,0.0,8.0,1.0,0.0,921.0499999999998,8.00448642497791,63.2,6.3233624735939,0.38916633333333195,-0.3754703786876202,-0.9268343944460494,0.3088970594749355
2023-07-25,30.57166666666667,6.827166666666667,2.8303333333333334,424.0688333333333,90.42366666666668,3.4309999999999996,0.052833333333333336,0.1785,2.3238333333333334,58362,宝山,宝山区,1009.091667,30.5625,73.0,0.0,3.704167,151.059679,753.0,2.66,36.4,2.86,36.4,0,35.46666666666667,21.681857142857137,753.0,0,797.3333333333334,733.1428571428571,-0.1499999999999999,3.1300000000000003,-0.0699999999999998,2.7366666666666664,2002.98,104.10399999999998,,0.0,,,,,,0.4838983578686025,-0.8751242078996957,0.0,63.300000000000004,0.0,-13.309071428571428,6.490416183772261,3.7286669999999997,110.04845979019797,4.161666666666667,0.5110781831704171,0.21257748715128524,-41.0,0.0,-2.6000000000000014,0.0,0.0,849.5799999999999,8.72130119480368,0.0,5.026281864319245,0.009166666666668988,-0.3913578365610259,-0.9202385798054075,0.3278671770425139
2023-07-26,30.65833333333333,6.805833333333333,2.768666666666667,436.6553333333333,78.78166666666667,3.312333333333333,0.050166666666666665,0.1698333333333333,2.328333333333333,58362,宝山,宝山区,1009.8625,30.045833,76.75,0.0,3.229167,133.506529,680.0,2.57,39.7,2.71,39.7,0,38.36666666666667,25.781857142857135,680.0,0,742.3333333333334,749.5714285714286,-0.1499999999999999,2.86,-0.0900000000000003,2.6533333333333333,1747.6,107.587,1.0,1.0,0.0190249702734839,DLR_GWP_P1D_real_raster_proxy,0.15,wusongkou_aoi_boundary_proxy,"Derived from DLR Global WaterPack daily real raster masks within a station-centered AOI; label denotes boundary-change proxy relative to the median reference mask, not a manual governance-zone annotation.",0.7252959265458531,-0.6884372294813759,0.0,60.800000000000004,0.0,-0.11914285714283324,6.549803017158719,3.260667,108.0149379151803,4.076833333333333,0.5173025205827643,0.23645318333373921,-73.0,0.0,3.3000000000000043,1.0,0.0,820.7700000000002,9.304560362656417,0.0,4.697376388549396,0.6125003333333332,-0.4071294853542516,-0.9133704517637858,0.35098688266156375
2023-07-27,30.472,6.7642,2.5010000000000003,458.1942,82.7104,3.7748,0.046799999999999994,0.1706,2.2786,58362,宝山,宝山区,1008.208333,27.9,84.708333,8.2,2.725,119.924166,748.0,2.55,41.3,2.68,41.3,0,39.13333333333333,28.267571428571426,748.0,0,727.0,766.7142857142857,-0.0299999999999998,2.75,-0.02,2.5933333333333333,1907.4,110.684,,0.0,,,,,,0.8666864215354069,-0.4988533318783698,8.2,25.4,1.6541669999999158,19.56769523809521,6.079531346211566,25.077,47.46974766863099,4.0314,0.4340498422634366,0.0736422197326247,68.0,1.0,1.5999999999999943,1.0,0.0,832.32,8.68470345381219,13.119999999999953,6.39562121692558,2.5720000000000027,-0.4227806579826773,-0.9062320427107697,0.34282781122854256
2023-07-28,30.17,6.9785,4.216,409.72749999999996,92.207,3.962,0.058,0.173,2.271,58362,宝山,宝山区,1006.695833,28.158333,87.083333,3.7,3.975,118.753148,714.0,2.54,34.1,2.69,34.1,0,38.36666666666667,31.71328571428571,714.0,0,714.0,764.2857142857143,0.0099999999999997,2.6933333333333334,-0.0099999999999997,2.553333333333333,1813.56,91.729,,0.0,,,,,,0.8767003274351953,-0.48103693816070014,11.899999999999999,19.8,1.5125000000000455,-22.35126666666673,8.445726182959003,51.281,37.593437849180276,4.058999999999999,0.7075416024433094,0.054384772263766014,-34.0,0.0,-7.199999999999996,0.0,0.0,755.4799999999998,7.660368856416364,0.0,7.837110379633565,2.0116670000000028,-0.4383067230125192,-0.898825465016444,0.32458816170261795
2023-07-29,27.673333333333332,6.406166666666667,6.438666666666666,152.88583333333332,30.983,3.302666666666667,0.04983333333333334,0.31616666666666665,2.1188333333333333,58362,宝山,宝山区,1007.204167,28.008333,88.625,5.2,3.420833,135.96869,926.0,2.52,34.1,2.72,34.1,0,36.5,36.51428571428571,926.0,0,796.0,780.0,0.0300000000000002,2.6966666666666668,-0.02,2.536666666666666,2333.52,92.752,,0.0,,,,,,0.6950513590090411,-0.7189600881409796,17.1,17.1,0.0,-237.27714761904764,6.823280660427852,61.9240773,32.79852613994646,5.330333333333334,0.9710153439896226,0.0464666028494343,212.0,1.0,0.0,0.0,0.0,1160.76,24.888221867867305,0.0,8.345822428619357,-0.33499966666666836,-0.45370308603134424,-0.8911529104063088,0.5061397645358401
2023-07-30,28.116666666666664,6.503,5.588,225.26566666666668,43.594500000000004,3.402,0.0405,0.3738333333333333,2.0893333333333333,58362,宝山,宝山区,1008.495,29.665,77.75,0.0,4.01,143.308694,828.0,2.52,33.8,2.64,33.8,0,34.0,36.91428571428571,828.0,0,822.6666666666666,777.5714285714286,-0.08,2.6833333333333336,0.0,2.526666666666667,2086.56,89.232,,0.0,,,,,,0.5975034795214341,-0.8018663180105392,8.9,17.1,0.0,-136.94848095238098,7.414021976151245,39.699,30.92855220922341,5.868166666666666,0.7740089003336447,0.07189072609633357,-98.0,0.0,-0.30000000000000426,0.0,0.0,926.0,18.44771589919534,0.0,7.012617718607862,-1.5483333333333356,-0.46896519100763184,-0.8832166493127127,0.4497188476941346
2023-07-31,30.206666666666667,6.976333333333334,3.996166666666667,429.87416666666667,108.98833333333333,3.275,0.06183333333333333,0.17133333333333334,2.1331666666666664,58362,宝山,宝山区,1008.2,29.5625,76.458333,0.0,3.1875,96.414486,562.0,2.43,36.6,2.62,36.6,0,34.833333333333336,36.57142857142857,562.0,0,772.0,744.4285714285714,-0.02,2.66,-0.0899999999999998,2.49,1365.66,95.892,,0.0,,,,,,0.9937397048877106,-0.11172018138942408,5.2,17.1,0.2949999999999591,67.49251904761906,7.305037253550531,19.794,30.711206726834945,3.908333333333333,0.7478763133440455,0.10327911179963897,-266.0,0.0,2.8000000000000043,1.0,0.0,902.5199999999999,7.018926249753762,14.560000000000022,5.686838669929456,0.644166666666667,-0.48408852163897587,-0.8750190302029955,0.2964882919286851
2023-08-01,30.188333333333333,7.036333333333334,4.411666666666666,423.08750000000003,133.78933333333333,3.3008333333333333,0.08333333333333333,0.18016666666666667,2.1806666666666668,58362,宝山,宝山区,1007.208333,28.875,85.458333,2.6,3.195833,77.1677,298.0,2.46,6.12,2.6,6.12,0,25.50666666666667,32.24571428571428,298.0,0,562.6666666666666,679.4285714285714,-0.02,2.62,0.0299999999999998,2.47,733.08,15.912,,0.0,,,,,,0.9750243033100672,0.22209819439769887,2.6,19.7,0.9916670000000067,60.84604285714289,7.166914380328924,11.5154988,37.02690104205203,4.065666666666667,0.806227387248123,0.12841091492776874,-264.0,0.0,-30.48,0.0,0.0,578.8599999999999,4.174415384006648,0.0,5.053736795522815,1.3133333333333326,-0.4990686026885319,-0.8665624788845385,0.2619745981911713
2023-08-02,30.368333333333336,7.096333333333334,4.789833333333333,409.68699999999995,181.12566666666666,3.4695,0.1085,0.19633333333333333,2.3716666666666666,58362,宝山,宝山区,1004.554167,29.579167,82.041667,0.0,3.316667,60.267309,179.0,2.54,-3.63,2.77,3.63,1,13.03,26.055714285714284,179.0,0,346.3333333333333,607.8571428571429,0.1699999999999999,2.6633333333333336,0.08,2.4766666666666666,454.66,-10.0551,1.0,1.0,0.0190249702734839,DLR_GWP_P1D_real_raster_proxy,0.15,wusongkou_aoi_boundary_proxy,"Derived from DLR Global WaterPack daily real raster masks within a station-centered AOI; label denotes boundary-change proxy relative to the median reference mask, not a manual governance-zone annotation.",0.8683486813987933,0.49595419900730453,2.6,19.7,2.654166000000032,51.298161904761855,6.975633943722423,11.9680012,36.25838808311716,4.4435,0.8261376390686371,0.10448411334729137,-119.0,0.0,-9.75,0.0,0.0,321.84000000000003,1.901617381405147,0.0,5.265334650328194,0.7891663333333341,-0.5139010013093103,-0.8578494977869301,0.21088712023104206
2023-08-03,29.179999999999996,6.788666666666667,5.812666666666668,275.2726666666667,176.5476666666667,4.184,0.08733333333333333,0.286,2.7563333333333335,58362,宝山,宝山区,1002.291667,29.504167,82.75,0.0,4.175,58.76358,-47.7,2.63,-8.43,2.85,8.43,1,-1.98,18.95142857142857,47.7,1,143.1,494.1857142857143,0.08,2.74,0.0899999999999998,2.543333333333333,-125.451,-24.0255,,0.0,,,,,,0.8550348040722072,0.5185706160449146,2.6,11.5,2.2625000000000455,-56.98452380952375,8.327622161514746,15.261499999999998,21.1800384950776,5.703666666666667,0.803559579759017,0.09962640099626356,-226.7,0.0,-4.8,0.0,51.992999999999995,299.09599999999995,0.8059807413220486,0.0,5.283897989724471,-0.32416700000000276,-0.5285813283559292,-0.8488826652214553,0.21520819972223737
2023-08-04,30.656666666666666,7.1245,5.0,396.5806666666667,201.21983333333333,3.5875,0.10633333333333334,0.18866666666666668,2.5466666666666664,58362,宝山,宝山区,1001.154167,29.683333,81.75,0.2,2.8875,36.04466,29.2,2.79,7.42,2.85,7.42,0,-1.5466666666666662,15.139999999999995,29.2,0,53.5,396.3571428571428,0.0,2.8233333333333337,0.1600000000000001,2.653333333333333,81.468,21.147,,0.0,,,,,,0.5884156733280423,0.8085585911867529,0.2,8.0,1.1374999999999318,66.20159523809525,5.097726545391846,3.5210000000000004,14.680217797176548,4.539666666666666,0.8507687178855714,0.19138755980861494,76.9,1.0,15.85,1.0,0.0,123.07600000000002,0.2645635648992557,3.17,3.529822031991441,0.9733336666666652,-0.5431052396834317,-0.8396646346181327,0.1931229218078867
2023-08-05,30.751666666666665,7.1635,5.1955,390.6458333333333,220.05066666666664,3.3874999999999997,0.09583333333333333,0.17883333333333332,2.484833333333333,58362,宝山,宝山区,999.8375,29.6125,81.958333,0.7,1.6125,60.59688,4.15,2.75,7.67,2.76,7.67,0,2.22,11.36428571428571,4.15,0,-4.783333333333334,264.6642857142857,-0.0900000000000003,2.8200000000000003,-0.04,2.723333333333333,11.4125,21.1692,,0.0,,,,,,0.8711870780216612,0.4909511942017047,0.8999999999999999,3.5,1.3166670000000522,26.30104761904761,3.2631386705112755,3.0777499999999995,6.543948858933447,4.369,0.920895542199309,0.2070750504175957,-25.049999999999997,0.0,0.25,1.0,0.0,30.367999999999995,0.0,0.22499999999999998,2.202388183074615,1.1391666666666644,-0.5574684374327892,-0.8301981337405212,0.17801030869696144
2023-08-06,31.02,7.121666666666667,4.762666666666667,395.29133333333334,254.60583333333332,3.439166666666667,0.09683333333333333,0.17366666666666666,2.6278333333333332,58362,宝山,宝山区,998.825,30.908333,74.541667,0.0,1.920833,57.135912,120.0,2.69,10.2,2.71,10.2,0,8.43,7.992857142857139,120.0,0,51.11666666666667,163.52142857142857,-0.0499999999999998,2.773333333333333,-0.06,2.7433333333333336,322.8,27.642,,0.0,,,,,,0.8399601519033262,0.5426480841342216,0.8999999999999999,3.5,1.0124999999999318,6.657166666666626,4.253624760300433,3.6705826999999998,6.445542759496805,4.461333333333333,0.8367650625256343,0.2068965659928695,115.85,1.0,2.5299999999999994,1.0,0.0,250.001,0.19998239476798588,2.2769999999999992,3.6069663425857015,0.11166700000000063,-0.5716666713027052,-0.8204859638785327,0.1533572235164813
2023-08-07,31.203333333333333,7.1370000000000005,4.7235000000000005,394.9765,239.23749999999998,3.470333333333333,0.08600000000000001,0.15816666666666668,2.8655000000000004,58362,宝山,宝山区,1000.154167,29.8125,76.541667,0.0,2.5875,19.250623,207.0,2.69,9.34,2.78,9.34,0,9.07,4.098571428571424,207.0,0,110.38333333333333,112.80714285714284,0.0699999999999998,2.75,0.0,2.7100000000000004,556.83,25.9652,,0.0,,,,,,0.32970091070202223,0.944085435478303,0.7,3.5,0.0,11.327714285714308,4.24123181839668,4.39875,6.52539245100957,4.533166666666667,0.842419145391639,0.23323615160349856,87.0,1.0,-0.8599999999999994,0.0,0.0,294.0,0.4594758658965954,0.0,3.975492658395075,1.3908333333333331,-0.5856957398073508,-0.8105309990194823,0.16388223726512374
2023-08-08,31.323333333333334,7.0635,4.258166666666667,422.3441666666667,161.54183333333333,3.5193333333333334,0.10149999999999999,0.15016666666666667,2.5676666666666668,58362,宝山,宝山区,1002.121739,29.330435,74.0,0.0,2.608696,21.295099,385.0,2.7,26.8,2.81,26.8,0,15.446666666666667,7.05285714285714,385.0,0,237.33333333333331,125.23571428571428,0.0300000000000002,2.766666666666667,0.0100000000000002,2.6933333333333334,1039.5,75.308,,0.0,,,,,,0.3631715335933554,0.9317222961738386,0.0,0.8999999999999999,0.0,38.80157142857149,4.449475732418577,2.6121960000000004,1.986018423364965,4.170833333333333,0.7627929318294673,0.2771084070256957,178.0,1.0,17.46,1.0,0.0,568.6300000000001,1.4601369288521622,0.0,4.097295439241261,1.9928983333333328,-0.5995514915196489,-0.8003361849976323,0.2301964253355211
2023-08-09,31.334999999999997,7.080000000000001,4.427333333333333,439.23566666666665,102.13366666666667,3.4779999999999998,0.06633333333333334,0.1415,2.3438333333333334,58362,宝山,宝山区,1002.641667,29.95,77.875,0.1,3.020833,328.730883,506.0,2.71,36.9,2.78,36.9,0,24.346666666666664,12.84285714285714,506.0,0,366.0,171.95000000000002,-0.0300000000000002,2.79,0.0099999999999997,2.7,1371.26,102.582,1.0,1.0,0.0214030915576694,DLR_GWP_P1D_real_raster_proxy,0.2857142857142857,wusongkou_aoi_boundary_proxy,"Derived from DLR Global WaterPack daily real raster masks within a station-centered AOI; label denotes boundary-change proxy relative to the median reference mask, not a manual governance-zone annotation.",-0.5190584745512611,0.8547387320090963,0.1,0.9999999999999999,0.0,51.471833333333336,5.523098619392788,3.3264163000000004,2.263647084342818,3.825166666666666,0.8194900768262214,0.242669382622397,121.0,1.0,10.099999999999998,1.0,0.0,633.2699999999999,3.5487926671213086,1.0099999999999998,4.474259695103594,1.384999999999998,-0.6132298262997502,-0.7899045386224707,0.3074104669467438
2023-08-10,31.310000000000002,7.0496,4.2656,487.6334,79.4136,3.7334000000000005,0.0864,0.14579999999999999,2.3838,58362,宝山,宝山区,1003.708333,29.941667,71.583333,0.0,1.795833,309.397766,689.0,2.71,44.0,2.77,44.0,0,35.9,20.332857142857137,689.0,0,526.6666666666666,277.1928571428571,-0.0099999999999997,2.786666666666666,0.0,2.706666666666667,1867.19,121.88,,0.0,,,,,,-0.7727583214687315,0.6347003833312446,0.1,0.9999999999999999,0.0,69.53231904761907,4.164081634356852,1.9754163000000002,2.257065062656972,3.9281999999999995,0.7559595360616698,0.3453237807566942,183.0,1.0,7.100000000000001,1.0,0.0,872.0,6.549472560197113,0.7100000000000002,3.861581498399596,1.3683330000000034,-0.6267266965083301,-0.7792391467859886,0.34964774541438526
2023-08-11,31.423333333333332,7.017166666666667,4.0785,477.7778333333333,73.10233333333333,3.0436666666666667,0.10366666666666667,0.14716666666666667,2.351,58362,宝山,宝山区,1002.8125,31.029167,69.375,0.0,1.741667,124.272559,1050.0,2.69,48.8,2.76,48.8,0,43.23333333333333,26.244285714285716,1050.0,0,748.3333333333334,423.0214285714285,-0.0100000000000002,2.77,-0.02,2.703333333333333,2824.5,134.688,,0.0,,,,,,0.8263680925395318,-0.5631303362744505,0.1,0.7999999999999998,0.8958330000000387,48.07715714285712,4.224549642260591,1.9228337000000002,1.9234217979005077,3.9263333333333335,0.8136645097547869,0.26755852842809086,361.0,1.0,4.799999999999997,1.0,0.0,1439.22,10.09864736602986,0.47999999999999976,4.17750723557973,0.39416633333333095,-0.6400381082043503,-0.7683431655492202,0.36352125077986996
2023-08-12,31.661666666666665,6.9605,3.7261666666666664,482.7663333333333,85.56849999999999,3.4633333333333334,0.12733333333333333,0.16066666666666665,2.477,58362,宝山,宝山区,1001.254167,31.795833,68.708333,0.0,2.033333,138.848412,873.0,2.52,47.4,2.71,47.4,0,46.73333333333333,31.91999999999999,873.0,0,870.6666666666666,547.1428571428571,-0.0499999999999998,2.7466666666666666,-0.1699999999999999,2.64,2199.96,128.454,,0.0,,,,,,0.6580534729899957,-0.7529711991077779,0.0,0.0999999999999999,1.5583329999999478,39.90558571428568,4.387336898743497,2.0928329999999997,0.748552827878765,4.211,0.6770897289356828,0.21778587554060147,-177.0,0.0,-1.3999999999999986,0.0,0.0,1228.5,10.057545951086905,0.0,4.39643383008445,-0.13416633333333294,-0.65316012232693,-0.7572198192083127,0.33712933650635424
2023-08-13,31.87,7.0385,4.213500000000001,459.7918333333334,95.98166666666667,3.5126,0.0492,0.15360000000000001,2.3226,58362,宝山,宝山区,1001.333333,30.825,76.375,0.0,2.320833,84.889413,584.0,2.44,40.3,2.65,40.3,0,45.5,36.21999999999999,584.0,0,835.6666666666666,613.4285714285714,-0.06,2.7066666666666666,-0.08,2.55,1424.96,106.795,,0.0,,,,,,0.9960246226959023,0.08907834183170087,0.0,0.0999999999999999,0.0,7.716728571428632,5.588181590249977,2.348833,0.7522928468889963,3.9078,0.7797192056902155,0.301129264856137,-289.0,0.0,-7.100000000000001,0.0,0.0,942.84,8.61674887006135,0.0,4.082792844321454,1.0450000000000017,-0.666088855860977,-0.7458723993404063,0.3178498319892892
2023-08-14,32.005,7.102833333333333,4.684833333333334,434.7735,115.11383333333333,3.5399999999999996,0.05283333333333332,0.158,2.3906666666666667,58362,宝山,宝山区,1003.483333,29.904167,79.166667,1.9,2.833333,56.707017,448.0,2.51,35.6,2.62,35.6,0,41.1,39.97142857142857,448.0,0,635.0,647.8571428571429,-0.0299999999999998,2.66,0.0699999999999998,2.49,1124.48,93.272,,0.0,,,,,,0.8358745937892793,0.5489204527594206,1.9,1.9999999999999998,0.0,-22.986890476190467,6.117697503606099,8.2411657,4.14434050110325,4.0235,0.8572302023552713,0.17441861479177992,-136.0,0.0,-4.699999999999996,0.0,0.0,624.8799999999999,5.468771306318656,0.0,4.667650255481891,2.1008330000000015,-0.6788204829862355,-0.734304263829602,0.2872892127188401
2023-08-15,31.971666666666668,7.142666666666667,4.948833333333333,421.3043333333333,122.53383333333333,3.6783333333333332,0.0605,0.16166666666666665,2.4625,58362,宝山,宝山区,1005.125,28.570833,79.5,0.0,1.554167,62.506317,378.0,2.56,7.67,2.64,7.67,0,27.85666666666666,37.23857142857143,378.0,0,470.0,646.8571428571429,0.02,2.6366666666666667,0.0500000000000002,2.5033333333333334,967.68,20.2488,,0.0,,,,,,0.8870617367024046,0.4616508153123026,1.9,1.9999999999999998,0.0,-36.307509523809586,3.82343950890793,4.5245843,4.094351156983935,4.139666666666666,0.879486371200417,0.22450887000869074,-70.0,0.0,-27.93,0.0,0.0,470.4000000000001,3.804625723317364,0.0,3.8332743992694516,3.400833666666667,-0.6913512362094071,-0.722518835873311,0.2767751445144446
2023-08-16,32.04,7.142166666666667,4.860166666666667,423.09083333333336,147.93866666666668,3.541166666666667,0.056333333333333326,0.16716666666666669,2.5185,58362,宝山,宝山区,1004.475,29.895833,73.375,0.0,1.475,110.886882,372.0,2.61,-1.18,2.75,1.18,1,14.03,31.798571428571424,372.0,0,399.3333333333333,627.7142857142857,0.1099999999999998,2.67,0.0499999999999998,2.56,970.92,-3.245,0.0,1.0,0.0154577883472057,DLR_GWP_P1D_real_raster_proxy,0.15,wusongkou_aoi_boundary_proxy,"Derived from DLR Global WaterPack daily real raster masks within a station-centered AOI; label denotes boundary-change proxy relative to the median reference mask, not a manual governance-zone annotation.",0.9342861258175428,-0.35652410171662546,1.9,1.8999999999999997,0.6499999999999773,-32.21460476190475,3.741308798527448,4.295,3.7006322305647323,4.2465,0.8751583477860835,0.199004975124379,-6.0,0.0,-8.85,0.0,0.0,396.8999999999999,2.6811931533338105,0.0,3.9122856293929225,2.1441669999999995,-0.7036774074790128,-0.7105196029692745,0.24503139786627204
2023-08-17,31.94333333333333,7.123166666666666,4.653,431.98949999999996,160.528,3.6621666666666663,0.06083333333333333,0.17416666666666666,2.579166666666667,58362,宝山,宝山区,1004.770833,26.379167,87.458333,10.7,1.333333,333.917857,280.0,2.66,4.61,2.82,4.61,0,3.699999999999998,26.171428571428567,280.0,0,343.3333333333333,569.2857142857143,0.0699999999999998,2.736666666666667,0.0500000000000002,2.61,744.8000000000001,13.0002,,0.0,,,,,,-0.43965926612635436,0.8981646451009055,10.7,12.6,0.0,-15.366809523809536,2.765298408682112,15.6174961,23.851884334307403,4.381666666666668,0.8111124401363733,0.07672634467330805,-92.0,0.0,5.79,1.0,0.0,390.6000000000001,2.1255344790583264,61.952999999999996,5.346757087495145,5.564166333333333,-0.7157953492826642,-0.6983101158835584,0.2312584402839989
2023-08-18,31.92,7.117333333333334,4.593833333333333,431.80033333333336,145.19783333333334,3.7155,0.076,0.17466666666666666,2.641,58362,宝山,宝山区,1006.55,28.545833,77.25,3.0,1.904167,98.360511,289.0,2.75,8.87,2.9,8.87,0,4.099999999999997,20.46714285714285,289.0,0,313.6666666666667,460.57142857142856,0.08,2.823333333333333,0.0899999999999998,2.6733333333333333,794.75,25.722999999999995,,0.0,,,,,,0.9893727803279444,-0.1454011745005968,13.7,15.6,0.0,-8.987761904761896,4.638580137445799,28.0227549,27.895386080959543,4.463666666666667,0.7888240814604548,0.06022584571692154,9.0,1.0,4.259999999999999,1.0,0.0,324.81999999999994,2.145494632273392,58.36199999999998,6.310863190669461,3.3741670000000035,-0.7277014757264236,-0.6858939875998223,0.24818403105073172
2023-08-19,31.85166666666667,7.1419999999999995,4.804,415.43,127.84383333333334,3.3556666666666666,0.071,0.16033333333333336,2.5776666666666666,58362,宝山,宝山区,1008.775,29.091667,76.25,3.4,2.129167,116.987563,305.0,2.73,7.78,2.82,7.78,0,7.086666666666663,14.807142857142852,305.0,0,291.3333333333333,379.4285714285714,-0.08,2.8466666666666662,-0.02,2.7133333333333334,832.65,21.9396,,0.0,,,,,,0.891105049370201,-0.4537970812895691,17.099999999999998,19.0,0.0,-15.73861904761901,4.885016229945259,38.54492269999999,33.801032492227165,4.252000000000001,0.891349909420194,0.049433572820868014,16.0,1.0,-1.089999999999999,0.0,0.0,327.42,2.2611352502965474,0.0,7.139268522989065,2.759999666666669,-0.7393922635959241,-0.673274892250183,0.26963167905314966
2023-08-20,31.773333333333337,7.142166666666667,4.729500000000001,422.72,139.63633333333334,3.3706666666666667,0.0855,0.16283333333333336,2.628833333333333,58362,宝山,宝山区,1007.566667,30.041667,74.708333,0.1,2.616667,133.468345,317.0,2.7,10.3,2.83,10.3,0,8.98333333333333,10.521428571428569,317.0,0,303.6666666666667,341.2857142857143,0.0100000000000002,2.85,-0.0299999999999998,2.7266666666666666,855.9000000000001,29.149000000000004,,0.0,,,,,,0.7257545651588304,-0.6879537129423149,6.5,19.099999999999998,1.208332999999925,-3.1526428571428937,5.380032728167488,19.6355025,33.71442915838399,4.342666666666667,0.8680242809080333,0.08830022075055247,12.0,1.0,2.5200000000000005,1.0,0.0,338.86999999999995,2.15923338919056,16.380000000000003,5.56817782954629,1.7316663333333366,-0.7508642533989489,-0.6604565640279754,0.2547669232722771
2023-08-21,31.78,7.131333333333333,4.423333333333333,443.682,163.239,3.6331666666666664,0.074,0.1758333333333333,2.6136666666666666,58362,宝山,宝山区,1003.075,31.670833,67.791667,0.0,2.820833,216.736627,424.0,2.67,10.7,2.84,10.7,0,9.59333333333333,6.96428571428571,424.0,0,348.6666666666667,337.85714285714283,0.0099999999999997,2.83,-0.0300000000000002,2.7,1132.08,30.388,,0.0,,,,,,-0.5981375693267313,-0.8013934415503471,3.5,17.2,4.491667000000007,16.53671428571431,5.415892569435294,12.7042485,29.214200454866067,4.446,0.7638547451022574,0.08465608465608461,107.0,1.0,0.3999999999999986,1.0,0.0,546.9300000000002,2.1229224889744014,1.399999999999995,5.8617597223618,0.1091670000000029,-0.7621140503891487,-0.6474427960827475,0.2284333410487176
2023-08-22,31.758333333333336,7.0945,4.057166666666666,462.38349999999997,171.88516666666666,3.8673333333333333,0.0845,0.19066666666666668,2.7136666666666667,58362,宝山,宝山区,1002.716667,27.254167,86.666667,40.8,1.6875,276.600638,500.0,2.62,23.6,2.85,23.6,0,14.866666666666664,9.239999999999997,500.0,0,413.6666666666667,355.2857142857143,0.0100000000000002,2.84,-0.0499999999999998,2.6633333333333336,1310.0,67.26,,0.0,,,,,,-0.9933714856905806,0.11494821189078404,40.9,58.0,0.358333000000016,29.36976190476196,4.296305297265585,70.72375,108.68129993088539,4.704833333333333,0.6610692172066809,0.022755286035879663,76.0,1.0,12.900000000000002,1.0,0.0,604.8,2.392725036175265,527.61,11.900099947835775,4.5041663333333375,-0.7731383255706026,-0.6342374393978054,0.2197251045080877
2023-08-23,31.53333333333333,7.043166666666667,3.5858333333333334,456.86016666666666,138.2355,3.9101666666666666,0.17233333333333334,0.2001666666666667,2.6843333333333335,58362,宝山,宝山区,1005.9625,28.070833,75.833333,0.0,2.008333,44.254089,466.0,2.66,23.4,2.85,23.4,0,19.23333333333333,12.751428571428567,466.0,0,463.3333333333333,368.7142857142857,0.0,2.8466666666666662,0.04,2.6500000000000004,1239.5600000000002,66.69,1.0,1.0,0.0166468489892984,DLR_GWP_P1D_real_raster_proxy,0.15,wusongkou_aoi_boundary_proxy,"Derived from DLR Global WaterPack daily real raster masks within a station-centered AOI; label denotes boundary-change proxy relative to the median reference mask, not a manual governance-zone annotation.",0.6978415780366898,0.7162521427285663,40.8,58.0,0.0,19.022238095238095,4.331780658593494,83.96231939999998,102.4344328514096,4.858333333333334,0.5660333592983208,0.022826707421165743,-34.0,0.0,-0.20000000000000284,0.0,0.0,520.0,3.327695403351396,0.0,11.974079839850607,3.462500333333331,-0.7839338166829201,-0.620844401650647,0.2564660749711989
2023-08-24,31.605,6.996166666666667,3.2303333333333337,477.24083333333334,93.96116666666666,3.3751666666666664,0.0585,0.17233333333333334,2.2985,58362,宝山,宝山区,1008.120833,29.316667,69.125,0.0,1.666667,64.394994,624.0,2.7,38.6,2.79,38.6,0,28.53333333333333,17.607142857142854,624.0,0,530.0,417.8571428571428,-0.06,2.83,0.04,2.66,1684.8000000000002,107.694,,0.0,,,,,,0.9017947711202402,0.4321645413267885,40.8,47.3,0.0,32.938428571428574,4.135321333259117,69.68068059999999,80.50395293534145,4.080333333333334,0.5880133207688824,0.02300613479289774,158.0,1.0,15.200000000000003,1.0,0.0,813.28,5.581228818095819,620.1600000000001,11.887937438568606,2.2883330000000015,-0.7944973291665992,-0.6072676460566135,0.32142341807155916
2023-08-25,31.793333333333337,6.971166666666666,3.0831666666666666,487.424,79.41216666666666,3.1908333333333334,0.04533333333333334,0.162,2.1525,58362,宝山,宝山区,1008.8,28.3875,66.666667,0.0,2.170833,64.347433,681.0,2.6,34.0,2.69,34.0,0,32.0,21.19714285714285,681.0,0,590.3333333333334,473.8571428571428,-0.1,2.776666666666667,-0.1,2.6533333333333333,1770.6,91.46,,0.0,,,,,,0.901435722389576,0.43291296862069534,0.0,44.3,0.0,35.17535714285714,5.1064538622186495,2.205833,74.35780961521996,3.817833333333333,0.5913763816569504,0.3153745403810292,57.0,1.0,-4.600000000000001,0.0,0.0,811.8000000000001,7.341343453416047,0.0,4.065702970268221,3.4058333333333373,-0.8048257371083452,-0.593511190196115,0.3496507708841914
2023-08-26,31.638333333333332,6.984166666666667,3.2881666666666667,474.87833333333333,73.72016666666667,3.4555000000000002,0.029333333333333333,0.1535,2.1323333333333334,58362,宝山,宝山区,1006.433333,29.141667,75.916667,0.0,3.05,90.839193,807.0,2.55,37.6,2.71,37.6,0,36.73333333333333,25.457142857142856,807.0,0,704.0,545.5714285714286,0.02,2.7300000000000004,-0.0500000000000002,2.6166666666666667,2057.85,101.896,,0.0,,,,,,0.9998927392866965,-0.014646157234796712,0.0,40.9,2.3666670000000067,14.137071428571403,7.103857163602588,3.0675,72.49449838456513,3.6966666666666663,0.6150862464650967,0.1558441477483558,126.0,1.0,3.6000000000000014,1.0,0.0,979.6500000000002,9.421820525917813,0.0,5.126459342651605,2.49666633333333,-0.8149159841660791,-0.5795791048257612,0.362111940929409
2023-08-27,31.290000000000003,7.033,3.856833333333334,476.89983333333333,73.25483333333334,3.2925,0.033,0.15016666666666667,2.0256666666666665,58362,宝山,宝山区,1002.341667,29.029167,79.708333,12.1,3.308333,133.786325,734.0,2.51,32.7,2.67,32.7,0,34.766666666666666,28.65714285714285,734.0,0,740.6666666666666,605.1428571428571,-0.04,2.69,-0.04,2.553333333333333,1842.34,87.30900000000001,,0.0,,,,,,0.7219254039634903,-0.6919708889195784,12.1,52.9,4.091665999999918,8.418595238095236,6.686683212352672,43.3531623,95.60226061114528,3.5603333333333333,0.7466848178500346,0.048780490184414355,-73.0,0.0,-4.899999999999999,0.0,0.0,839.28,9.97465933755154,0.0,8.005200788174932,2.2608330000000016,-0.8247650844733614,-0.5654755126737576,0.3631723011687439
2023-08-28,31.12,7.0553333333333335,4.024166666666667,474.77,77.5445,3.279,0.0545,0.15933333333333333,2.0509999999999997,58362,宝山,宝山区,1003.254167,26.370833,85.875,19.4,2.695833,256.363175,723.0,2.5,27.8,2.66,27.8,0,32.7,31.1,723.0,0,754.6666666666666,647.8571428571429,-0.0099999999999997,2.68,-0.0099999999999997,2.52,1807.5,73.94800000000001,,0.0,,,,,,-0.9718096698869398,-0.23576676083417045,31.5,72.3,0.0,1.8476190476189913,6.303388286658176,87.6180725,134.91524967560377,3.698833333333333,0.7669041970640973,0.028412454394814296,-11.0,0.0,-4.900000000000002,0.0,0.0,741.3399999999998,9.608141456966008,0.0,10.689735605805252,4.749167,-0.8343701235229538,-0.5512045872199277,0.35363956719540657
2023-08-29,30.929999999999996,7.0415,3.8800000000000003,459.1043333333334,105.611,3.9171666666666667,0.13416666666666666,0.17966666666666667,2.355,58362,宝山,宝山区,1008.554167,23.404167,94.791667,45.7,1.541667,18.599072,463.0,2.5,23.2,2.71,23.2,0,27.899999999999995,31.04285714285714,463.0,0,640.0,642.5714285714286,0.0499999999999998,2.68,0.0,2.5033333333333334,1157.5,62.872,,0.0,,,,,,0.31894395857784263,0.9477735759593087,77.2,77.2,0.0,-13.349595238095219,2.954355058622765,120.5583594,150.88374316326775,4.285833333333334,0.6398717526910925,0.012540495297144965,-260.0,0.0,-4.600000000000001,0.0,0.0,723.0,6.003132884974346,0.0,18.958203539637427,7.525832999999995,-0.8437282590292712,-0.5367705514607103,0.3017819180344501
2023-08-30,29.900000000000002,7.085833333333333,4.011166666666667,440.21000000000004,140.40066666666667,4.055499999999999,0.12766666666666668,0.19299999999999998,2.347166666666667,58362,宝山,宝山区,1011.458333,21.154167,94.333333,12.2,1.766667,328.743306,407.0,2.65,28.0,2.8,28.0,0,26.33333333333333,31.7,407.0,0,531.0,634.1428571428571,0.0899999999999998,2.723333333333333,0.1499999999999999,2.5500000000000003,1078.55,78.39999999999999,1.0,1.0,0.0178359096313912,DLR_GWP_P1D_real_raster_proxy,0.15,wusongkou_aoi_boundary_proxy,"Derived from DLR Global WaterPack daily real raster masks within a station-centered AOI; label denotes boundary-change proxy relative to the median reference mask, not a manual governance-zone annotation.",-0.5188731359741742,0.8548512553446512,77.30000000000001,89.4,0.0,-29.865333333333297,3.5850331226727103,138.38252610000004,174.23021574578942,4.404833333333333,0.6366947710291238,0.012489591954664479,-56.0,0.0,4.800000000000001,1.0,0.0,532.4499999999999,3.7552863965752166,371.04000000000013,19.085461928594334,8.745833000000001,-0.8528367217694595,-0.522177676659508,0.2538469419096244
2023-08-31,29.416666666666668,7.011500000000001,3.341333333333333,447.551,170.37116666666665,4.2763333333333335,0.10583333333333333,0.21,2.446833333333333,58362,宝山,宝山区,1011.241667,25.191667,74.833333,0.0,2.45,32.717851,397.0,2.87,31.0,3.02,31.0,0,27.399999999999995,30.61428571428571,397.0,0,422.3333333333333,601.7142857142857,0.2200000000000002,2.8433333333333333,0.2200000000000002,2.6733333333333333,1139.39,93.62,,0.0,,,,,,0.5405024742792693,0.8413424245204729,57.900000000000006,89.4,0.216666000000032,-18.282928571428613,4.672198862776876,144.38200000000003,156.80295807377507,4.652666666666667,0.5037471920067751,0.01624255567127834,-10.0,0.0,3.0,1.0,0.0,496.5400000000001,2.4644363550072117,173.70000000000002,15.667815039543175,4.224999666666669,-0.8616928164028522,-0.5074302810827518,0.2212180638785347
2023-09-01,29.133333333333336,7.118166666666667,4.165666666666667,425.491,177.82833333333335,3.953333333333333,0.08783333333333332,0.2011666666666667,2.551833333333333,58362,宝山,宝山区,1010.916667,26.1625,74.083333,0.0,2.816667,36.798549,29.4,2.86,31.3,2.92,31.3,0,30.1,30.228571428571428,29.4,0,277.8,508.6285714285714,-0.1,2.9133333333333336,-0.0100000000000002,2.793333333333333,84.08399999999999,91.396,,0.0,,,,,,0.5990033200197715,0.800746540801327,12.2,89.4,0.3250000000000455,-31.495357142857188,5.016026275651956,37.1835044,156.14608087487778,4.6513333333333335,0.6642742406757133,0.061193267492233035,-367.6,0.0,0.3000000000000007,1.0,0.0,400.9700000000001,1.5534451103013132,3.6600000000000086,5.716156702673264,2.970833333333335,-0.8702939222685674,-0.49253272872205434,0.21398828133037084
2023-09-02,29.054999999999996,7.209333333333333,5.152833333333334,406.83116666666666,176.56216666666668,3.4338333333333337,0.06783333333333333,0.17183333333333337,2.324333333333333,58362,宝山,宝山区,1009.8125,26.879167,74.375,0.0,2.6375,38.337536,-15.5,2.88,20.1,2.78,20.1,0,27.466666666666665,27.728571428571428,15.5,1,136.96666666666667,391.1285714285714,-0.1400000000000001,2.9066666666666663,0.02,2.87,-44.64,55.878,,0.0,,,,,,0.6202930267794917,0.7843701683062257,0.0,89.4,1.1041669999999613,-40.43416666666667,4.69402691526689,2.8445000000000005,156.39356007181897,4.1105,0.9273706543695862,0.21089629448883865,-44.9,0.0,-11.2,0.0,15.81,61.608,0.7713730308539826,0.0,3.1792911739757073,2.1758329999999972,-0.8786374941610001,-0.4774894280028391,0.21519433833946067
2023-09-03,29.09,7.156833333333334,4.801666666666667,413.3858333333333,189.94833333333335,3.4103333333333334,0.1205,0.1705,2.4623333333333335,58362,宝山,宝山区,1009.391667,26.254167,88.833333,25.0,1.570833,48.458564,133.0,2.84,0.311,2.77,0.311,0,17.237,23.101571428571425,133.0,0,48.96666666666667,305.27142857142854,-0.0099999999999997,2.8233333333333337,-0.04,2.86,377.72,0.86147,,0.0,,,,,,0.7484763217150977,0.663161515644445,25.0,102.30000000000001,0.420833000000016,-24.806071428571443,3.4812402758613286,40.855658,193.61201753361524,4.287833333333333,0.8581702689021472,0.03572491898124247,148.5,1.0,-19.789,0.0,0.0,292.76,0.2564393509588108,0.0,8.145645921852582,2.835833000000001,-0.886721063082993,-0.46230483047981086,0.20285764578408283
2023-09-04,29.276666666666667,7.098833333333334,4.027166666666667,425.8635,188.35416666666666,4.079833333333333,0.2215,0.20466666666666666,2.7885000000000004,58362,宝山,宝山区,1009.854167,28.545833,82.208333,0.0,2.670833,69.421691,171.0,2.86,-1.53,3.02,1.53,1,6.293666666666664,18.911571428571424,171.0,0,96.16666666666669,226.41428571428568,0.25,2.856666666666667,0.02,2.86,489.06,-4.6206000000000005,,0.0,,,,,,0.9361926686455785,0.3514872503722859,25.0,82.9,0.0,-5.341761904761881,5.943371445298695,69.44865800000001,151.34875901575208,5.056666666666667,0.6075472353909234,0.0348786517643209,38.0,1.0,-1.841,0.0,0.0,213.18,0.5078666519969195,0.0,8.820552594091563,0.730833666666669,-0.8945422369764496,-0.4469834295196741,0.2042806570552026
2023-09-05,29.396666666666665,7.122166666666666,4.175333333333334,421.1496666666667,161.72916666666666,3.360666666666667,0.09449999999999999,0.16933333333333334,2.6588333333333334,58362,宝山,宝山区,1011.470833,27.379167,83.791667,0.0,2.2875,53.851489,226.0,2.84,11.5,2.98,11.5,0,3.426999999999998,17.240142857142853,226.0,0,176.66666666666666,192.55714285714285,-0.04,2.9233333333333333,-0.02,2.8466666666666662,641.8399999999999,34.27,,0.0,,,,,,0.8074907355374306,0.5898802522726281,25.0,37.2,0.0,-4.6334999999999695,4.948377560164083,59.482,68.59365844706251,4.446666666666667,0.7505966925833012,0.03535130357931949,55.0,1.0,13.03,1.0,0.0,286.62,1.0856484445013443,325.75,8.700621883322482,2.017499666666666,-0.9020987014301837,-0.43152975897147144,0.23000091441676018
2023-09-06,29.458333333333332,7.131333333333333,4.3421666666666665,429.36449999999996,115.2435,2.9525,0.05633333333333334,0.15066666666666667,2.549,58362,宝山,宝山区,1012.45,27.6,78.125,0.0,2.279167,47.468628,360.0,2.77,31.9,2.86,31.9,0,13.956666666666663,17.79728571428571,360.0,0,252.33333333333331,185.8428571428571,-0.1200000000000001,2.953333333333333,-0.0699999999999998,2.823333333333333,997.2,91.234,1.0,1.0,0.0166468489892984,DLR_GWP_P1D_real_raster_proxy,0.15,wusongkou_aoi_boundary_proxy,"Derived from DLR Global WaterPack daily real raster masks within a station-centered AOI; label denotes boundary-change proxy relative to the median reference mask, not a manual governance-zone annotation.",0.7369073104760451,0.6759937986157578,0.0,25.0,0.0,5.130690476190409,4.842033517845689,2.303667,44.93702356969797,4.112,0.8696184512214599,0.3049554963196446,134.0,1.0,20.4,1.0,0.0,528.5799999999999,2.170730693185712,0.0,3.8826127381385467,1.8583333333333307,-0.9093882203647925,-0.4159483918249421,0.2870997720315527
2023-09-07,29.5,7.1241666666666665,4.319333333333334,447.9044999999999,83.35333333333334,2.949333333333333,0.07533333333333334,0.14266666666666666,2.2503333333333333,58362,宝山,宝山区,1012.775,27.104167,79.208333,0.0,2.091667,72.680833,511.0,2.71,44.6,2.84,44.6,0,29.33333333333333,19.740142857142853,511.0,0,365.6666666666667,202.12857142857135,-0.02,2.893333333333333,-0.06,2.773333333333333,1384.81,126.664,,0.0,,,,,,0.9546612660805925,0.2976942509444884,0.0,25.0,0.0,23.62019047619043,5.024249160194921,2.112667,45.31392033267731,3.7523333333333335,0.8765521921436061,0.32345009989756335,151.0,1.0,12.700000000000003,1.0,0.0,701.72,4.334940330356437,0.0,3.905687369042237,2.3958329999999997,-0.9164086366943458,-0.4002439388573056,0.3415291516975494
2023-09-08,29.473333333333333,7.072333333333333,4.057333333333333,466.872,67.88933333333334,3.051,0.06733333333333333,0.14633333333333334,2.2081666666666666,58362,宝山,宝山区,1011.695833,26.375,73.625,0.0,1.629167,97.58034,729.0,2.63,39.6,2.77,39.6,0,38.7,20.925857142857144,729.0,0,533.3333333333334,302.0714285714285,-0.0699999999999998,2.823333333333333,-0.08,2.703333333333333,1917.27,109.692,,0.0,,,,,,0.9912608632622149,-0.13191626497384057,0.0,25.0,1.079166999999984,36.67611904761907,4.233053166939678,1.657167,43.958452678153975,3.7388333333333335,0.8099736336479255,0.26966287286959706,218.0,1.0,-5.0,0.0,0.0,1022.7600000000001,7.741885536222346,0.0,3.9834715861115724,3.0983333333333327,-0.9231578729647039,-0.38442104726885545,0.37590267960752755
2023-09-09,29.438333333333333,7.059666666666666,4.094166666666666,481.42350000000005,67.58749999999999,2.9723333333333333,0.04016666666666666,0.13649999999999998,2.121,58362,宝山,宝山区,1010.0625,25.779167,71.0,0.0,1.883333,102.183057,870.0,2.57,39.3,2.72,39.3,0,41.16666666666666,23.668714285714284,870.0,0,703.3333333333334,428.5714285714285,-0.0499999999999998,2.776666666666667,-0.06,2.6366666666666667,2235.9,106.896,,0.0,,,,,,0.9774783426455306,-0.21103575445631675,0.0,25.0,1.6333329999999933,40.571571428571474,4.73969651601751,1.9043329999999998,43.31124450292492,3.5261666666666662,0.8536695416417601,0.22140224670143893,141.0,1.0,-0.30000000000000426,0.0,0.0,1071.66,10.254541036389043,0.0,4.312003832877734,3.6591663333333315,-0.9296339319682695,-0.3684843993077793,0.37664799421034967
2023-09-10,29.213333333333335,7.056,4.231166666666667,484.58233333333334,84.56183333333333,3.5001666666666664,0.06533333333333334,0.1485,2.156166666666667,58362,宝山,宝山区,1008.179167,26.783333,74.208333,0.0,1.9125,111.837004,744.0,2.48,38.1,2.7,38.1,0,39.0,29.06714285714285,744.0,0,781.0,515.8571428571428,-0.02,2.7300000000000004,-0.0899999999999998,2.56,1845.12,102.87,,0.0,,,,,,0.9282457884459524,-0.3719674128634822,0.0,0.0,1.8833329999999933,33.55947619047623,4.679777703159818,1.944,0.5533319181170904,3.7065,0.7866909338426789,0.20851434985330003,-126.0,0.0,-1.1999999999999957,0.0,0.0,948.2999999999998,9.127901653969547,0.0,4.314638867349962,2.4300003333333358,-0.9358348973349941,-0.35243871088460327,0.339114674630845
2023-09-11,29.115,7.071666666666666,4.492,478.1285,89.38316666666667,3.4913333333333334,0.10166666666666667,0.158,2.2711666666666663,58362,宝山,宝山区,1007.941667,27.583333,80.25,2.7,1.641667,115.884621,525.0,2.44,32.8,2.66,32.8,0,36.73333333333333,33.97142857142857,525.0,0,713.0,566.4285714285713,-0.04,2.693333333333334,-0.04,2.4966666666666666,1281.0,87.24799999999999,,0.0,,,,,,0.8996749903452456,-0.43656031856695626,2.7,2.7,0.23749999999995453,19.639214285714218,4.0584289242857645,6.0881679,5.411331581565147,3.952833333333333,0.8199717739299692,0.17923822678188484,-219.0,0.0,-5.300000000000004,0.0,0.0,773.76,7.88863708028228,0.0,4.216251998806511,1.5316669999999988,-0.9417589340994617,-0.33628873017668287,0.3298100208005271
2023-09-12,29.033333333333335,7.079166666666667,4.291333333333333,469.98199999999997,102.72416666666668,3.5085,0.15216666666666667,0.16033333333333333,2.3586666666666667,58362,宝山,宝山区,1008.054167,26.133333,83.916667,14.9,1.654167,101.605048,328.0,2.49,29.8,2.68,29.8,0,33.56666666666666,36.58571428571428,328.0,0,532.3333333333334,580.9999999999999,0.02,2.68,0.0500000000000002,2.47,816.72,79.864,,0.0,,,,,,0.9795575299839316,-0.20116422507935885,17.6,17.6,0.0,4.516666666666708,4.143927403315736,30.785006199999998,32.900766865985105,4.114166666666667,0.7723094301235575,0.04937255627446934,-197.0,0.0,-2.9999999999999964,0.0,0.0,551.2500000000001,5.132201592364364,0.0,6.972492634648864,2.9000003333333346,-0.9474042892438845,-0.32003923622313857,0.3064414076268598
2023-09-13,28.87,7.096,4.2945,458.461,121.60116666666666,3.343166666666667,0.09966666666666667,0.16183333333333333,2.34,58362,宝山,宝山区,1007.1625,24.808333,90.791667,21.8,2.2375,19.258241,261.0,2.54,30.0,2.73,30.0,0,30.866666666666664,36.31428571428571,261.0,0,371.3333333333333,566.8571428571428,0.0499999999999998,2.69,0.0499999999999998,2.49,662.94,81.9,0.0,1.0,0.0142687277051129,DLR_GWP_P1D_real_raster_proxy,0.15,wusongkou_aoi_boundary_proxy,"Derived from DLR Global WaterPack daily real raster masks within a station-centered AOI; label denotes boundary-change proxy relative to the median reference mask, not a manual governance-zone annotation.",0.3298264326150352,0.944041590370064,39.4,39.4,0.891666999999984,-11.160976190476163,3.8107383185403054,90.4125,75.69115087770838,4.058,0.7983946771233699,0.02297310215010548,-67.0,0.0,0.1999999999999993,1.0,0.0,344.3999999999999,3.0287911887733534,7.8799999999999715,11.772648293532443,4.061667,-0.9527692922168511,-0.30369503751065885,0.27806148640385153
2023-09-14,28.486666666666665,7.086333333333333,3.9281666666666664,457.4795,145.34033333333335,3.5056666666666665,0.1335,0.17700000000000002,2.3828333333333336,58362,宝山,宝山区,1011.0125,24.620833,92.208333,1.5,1.266667,21.313679,322.0,2.62,8.48,2.73,8.48,0,22.76,31.15428571428571,322.0,0,303.6666666666667,539.8571428571428,0.0,2.7133333333333334,0.08,2.5500000000000003,843.64,23.1504,,0.0,,,,,,0.3634736554254137,0.9316044771316245,38.199999999999996,40.9,0.0,-13.510333333333392,2.593714933180141,49.681346399999995,79.08840872117416,4.286333333333334,0.6900394614491666,0.02471169666629575,61.0,1.0,-21.52,0.0,0.0,413.64000000000004,2.0750715797194212,0.0,10.863249855966957,3.8658336666666635,-0.9578523554276669,-0.28726097055059635,0.24801866985046495
2023-09-15,28.308333333333334,7.0475,3.451333333333334,458.65933333333334,166.44416666666666,3.629166666666667,0.13933333333333334,0.1855,2.5228333333333333,58362,宝山,宝山区,1011.2125,24.991667,93.833333,24.8,1.533333,12.122887,268.0,2.73,22.4,2.81,22.4,0,20.293333333333333,28.69714285714285,268.0,0,283.6666666666667,474.0,0.08,2.7566666666666664,0.1099999999999998,2.6300000000000003,731.64,62.944,,0.0,,,,,,0.21000912511167813,0.9776994258819157,48.099999999999994,65.7,0.0,-11.157261904761867,2.694553628775141,75.32515029999999,127.80725888620181,4.517166666666666,0.585304810126544,0.019749835548056854,-54.0,0.0,13.919999999999998,1.0,0.0,357.41999999999996,1.6940970373208981,669.5519999999998,12.939175812236776,3.316666333333334,-0.9626519747161487,-0.2707418984477642,0.2251528265790379
2023-09-16,28.244,7.045999999999999,3.3660000000000005,451.07439999999997,151.83020000000002,3.6518,0.13040000000000002,0.1928,2.5692,58362,宝山,宝山区,1010.795833,23.745833,94.541667,28.5,0.879167,259.520266,305.0,2.76,41.6,2.88,41.6,0,24.16,29.025714285714283,305.0,0,298.3333333333333,393.2857142857142,0.0699999999999998,2.806666666666666,0.0299999999999998,2.703333333333333,841.8,119.808,,0.0,,,,,,-0.9833193042961932,-0.18188772855377172,54.8,94.2,0.41666699999996126,-14.40660952380955,2.6022066480930284,49.0680186,183.74203862877485,4.627599999999999,0.5615893331802383,0.01751441269778108,37.0,1.0,19.200000000000003,1.0,0.0,352.25999999999993,1.9520574685718743,1052.16,14.015239327777593,4.498166999999999,-0.9671667297977312,-0.2541427094613622,0.24065343925266347
2023-09-17,28.253333333333334,6.994,2.8521666666666667,454.5535,136.72633333333332,3.314833333333333,0.168,0.1815,2.404666666666667,58362,宝山,宝山区,1011.15,26.566667,83.375,0.0,1.2625,86.13063,422.0,2.76,37.2,2.83,37.2,0,33.73333333333333,28.897142857142853,422.0,0,331.6666666666667,347.2857142857142,-0.0499999999999998,2.84,0.0,2.75,1164.7199999999998,105.276,,0.0,,,,,,0.9977204968593191,0.06748192459313479,53.3,94.2,0.0,-6.637676190476213,3.4292279541418322,68.55375,173.27140497609767,4.387666666666667,0.5058950355169513,0.01799775028121485,117.0,1.0,-4.399999999999999,0.0,0.0,539.0,2.4081572393563087,0.0,13.98850717488931,1.686666333333335,-0.97139528468375,-0.23746831555846842,0.258315866685902
2023-09-18,28.465,7.001666666666666,2.7685,463.6221666666667,127.62833333333333,3.3046666666666664,0.11833333333333333,0.16733333333333333,2.39,58362,宝山,宝山区,1011.858333,28.458333,82.833333,0.0,2.0875,124.618826,389.0,2.75,28.2,2.86,28.2,0,35.666666666666664,28.24,389.0,0,372.0,327.8571428571428,0.0299999999999998,2.856666666666667,-0.0099999999999997,2.7566666666666664,1069.75,80.652,,0.0,,,,,,0.8229497444565905,-0.5681141769915906,28.499999999999996,91.5,0.0,4.50332380952392,4.700329602421686,61.58474999999999,167.83277990656865,4.181666666666667,0.5067642303929153,0.03165809259992086,-33.0,0.0,-9.000000000000004,0.0,0.0,426.2199999999999,2.892053331951229,0.0,9.491453877255244,0.0066670000000002005,-0.9753363880767837,-0.2207236509605022,0.26991580987060626
2023-09-19,28.838333333333335,7.021833333333333,3.0851666666666664,468.6233333333333,146.11966666666666,3.3821666666666665,0.1105,0.17116666666666666,2.4193333333333333,58362,宝山,宝山区,1009.366667,30.433333,69.625,0.0,3.2375,161.744373,384.0,2.75,18.6,2.91,18.6,0,28.0,26.639999999999997,384.0,0,398.3333333333333,335.8571428571428,0.0500000000000002,2.8666666666666667,0.0,2.7533333333333334,1056.0,54.126000000000005,,0.0,,,,,,0.31325707461778585,-0.9496683659056497,0.0,76.6,2.4916660000000093,9.698585714285628,5.144656279218249,3.2375,130.43784437449796,4.2415,0.5551376492188413,0.1486068258681683,-5.0,0.0,-9.599999999999998,0.0,0.0,389.0,2.707546464442778,0.0,4.973622531452484,-1.5949996666666664,-0.9789888737409319,-0.20391367068311472,0.24711714726278022
2023-09-20,28.892000000000003,7.0760000000000005,3.6373999999999995,466.7898,166.441,3.5042,0.189,0.1842,2.3962,58362,宝山,宝山区,1011.0625,25.5875,82.5,13.0,2.7375,2.89119,554.0,2.73,11.4,2.89,11.4,0,19.4,23.98285714285714,554.0,0,442.3333333333333,377.71428571428567,-0.02,2.8866666666666667,-0.02,2.7433333333333336,1512.42,32.946000000000005,0.0,1.0,0.0107015457788347,DLR_GWP_P1D_real_raster_proxy,0.3571428571428571,wusongkou_aoi_boundary_proxy,"Derived from DLR Global WaterPack daily real raster masks within a station-centered AOI; label denotes boundary-change proxy relative to the median reference mask, not a manual governance-zone annotation.",0.05043937288825854,0.9987271247255874,12.999999999999996,67.8,0.0,6.6752238095238,3.823423000343573,38.33199999999999,124.1873302351275,4.4272,0.6226724539569772,0.0597460791635549,170.0,1.0,-7.200000000000001,0.0,0.0,738.48,2.641726538502119,0.0,6.9225611188541025,3.3045000000000044,-0.9823516608469237,-0.18704334906991657,0.225156036598694
2023-09-22,28.115000000000002,7.093500000000001,4.041,488.805,115.334,3.735,0.044,0.187,2.299,58362,宝山,宝山区,1016.429167,21.0,88.458333,15.2,1.208333,49.51753,724.0,2.77,44.9,2.84,44.9,0,29.5,30.58571428571428,724.0,0,554.0,451.71428571428567,-0.0900000000000003,2.8866666666666667,0.1,2.723333333333333,2005.48,127.516,,0.0,,,,,,0.7606046326750044,0.6492153670033708,28.199999999999996,81.5,0.0,24.215352380952368,3.1153224258422876,35.31832359999999,154.10620039754198,4.213,0.6820928577295188,0.03288572247613837,170.0,1.0,33.5,1.0,0.0,983.4000000000001,4.762150360169856,944.6999999999998,9.16216329702147,7.115000000000002,-0.9882042449941422,-0.15314166701312007,0.28696767831614345
2023-09-23,27.78,7.046833333333333,3.784333333333333,507.2778333333333,100.19133333333333,3.4755000000000003,0.07583333333333334,0.16,2.0603333333333333,58362,宝山,宝山区,1016.429167,20.8,91.25,34.5,1.791667,52.391522,717.0,2.68,40.7,2.84,40.7,0,39.266666666666666,30.457142857142856,717.0,0,608.3333333333334,510.5714285714285,0.0,2.87,-0.0899999999999998,2.7066666666666666,1921.56,115.588,,0.0,,,,,,0.7921993521037074,0.6102623915386448,62.699999999999996,91.19999999999999,-0.0,35.7426857142857,4.197494871942826,114.16068789999999,174.97432859952488,3.7361666666666666,0.6919520888906113,0.015269118130708142,-7.0,0.0,-4.199999999999996,0.0,0.0,789.1599999999999,6.011713783130308,0.0,16.402329528800394,6.98,-0.9906923101615609,-0.13612033862266704,0.31063759791301626
2023-09-24,27.151666666666667,7.011166666666667,3.4858333333333333,491.35566666666665,77.23649999999999,3.31,0.102,0.14516666666666667,2.0228333333333333,58362,宝山,宝山区,1013.729167,23.229167,94.625,3.2,1.0875,84.859698,927.0,2.72,38.4,2.91,38.4,0,41.333333333333336,30.628571428571423,927.0,0,789.3333333333334,582.7142857142857,0.0700000000000002,2.8633333333333333,0.04,2.723333333333333,2521.44,111.744,,0.0,,,,,,0.995978290528613,0.08959489268759539,52.9,65.89999999999999,2.7000000000000455,14.066052380952385,3.1955811508677967,58.63025,128.81971121966856,3.5765,0.6702099051586208,0.01733477789815817,210.0,1.0,-2.3000000000000043,0.0,0.0,1182.48,10.08906754946008,0.0,14.659705228099291,3.922499666666667,-0.9928872135356962,-0.11905873003404988,0.35430646470802496
2023-09-25,27.066666666666666,6.950666666666667,3.033166666666667,484.64283333333333,67.08033333333333,2.984666666666667,0.15766666666666665,0.13583333333333333,1.9921666666666666,58362,宝山,宝山区,1013.733333,26.258333,85.333333,0.0,1.170833,44.344639,948.0,2.68,44.7,2.95,44.7,0,41.26666666666667,32.98571428571428,948.0,0,864.0,662.5714285714286,0.04,2.9000000000000004,-0.04,2.6933333333333334,2540.6400000000003,131.865,,0.0,,,,,,0.6989726678453733,0.7151483829284112,37.7,65.89999999999999,0.0,3.0547428571429123,3.0175245854028914,45.32523710000001,122.69626626000023,3.508166666666667,0.6230762857250052,0.02508099090881798,21.0,1.0,6.300000000000004,1.0,0.0,1007.76,12.690889684245574,237.5100000000002,11.13643672279486,0.8083336666666661,-0.994788305609327,-0.10196189005174576,0.3779077537006704
2023-09-26,27.2,6.996166666666667,3.596666666666667,468.39900000000006,75.11366666666666,3.233166666666667,0.1435,0.14033333333333334,2.0370000000000004,58362,宝山,宝山区,1014.204167,25.779167,83.041667,0.0,1.4125,82.397341,717.0,2.6,36.8,2.84,36.8,0,39.96666666666667,35.58571428571428,717.0,0,864.0,710.1428571428571,-0.1100000000000003,2.9000000000000004,-0.08,2.6666666666666665,1864.2,104.512,,0.0,,,,,,0.991209401389266,0.13230239074760863,3.2,65.89999999999999,0.0,-13.871495238095235,3.799053714819572,5.960500000000001,121.18137236218557,3.5838333333333336,0.7039868088494593,0.17817371937639195,-231.0,0.0,-7.900000000000006,0.0,0.0,1023.84,11.351443674154007,0.0,4.269285927002181,1.4208329999999982,-0.9963950238187231,-0.08483487790576538,0.3589756104857712
2023-09-27,27.278333333333336,7.0395,3.9250000000000003,457.1175,96.77766666666666,3.2866666666666666,0.10116666666666667,0.14683333333333334,2.0905,58362,宝山,宝山区,1013.620833,26.516667,84.208333,1.1,1.0375,121.565149,602.0,2.61,31.9,2.81,31.9,0,37.8,38.51428571428571,602.0,0,755.6666666666666,717.0,-0.0299999999999998,2.866666666666667,0.0099999999999997,2.6300000000000003,1571.22,89.639,,0.0,,,,,,0.8520454986885507,-0.5234677336422743,1.1,67.0,0.5833340000000362,-23.50930476190473,2.8817847843984494,2.1822500000000002,123.96834614699438,3.66,0.7583890817947381,0.2687569507266355,-115.0,0.0,-4.899999999999999,0.0,0.0,724.1699999999998,7.728417873202129,0.0,3.6646826860277946,0.7616663333333342,-0.9977068927101168,-0.06768276175455162,0.31646237841754976
2023-09-28,27.411666666666665,7.080166666666667,4.278833333333333,447.9103333333333,131.60816666666668,3.4278333333333335,0.10266666666666667,0.1615,2.2426666666666666,58362,宝山,宝山区,1015.308333,25.8875,83.708333,0.0,2.033333,56.752844,399.0,2.64,26.9,2.81,26.9,0,31.866666666666664,37.75714285714285,399.0,0,572.6666666666666,719.1428571428571,0.0,2.82,0.0300000000000002,2.6166666666666667,1053.36,75.589,0.0,1.0,0.0118906064209274,DLR_GWP_P1D_real_raster_proxy,0.2857142857142857,wusongkou_aoi_boundary_proxy,"Derived from DLR Global WaterPack daily real raster masks within a station-centered AOI; label denotes boundary-change proxy relative to the median reference mask, not a manual governance-zone annotation.",0.8363133705384209,0.5482517179714678,1.1,53.99999999999999,0.0,-30.019404761904752,4.632556256723196,4.280499300000001,99.72636866594105,3.960333333333333,0.7878741679331034,0.2419355033818954,-203.0,0.0,-5.0,0.0,0.0,620.0600000000002,4.318487172107298,0.0,3.9849693207912313,1.524166666666666,-0.9987235240803972,-0.050510617185222886,0.2647437221329826
2023-09-29,27.541666666666668,7.128666666666667,4.629166666666666,440.5363333333333,169.38533333333334,3.604333333333333,0.18033333333333332,0.17616666666666667,2.6061666666666667,58362,宝山,宝山区,1012.633333,25.8125,85.666667,0.0,1.916667,101.940333,256.0,2.69,2.39,2.82,2.39,0,20.396666666666665,31.684285714285718,256.0,0,419.0,652.2857142857143,0.0099999999999997,2.813333333333333,0.0499999999999998,2.6466666666666665,688.64,6.7398,,0.0,,,,,,0.978363586543903,-0.20689294943267358,1.1,38.8,2.6749999999999545,-30.497880952381024,4.624225613064626,4.0425007,72.49815206799833,4.548166666666667,0.7988125438207603,0.14943959405033258,-143.0,0.0,-24.509999999999998,0.0,0.0,418.94999999999993,2.4591318501592467,0.0,4.277694679569943,1.7291666666666679,-0.9994446170919858,-0.033323525711631344,0.22219730393985337
2023-09-30,27.378333333333334,7.161666666666666,4.887333333333333,437.00783333333334,193.979,3.372,0.16966666666666666,0.1758333333333333,2.611666666666667,58362,宝山,宝山区,1013.716667,22.5875,83.708333,1.2,2.225,351.978226,226.0,2.75,-3.21,2.89,3.21,1,8.693333333333333,25.41142857142857,226.0,0,293.6666666666667,582.1428571428571,0.0700000000000002,2.84,0.06,2.6933333333333334,621.5,-9.2769,,0.0,,,,,,-0.13954942048627056,0.9902151075609511,1.2,5.5,0.0,-23.98780952380946,3.3492399632041625,4.916,10.444674069599582,4.539666666666666,0.8745756114635332,0.22598870056497175,-30.0,0.0,-5.6,0.0,0.0,271.36,1.5061451062251148,0.0,3.9022990486211797,4.790833333333335,-0.9998699583618592,-0.016126573270657762,0.19931205680008268
2023-10-01,27.040000000000003,7.229333333333333,5.396999999999999,422.2608333333333,190.58866666666668,3.2896666666666667,0.12533333333333332,0.16833333333333333,2.4823333333333335,58362,宝山,宝山区,1016.7875,22.9125,63.166667,0.0,2.495833,46.517377,103.0,2.81,3.9,2.92,3.9,0,1.0266666666666666,20.48285714285714,103.0,0,195.0,464.4285714285714,0.0299999999999998,2.8766666666666665,0.06,2.75,289.43,11.388,,0.0,,,,,,0.7255831058605899,0.6881345482459806,1.2,2.3,0.0,-28.864119047619056,5.00342589472056,5.511832600000001,3.8587922020964944,4.291,0.9937257647903437,0.21295476223281362,-123.0,0.0,7.109999999999999,1.0,0.0,239.56,1.017805506936736,8.531999999999998,3.755301912295357,4.127500000000001,-0.9999994220246925,0.001075151282798226,0.20228940248809157
2023-10-02,26.650000000000002,7.252666666666666,5.592333333333333,423.28950000000003,167.69,3.077833333333333,0.07033333333333333,0.15816666666666668,2.4421666666666666,58362,宝山,宝山区,1016.1375,23.379167,57.083333,0.0,2.525,82.288904,211.0,2.85,5.76,2.91,5.76,0,2.15,14.919999999999996,211.0,0,180.0,359.14285714285705,-0.0099999999999997,2.9066666666666667,0.04,2.803333333333333,601.35,16.7616,,0.0,,,,,,0.9909572331346783,0.13417809842915016,1.2,2.3,0.6499999999999773,-19.070690476190464,5.830654954865864,5.569000000000001,3.7850270269256314,4.094166666666666,1.090907616341058,0.18604651162790778,108.0,1.0,1.8599999999999999,1.0,0.0,331.76,1.0670460608216255,2.2319999999999998,4.1882723694249275,3.270833000000003,-0.999832969770105,0.018276557681691223,0.22389462412217964
2023-10-03,26.19333333333333,7.234333333333333,5.2805,442.9375,159.1821666666667,3.156333333333333,0.064,0.15216666666666667,2.3945,58362,宝山,宝山区,1014.773913,22.986957,69.73913,0.0,2.434783,44.765025,286.0,2.82,5.92,2.91,5.92,0,5.193333333333333,10.508571428571424,286.0,0,200.0,297.5714285714285,0.0,2.9133333333333336,-0.0300000000000002,2.8266666666666667,806.52,17.2272,,0.0,,,,,,0.7042009362205318,0.7100007333983019,0.0,2.3,1.3635870000000523,4.214666666666687,4.998281800457779,2.445283,4.177521006707638,3.9801666666666664,1.0244465972099224,0.20840410389361164,75.0,1.0,0.16000000000000014,1.0,0.0,371.8300000000001,1.2485784414203411,0.0,4.155552927328709,3.2063763333333313,-0.9993706508539969,0.03547255575312556,0.2326785774096528
2023-10-04,25.84166666666667,7.2443333333333335,5.2861666666666665,447.36883333333327,148.673,3.1005000000000003,0.06266666666666666,0.14866666666666667,2.339166666666667,58362,宝山,宝山区,1016.117391,22.856522,71.434783,0.0,2.8,21.822867,330.0,2.77,7.64,2.89,7.64,0,6.44,7.042857142857138,330.0,0,275.6666666666667,258.71428571428567,-0.02,2.9033333333333338,-0.0499999999999998,2.813333333333333,914.1,22.0796,,0.0,,,,,,0.37173836877988975,0.9283375383861555,0.0,1.2,0.0,10.038666666666643,4.7111851888902505,2.8175,2.35824802332675,3.8885000000000005,1.0396668139356673,0.2631578947368421,44.0,1.0,1.7199999999999998,1.0,0.0,392.69999999999993,1.841792886269846,0.0,4.158384596182465,2.9851446666666703,-0.9986126020839734,0.052658056924614005,0.24419658602811012
2023-10-05,25.436666666666667,7.268666666666667,5.509666666666667,451.74233333333336,122.16716666666667,2.9318333333333335,0.04016666666666666,0.13933333333333334,2.1926666666666668,58362,宝山,宝山区,1019.243478,21.086957,58.652174,0.0,3.482609,39.071274,303.0,2.77,7.89,2.89,7.89,0,7.15,4.327142857142853,303.0,0,306.3333333333333,244.99999999999997,0.0,2.8966666666666665,0.0,2.786666666666666,839.3100000000001,22.8021,0.0,1.0,0.0118906064209274,DLR_GWP_P1D_real_raster_proxy,0.2857142857142857,wusongkou_aoi_boundary_proxy,"Derived from DLR Global WaterPack daily real raster masks within a station-centered AOI; label denotes boundary-change proxy relative to the median reference mask, not a manual governance-zone annotation.",0.6302866470098328,0.77636250720981,0.0,1.2,0.0,13.864738095238124,6.5352051046672,3.482609,2.218528777087916,3.6261666666666663,1.1399697129192672,0.22308436894674508,-27.0,0.0,0.25,1.0,0.0,330.0,2.4871346936345318,0.0,4.528887956057818,4.349709666666666,-0.9975590477788613,0.06982797572987089,0.2772796920542949
2023-10-06,25.088333333333335,7.2330000000000005,5.386166666666667,478.05383333333333,101.93983333333334,2.5765,0.042,0.13433333333333333,2.1504999999999996,58362,宝山,宝山区,1019.317391,21.83913,64.869565,0.0,2.747826,50.122457,839.0,2.79,30.5,2.89,30.5,0,15.343333333333334,8.342857142857138,839.0,0,490.6666666666667,328.2857142857142,0.0,2.89,0.02,2.776666666666667,2340.81,88.14500000000001,,0.0,,,,,,0.7674165081602163,0.6411488930062819,0.0,1.2,0.0,34.81659523809526,5.866563317727458,2.754826,2.397507790049255,3.5358333333333327,1.2113729812801954,0.2668213518984072,536.0,1.0,22.61,1.0,0.0,1402.5,4.766538382453181,0.0,4.497847985003089,3.249203333333334,-0.9962102997023297,0.0869772313136861,0.30772977340137986
2023-10-07,24.893333333333334,7.245833333333334,5.425,491.3621666666667,91.91316666666667,10.528666666666668,0.03716666666666667,0.13433333333333333,2.2763333333333335,58362,宝山,宝山区,1019.943478,18.908696,78.869565,2.3,3.308696,30.458405,663.0,2.59,23.5,2.81,23.5,0,20.63,12.158571428571424,663.0,0,601.6666666666666,390.71428571428567,-0.08,2.8633333333333333,-0.2000000000000001,2.716666666666667,1717.1699999999998,66.035,,0.0,,,,,,0.5069127126060166,0.8619973908303957,2.3,2.3,0.0,40.360023809523796,5.960658386970142,10.9886968,4.575112180994744,3.6568333333333336,0.4704256251359445,0.15131578150969574,-176.0,0.0,-7.0,0.0,0.0,1006.8000000000002,6.475580246072049,0.0,5.207140394856932,5.984637333333335,-0.9945667569706337,0.1041007489354256,0.32512409315152013
2023-10-08,24.53,7.2135,5.5281666666666665,508.4886666666667,97.30016666666667,2.046333333333333,0.04733333333333334,0.12866666666666668,2.1698333333333335,58362,宝山,宝山区,1020.052174,19.934783,74.347826,0.0,2.530435,345.533674,902.0,2.59,11.2,2.78,11.2,0,21.73333333333333,13.201428571428568,902.0,0,801.3333333333334,504.8571428571428,-0.0300000000000002,2.8266666666666667,0.0,2.6566666666666667,2336.18,31.136,,0.0,,,,,,-0.24981095901007477,0.9682946270420314,2.3,2.3,0.0,45.16826190476189,4.183423777075206,8.3504355,4.478574839427195,3.5038333333333336,1.4191984087802176,0.17151378927987365,239.0,1.0,-12.3,0.0,0.0,1141.0,8.151902082227734,0.0,4.843196691363598,4.595217000000002,-0.9926289059345095,0.121193461470736,0.3155577711426585
2023-10-09,24.488333333333333,7.202833333333333,5.6025,504.80716666666666,102.18266666666666,3.5736666666666665,0.03783333333333333,0.133,2.2031666666666667,58362,宝山,宝山区,1021.729167,21.370833,68.583333,0.0,2.45,1.386319,823.0,2.54,23.5,2.82,23.5,0,19.4,15.735714285714282,823.0,0,796.0,592.2857142857143,0.04,2.803333333333333,-0.0499999999999998,2.5733333333333333,2090.42,66.27,,0.0,,,,,,0.024193470241274526,0.9997072951607808,2.3,2.3,0.0,29.841380952380973,3.5163995815775433,8.102500000000001,4.329746894127525,3.571,1.0633703620966388,0.17391304347826086,-79.0,0.0,12.3,1.0,0.0,947.0999999999998,7.714474007262202,28.29,4.760382413491008,3.117500333333332,-0.9903973200352558,0.1382503109109819,0.30732984306019395
2023-10-10,24.131666666666664,7.238166666666667,5.894166666666667,486.328,101.19483333333334,3.4655,0.04666666666666667,0.1285,2.0500000000000003,58362,宝山,宝山区,1022.626087,21.052174,66.26087,0.0,2.017391,17.736638,718.0,2.53,24.7,2.76,24.7,0,19.8,18.418571428571425,718.0,0,814.3333333333334,654.0,-0.06,2.786666666666666,-0.0100000000000002,2.553333333333333,1816.54,68.172,,0.0,,,,,,0.3046421816631507,0.9524668714194294,0.0,2.3,0.0,5.163571428571402,3.618652599165762,2.020891,4.2792429580060904,3.3816666666666673,1.1485950752426417,0.33141213717413487,-105.0,0.0,1.1999999999999993,1.0,0.0,831.2300000000002,7.968439369896391,0.0,3.98168582204305,3.0794926666666633,-0.9878726596350429,0.15526624985999563,0.3089626521729947
2023-10-11,23.78833333333333,7.2540000000000004,5.940666666666666,480.9413333333334,111.367,3.5115,0.05516666666666666,0.13516666666666666,2.105166666666667,58362,宝山,宝山区,1023.429167,20.7625,65.75,0.0,2.220833,30.091549,720.0,2.52,28.7,2.74,28.7,0,25.633333333333336,21.42714285714285,720.0,0,753.6666666666666,709.7142857142857,-0.0199999999999995,2.773333333333333,-0.0099999999999997,2.53,1814.4,78.638,,0.0,,,,,,0.5013831237949417,0.8652253828764076,0.0,2.3,0.0,-5.019166666666649,4.321417057559634,2.2243329999999997,4.304574534615617,3.512,1.1355945625013542,0.31047868672483175,2.0,1.0,4.0,1.0,0.0,729.2199999999998,6.707188646726054,0.0,4.104268750535116,3.025833333333331,-0.9850556718215013,0.172236243027682,0.2928566430222872
2023-10-12,23.665000000000003,7.317833333333334,6.369833333333333,460.35583333333335,120.91916666666667,3.4106666666666663,0.04566666666666667,0.13466666666666666,2.098666666666667,58362,宝山,宝山区,1021.425,20.0,86.041667,23.2,1.45,63.729862,449.0,2.49,27.3,2.71,27.3,0,26.9,24.199999999999992,449.0,0,629.0,730.5714285714286,-0.0300000000000002,2.7366666666666664,-0.0299999999999998,2.513333333333333,1118.01,73.983,0.0,1.0,0.0142687277051129,DLR_GWP_P1D_real_raster_proxy,0.15,wusongkou_aoi_boundary_proxy,"Derived from DLR Global WaterPack daily real raster masks within a station-centered AOI; label denotes boundary-change proxy relative to the median reference mask, not a manual governance-zone annotation.",0.8967172329845058,0.4426038907065907,23.2,25.5,2.004167000000052,-26.835166666666623,3.6666271252421883,35.1005,47.939919088324096,3.491,1.242467546927648,0.03616091564066993,-271.0,0.0,-1.3999999999999986,0.0,0.0,741.5999999999999,5.159155998168185,0.0,8.494175242414475,3.6650000000000027,-0.981947190186646,0.18915526872004093,0.27900831589000086
2023-10-13,23.49,7.287333333333334,6.102833333333333,462.90950000000004,134.93449999999999,3.6478333333333333,0.10066666666666667,0.1465,2.293833333333333,58362,宝山,宝山区,1016.845833,16.754167,94.208333,9.6,1.125,279.228665,529.0,2.57,25.5,2.71,25.5,0,27.166666666666668,23.485714285714284,529.0,0,566.0,686.2857142857143,0.0,2.72,0.0799999999999996,2.526666666666667,1359.53,69.105,,0.0,,,,,,-0.9870561531976775,0.1603750305833266,32.8,35.1,4.579166999999984,-22.118023809523777,3.1763697233293122,38.053,68.66784576985425,3.8594999999999997,1.1105172662441192,0.02531378525207228,80.0,1.0,-1.8000000000000007,0.0,0.0,657.7199999999998,4.163770051017218,0.0,10.809397092941062,6.7358329999999995,-0.9785481345802031,0.20601832032517084,0.26053862593148713
2023-10-14,23.215,7.2443333333333335,5.8629999999999995,469.617,160.87433333333334,4.0986666666666665,0.13466666666666666,0.16666666666666666,2.6471666666666667,58362,宝山,宝山区,1014.141667,18.645833,79.541667,0.0,1.641667,259.365145,552.0,2.6,11.2,2.79,11.2,0,21.33333333333333,21.728571428571428,552.0,0,510.0,670.4285714285714,0.08,2.7366666666666664,0.0300000000000002,2.553333333333333,1435.2,31.248,,0.0,,,,,,-0.9828232633237057,-0.1845492700330773,32.8,32.800000000000004,2.7041659999999865,-12.304071428571376,4.2024392184591886,55.4988446,59.35557882560844,4.448499999999999,0.9603323390880085,0.026215183189209696,23.0,1.0,-14.3,0.0,0.0,592.2500000000001,3.1505921259907375,0.0,10.758136302732012,4.569167,-0.9748595108374125,0.22282040779479959,0.23089489998300794
2023-10-15,23.131666666666664,7.2523333333333335,5.857666666666667,468.14883333333336,170.11950000000002,4.004166666666667,0.12716666666666668,0.164,2.7046666666666668,58362,宝山,宝山区,1016.0875,18.908333,78.75,0.0,1.645833,259.096845,449.0,2.6,-5.49,2.8,5.49,1,10.403333333333334,19.34428571428571,449.0,0,510.0,605.7142857142857,0.0099999999999997,2.766666666666667,0.0,2.59,1167.4,-15.372,,0.0,,,,,,-0.9819482986410717,-0.18914951439510685,9.6,32.800000000000004,0.0,-8.009404761904761,4.178343051611986,17.445829800000002,58.99508585654822,4.4718333333333335,0.9759365983111608,0.08166043094005937,-103.0,0.0,-16.689999999999998,0.0,0.0,552.0,2.9803733648123094,0.0,5.494320281268129,4.223333666666665,-0.9708824104813836,0.23955655912092708,0.22146751087943461
2023-10-16,23.263333333333332,7.252,5.910333333333334,479.2806666666667,167.82866666666666,3.5398333333333327,0.1735,0.168,2.8495000000000004,58362,宝山,宝山区,1020.0125,19.329167,74.625,0.0,0.983333,118.257294,384.0,2.62,-7.97,2.85,7.97,1,-0.7533333333333335,14.848571428571423,384.0,0,461.6666666666667,542.9999999999999,0.0500000000000002,2.813333333333333,0.02,2.606666666666667,1006.08,-22.7145,,0.0,,,,,,0.8808304754312092,-0.47343180454172057,0.0,32.800000000000004,0.0,6.769071428571465,2.742469174040365,0.990333,57.36122781071223,4.703000000000001,1.0409141492137675,0.5042017654120614,-65.0,0.0,-2.4799999999999995,0.0,0.0,457.98,2.734527706590113,0.0,3.117532183590318,3.93416633333333,-0.9666180104000972,0.2562218218071163,0.22375515580646455
2023-10-17,23.403333333333332,7.259333333333333,5.9375,493.62466666666666,159.04366666666667,3.2705,0.11316666666666668,0.153,2.7163333333333335,58362,宝山,宝山区,1020.479167,19.1375,79.958333,0.0,1.316667,107.070153,405.0,2.66,-6.53,2.88,6.53,1,-6.663333333333334,10.387142857142852,405.0,0,412.6666666666667,498.2857142857142,0.0299999999999998,2.8433333333333337,0.04,2.626666666666667,1077.3,-18.8064,,0.0,,,,,,0.955946059068922,-0.29354238561168117,0.0,32.800000000000004,0.0,20.070690476190464,3.4762826036963603,1.330667,59.33180028151605,4.359500000000001,1.1287945912081891,0.4316546141504153,21.0,1.0,1.4399999999999995,1.0,0.0,443.04,2.578462961150186,0.0,3.343059640783637,4.265833333333333,-0.9620675724981452,0.27281126433401914,0.2328254006107735
2023-10-18,23.310000000000002,7.2426666666666675,5.756166666666666,506.997,174.79049999999998,3.542666666666667,0.10116666666666667,0.15733333333333335,2.8354999999999997,58362,宝山,宝山区,1017.658333,20.3625,73.208333,0.0,1.770833,141.809396,513.0,2.66,-1.49,2.87,1.49,1,-5.33,6.07428571428571,513.0,0,434.0,468.71428571428567,-0.0099999999999997,2.8666666666666667,0.0,2.646666666666667,1364.5800000000002,-4.2763,,0.0,,,,,,0.618279513477623,-0.7859582961034726,0.0,32.800000000000004,2.8208339999999907,29.72078571428574,3.802036255508394,1.770833,57.08912825942342,4.51,1.0397694166989944,0.17883754522578002,108.0,1.0,5.04,1.0,0.0,621.0,2.4688478615169767,0.0,4.2701225952331825,2.9475000000000016,-0.957232443323312,0.28931997761869527,0.21689641271225413
2023-10-19,23.203333333333333,7.233833333333333,5.604333333333333,517.2206666666667,184.09733333333335,3.935333333333333,0.10233333333333333,0.16166666666666665,3.062666666666667,58362,宝山,宝山区,1016.770833,21.725,75.083333,2.7,2.425,14.267671,475.0,2.61,-0.331,2.85,0.331,1,-2.783666666666667,2.126999999999996,475.0,0,464.3333333333333,472.4285714285714,-0.02,2.8666666666666667,-0.0500000000000002,2.643333333333333,1239.75,-0.94335,1.0,1.0,0.0166468489892984,DLR_GWP_P1D_real_raster_proxy,0.15,wusongkou_aoi_boundary_proxy,"Derived from DLR Global WaterPack daily real raster masks within a station-centered AOI; label denotes boundary-change proxy relative to the median reference mask, not a manual governance-zone annotation.",0.24645220873459844,0.969154945718092,2.7,12.3,0.8874999999999318,31.820904761904785,3.947459284316114,8.99,21.73485399256576,4.781666666666666,0.945968138692261,0.1426024955436734,-38.0,0.0,1.159,1.0,0.0,538.6500000000001,2.508590075131642,3.1293,4.787375160727974,1.4783333333333317,-0.9521140536681102,0.3057430764672831,0.20813997922663707
2023-10-20,23.03,7.261666666666667,5.852166666666666,512.0166666666667,155.78816666666668,3.7836666666666665,0.13083333333333333,0.15233333333333332,2.9066666666666667,58362,宝山,宝山区,1023.545833,17.408333,61.833333,0.1,3.108333,316.115878,503.0,2.61,4.75,2.86,4.75,0,0.9763333333333332,-0.8372857142857184,503.0,0,497.0,468.71428571428567,0.0099999999999997,2.86,0.0,2.6266666666666665,1312.83,13.585,,0.0,,,,,,-0.6932021200941059,0.7207432418670582,2.8000000000000003,2.8000000000000003,0.0,19.60159523809523,6.196422465769178,11.8116654,4.633519815408568,4.560833333333333,1.0208763566053958,0.14475272109783935,28.0,1.0,5.081,1.0,0.0,531.0,3.169882080811796,14.226800000000003,5.057749139226363,5.621667000000002,-0.9467139181463862,0.3220757010206104,0.23631363313181464
2023-10-21,22.581666666666667,7.2636666666666665,5.972833333333334,520.1398333333333,147.58766666666668,3.689166666666667,0.08700000000000001,0.14283333333333334,2.7746666666666666,58362,宝山,宝山区,1024.875,16.070833,70.25,0.0,1.008333,118.257294,815.0,2.67,27.0,2.85,27.0,0,10.473,1.4198571428571387,815.0,0,597.6666666666666,506.2857142857142,-0.0099999999999997,2.853333333333333,0.06,2.6299999999999994,2176.05,76.95,,0.0,,,,,,0.8808304754312092,-0.47343180454172057,2.8000000000000003,2.8000000000000003,0.0,20.507214285714156,2.902165589027593,3.8526654,5.132999467322552,4.29,1.0825913120559736,0.2079722847814409,312.0,1.0,22.25,1.0,0.0,1194.6200000000001,4.022316791658347,62.300000000000004,3.999962292994593,6.510833666666667,-0.9410336347451197,0.3383130181923076,0.24543188001315874
2023-10-22,22.516666666666666,7.207833333333333,5.715,531.7971666666666,128.35966666666667,3.8968333333333334,0.07366666666666667,0.129,2.6138333333333335,58362,宝山,宝山区,1022.566667,17.666667,75.333333,0.0,1.1375,118.257294,944.0,2.54,32.8,2.78,32.8,0,21.516666666666666,6.889857142857139,944.0,0,754.0,576.9999999999999,-0.0700000000000002,2.83,-0.1299999999999999,2.606666666666667,2397.76,91.18399999999998,,0.0,,,,,,0.8808304754312092,-0.47343180454172057,0.1,2.8000000000000003,2.308332999999948,23.071928571428487,3.1671224049270617,1.2967499999999998,5.376471690360715,3.9775,1.0289752085598995,0.2199816843249656,129.0,1.0,5.799999999999997,1.0,0.0,1212.4899999999998,5.828710133761425,0.5799999999999997,4.057368914296099,4.849999666666665,-0.9350748843515574,0.3544502230989869,0.2689534926031708
2023-10-23,22.448333333333334,7.216,5.793666666666667,526.0926666666667,116.43533333333333,3.769166666666667,0.06916666666666667,0.11816666666666668,2.5296666666666665,58362,宝山,宝山区,1019.925,20.083333,79.708333,0.0,1.604167,127.275125,980.0,2.41,39.8,2.72,39.8,0,33.2,13.714142857142852,980.0,0,913.0,662.1428571428571,-0.0599999999999996,2.783333333333333,-0.1299999999999999,2.5400000000000005,2361.8,108.256,,0.0,,,,,,0.795736496137248,-0.6056429878362461,0.0,2.8000000000000003,2.6416670000000977,10.67999999999995,3.9139470967338053,1.6496669999999998,5.561667170610285,3.7805,1.087457575635701,0.19062745790278177,36.0,1.0,7.0,1.0,0.0,1148.08,7.774491493190578,0.0,4.391117110206323,2.3650003333333345,-0.9288394302558068,0.3704825404820963,0.285368357052746
2023-10-24,22.606666666666666,7.1765,5.777833333333334,527.2528333333333,104.76266666666668,3.3714999999999997,0.05266666666666667,0.10049999999999999,2.2958333333333334,58362,宝山,宝山区,1017.679167,20.645833,81.333333,0.0,0.945833,118.257294,946.0,2.39,34.7,2.66,34.7,0,35.766666666666666,19.60414285714285,946.0,0,956.6666666666666,739.4285714285714,-0.06,2.72,-0.02,2.4466666666666668,2260.94,92.302,,0.0,,,,,,0.8808304754312092,-0.47343180454172057,0.0,2.8000000000000003,2.245832999999948,7.036142857142863,2.8069463950464386,0.952833,5.618022069638703,3.3535,1.2048520728204957,0.23856862641250814,-34.0,0.0,-5.099999999999994,0.0,0.0,999.6,9.045409848465747,0.0,3.890587892965308,1.960833666666666,-0.9223291176290545,0.3864052261209853,0.30313794844497133
2023-10-25,22.728333333333335,7.146,5.752666666666666,526.7001666666666,117.108,3.2693333333333334,0.09383333333333332,0.11616666666666665,2.404333333333333,58362,宝山,宝山区,1016.925,20.858333,82.458333,0.0,0.804167,118.257294,681.0,2.34,35.1,2.64,35.1,0,36.53333333333333,24.831285714285716,681.0,0,869.0,763.4285714285714,-0.02,2.6733333333333333,-0.0500000000000002,2.3800000000000003,1593.54,92.664,,0.0,,,,,,0.8808304754312092,-0.47343180454172057,0.0,2.8000000000000003,0.7541670000000522,3.668738095238041,2.4912562496126083,0.821667,5.652617738055622,3.6598333333333333,1.1794963120376238,0.39087937696953545,-265.0,0.0,0.3999999999999986,1.0,0.0,993.3000000000003,7.357672638601957,0.0,3.375742100316284,1.870000333333337,-0.9155458729775467,0.40221356823680365,0.284398893416583
2023-10-26,22.876666666666665,7.181166666666667,5.763000000000001,510.8141666666666,119.80683333333333,3.330666666666667,0.10383333333333333,0.13183333333333333,2.445,58362,宝山,宝山区,1016.970833,20.6625,76.875,0.0,1.0375,28.709334,571.0,2.39,32.1,2.63,32.1,0,33.96666666666667,29.46428571428571,571.0,0,732.6666666666666,777.1428571428571,-0.0100000000000002,2.643333333333333,0.0500000000000002,2.373333333333333,1364.69,84.423,0.0,1.0,0.0107015457788347,DLR_GWP_P1D_real_raster_proxy,0.3571428571428571,wusongkou_aoi_boundary_proxy,"Derived from DLR Global WaterPack daily real raster masks within a station-centered AOI; label denotes boundary-change proxy relative to the median reference mask, not a manual governance-zone annotation.",0.4803663861029326,0.8770679193211939,0.0,0.1,0.0,-11.302047619047642,2.4882509742887624,1.0550000000000002,0.7100342840101213,3.8671666666666664,1.1351407355316732,0.49079754601226994,-110.0,0.0,-3.0,0.0,0.0,715.0500000000002,6.064778344492102,0.0,3.297697009005736,2.2141666666666637,-0.9084917035725082,0.41790288888678667,0.2805640054804581
2023-10-27,22.916666666666668,7.237166666666667,6.0551666666666675,491.2283333333333,154.9043333333333,3.4133333333333336,0.06666666666666667,0.13866666666666666,2.5268333333333333,58362,宝山,宝山区,1018.916667,18.425,70.875,0.0,1.6625,69.131529,348.0,2.42,30.0,2.65,30.0,0,32.4,33.07142857142857,348.0,0,533.3333333333334,755.0,0.02,2.64,0.0299999999999998,2.3833333333333333,842.16,79.5,,0.0,,,,,,0.9344006403862593,0.35622386675480994,0.0,0.0,0.0,-27.918119047619086,4.09420185297252,1.673,0.5262833849973981,3.980166666666667,1.168950779112488,0.3755868544600939,-223.0,0.0,-2.1000000000000014,0.0,0.0,588.1299999999999,3.4209012792032727,0.0,3.474841491300361,4.491666666666667,-0.9011686968561569,0.4334685453485363,0.2372731559812059
2023-10-28,22.89,7.2655,6.221166666666666,479.7133333333333,195.442,3.5210000000000004,0.09016666666666667,0.15933333333333335,2.7336666666666667,58362,宝山,宝山区,1019.516667,18.133333,72.083333,0.0,1.325,118.257294,397.0,2.53,1.21,2.68,1.21,0,21.10333333333333,29.38714285714285,397.0,0,438.6666666666667,695.2857142857143,0.0300000000000002,2.6533333333333333,0.1099999999999998,2.4466666666666668,1004.41,3.2428,,0.0,,,,,,0.8808304754312092,-0.47343180454172057,0.0,0.0,0.0,-33.65790476190472,3.3900681807390174,1.3635,0.4643592640068999,4.417166666666667,1.1339530914108795,0.4301075268817204,49.0,1.0,-28.79,0.0,0.0,495.05999999999995,2.233059461147141,0.0,3.339585605945966,4.756667,-0.8935790198239952,0.4489059314938798,0.19804322668178131
2023-10-29,22.86,7.273,6.270166666666667,476.05999999999995,207.00316666666666,3.4243333333333332,0.1045,0.16033333333333333,2.8928333333333334,58362,宝山,宝山区,1020.095833,18.175,78.625,0.0,1.379167,110.231602,292.0,2.53,1.93,2.79,1.93,0,11.046666666666669,24.977142857142848,292.0,0,345.6666666666667,602.1428571428571,0.1099999999999998,2.706666666666667,0.0,2.4933333333333327,738.76,5.3847,,0.0,,,,,,0.9383024277041699,-0.34581578067586927,0.0,0.0,0.0,-29.348785714285725,3.5252686356620373,1.379167,0.3733181994743959,4.600666666666666,1.1534288797430694,0.42031517753902947,-105.0,0.0,0.72,1.0,0.0,397.0,1.6618336740065658,0.0,3.2384922236446743,4.684999999999999,-0.8857249183835637,0.4642104791518923,0.1883367504247151
2023-10-30,23.046666666666667,7.279166666666666,6.295333333333333,466.66450000000003,207.83200000000002,3.3089999999999997,0.09166666666666667,0.16033333333333336,2.9328333333333334,58362,宝山,宝山区,1021.425,19.2125,81.083333,0.0,1.420833,112.081619,268.0,2.59,-1.34,2.81,1.34,1,0.6,19.1,268.0,0,319.0,500.4285714285714,0.02,2.76,0.06,2.5499999999999994,694.12,-3.7654,,0.0,,,,,,0.9266492793096225,-0.37592700508869703,0.0,0.0,0.0,-30.25454761904757,3.576653582409605,1.441833,0.07050054438686033,4.627833333333333,1.1789062531729995,0.41308095188722227,-24.0,0.0,-3.27,0.0,0.0,309.52000000000004,1.527543671467974,0.0,3.238790318780102,3.8341666666666683,-0.8776087166898392,0.4793776594606945,0.1876617490111393
2023-10-31,23.245,7.293166666666667,6.278,465.51849999999996,186.8228333333333,3.176,0.08650000000000001,0.15916666666666668,2.8793333333333333,58362,宝山,宝山区,1021.125,21.420833,71.416667,0.0,1.783333,168.272747,444.0,2.64,-5.13,2.84,5.13,1,-1.5133333333333334,13.409999999999997,444.0,0,334.6666666666667,428.71428571428567,0.0299999999999998,2.813333333333333,0.0500000000000002,2.5866666666666664,1172.16,-14.5692,,0.0,,,,,,0.2032530442146495,-0.9791262431461418,0.0,0.0,0.2999999999999545,-22.581357142857144,3.0605120034233795,1.8008330000000001,0.13824148400276326,4.5575,1.2024402131533614,0.324324359386422,176.0,1.0,-3.79,0.0,0.0,651.0000000000001,1.7818209891058687,0.0,3.719636806802334,1.8241670000000028,-0.8692328164574792,0.49440298420761813,0.2056589076008487
2023-11-01,22.698333333333334,7.2651666666666666,6.018666666666667,497.13733333333334,199.70400000000004,3.2616666666666667,0.11366666666666665,0.16183333333333336,2.807,58362,宝山,宝山区,1018.829167,22.6375,62.041667,0.0,2.475,170.322483,604.0,2.58,-3.85,2.84,3.85,1,-3.44,7.845714285714282,604.0,0,438.6666666666667,417.71428571428567,0.0,2.83,-0.06,2.603333333333333,1558.32,-10.934,,0.0,,,,,,0.1681025742199316,-0.9857695088308587,0.0,0.0,2.295833000000016,13.260738095238082,3.851838139898957,2.496,0.22359815646661999,4.539,1.1254184759714512,0.17328520856521012,160.0,1.0,1.2799999999999998,1.0,0.0,809.84,2.1856398809523805,0.0,4.65427448067423,0.06083333333333485,-0.8605996962501181,0.5092820071573356,0.1944000420764428
2023-11-02,22.605,7.256333333333334,5.925,510.22633333333334,178.29966666666667,3.2205,0.08616666666666667,0.16033333333333333,2.760666666666667,58362,宝山,宝山区,1014.916667,22.208333,68.583333,0.0,2.858333,165.871829,632.0,2.47,1.35,2.85,1.35,0,-2.543333333333333,3.452857142857139,632.0,0,560.0,426.4285714285714,0.0100000000000002,2.8433333333333333,-0.1099999999999998,2.563333333333334,1561.0400000000002,3.8475000000000006,0.0,1.0,0.0118906064209274,DLR_GWP_P1D_real_raster_proxy,0.2857142857142857,wusongkou_aoi_boundary_proxy,"Derived from DLR Global WaterPack daily real raster masks within a station-centered AOI; label denotes boundary-change proxy relative to the median reference mask, not a manual governance-zone annotation.",0.24409184579570406,-0.9697521182323069,0.0,0.0,3.9125000000000227,26.433714285714302,4.5235993411903985,2.896833,0.18976018555286203,4.450166666666667,1.1240013167545901,0.12868633259780476,28.0,1.0,5.2,1.0,0.0,732.5999999999999,3.123262917387837,0.0,5.224179596276004,0.39666700000000077,-0.8517119107469189,0.5240103253675756,0.21354150374079883
2023-11-03,22.628333333333334,7.2620000000000005,5.9316666666666675,515.227,150.88283333333334,3.0695,0.08800000000000001,0.14916666666666667,2.6511666666666667,58362,宝山,宝山区,1014.554167,22.683333,72.5,0.0,1.479167,104.305763,680.0,2.43,1.51,2.83,1.51,0,-0.33,-0.6171428571428612,680.0,0,638.6666666666666,473.8571428571428,-0.02,2.84,-0.04,2.4933333333333336,1652.4,4.2733,,0.0,,,,,,0.9689908825232227,-0.24709647829717446,0.0,0.0,0.3624999999999545,28.00600000000003,3.8910006826516543,1.493167,0.04277684133504936,4.230833333333333,1.1794315789976597,0.351906117078467,48.0,1.0,0.15999999999999992,1.0,0.0,757.12,4.2049957368453965,0.0,3.7064791344601553,-0.054999666666667224,-0.8425720899866032,0.5385835804920232,0.24170886994953134
2023-11-04,22.861666666666665,7.229500000000001,5.9111666666666665,509.837,112.16883333333332,3.1926666666666663,0.09599999999999999,0.13449999999999998,2.5533333333333332,58362,宝山,宝山区,1014.704167,22.954167,87.916667,5.5,1.995833,129.341067,629.0,2.43,6.3,2.81,6.3,0,3.053333333333333,0.1099999999999958,629.0,0,647.0,507.0,-0.02,2.83,0.0,2.4433333333333334,1528.47,17.703,,0.0,,,,,,0.7733860324858048,-0.6339353632318248,5.5,5.5,0.0,18.312619047619023,4.506240338282078,12.9729145,10.545347623180486,3.994333333333333,1.1800050207095831,0.117704761852075,-51.0,0.0,4.79,1.0,0.0,680.0,5.717121763500846,26.345,5.00883123721823,-0.09250033333333718,-0.8331829385891785,0.5529974600700271,0.29164974205290894
2023-11-05,22.974999999999998,7.1765,5.526833333333333,544.2036666666667,106.60933333333332,3.2270000000000003,0.11349999999999999,0.12633333333333333,2.4563333333333333,58362,宝山,宝山区,1011.804167,22.725,74.666667,4.4,4.541667,220.072058,953.0,2.48,22.8,2.8,22.8,0,10.203333333333331,3.091428571428568,953.0,0,754.0,601.4285714285714,-0.0100000000000002,2.813333333333333,0.0499999999999998,2.4466666666666668,2363.44,63.84,,0.0,,,,,,-0.6437505163876748,-0.7652354360917966,9.9,9.9,2.8999999999999773,42.94447619047622,8.494467027228104,49.521670300000004,17.65443173596034,3.8331666666666666,1.1125197254740304,0.05452067143079204,324.0,1.0,16.5,1.0,0.0,1340.8499999999997,7.006827164929932,163.35,8.170410590824819,0.24999999999999645,-0.8235472349556007,0.5672476988027229,0.3001998714117562
2023-11-06,22.686666666666667,7.254833333333334,5.881,529.0361666666666,93.4065,3.3234999999999997,0.0785,0.12,2.282,58362,宝山,宝山区,1021.575,14.058333,53.458333,0.0,2.879167,277.700224,991.0,2.37,26.0,2.73,26.0,0,18.366666666666664,6.997142857142854,991.0,0,857.6666666666666,704.7142857142857,-0.0699999999999998,2.78,-0.1099999999999998,2.4266666666666667,2348.67,70.98,,0.0,,,,,,-0.9909826758832433,0.1339900597032733,9.9,9.9,0.0,18.866738095238134,6.767330084067461,31.421420299999998,15.636907973278465,3.5605,1.1875213021131235,0.07257332754585237,38.0,1.0,3.1999999999999993,1.0,0.0,1142.1899999999998,9.084826433208166,31.679999999999993,6.607735502583073,8.628333666666668,-0.8136678304455991,0.5813300798152042,0.32241774393006806
2023-11-07,22.078333333333333,7.2205,6.049166666666667,544.1346666666667,80.08716666666668,2.964166666666667,0.06849999999999999,0.10766666666666667,2.1193333333333335,58362,宝山,宝山区,1021.720833,13.220833,62.291667,0.0,1.1375,104.070468,1100.0,2.27,32.1,2.77,32.1,0,26.96666666666667,12.315714285714282,1100.0,0,1014.6666666666666,798.4285714285714,0.04,2.766666666666666,-0.1,2.373333333333333,2497.0,88.917,,0.0,,,,,,0.9699974530869991,-0.24311507769929652,4.4,9.9,0.0,22.734357142857107,3.2914682233948636,6.1775,16.566527031720756,3.2645,1.3422116704021188,0.15296367112810705,109.0,1.0,6.100000000000001,1.0,0.0,1329.9,12.513283030812518,26.840000000000007,4.496980387783498,8.857500333333332,-0.8035476485339116,0.5952404359043674,0.34823191978682677
2023-11-08,21.888333333333332,7.233666666666667,6.016500000000001,547.8156666666667,100.27016666666667,3.364333333333333,0.07283333333333333,0.11549999999999999,2.2311666666666667,58362,宝山,宝山区,1017.6875,17.9375,74.333333,0.0,1.841667,182.470906,922.0,2.26,24.5,2.7,24.5,0,27.53333333333333,16.365714285714283,922.0,0,1004.3333333333334,843.8571428571429,-0.0699999999999998,2.733333333333334,-0.0100000000000002,2.3000000000000003,2083.72,66.15,,0.0,,,,,,-0.04311207897084822,-0.999070242098528,0.0,9.9,4.0333329999999705,19.17559523809541,2.9452094783174325,1.845167,17.761660916171937,3.459,1.2208906562372608,0.14545454545454609,-178.0,0.0,-7.600000000000001,0.0,0.0,1111.0000000000002,9.917366252976773,0.0,4.765932583523043,3.950833333333332,-0.7931896839451843,0.6089746507720486,0.3105054170099215
2023-11-09,21.88,7.243666666666667,6.174333333333333,525.0746666666666,93.606,3.138,0.07033333333333334,0.11433333333333333,2.220833333333333,58362,宝山,宝山区,1018.673913,18.143478,85.347826,10.9,2.778261,11.190645,431.0,2.17,27.7,2.63,27.7,0,28.100000000000005,20.129999999999995,431.0,0,817.6666666666666,815.1428571428571,-0.0700000000000002,2.7,-0.0899999999999998,2.233333333333333,935.27,72.851,1.0,1.0,0.0214030915576694,DLR_GWP_P1D_real_raster_proxy,0.2857142857142857,wusongkou_aoi_boundary_proxy,"Derived from DLR Global WaterPack daily real raster masks within a station-centered AOI; label denotes boundary-change proxy relative to the median reference mask, not a manual governance-zone annotation.",0.19407418263763598,0.9809868559942756,10.9,20.8,0.0,-5.686595238095265,4.227713570965638,33.0928059,39.05795853412662,3.4345,1.3084261720776102,0.06812796147990555,-491.0,0.0,3.1999999999999993,1.0,0.0,1004.9799999999999,8.642862679604535,34.879999999999995,6.399348581523881,3.7365219999999972,-0.7825970017677834,0.6225286602431057,0.32205943817197147
2023-11-10,21.496666666666666,7.3694999999999995,6.985833333333333,464.2728333333334,91.43166666666667,2.7045,0.05666666666666667,0.11333333333333333,2.186166666666667,58362,宝山,宝山区,1027.316667,13.833333,69.416667,0.2,3.5875,28.653967,-44.7,2.39,36.6,2.64,36.6,0,29.6,25.142857142857142,44.7,1,436.1,711.6142857142856,0.0100000000000002,2.6566666666666667,0.2200000000000002,2.273333333333333,-106.833,96.624,,0.0,,,,,,0.479518619253427,0.8775317052900635,11.1,21.0,0.0,-59.20926190476183,5.881087791256692,43.68575,36.09065007134375,3.3761666666666668,1.6147969712169024,0.06374501992031872,-475.7,0.0,8.900000000000002,1.0,54.53400000000001,634.888,4.718080023080113,98.79000000000002,6.152112134586734,7.6633336666666665,-0.7717727365467836,0.6358984534680745,0.3260059905000935
2023-11-11,20.816666666666666,7.3933333333333335,7.070833333333333,471.8765,128.92416666666668,2.6306666666666665,0.07766666666666666,0.1245,2.3528333333333333,58362,宝山,宝山区,1028.541667,13.354167,73.541667,0.7,3.129167,15.995424,547.0,2.69,31.5,2.67,31.5,0,31.933333333333334,28.74285714285714,547.0,0,311.1,699.8999999999999,0.0299999999999998,2.6466666666666665,0.2999999999999998,2.4166666666666665,1471.43,84.105,,0.0,,,,,,0.2755605825551352,0.9612837069990703,11.8,16.2,0.0,-46.18266666666665,4.937383374474507,40.158337599999996,28.637922851412853,3.6755,1.614558610099094,0.06277792178335502,591.7,1.0,-5.100000000000001,0.0,0.0,1480.31,2.394473699401574,0.0,6.938269428166318,7.462499666666666,-0.7607200913564104,0.6490800741100398,0.2682144143116352
2023-11-12,19.973333333333333,7.338333333333334,6.853166666666667,499.33799999999997,165.3735,3.389,0.058499999999999996,0.151,2.6403333333333334,58362,宝山,宝山区,1032.020833,9.733333,58.166667,0.1,3.9125,304.498995,596.0,2.51,10.4,2.7,10.4,0,26.166666666666668,26.971428571428564,596.0,0,366.1,648.8999999999999,0.0300000000000002,2.6700000000000004,-0.1800000000000001,2.53,1495.9599999999998,28.08,,0.0,,,,,,-0.8241361235772425,0.5663917812036788,0.9999999999999999,11.9,0.0,-12.311785714285804,8.095720150504851,7.888,19.317131982736807,4.208833333333334,1.29935392368331,0.16913319238900634,49.0,1.0,-21.1,0.0,0.0,761.1000000000001,2.2004706278343606,0.0,5.2601580279415145,10.240000333333333,-0.7494423368521954,0.6620696215153815,0.22624162556198713
2023-11-13,18.918333333333333,7.361666666666667,7.001166666666666,509.61850000000004,193.54100000000003,3.547166666666667,0.08066666666666666,0.16749999999999998,2.75,58362,宝山,宝山区,1031.15,9.2,64.25,0.0,2.229167,312.114026,606.0,2.49,5.87,2.75,5.87,0,15.923333333333334,24.09571428571428,606.0,0,583.0,593.8999999999999,0.0499999999999998,2.706666666666667,-0.0199999999999995,2.563333333333333,1508.94,16.142500000000002,,0.0,,,,,,-0.7418116983886063,0.6706082344661535,0.7999999999999998,11.9,0.8708329999999478,0.7426666666666506,4.844068476920759,4.019500599999999,19.970054001043682,4.5056666666666665,1.2527208601260869,0.20408163265306342,10.0,1.0,-4.53,0.0,0.0,628.3199999999997,2.996797590225196,0.0,4.373772776852889,9.718333333333334,-0.7379428103031386,0.6748632518680403,0.19969377756427398
2023-11-14,18.711666666666666,7.354,6.835333333333334,510.92350000000005,208.19916666666666,3.813333333333333,0.0765,0.1738333333333333,2.9458333333333333,58362,宝山,宝山区,1028.0625,9.208333,71.541667,0.0,0.995833,248.079096,689.0,2.48,3.46,2.79,3.46,0,6.576666666666667,20.00428571428571,689.0,0,630.3333333333334,535.1857142857142,0.04,2.7466666666666666,-0.0100000000000002,2.4933333333333336,1708.72,9.6534,,0.0,,,,,,-0.9277001099340322,-0.3733262728879185,0.0999999999999999,11.9,3.087500000000091,6.79211904761911,2.9001711232146326,1.0989163,20.717219375379457,4.760666666666666,1.1608736038961893,0.1929260574228942,83.0,1.0,-2.41,0.0,0.0,779.7200000000001,3.013077649289553,0.0,3.9867854334077464,9.503333666666666,-0.7262249146041543,0.6874571793269664,0.18736358450115265
2023-11-15,18.636666666666667,7.302666666666667,7.0275,489.0566666666667,190.31883333333334,3.775166666666667,0.08716666666666667,0.1701666666666667,2.9273333333333333,58362,宝山,宝山区,1026.475,11.875,70.791667,6.9,1.341667,50.635304,521.0,2.41,1.69,2.79,1.69,0,3.673333333333333,16.745714285714282,521.0,0,605.3333333333334,477.8999999999999,0.0,2.776666666666667,-0.0699999999999998,2.4600000000000004,1255.61,4.7151,,0.0,,,,,,0.7731245293418691,0.634254256690417,6.9,18.8,1.587500000000091,-6.680571428571511,3.317592806090913,10.6236693,32.34011428494075,4.716166666666667,1.2027579484343143,0.09234320608408676,-168.0,0.0,-1.77,0.0,0.0,737.2299999999999,3.164002846905645,0.0,5.144343031658533,6.761666666666667,-0.7142921172691032,0.699847677146407,0.20252862555281892
2023-11-16,18.301666666666666,7.349666666666667,7.062833333333333,499.35983333333337,183.79516666666666,3.4599999999999995,0.06849999999999999,0.15583333333333335,2.7648333333333333,58362,宝山,宝山区,1026.233333,9.920833,65.791667,0.4,2.891667,270.133761,708.0,2.48,1.57,2.77,1.57,0,2.24,13.012857142857138,708.0,0,639.3333333333334,517.4714285714284,-0.02,2.783333333333333,0.0699999999999998,2.456666666666667,1755.84,4.3489,1.0,1.0,0.0166468489892984,DLR_GWP_P1D_real_raster_proxy,0.15,wusongkou_aoi_boundary_proxy,"Derived from DLR Global WaterPack daily real raster masks within a station-centered AOI; label denotes boundary-change proxy relative to the median reference mask, not a manual governance-zone annotation.",-0.9999972748930204,0.0023345677401083067,7.300000000000001,8.3,0.24166700000000674,7.296142857142854,6.7679044488778946,24.0253361,13.937044360470638,4.391666666666667,1.30540990134204,0.08746355175139635,187.0,1.0,-0.11999999999999988,0.0,0.0,957.6499999999999,3.4596864456231273,0.0,6.011988284591981,8.380833666666666,-0.7021479494046978,0.7120310787787131,0.2084172935983617
2023-11-17,17.55333333333333,7.365166666666667,7.103666666666666,517.0513333333333,190.24716666666666,3.7285000000000004,0.09549999999999999,0.163,2.9583333333333335,58362,宝山,宝山区,1024.7875,10.816667,35.791667,0.0,4.025,282.829991,798.0,2.44,5.18,2.8,5.18,0,2.813333333333333,8.52428571428571,798.0,0,675.6666666666666,637.8571428571428,0.0299999999999998,2.786666666666666,-0.04,2.4433333333333334,1947.12,14.503999999999998,,0.0,,,,,,-0.9750332529983541,0.22205890107682597,7.300000000000001,8.100000000000001,1.4458329999999933,17.447857142857117,8.952012985183316,33.42150000000001,11.199900581592534,4.683833333333333,1.2428594762221148,0.07261724835382147,90.0,1.0,3.6099999999999994,1.0,0.0,923.52,3.5329499434850016,26.352999999999998,6.97519984903375,6.73666633333333,-0.6897960046655887,0.7240037789593305,0.20259221895980917
2023-11-18,17.081666666666667,7.4455,7.501333333333332,496.0945,192.47616666666667,3.7573333333333334,0.08533333333333333,0.15916666666666668,2.860666666666667,58362,宝山,宝山区,1025.4375,6.558333,64.416667,0.0,1.316667,118.257294,770.0,2.39,7.06,2.77,7.06,0,4.603333333333333,5.0328571428571385,770.0,0,758.6666666666666,669.7142857142856,-0.0299999999999998,2.78,-0.0499999999999998,2.436666666666667,1840.3,19.5562,,0.0,,,,,,0.8808304754312092,-0.47343180454172057,0.4,7.4,0.0,-6.968690476190488,3.473580675629083,1.8608337999999998,12.425337606812864,4.5376666666666665,1.3175814705809237,0.3680981143437897,-28.0,0.0,1.88,1.0,0.0,837.8999999999999,3.92124094526716,0.752,3.664656361821808,10.523333666666666,-0.6772399381909491,0.7357622347736527,0.2006253852021841
2023-11-19,16.495,7.388333333333333,7.387166666666666,508.3271666666667,174.93016666666668,3.613,0.11133333333333333,0.14816666666666667,2.6466666666666665,58362,宝山,宝山区,1021.725,10.0375,65.875,0.0,1.2125,217.139617,1050.0,2.37,25.9,2.73,25.9,0,12.713333333333331,7.247142857142854,1050.0,0,872.6666666666666,734.5714285714284,-0.04,2.766666666666667,-0.02,2.4,2488.5,70.707,,0.0,,,,,,-0.6037593305911799,-0.7971666517887526,0.0,7.300000000000001,3.7124999999999773,3.9798095238095357,2.988182793973348,1.2194999999999998,12.501630289333507,4.2396666666666665,1.3474650906836754,0.1687763713080175,280.0,1.0,18.84,1.0,0.0,1356.6000000000001,4.960301483258982,0.0,4.384349917631568,6.457500000000001,-0.6644834655228552,0.7473029667054296,0.21676161076803002
2023-11-20,16.458333333333332,7.419666666666667,7.7105,496.53316666666666,128.14966666666666,3.1935000000000002,0.114,0.12383333333333334,2.2535000000000003,58362,宝山,宝山区,1022.625,11.604167,74.791667,0.0,0.658333,118.257294,608.0,2.19,32.7,2.63,32.7,0,21.886666666666667,11.079999999999997,608.0,0,809.3333333333334,734.8571428571428,-0.1,2.7099999999999995,-0.1800000000000001,2.316666666666667,1331.52,86.001,,0.0,,,,,,0.8808304754312092,-0.47343180454172057,0.0,7.300000000000001,0.0,-5.944857142857131,2.1999855095385388,0.721333,13.229374865904216,3.6058333333333334,1.5738745175005902,0.6030151965859692,-442.0,0.0,6.800000000000004,1.0,0.0,1239.0000000000002,6.266631221141363,0.0,3.095178441723707,4.854166333333332,-0.6515303615068021,0.75862255966641,0.26922926094972144
2023-11-21,16.2,7.408666666666666,7.712833333333333,516.5056666666667,111.48199999999999,3.255333333333333,0.1675,0.11599999999999999,2.3511666666666664,58362,宝山,宝山区,1017.958333,13.2375,76.333333,0.0,1.2,146.668197,888.0,2.34,26.3,2.59,26.3,0,28.3,14.34285714285714,888.0,0,848.6666666666666,763.2857142857141,-0.04,2.65,0.1499999999999999,2.3000000000000003,2077.92,68.117,,0.0,,,,,,0.5494866625339814,-0.8355024881454671,0.0,7.300000000000001,4.666666999999961,13.2301904761905,2.877898580367863,1.2525,13.378971436403456,3.6786666666666665,1.5649642085122604,0.1456310608916969,280.0,1.0,-6.400000000000002,0.0,0.0,1343.1999999999998,7.544910889446015,0.0,4.511798279940342,2.9624999999999986,-0.6383844591746642,0.7697176640069211,0.2926830196567455
2023-11-22,16.663333333333334,7.458833333333334,7.828666666666667,495.66816666666665,117.67716666666666,3.1305,0.15183333333333335,0.09666666666666668,2.3808333333333334,58362,宝山,宝山区,1015.2,16.870833,66.291667,0.0,1.441667,235.135785,866.0,2.25,21.6,2.63,21.6,0,26.86666666666667,17.187142857142856,866.0,0,787.3333333333334,812.5714285714284,0.04,2.6166666666666667,-0.0899999999999998,2.26,1948.5,56.808,,0.0,,,,,,-0.8205090587882448,-0.5716335228504611,0.0,0.4,2.7583329999999933,-8.551809523809538,3.6393236797731534,1.473167,1.164281352713382,3.4993333333333334,1.691356921963847,0.19230769230769257,-22.0,0.0,-4.699999999999999,0.0,0.0,967.9199999999998,6.634244441854162,0.0,4.253225775458532,-0.20749966666666708,-0.6250496486104377,0.7805849965070866,0.28358289925011027
2023-11-23,17.278333333333332,7.509333333333333,8.043333333333335,465.2246666666667,103.06849999999999,2.723333333333333,0.12916666666666668,0.11266666666666668,2.182166666666667,58362,宝山,宝山区,1023.45,13.8,58.666667,0.0,3.395833,341.046504,651.0,2.23,20.6,2.61,20.6,0,22.83333333333334,19.90571428571428,651.0,0,801.6666666666666,804.4285714285713,-0.02,2.61,-0.02,2.273333333333333,1451.73,53.766,0.0,1.0,0.0083234244946492,DLR_GWP_P1D_real_raster_proxy,0.5,wusongkou_aoi_boundary_proxy,"Derived from DLR Global WaterPack daily real raster masks within a station-centered AOI; label denotes boundary-change proxy relative to the median reference mask, not a manual governance-zone annotation.",-0.3248006191229677,0.945782510843448,0.0,0.0,0.0,-34.11885714285711,5.470808345127203,3.402833,0.47566277415477787,3.4380000000000006,1.8315820816479202,0.2274881689090555,-215.0,0.0,-1.0,0.0,0.0,883.32,7.703259551801619,0.0,4.751690914061686,3.4783333333333317,-0.6115298757991053,0.7912213413483807,0.305878871394199
2023-11-24,16.646666666666665,7.518666666666667,8.414666666666667,462.9593333333333,110.18516666666666,2.534666666666667,0.09733333333333333,0.11333333333333333,2.1995,58362,宝山,宝山区,1031.4125,9.691667,60.958333,0.0,2.2875,25.958899,528.0,2.28,22.2,2.6,22.2,0,21.46666666666667,22.33714285714285,528.0,0,681.6666666666666,765.8571428571428,-0.0099999999999997,2.6133333333333333,0.0499999999999998,2.2533333333333334,1203.84,57.72,,0.0,,,,,,0.437726286144079,0.8991082795851186,0.0,0.0,0.0,-28.656761904761936,4.229447144333325,2.305,0.4668049093875228,3.4301666666666666,2.000389248138118,0.3041825095057034,-123.0,0.0,1.5999999999999979,1.0,0.0,683.5499999999998,6.130913745988299,0.0,4.009362416518432,6.954999666666664,-0.5978291414589552,0.801623551065242,0.2946513049518241
2023-11-25,15.905000000000001,7.489,8.322666666666667,490.23966666666666,120.8895,3.126666666666667,0.19233333333333333,0.13133333333333333,2.714166666666667,58362,宝山,宝山区,1028.008333,10.566667,71.375,0.0,1.991667,94.203469,624.0,2.38,26.5,2.62,26.5,0,23.100000000000005,25.114285714285707,624.0,0,601.0,744.9999999999999,0.02,2.61,0.1,2.2966666666666664,1485.12,69.43,,0.0,,,,,,0.9973100411553106,-0.07329857986886637,0.0,0.0,3.404166999999916,-0.5400238095238024,4.943639245198134,2.026667,0.4773317760744914,4.219833333333334,1.6731449000247234,0.15635177523369326,96.0,1.0,4.300000000000001,1.0,0.0,792.0000000000001,4.930695424954569,0.0,4.59086010879186,5.338333,-0.5839514998576998,0.8117885474764613,0.2790496226248824
2023-11-26,16.218333333333334,7.520833333333333,8.326166666666667,477.8695,147.20116666666667,3.1908333333333334,0.1855,0.13283333333333333,2.5558333333333336,58362,宝山,宝山区,1021.1125,13.95,71.125,0.0,1.975,240.128755,532.0,2.31,29.3,2.6,29.3,0,26.000000000000004,25.6,532.0,0,561.3333333333334,670.9999999999999,-0.02,2.606666666666667,-0.0699999999999998,2.3233333333333337,1228.92,76.18,,0.0,,,,,,-0.867146815507218,-0.4980526080201678,0.0,0.0,6.895833000000039,-8.55909523809521,4.629393174251632,1.9995,0.49437552990064937,4.0696666666666665,1.6495751875175382,0.10130857243760441,-92.0,0.0,2.8000000000000007,1.0,0.0,667.68,3.7876444967257346,0.0,5.2080026168815925,2.2683333333333344,-0.5699010576127624,0.8217133225960589,0.24587396263145345
2023-11-27,16.335,7.498666666666666,8.221833333333333,471.39183333333335,160.97516666666667,3.4598333333333335,0.16749999999999998,0.14266666666666666,2.611666666666667,58362,宝山,宝山区,1020.775,12.3875,62.958333,0.0,2.320833,263.074902,643.0,2.35,8.02,2.61,8.02,0,21.273333333333337,22.07428571428571,643.0,0,599.6666666666666,675.9999999999999,0.0099999999999997,2.61,0.04,2.3466666666666667,1511.05,20.9322,,0.0,,,,,,-0.9927046216157394,-0.12057169743663601,0.0,0.0,0.33749999999997726,-11.445142857142798,5.594889454013973,2.3348329999999997,0.46550852223907513,4.2058333333333335,1.5351135566369534,0.2733485442686618,111.0,1.0,-21.28,0.0,0.0,784.1600000000001,3.7022136109341863,0.0,4.179107725272452,3.9475000000000016,-0.5556819724760489,0.8313949395234058,0.23078920310490847
2023-11-28,16.33,7.511833333333333,8.291666666666666,456.9836666666667,162.705,3.2575000000000003,0.16683333333333336,0.14383333333333334,2.7391666666666663,58362,宝山,宝山区,1022.8125,11.6875,69.791667,0.0,1.8625,105.415596,515.0,2.33,-0.683,2.7,0.683,1,12.212333333333335,18.219571428571424,515.0,0,563.3333333333334,622.7142857142856,0.0900000000000003,2.6366666666666667,-0.02,2.33,1199.95,-1.8441000000000003,,0.0,,,,,,0.9640230837314836,-0.2658185359090689,0.0,0.0,0.0,-17.35016666666661,4.594909008272123,1.8695,0.38717261051993174,4.344333333333333,1.5963587083839632,0.3493449781659389,-128.0,0.0,-8.703,0.0,0.0,655.86,3.4411492216690593,0.0,3.7446569197563893,4.642499999999998,-0.5412984521036173,0.8408305333122887,0.22898610944370446
2023-11-29,16.37333333333333,7.4985,8.246,455.5101666666667,158.03666666666666,3.1493333333333333,0.14316666666666666,0.14049999999999999,2.747,58362,宝山,宝山区,1025.7125,14.025,61.375,0.0,4.091667,324.47861,572.0,2.36,1.91,2.73,1.91,0,3.082333333333336,15.406714285714282,572.0,0,576.6666666666666,580.7142857142856,0.0299999999999998,2.68,0.0299999999999998,2.3466666666666662,1349.9199999999998,5.2143,,0.0,,,,,,-0.5810068456675188,0.8138986701595475,0.0,0.0,0.0,-13.086809523809507,7.421586394699091,4.102167,0.2110003080556562,4.295166666666667,1.631571272340702,0.19639933247794877,57.0,1.0,2.593,1.0,0.0,647.8699999999999,3.6259981974806648,0.0,5.127002797300319,2.348333333333331,-0.5267547528105542,0.8500173118187018,0.23389675247075903
2023-11-30,16.081666666666667,7.5136666666666665,8.558,442.0915,148.81516666666667,2.8846666666666665,0.129,0.13116666666666665,2.668333333333333,58362,宝山,宝山区,1031.708333,7.0375,49.708333,0.0,3.304167,302.126944,413.0,2.34,2.02,2.73,2.02,0,1.0823333333333356,12.752428571428569,413.0,0,500.0,546.7142857142856,0.0,2.72,-0.02,2.3433333333333333,966.42,5.5146,0.0,1.0,0.0130796670630202,DLR_GWP_P1D_real_raster_proxy,0.2142857142857143,wusongkou_aoi_boundary_proxy,"Derived from DLR Global WaterPack daily real raster masks within a station-centered AOI; label denotes boundary-change proxy relative to the median reference mask, not a manual governance-zone annotation.",-0.8468719314222243,0.5317968895820956,0.0,0.0,0.0,-23.200738095238137,7.006253185105375,3.311167,0.11002335897649863,4.109,1.8097069634549372,0.2323329926557218,-159.0,0.0,0.1100000000000001,1.0,0.0,583.44,3.337445808223689,0.0,4.522161603578326,9.044166666666667,-0.5120551783114646,0.8589525565270845,0.24403544007676325
2023-12-01,14.69,7.4485,8.434166666666668,507.1266666666666,177.38183333333333,3.1611666666666665,0.15083333333333335,0.14100000000000001,3.2716666666666665,58362,宝山,宝山区,1030.941667,3.916667,54.041667,0.0,1.958333,118.257294,788.0,2.45,10.9,2.73,10.9,0,4.943333333333336,11.138142857142851,788.0,0,591.0,583.8571428571428,0.0,2.73,0.1100000000000003,2.3833333333333333,1930.6,29.757,,0.0,,,,,,0.8808304754312092,-0.47343180454172057,0.0,0.0,0.7666659999999865,35.52480952380944,4.683907335569508,1.9968330000000003,0.267340521481041,4.8325,1.6618158326148678,0.26845644790777223,375.0,1.0,8.88,1.0,0.0,1290.9300000000003,3.3131176474435455,0.0,4.141940173311374,10.773333,-0.4972040784469378,0.8676336233547726,0.21441260682976138
2023-12-02,14.498333333333333,7.4375,8.297666666666666,515.0221666666666,162.07983333333334,3.248666666666667,0.15883333333333333,0.13983333333333334,3.102,58362,宝山,宝山区,1028.0625,5.2,64.333333,0.0,0.691667,118.257294,787.0,2.29,11.6,2.72,11.6,0,8.173333333333336,9.009571428571425,787.0,0,662.6666666666666,607.142857142857,-0.0099999999999997,2.7266666666666666,-0.1600000000000001,2.36,1802.23,31.552,,0.0,,,,,,0.8808304754312092,-0.47343180454172057,0.0,0.0,2.879167000000052,39.879952380952375,2.3013330859287597,0.7476670000000001,0.332445108659555,4.659166666666667,1.6124292597317944,0.2187784548727844,-1.0,0.0,0.6999999999999993,1.0,0.0,914.0800000000002,4.063449496616688,0.0,3.798808339499991,9.298333333333332,-0.4822058478963526,0.8760579434344281,0.22963554446446055
2023-12-03,14.735,7.461833333333334,8.249333333333334,504.57683333333335,143.72366666666667,3.1806666666666668,0.15466666666666665,0.1285,3.2192,58362,宝山,宝山区,1025.8625,6.45,68.0,0.0,0.716667,118.257294,730.0,2.25,12.4,2.69,12.4,0,11.633333333333336,6.595285714285709,730.0,0,768.3333333333334,635.4285714285713,-0.0300000000000002,2.7133333333333334,-0.04,2.33,1642.5,33.356,,0.0,,,,,,0.8808304754312092,-0.47343180454172057,0.0,0.0,2.2000000000000455,25.619285714285695,2.337091153298325,0.7306670000000001,0.38045082351304066,4.6588666666666665,1.657280024884818,0.2553191272068798,-57.0,0.0,0.8000000000000007,1.0,0.0,818.48,5.308968125462088,0.0,3.633291073903095,8.285,-0.46706492487743034,0.8842230238742036,0.2499042183565664
2023-12-04,14.112,7.418200000000001,8.1786,550.0482,119.05319999999999,3.1266,0.1632,0.11159999999999999,2.8522,58362,宝山,宝山区,1018.941667,10.095833,78.208333,0.0,1.595833,227.459178,856.0,2.23,27.7,2.67,27.7,0,17.233333333333338,9.406714285714283,856.0,0,791.0,665.8571428571428,-0.02,2.6933333333333334,-0.02,2.2566666666666664,1908.88,73.959,,0.0,,,,,,-0.7367958063530108,-0.6761153302067752,0.0,0.0,6.920832999999902,59.85402857142856,3.784651749829411,1.602833,0.4354877131139739,4.131399999999999,1.7096894698309602,0.10507881646786914,126.0,1.0,15.299999999999999,1.0,0.0,1001.64,6.588745656092466,0.0,5.1652452334257,4.016166999999999,-0.451785789832884,0.8921264484954345,0.2816261852533357
2023-12-05,14.126666666666667,7.381333333333334,8.142000000000001,566.659,86.71,3.265833333333333,0.2091666666666667,0.10166666666666667,2.256,58362,宝山,宝山区,1017.2,10.166667,73.875,0.0,1.2375,240.905226,871.0,2.2,30.0,2.61,30.0,0,23.36666666666667,13.789999999999996,871.0,0,819.0,716.7142857142856,-0.06,2.6566666666666663,-0.0299999999999998,2.226666666666667,1916.2,78.3,,0.0,,,,,,-0.8738165784917735,-0.48625568084386456,0.0,0.0,1.7416670000000067,60.796923809523776,3.334466429469917,1.248,0.47898241171314343,3.481833333333333,1.6776050062548093,0.25130887947150704,15.0,1.0,2.3000000000000007,1.0,0.0,912.5799999999998,9.33758978451716,0.0,3.920323916070068,3.9599996666666666,-0.4363729641045924,0.8997658785476209,0.334905824055426
2023-12-06,13.926666666666668,7.387833333333333,8.2245,574.361,73.36733333333333,3.1086666666666667,0.207,0.09283333333333332,2.2841666666666667,58362,宝山,宝山区,1017.933333,10.266667,61.958333,0.0,2.320833,257.45282,944.0,2.17,31.0,2.55,31.0,0,29.566666666666677,17.94571428571428,944.0,0,890.3333333333334,769.8571428571428,-0.06,2.61,-0.0300000000000002,2.2,2048.48,79.05,,0.0,,,,,,-0.9761174497364012,-0.21724346784219806,0.0,0.0,0.0,51.52023333333341,5.613916328348143,2.331333,0.5129865135891464,3.4194999999999998,1.776877913749069,0.301129264856137,73.0,1.0,1.0,1.0,0.0,1047.5100000000002,11.972102446414645,0.0,4.2520972390863,3.6599996666666677,-0.42083100859565564,0.9071390534005044,0.3629153383606103
2023-12-07,13.516666666666666,7.4125000000000005,8.515500000000001,573.1463333333334,68.02933333333333,2.909333333333333,0.1748333333333333,0.08950000000000001,2.3325,58362,宝山,宝山区,1016.154167,13.333333,54.583333,0.0,2.154167,183.931202,841.0,2.12,30.1,2.5,30.1,0,30.36666666666667,21.957142857142856,841.0,0,885.3333333333334,830.9999999999999,-0.0499999999999998,2.553333333333333,-0.0499999999999998,2.1633333333333336,1782.92,75.25,0.0,1.0,0.0142687277051129,DLR_GWP_P1D_real_raster_proxy,0.15,wusongkou_aoi_boundary_proxy,"Derived from DLR Global WaterPack daily real raster masks within a station-centered AOI; label denotes boundary-change proxy relative to the median reference mask, not a manual governance-zone annotation.",-0.06855859709617952,-0.9976470912924087,0.0,0.0,1.7791659999999183,31.58344761904766,3.312220669567235,2.1716670000000002,0.5168618636884836,3.4023333333333334,1.940211394744019,0.20270271639883553,-103.0,0.0,-0.8999999999999986,0.0,0.0,991.1999999999998,12.825465502588273,0.0,4.460263673923338,0.18333366666666606,-0.4051645224207563,0.9142437912130223,0.37555808665793733
2023-12-08,13.603333333333333,7.4430000000000005,8.530333333333333,561.2941666666667,73.76650000000001,3.0711666666666666,0.1925,0.08766666666666667,2.0396666666666667,58362,宝山,宝山区,1014.141667,15.641667,57.333333,0.0,1.741667,179.556314,954.0,2.13,30.2,2.5,30.2,0,30.433333333333337,24.71428571428571,954.0,0,913.0,854.7142857142856,0.0,2.516666666666667,0.0099999999999997,2.14,2032.02,75.5,,0.0,,,,,,0.007743704151105061,-0.9999700170735222,0.0,0.0,2.0125000000000455,11.993066666666664,2.784410655049852,1.745167,0.5171803351456953,3.108833333333333,1.8835857701156975,0.2103417906859373,113.0,1.0,0.09999999999999787,1.0,0.0,1077.6699999999998,12.211351340506777,0.0,4.306519682808932,-2.0383336666666665,-0.3893781415452015,0.9210779895789526,0.36200672236932974
2023-12-09,14.353333333333333,7.505333333333333,8.669166666666667,501.1901666666667,75.38816666666666,2.7946666666666666,0.1515,0.08883333333333333,1.8368333333333335,58362,宝山,宝山区,1015.429167,17.229167,68.458333,0.5,1.095833,80.285514,421.0,1.97,30.9,2.48,30.9,0,30.4,27.471428571428568,421.0,0,738.6666666666666,802.4285714285713,-0.02,2.493333333333333,-0.1599999999999999,2.0733333333333333,829.37,76.63199999999999,,0.0,,,,,,0.9856608386856569,0.16873858800371508,0.5,0.5,0.0,-46.13493333333332,3.0827034709448213,1.6997495000000002,1.3593128489371311,2.876666666666667,2.033076515403107,0.38523279425140217,-533.0,0.0,0.6999999999999993,1.0,0.0,1106.6399999999999,9.669909606418097,0.34999999999999964,3.293031836197712,-2.875833666666667,-0.37347653741307074,0.9276396261490467,0.3583645713796262
2023-12-10,14.566666666666668,7.4544999999999995,8.552999999999999,507.6275,91.89233333333334,2.8064999999999998,0.15483333333333335,0.09749999999999999,2.0961666666666665,58362,宝山,宝山区,1015.529167,15.5375,92.958333,2.3,1.458333,11.164341,441.0,2.18,24.0,2.5,24.0,0,28.36666666666667,29.128571428571423,441.0,0,605.3333333333334,761.142857142857,0.02,2.4933333333333336,0.2100000000000002,2.0933333333333333,961.38,60.0,,0.0,,,,,,0.19362379956601966,0.9810758504018015,2.8,2.8,0.0,-40.13340952380946,2.654397458804167,5.6151654,5.909812360641103,3.226,1.9626261904013613,0.19017433852135265,20.0,1.0,-6.899999999999999,0.0,0.0,557.8100000000001,6.516504770756108,0.0,4.009238677979122,-0.9708333333333314,-0.3574644155648614,0.9339267592294762,0.3251621560145115
2023-12-11,14.746666666666668,7.495333333333334,8.680833333333334,480.95,106.75216666666665,2.798666666666667,0.14083333333333334,0.10049999999999999,1.9433333333333334,58362,宝山,宝山区,1020.8625,8.458333,89.125,3.4,4.1375,297.618702,394.0,2.25,17.0,2.57,17.0,0,23.96666666666667,27.6,394.0,0,418.6666666666667,695.142857142857,0.0699999999999998,2.516666666666667,0.0699999999999998,2.1333333333333333,886.5,43.69,,0.0,,,,,,-0.886052306880887,0.4635852774528743,6.199999999999999,6.199999999999999,0.0,-56.93973809523817,8.700374284454838,29.8145,12.208381240278257,3.0891666666666664,1.985489079881996,0.08820286659316429,-47.0,0.0,-7.0,0.0,0.0,471.86999999999995,3.8854593797804537,0.0,6.242482719427716,6.288333666666668,-0.34134651424503615,0.9399375283564133,0.29997472614542364
2023-12-12,14.048333333333334,7.4775,8.827833333333333,465.3181666666667,129.13233333333335,2.9280000000000004,0.15316666666666667,0.11599999999999999,2.797,58362,宝山,宝山区,1026.9,6.358333,81.625,0.0,2.0375,270.065392,417.0,2.33,0.73,2.62,0.73,0,13.910000000000004,23.418571428571425,417.0,0,417.3333333333333,630.2857142857141,0.0500000000000002,2.563333333333333,0.08,2.2533333333333334,971.61,1.9126,,0.0,,,,,,-0.9999993487107152,0.0011413054566904376,5.699999999999999,6.199999999999999,0.0,-58.09430952380944,4.980320887876797,13.67925,11.666054819316496,4.110166666666667,1.901528557534675,0.11444921316165953,23.0,1.0,-16.27,0.0,0.0,475.20000000000005,3.206991857007097,0.0,4.911367835076579,7.690000333333334,-0.3251276029999093,0.9456701548465688,0.26794267978710673
2023-12-13,14.086666666666666,7.461333333333333,8.648166666666667,473.4231666666667,143.3695,3.2328333333333332,0.21783333333333332,0.142,3.0356666666666663,58362,宝山,宝山区,1021.791667,13.441667,78.625,0.0,1.633333,137.718227,545.0,2.35,-3.42,2.7,3.42,1,4.770000000000002,18.50142857142857,545.0,0,452.0,573.2857142857141,0.08,2.6300000000000003,0.02,2.31,1280.75,-9.234,,0.0,,,,,,0.6727771871549986,-0.7398451570726188,3.4,6.199999999999999,5.10833300000013,-35.56961904761903,3.677595027789171,7.1936652,11.337650812078,4.6735,1.6602926462595895,0.0897531841288357,128.0,1.0,-4.15,0.0,0.0,686.46,3.1308552014102706,0.0,5.332718385535824,0.6449996666666653,-0.30881248126625377,0.9511229423235357,0.25032010150923145
2023-12-14,14.821666666666667,7.451333333333333,8.501,470.30133333333333,137.87283333333332,3.1685,0.17933333333333334,0.13566666666666669,2.412166666666667,58362,宝山,宝山区,1015.666667,16.6875,79.166667,0.0,2.1125,221.353865,365.0,2.3,7.46,2.7,7.46,0,1.5900000000000023,15.267142857142854,365.0,0,442.3333333333333,505.28571428571416,0.0,2.6733333333333333,-0.0500000000000002,2.3266666666666667,839.4999999999999,20.142,0.0,1.0,0.0130796670630202,DLR_GWP_P1D_real_raster_proxy,0.2142857142857143,wusongkou_aoi_boundary_proxy,"Derived from DLR Global WaterPack daily real raster masks within a station-centered AOI; label denotes boundary-change proxy relative to the median reference mask, not a manual governance-zone annotation.",-0.6607076558331404,-0.7506433197754288,0.0,6.199999999999999,6.125,-23.99930952380953,4.393639922957714,2.13,11.251082035356717,3.948166666666667,1.6758229011617312,0.10825439783491203,-180.0,0.0,10.879999999999999,1.0,0.0,572.2500000000001,3.18516820544455,0.0,4.983257876277642,-1.8658333333333328,-0.29240597695107734,0.9562942772197719,0.25690876030805276
2023-12-15,14.421666666666667,7.4655,8.616333333333333,467.18316666666664,163.17233333333334,3.158,0.17916666666666667,0.132,2.5966666666666667,58362,宝山,宝山区,1025.75,4.683333,84.416667,7.0,4.258333,292.453354,469.0,2.39,8.73,2.71,8.73,0,4.256666666666669,12.199999999999994,469.0,0,459.6666666666667,435.9999999999999,0.0099999999999997,2.7033333333333336,0.0900000000000003,2.3466666666666667,1120.91,23.6583,,0.0,,,,,,-0.9241907789427823,0.38193115101695124,7.0,13.2,0.0,-13.67304761904768,9.116754996473372,34.098164000000004,24.59192461084602,4.095833333333333,1.7082876506614335,0.08157716061392686,104.0,1.0,1.2700000000000005,1.0,0.0,624.5700000000002,2.7999033535898254,8.890000000000004,6.555601154020265,9.738333666666666,-0.27591294500296043,0.9611826292540837,0.2285022525741296
2023-12-16,13.606666666666667,7.433333333333334,8.658833333333334,490.22049999999996,169.39849999999998,3.4086666666666665,0.20583333333333334,0.13133333333333333,2.5913333333333335,58362,宝山,宝山区,1036.6875,-0.691667,51.666667,0.0,4.525,293.079713,679.0,2.44,3.39,2.75,3.39,0,6.52666666666667,8.269999999999996,679.0,0,504.3333333333333,472.8571428571427,0.04,2.72,0.0499999999999998,2.3766666666666665,1656.76,9.3225,,0.0,,,,,,-0.9199603564033749,0.3920114062705005,7.0,12.7,0.0,10.931380952380948,9.666134532450794,36.2175,19.56443454950801,4.1105,1.6406936450628649,0.07984031936127745,210.0,1.0,-5.34,0.0,0.0,933.4499999999998,2.959728714356836,0.0,6.862506585418054,14.298333666666668,-0.2593382659754056,0.9657865518844574,0.22218418803945772
2023-12-17,12.383333333333333,7.395333333333333,8.888666666666667,532.0085,171.66983333333334,3.5171666666666668,0.19433333333333336,0.12333333333333334,2.4644999999999997,58362,宝山,宝山区,1036.233333,1.1,57.625,0.0,2.570833,342.67955,883.0,2.41,7.85,2.73,7.85,0,6.656666666666669,5.962857142857139,883.0,0,677.0,535.9999999999999,-0.02,2.7300000000000004,-0.0299999999999998,2.4133333333333336,2128.03,21.4305,,0.0,,,,,,-0.29771562819318576,0.9546545997006125,7.0,10.399999999999999,0.4541670000000977,49.23638095238101,4.353878720970418,20.577164,16.698336509204932,3.8921666666666663,1.6831673724390068,0.09070294784580418,204.0,1.0,4.459999999999999,1.0,0.0,1119.61,3.920777514698089,31.21999999999999,5.881960729046949,11.283333333333333,-0.2426868445825954,0.9701046827361175,0.21993664591611906
2023-12-18,12.196666666666667,7.428,8.977333333333334,541.4593333333333,184.94633333333334,3.7563333333333335,0.19866666666666669,0.13783333333333334,2.4528333333333334,58362,宝山,宝山区,1029.55,4.5875,91.041667,20.8,2.666667,25.915297,680.0,2.26,4.72,2.67,4.72,0,5.320000000000003,4.208571428571425,680.0,0,747.3333333333334,576.8571428571428,-0.06,2.7166666666666663,-0.1500000000000003,2.37,1536.8,12.6024,,0.0,,,,,,0.4370419394458502,0.8994411282376461,20.8,27.8,6.683332999999948,50.043023809523845,4.810646663458674,58.1858406,53.38614130722382,4.029833333333333,1.5977572485868807,0.03210272873194227,-203.0,0.0,-3.13,0.0,0.0,1015.4500000000003,4.019080774201876,0.0,9.84327359192708,7.609166666666667,-0.22596360824801906,0.974135744004672,0.20736322311732802
2023-12-19,12.25,7.447166666666667,9.066833333333333,519.6616666666667,152.53133333333332,3.4633333333333334,0.21183333333333335,0.1185,2.4226666666666667,58362,宝山,宝山区,1031.3375,4.529167,77.708333,1.4,3.366667,327.254269,565.0,2.29,20.5,2.65,20.5,0,11.023333333333335,7.032857142857139,565.0,0,709.3333333333334,597.9999999999999,-0.02,2.683333333333333,0.0300000000000002,2.3200000000000003,1293.85,54.325,,0.0,,,,,,-0.5409118056427208,0.8410793176129892,22.2,29.2,0.0,20.482000000000028,6.13852603769824,78.1171744,52.2638606169371,3.8195,1.74509179272437,0.03764115385644726,-115.0,0.0,15.780000000000001,1.0,0.0,700.4000000000002,4.620120974220247,350.31600000000003,9.122571240147144,7.720833,-0.20917350564635637,0.9778785428342386,0.23987653340348403
2023-12-20,11.688333333333333,7.379833333333333,8.897499999999999,567.2566666666667,122.16783333333335,3.4506666666666668,0.3036666666666667,0.11233333333333334,2.6341666666666668,58362,宝山,宝山区,1035.266667,0.066667,51.458333,0.0,4.025,296.793791,773.0,2.41,31.1,2.67,31.1,0,18.773333333333337,11.96428571428571,773.0,0,672.6666666666666,630.5714285714284,0.02,2.6633333333333336,0.1200000000000001,2.3200000000000003,1862.93,83.037,,0.0,,,,,,-0.8926346736798331,0.4507808107545151,22.2,29.2,0.0,54.67221428571429,8.615590342599788,93.42200000000001,44.67348337029024,4.061166666666667,1.7090045633897215,0.03673094582185491,208.0,1.0,10.600000000000001,1.0,0.0,1098.72,5.461382639136029,235.32000000000002,9.659459334531281,11.621666333333332,-0.19232150523909483,0.9813319716704275,0.2772787733328127
2023-12-21,10.811666666666667,7.363166666666667,8.925333333333333,595.5586666666667,107.35000000000001,3.5556666666666668,0.2955,0.107,2.5941666666666667,58362,宝山,宝山区,1040.4,-3.479167,42.791667,0.0,4.254167,287.216951,1180.0,2.35,32.8,2.64,32.8,0,28.133333333333336,15.58428571428571,1180.0,0,839.3333333333334,746.9999999999999,-0.0299999999999998,2.6533333333333333,-0.06,2.35,2773.0,86.592,0.0,1.0,0.0071343638525564,DLR_GWP_P1D_real_raster_proxy,0.5714285714285714,wusongkou_aoi_boundary_proxy,"Derived from DLR Global WaterPack daily real raster masks within a station-centered AOI; label denotes boundary-change proxy relative to the median reference mask, not a manual governance-zone annotation.",-0.9551908348651854,0.2959906569294883,1.4,29.2,0.0,65.08030952380955,9.378825850815526,10.2310008,42.200949213099,3.959666666666667,1.7068568493126288,0.15028177080617305,407.0,1.0,1.6999999999999957,1.0,0.0,1682.22,7.746500538378711,2.3799999999999937,5.796236244180557,14.290833666666668,-0.17541259380427843,0.9844950085880858,0.2990356012238019
2023-12-22,10.165000000000001,7.512166666666666,9.0625,574.218,108.755,3.4676666666666667,0.26583333333333337,0.10833333333333334,3.2015,58362,宝山,宝山区,1041.295833,-2.025,49.041667,0.0,2.195833,278.164679,983.0,2.16,29.4,2.59,29.4,0,31.100000000000005,18.53714285714285,983.0,0,978.6666666666666,820.4285714285713,-0.0500000000000002,2.6333333333333333,-0.1899999999999999,2.306666666666666,2123.28,76.14599999999999,,0.0,,,,,,-0.9898639689658146,0.14201874152112748,0.0,22.2,0.0,28.44895238095239,5.40315285312395,2.262333,33.607578478520395,4.550666666666666,1.7670915280622472,0.312907464188523,-197.0,0.0,-3.3999999999999986,0.0,0.0,1404.2,8.916829909039832,0.0,4.20858450432538,12.190000000000001,-0.15845177496083632,0.9873667175937016,0.29684875642278097
2023-12-23,9.661666666666667,7.567166666666666,9.044,572.2275,111.37816666666667,3.4503333333333335,0.2683333333333333,0.10683333333333334,2.9043333333333337,58362,宝山,宝山区,1037.25,0.029167,55.25,0.0,1.533333,274.312922,874.0,2.12,28.1,2.55,28.1,0,30.100000000000005,22.06714285714285,874.0,0,1012.3333333333334,848.2857142857141,-0.04,2.5933333333333333,-0.04,2.21,1852.88,71.655,,0.0,,,,,,-0.9971681981039549,0.07520362152258293,0.0,22.2,4.045832999999902,14.743166666666639,4.078457487656974,1.547333,34.98108117287778,4.2410000000000005,1.7736178135464635,0.15199494890386028,-109.0,0.0,-1.2999999999999972,0.0,0.0,1022.32,9.008274145778614,0.0,4.555477774456177,9.632499666666668,-0.14144406768794202,0.9899462489023779,0.29283977615434675
2023-12-24,9.38,7.5296666666666665,9.049999999999999,557.843,111.72433333333333,3.364666666666667,0.2891666666666666,0.10866666666666668,2.7609999999999997,58362,宝山,宝山区,1034.720833,-0.0375,66.083333,0.0,1.670833,268.579125,786.0,2.11,27.3,2.53,27.3,0,28.26666666666667,24.845714285714283,786.0,0,881.0,834.4285714285713,-0.02,2.556666666666666,-0.0100000000000002,2.1300000000000003,1658.4599999999998,69.069,,0.0,,,,,,-0.9996925218720409,-0.024796405245902833,0.0,22.2,2.529166999999916,-3.3319761904762117,4.341386492659638,1.674333,37.376967307795944,4.136833333333333,1.7886522111801668,0.19230769230769543,-88.0,0.0,-0.8000000000000007,0.0,0.0,882.7400000000002,7.815526372596275,0.0,4.2885273911879125,9.4175,-0.12439450483979998,0.9922328391893008,0.29231773285861395
2023-12-25,9.138333333333334,7.5595,9.1945,546.5371666666666,106.32,3.0721666666666665,0.2861666666666667,0.10149999999999999,2.6161666666666665,58362,宝山,宝山区,1032.220833,0.820833,68.041667,0.0,0.8625,102.378494,734.0,2.14,21.0,2.53,21.0,0,25.46666666666667,27.17142857142857,734.0,0,798.0,842.142857142857,0.0,2.536666666666666,0.0300000000000002,2.123333333333333,1570.76,53.13,,0.0,,,,,,0.9767528105459101,-0.21436871761212128,0.0,1.4,2.5,-15.36321428571432,2.694929873977773,0.8730000000000001,2.843966249937747,3.9173333333333327,1.9416982655921178,0.22922636103151864,-52.0,0.0,-6.300000000000001,0.0,0.0,809.5800000000002,7.435706298919121,0.0,3.7744603182398957,8.317500333333333,-0.10730813165636247,0.9942258118156161,0.3006568588831712
2023-12-26,9.348333333333333,7.559333333333334,9.166166666666667,529.8043333333334,117.3055,3.301166666666667,0.3436666666666666,0.104,2.785,58362,宝山,宝山区,1028.795833,5.95,74.166667,0.0,1.283333,100.942297,692.0,2.15,16.2,2.54,16.2,0,21.5,26.557142857142853,692.0,0,737.3333333333334,860.2857142857141,0.0100000000000002,2.533333333333333,0.0099999999999997,2.1333333333333333,1487.8,41.148,,0.0,,,,,,0.9818188507395337,-0.1898202948383059,0.0,0.0,3.425000000000182,-33.54499999999996,3.524488031054603,1.286833,0.4670272963815561,4.168666666666667,1.8303340295171404,0.1751824919814538,-42.0,0.0,-4.800000000000001,0.0,0.0,741.3399999999998,6.232451858394862,0.0,4.187116155596718,3.3983333333333325,-0.09019000427034513,0.9959245770286599,0.28411529997635765
2023-12-27,10.03,7.547,9.327166666666667,491.0668333333333,122.85816666666666,3.1778333333333335,0.28933333333333333,0.10016666666666667,2.6233333333333335,58362,宝山,宝山区,1027.875,8.395833,85.541667,0.0,0.991667,118.203541,478.0,2.16,1.16,2.55,1.16,0,12.786666666666669,22.279999999999998,478.0,0,634.6666666666666,818.142857142857,0.0099999999999997,2.54,0.0100000000000002,2.1500000000000004,1032.48,2.958,,0.0,,,,,,0.881274245748151,-0.4726052303784073,0.0,0.0,0.9208329999999023,-61.39823809523807,2.791352677069969,0.995167,0.39355529122980965,3.9143333333333334,1.9343335082371766,0.34334763948499003,-214.0,0.0,-15.04,0.0,0.0,698.9200000000002,5.124140650125345,0.0,3.3641950034352757,1.6341669999999997,-0.07304518821104743,0.9973286321364752,0.2763300959183823
2023-12-28,10.281666666666666,7.509833333333333,9.466,477.72599999999994,116.27083333333333,2.9725,0.2406666666666667,0.09000000000000001,2.550666666666667,58362,宝山,宝山区,1028.479167,8.358333,91.916667,0.0,1.3,60.227608,489.0,2.26,-1.01,2.6,1.01,1,5.450000000000002,17.449999999999996,489.0,0,553.0,719.4285714285713,0.0500000000000002,2.563333333333333,0.0999999999999996,2.19,1105.14,-2.6260000000000003,0.0,1.0,0.0059453032104637,DLR_GWP_P1D_real_raster_proxy,0.6428571428571428,wusongkou_aoi_boundary_proxy,"Derived from DLR Global WaterPack daily real raster masks within a station-centered AOI; label denotes boundary-change proxy relative to the median reference mask, not a manual governance-zone annotation.",0.8680048197723677,0.49655577013255986,0.0,0.0,0.0,-57.905833333333305,3.3575670743697787,1.335,0.27961201962115223,3.6913333333333336,2.0949241819632474,0.4347826086956522,11.0,1.0,-2.17,0.0,0.0,549.9999999999998,4.715580031977261,0.0,3.3898961112286523,1.9233336666666663,-0.05587875690537313,0.9984375616565666,0.2856062835032229
2023-12-29,10.498333333333333,7.491833333333333,9.459833333333334,476.271,114.3935,2.718666666666667,0.19783333333333333,0.08083333333333333,2.3850000000000002,58362,宝山,宝山区,1023.320833,7.666667,92.75,0.0,1.6,108.180256,519.0,2.28,-1.47,2.64,1.47,1,-0.4399999999999976,13.039999999999996,519.0,0,495.3333333333333,653.142857142857,0.04,2.5966666666666667,0.02,2.233333333333333,1183.32,-3.8808,,0.0,,,,,,0.9500796250471784,-0.31200754168803824,0.0,0.0,5.158333999999968,-45.36840476190474,4.058201721811806,1.607,0.05469646703818614,3.391166666666667,2.261763792032363,0.12889365165253316,30.0,1.0,-0.45999999999999996,0.0,0.0,559.98,4.292558361895023,0.0,4.61866261027353,2.8316663333333327,-0.03869579017652689,0.9992510374388481,0.28834547412995226
2023-12-30,9.858333333333333,7.452333333333333,9.268166666666668,515.7706666666667,136.52283333333332,2.8816666666666664,0.24016666666666667,0.10516666666666667,2.4598333333333335,58362,宝山,宝山区,1018.629167,8.545833,91.333333,0.5,2.075,269.356936,611.0,2.29,1.26,2.66,1.26,0,-0.4066666666666643,9.20571428571428,611.0,0,539.6666666666666,615.5714285714284,0.02,2.6333333333333333,0.0100000000000002,2.2766666666666664,1399.19,3.3516000000000004,,0.0,,,,,,-0.9999370162411335,-0.011223348465550061,0.5,0.5,4.691665999999941,2.1965238095237964,5.112379151077201,3.1160000000000005,1.0078500909069714,3.751666666666667,2.0216435693609998,0.12096775169094859,92.0,1.0,2.73,1.0,0.0,710.0300000000002,3.924196830344537,1.365,4.975170753730177,1.3125003333333325,-0.021501372740813793,0.999768818762748,0.25856684704277033
2023-12-31,8.735,7.478666666666666,9.625833333333333,535.2746666666667,133.72116666666668,3.2641666666666667,0.2845,0.12266666666666666,2.5935,58362,宝山,宝山区,1028.658333,5.308333,71.208333,0.0,2.391667,354.307906,596.0,2.28,1.36,2.67,1.36,0,0.3833333333333357,5.499999999999996,596.0,0,575.3333333333334,588.4285714285713,0.0099999999999997,2.6566666666666667,-0.0100000000000002,2.283333333333333,1358.88,3.6312,,0.0,,,,,,-0.0991824453286766,0.9950692651964607,0.5,0.5,0.0,24.924571428571483,3.5876659484807902,3.5910005000000003,0.9047160718361749,4.104666666666667,1.879359351822106,0.2569592927657993,-15.0,0.0,0.10000000000000009,1.0,0.0,617.1100000000001,4.270548923888476,0.050000000000000044,4.216252239279603,3.4266669999999992,-0.004300592702981974,0.9999907524084426,0.2620604595247812
2024-01-01,9.195,7.484333333333333,9.647499999999999,507.48516666666666,118.83733333333333,2.8996666666666666,0.23516666666666666,0.10966666666666668,3.302,58362,宝山,宝山区,1027.170833,4.091667,76.333333,0.0,0.991667,81.772406,675.0,2.3,3.42,2.67,3.42,0,2.013333333333336,2.9885714285714244,675.0,0,627.3333333333334,579.9999999999999,0.0,2.6666666666666665,0.02,2.29,1552.4999999999998,9.1314,,0.0,,,,,,0.9897074251516945,0.1431055994697728,0.5,0.5,1.487500000000182,2.713928571428596,2.95055615458435,1.4945004999999998,1.0471236978603964,4.6338333333333335,2.0788643139700995,0.251308879471496,79.0,1.0,2.0599999999999996,1.0,0.0,769.08,5.23487394023009,1.0299999999999998,3.7257883283357422,5.103333,0.017201575418260506,0.9998520419557735,0.28193165896735206
2024-01-02,8.808333333333334,7.488166666666667,9.712166666666667,529.7131666666667,106.35566666666666,2.7976666666666663,0.2253333333333333,0.10116666666666667,2.3328333333333333,58362,宝山,宝山区,1023.225,6.729167,75.375,1.7,2.183333,27.223754,590.0,2.29,7.44,2.67,7.44,0,4.073333333333336,1.737142857142853,590.0,0,620.3333333333334,565.4285714285713,0.0,2.67,-0.0099999999999997,2.29,1351.1,19.8648,,0.0,,,,,,0.4574666269060585,0.8892267906823281,1.7,2.2,3.9458329999998796,24.95495238095242,4.139407385533601,5.8984991,4.101849709564815,3.5698333333333334,2.173638109076867,0.11326098070871174,-85.0,0.0,4.0200000000000005,1.0,0.0,681.7499999999999,5.778300788345283,6.8340000000000005,5.117032537106208,2.0791663333333332,0.03439806061360801,0.9994082116062598,0.3006004586422293
2024-01-03,9.09,7.527,9.788833333333335,516.3883333333333,85.38916666666667,2.614666666666667,0.231,0.09633333333333333,2.3023333333333333,58362,宝山,宝山区,1026.395833,3.170833,82.541667,0.0,2.070833,293.993412,731.0,2.26,27.5,2.64,27.5,0,12.786666666666669,5.499999999999996,731.0,0,665.3333333333334,601.5714285714284,-0.0299999999999998,2.66,-0.0300000000000002,2.283333333333333,1652.06,72.60000000000001,,0.0,,,,,,-0.9135922191146428,0.40663159883755023,1.7,2.2,0.0,8.01276190476193,4.95209699298003,5.6017491,4.40947196522981,3.4966666666666666,2.296119806230278,0.209607001544594,141.0,1.0,20.06,1.0,0.0,898.1600000000002,7.701582953109476,34.102,4.3460024377107676,5.919167,0.051584366869408364,0.9986686402879997,0.3374813202543946
2024-01-04,8.345,7.425333333333334,9.534333333333334,589.2601666666667,88.94033333333333,3.1649999999999996,0.39283333333333337,0.09949999999999999,2.6923333333333335,58362,宝山,宝山区,1022.454167,6.6875,69.708333,0.0,1.479167,160.111755,914.0,2.28,31.7,2.62,31.7,0,22.21333333333333,10.172857142857138,914.0,0,745.0,662.2857142857141,-0.02,2.643333333333333,0.02,2.2766666666666664,2083.92,83.054,0.0,1.0,0.0118906064209274,DLR_GWP_P1D_real_raster_proxy,0.2857142857142857,wusongkou_aoi_boundary_proxy,"Derived from DLR Global WaterPack daily real raster masks within a station-centered AOI; label denotes boundary-change proxy relative to the median reference mask, not a manual governance-zone annotation.",0.34018663029127844,-0.940357940664652,1.7,2.2,3.9416660000000547,64.95114285714283,3.0051984471593873,4.0007509,4.205292349934782,4.080166666666667,1.9401381620336824,0.12314007688620038,183.0,1.0,4.199999999999999,1.0,0.0,1118.94,8.283269278521686,7.139999999999999,4.8689372809477245,1.6575000000000006,0.06875540848113941,0.9976335468520451,0.33064368298383007
2024-01-05,9.573333333333332,7.47,9.307666666666668,566.0504999999999,76.634,3.1733333333333333,0.3531666666666667,0.09166666666666667,2.4931666666666668,58362,宝山,宝山区,1022.295833,7.195833,75.791667,0.0,0.995833,315.614278,868.0,2.17,32.2,2.57,32.2,0,30.46666666666667,14.98285714285714,868.0,0,837.6666666666666,712.142857142857,-0.0500000000000002,2.61,-0.1099999999999998,2.2366666666666664,1883.56,82.754,,0.0,,,,,,-0.6994852735489272,0.7146470122292421,0.0,2.2,0.158333999999968,28.915833333333353,2.7075049872038575,1.034333,4.3847559916725025,3.763,1.9346522842857823,0.4642165625970571,-46.0,0.0,0.5000000000000036,1.0,0.0,1014.5399999999998,10.789945985865298,0.0,3.4632198289489944,2.377500333333332,0.08590610426133272,0.9963032375991965,0.3556186541476658
2024-01-06,9.875,7.465333333333334,9.274000000000001,564.7966666666666,64.60433333333333,2.877166666666666,0.28933333333333333,0.084,2.3916666666666666,58362,宝山,宝山区,1026.158333,7.175,76.333333,0.0,2.045833,358.191196,822.0,2.13,31.5,2.53,31.5,0,31.8,19.30285714285714,822.0,0,868.0,742.2857142857141,-0.04,2.573333333333333,-0.04,2.193333333333333,1750.86,79.695,,0.0,,,,,,-0.031564341672713714,0.9995017220269149,0.0,1.7,0.0,20.658285714285626,3.117351801918873,2.059833,3.5212309383085145,3.521,2.0973181291140217,0.32831740939178217,-46.0,0.0,-0.7000000000000028,0.0,0.0,902.72,13.230833329099196,0.0,4.030003854113418,2.7,0.10303137904317879,0.9946781061893646,0.3841958612655838
2024-01-07,10.338333333333333,7.467,9.257333333333333,548.2384999999999,63.421166666666664,2.8394999999999997,0.2956666666666667,0.083,2.4235,58362,宝山,宝山区,1029.733333,4.625,61.875,0.0,2.1375,40.741926,684.0,2.19,23.9,2.51,23.9,0,29.2,22.522857142857134,684.0,0,791.3333333333334,754.8571428571428,-0.02,2.536666666666666,0.06,2.1633333333333336,1497.96,59.98899999999999,,0.0,,,,,,0.6526529915274282,0.7576569623848901,0.0,1.7,0.0,2.2481428571428523,4.511958595129212,2.1585,3.263051288657123,3.549166666666667,2.1116024526628436,0.3187250996015936,-138.0,0.0,-7.600000000000001,0.0,0.0,871.32,12.283747319074736,0.0,4.017733731559095,5.713333333333333,0.1201261651823505,0.9927586335250793,0.38728495177350397
2024-01-08,10.658333333333333,7.4585,9.136666666666667,562.6143333333333,61.351,2.9098333333333333,0.31166666666666665,0.0805,2.4793333333333334,58362,宝山,宝山区,1022.966667,7.25,78.333333,0.2,1.333333,128.775335,742.0,2.17,28.9,2.51,28.9,0,28.1,26.162857142857145,742.0,0,749.3333333333334,764.4285714285713,0.0,2.516666666666666,-0.02,2.1633333333333336,1610.14,72.53899999999999,,0.0,,,,,,0.7796076365405478,-0.6262682596520928,0.2,1.9,6.766665999999873,8.748380952381012,3.364413995559182,1.6069996,3.8939440531266167,3.596,2.0591058696213533,0.1075268932824631,58.0,1.0,5.0,1.0,0.0,816.0,12.017984207684453,1.0,4.9557116034713395,3.408333333333333,0.13718540405660057,0.9905453876091833,0.39282892671917635
2024-01-09,11.021666666666667,7.458666666666666,9.067166666666667,565.6761666666666,68.64216666666667,3.0911666666666666,0.3403333333333333,0.083,2.5733333333333333,58362,宝山,宝山区,1021.058333,9.220833,69.708333,0.0,2.958333,288.68547,682.0,2.13,30.8,2.53,30.8,0,27.866666666666664,29.5,682.0,0,702.6666666666666,777.5714285714284,0.02,2.5166666666666666,-0.04,2.1633333333333336,1452.66,77.92399999999999,,0.0,,,,,,-0.9472915535681582,0.32037277121881835,0.2,0.2,1.9083340000000817,6.672642857142819,6.7397110924775685,3.5639996,0.8438197950350419,3.7436666666666665,1.9527611495848225,0.16483515577828592,-60.0,0.0,1.9000000000000021,1.0,0.0,771.6800000000001,10.089672683934301,0.38000000000000045,4.9245662838517195,1.8008336666666658,0.1542040475626894,0.988039023376751,0.37405785182063633
2024-01-10,11.281666666666666,7.474166666666666,9.104333333333333,530.1581666666667,82.81633333333333,2.9469999999999996,0.2695,0.08933333333333333,2.4541666666666666,58362,宝山,宝山区,1025.766667,2.404167,76.041667,0.0,2.170833,286.846669,513.0,2.14,8.19,2.52,8.19,0,22.63,26.741428571428568,513.0,0,645.6666666666666,746.4285714285713,-0.0099999999999997,2.52,0.0100000000000002,2.146666666666667,1097.8200000000002,20.6388,,0.0,,,,,,-0.9570837555814462,0.2898114642351378,0.2,0.2,0.0,-30.812476190476104,5.184835490198413,2.6084996,0.8264608976798224,3.617,2.0175090564168485,0.2966625756897479,-169.0,0.0,-22.61,0.0,0.0,688.8200000000002,7.703351375428019,0.0,3.9543544397232946,8.877499666666665,0.17117705961019986,0.985240282501282,0.3426131518693689
2024-01-11,11.266666666666666,7.472166666666666,9.063666666666666,527.7041666666668,98.7985,3.0163333333333333,0.3005,0.10099999999999999,2.6096666666666666,58362,宝山,宝山区,1020.679167,4.458333,69.333333,0.0,1.358333,118.257294,606.0,2.26,6.08,2.59,6.08,0,15.023333333333332,23.081428571428567,606.0,0,600.3333333333334,702.4285714285713,0.0699999999999998,2.5466666666666664,0.1199999999999996,2.1766666666666663,1369.56,15.7472,0.0,1.0,0.0130796670630202,DLR_GWP_P1D_real_raster_proxy,0.2142857142857143,wusongkou_aoi_boundary_proxy,"Derived from DLR Global WaterPack daily real raster masks within a station-centered AOI; label denotes boundary-change proxy relative to the median reference mask, not a manual governance-zone annotation.",0.8808304754312092,-0.47343180454172057,0.0,0.2,5.087500000000091,-24.472761904761796,3.5160734208428255,1.4003329999999998,0.754773564985664,3.920166666666667,1.9246122220247546,0.13430330763528914,93.0,1.0,-2.1099999999999994,0.0,0.0,782.8799999999998,6.015454474098642,0.0,4.530078201928943,6.808333666666666,0.18809941761179758,0.9821499931752291,0.3129901176000843
2024-01-12,11.261666666666665,7.47,9.067833333333335,531.3258333333333,112.18016666666665,3.061833333333333,0.26033333333333336,0.10133333333333333,2.5218333333333334,58362,宝山,宝山区,1020.825,8.145833,71.375,0.0,0.991667,118.257294,497.0,2.23,8.34,2.62,8.34,0,7.536666666666666,19.67285714285714,497.0,0,538.6666666666666,649.4285714285713,0.0300000000000002,2.5766666666666667,-0.0299999999999998,2.2100000000000004,1108.31,21.8508,,0.0,,,,,,0.8808304754312092,-0.47343180454172057,0.0,0.2,0.0,-15.890428571428629,2.7967475266331387,1.0021669999999998,0.6644055917314986,3.7955,1.9197066793327757,0.5020919661770767,-109.0,0.0,2.26,1.0,0.0,624.1799999999998,4.759373329543899,0.0,3.2023742411658533,3.1158336666666653,0.20496611396949532,0.9787690698649216,0.29163274473743317
2024-01-13,11.533333333333333,7.465333333333334,9.050166666666668,527.1863333333333,128.244,3.1363333333333334,0.25216666666666665,0.10866666666666668,2.6365000000000003,58362,宝山,宝山区,1023.108333,10.633333,75.291667,0.0,1.983333,118.311047,414.0,2.27,5.54,2.64,5.54,0,6.653333333333333,15.96428571428571,414.0,0,505.6666666666667,591.142857142857,0.02,2.6166666666666667,0.04,2.2533333333333334,939.78,14.6256,,0.0,,,,,,0.88038592984521,-0.47425796201074466,0.0,0.2,0.0,-14.657023809523821,4.633673245432295,1.997333,0.6558545264174884,3.9753333333333334,1.8639882473734337,0.3351955681782758,-83.0,0.0,-2.8,0.0,0.0,516.88,3.912496260303509,0.0,3.728075827819924,0.9000003333333328,0.22177215755648186,0.975098513039961,0.2691053286273676
2024-01-14,11.549999999999999,7.489999999999999,9.027333333333333,536.7863333333333,173.72883333333334,3.317833333333333,0.25866666666666666,0.12966666666666668,2.6773333333333333,58362,宝山,宝山区,1025.933333,10.65,64.166667,0.3,3.295833,337.305423,440.0,2.34,8.47,2.66,8.47,0,7.45,13.759999999999994,440.0,0,450.3333333333333,556.2857142857141,0.02,2.64,0.0699999999999998,2.28,1029.6,22.530200000000004,,0.0,,,,,,-0.38581872309882553,0.9225746110241663,0.3,0.5,0.0,-3.421000000000049,5.480783810923998,4.3090829,1.1409583012053623,4.232666666666667,1.7314243877898277,0.21758841106715585,26.0,1.0,2.9300000000000006,1.0,0.0,498.61999999999995,2.5773269628271613,0.8790000000000001,4.6074454842458294,0.8999999999999986,0.23851257519407648,0.9711394088771653,0.21792461552024844
2024-01-15,10.258333333333333,7.528,9.658166666666666,514.192,173.712,3.0668333333333333,0.22033333333333335,0.11399999999999999,2.528,58362,宝山,宝山区,1031.816667,3.6375,70.166667,0.0,2.0125,28.697691,271.0,2.35,1.28,2.68,1.28,0,5.096666666666667,9.814285714285711,271.0,0,375.0,488.9999999999999,0.02,2.66,0.0100000000000002,2.32,636.85,3.4304,,0.0,,,,,,0.48018814836771573,0.8771655158333487,0.3,0.3,0.0,-19.09785714285715,3.819748958534428,2.6197500000000007,0.7816613270601998,3.8883333333333336,2.000067314442235,0.3018867924528302,-169.0,0.0,-7.19,0.0,0.0,444.4000000000001,2.146389486698109,0.0,3.6386659884716437,6.620833333333333,0.2551824131233728,0.9668929289391521,0.2179409685310626
2024-01-16,10.213333333333333,7.507833333333333,9.5685,532.3725000000001,155.41916666666665,3.093833333333333,0.24466666666666667,0.11483333333333333,2.6115,58362,宝山,宝山区,1027.845833,9.054167,68.375,0.0,2.7125,126.508429,650.0,2.48,1.54,2.72,1.54,0,3.7633333333333336,5.634285714285711,650.0,0,453.6666666666667,484.4285714285713,0.04,2.686666666666667,0.1299999999999999,2.39,1612.0,4.1888000000000005,,0.0,,,,,,0.8037693452767463,-0.5949410387537496,0.3,0.3,3.970833999999968,3.8403095238095375,5.864500795394459,3.57175,0.7392671554910499,4.0045,1.9596238759126519,0.12526094987382513,379.0,1.0,0.26,1.0,0.0,1162.77,2.9003265797563174,0.078,5.222171872270917,1.1591663333333333,0.2717767384711357,0.9623603298276545,0.23671357410380245
2024-01-17,10.891666666666666,7.510000000000001,9.2725,557.5341666666667,127.9115,3.1863333333333332,0.262,0.10333333333333333,2.6203333333333334,58362,宝山,宝山区,1021.641667,12.75,66.958333,0.0,2.541667,78.401759,586.0,2.32,10.5,2.7,10.5,0,4.44,5.96428571428571,586.0,0,502.3333333333333,494.8571428571427,-0.02,2.7000000000000006,-0.1600000000000001,2.3833333333333333,1359.52,28.35,,0.0,,,,,,0.9795814222985687,0.20104784775648094,0.0,0.3,6.2041660000001,25.09111904761903,5.98769049784355,2.597667,0.7549418581301777,3.9156666666666666,1.9015122076435256,0.10260795562575202,-64.0,0.0,8.96,1.0,0.0,754.0000000000001,3.896730185695872,0.0,5.4579329437459965,-1.8583333333333343,0.2882906407095177,0.9575429528116719,0.269542560446963
2024-01-18,10.658333333333333,7.487666666666667,9.313166666666666,563.7313333333333,102.62283333333333,2.9164999999999996,0.24516666666666667,0.09233333333333334,3.5216666666666665,58362,宝山,宝山区,1023.25,8.366667,92.5,7.9,1.995833,19.102213,620.0,2.33,2.98,2.65,2.98,0,5.006666666666667,5.521428571428567,620.0,0,618.6666666666666,496.8571428571427,-0.0500000000000002,2.69,0.0100000000000002,2.376666666666667,1444.6,7.896999999999999,0.0,1.0,0.0130796670630202,DLR_GWP_P1D_real_raster_proxy,0.2142857142857143,wusongkou_aoi_boundary_proxy,"Derived from DLR Global WaterPack daily real raster masks within a station-centered AOI; label denotes boundary-change proxy relative to the median reference mask, not a manual governance-zone annotation.",0.32725439657064287,0.9449362729439401,7.9,8.200000000000001,0.0,26.14154761904763,3.613677786360798,17.7664137,16.053930494526814,4.690166666666666,2.058981376504576,0.09177820548461049,34.0,1.0,-7.52,0.0,0.0,660.5400000000002,5.97037010826121,0.0,5.477774531375073,2.2916663333333336,0.3047192331091634,0.9524422234305676,0.30660731124590823
2024-01-19,10.398333333333333,7.4753333333333325,9.260166666666667,575.8146666666667,87.18916666666667,2.739333333333333,0.30433333333333334,0.08750000000000001,2.9499999999999997,58362,宝山,宝山区,1022.445833,7.470833,91.958333,21.2,2.820833,352.063617,647.0,2.36,6.2,2.67,6.2,0,6.56,5.215714285714283,647.0,0,617.6666666666666,518.2857142857141,0.02,2.6733333333333333,0.0299999999999998,2.3366666666666664,1526.9199999999998,16.554,,0.0,,,,,,-0.1380734949051571,0.9904219858245653,29.1,29.4,0.8041670000000067,31.869333333333316,4.18139887530664,84.9175733,56.73918058052871,4.129333333333333,2.1180825495251616,0.0296515937731653,27.0,1.0,3.22,1.0,0.0,694.2199999999999,7.003883696977142,93.70200000000001,10.394555265938305,2.9275003333333336,0.321057654185271,0.9470596510722283,0.3339810723444334
2024-01-20,9.963333333333333,7.453500000000001,9.104000000000001,594.8626666666667,77.22216666666667,2.763,0.30216666666666664,0.08583333333333333,3.1694999999999998,58362,宝山,宝山区,1024.958333,4.895833,92.0,1.0,3.929167,290.590904,847.0,2.38,6.38,2.66,6.38,0,5.1866666666666665,5.335714285714282,847.0,0,704.6666666666666,580.142857142857,-0.0099999999999997,2.66,0.02,2.3566666666666665,2015.86,16.9708,,0.0,,,,,,-0.9361153806161248,0.35169303970071375,30.099999999999998,30.400000000000002,0.0,41.249285714285634,8.618752757078104,122.2040937,58.6413594658035,4.329999999999999,2.084480264528332,0.028547638600712372,200.0,1.0,0.17999999999999972,1.0,0.0,1067.94,9.008529125375798,5.417999999999991,11.20661492777753,5.067500333333333,0.3373010691361842,0.9413968285264122,0.3543375638802734
2024-01-21,9.626666666666667,7.452833333333333,9.209833333333334,569.5683333333333,65.6475,2.8608333333333333,0.3675,0.08800000000000001,2.7609999999999997,58362,宝山,宝山区,1032.9625,3.170833,77.708333,0.0,4.745833,319.924528,607.0,2.42,17.9,2.74,17.9,0,10.159999999999998,6.682857142857139,607.0,0,700.3333333333334,603.9999999999999,0.08,2.69,0.04,2.3866666666666667,1468.94,49.046,,0.0,,,,,,-0.6437961122120439,0.7651970765107884,22.199999999999996,30.1,0.0,11.271809523809452,8.762708066902546,110.11732559999999,53.85205862654298,4.0085,2.033863960432187,0.035783510192736075,-240.0,0.0,11.52,1.0,0.0,880.88,10.508021056053616,255.74399999999994,9.987990049883528,6.455833666666667,0.3534446712740877,0.9354554315134164,0.38151815916304666
2024-01-22,9.89,7.3069999999999995,8.499833333333333,594.106,63.089666666666666,3.5398333333333336,0.622,0.1045,3.2113333333333336,58362,宝山,宝山区,1037.766667,-2.291667,57.0,0.0,4.466667,301.505982,794.0,2.5,17.0,2.7,17.0,0,13.76,8.928571428571425,794.0,0,749.3333333333334,678.7142857142856,-0.04,2.7,0.08,2.433333333333333,1985.0,45.900000000000006,,0.0,,,,,,-0.8525856079330949,0.5225875822724406,1.0,30.1,0.0,24.393190476190398,9.276634316827842,8.961334,47.66078812287585,4.878333333333334,1.548051222018552,0.15463916728664084,187.0,1.0,-0.8999999999999986,0.0,0.0,1059.48,11.691952420827072,0.0,5.696667405354351,12.181667000000001,0.3694836834473831,0.9292372181882051,0.38816063293896996
2024-01-23,11.366666666666667,7.566166666666667,8.003333333333332,591.202,83.4525,3.313333333333333,0.5761666666666666,0.10566666666666667,3.0875,58362,宝山,宝山区,1036.570833,-2.495833,46.0,0.0,4.045833,289.283696,1200.0,2.45,25.0,2.69,25.0,0,19.966666666666665,12.279999999999996,1200.0,0,867.0,757.2857142857141,-0.0100000000000002,2.7099999999999995,-0.0499999999999998,2.4566666666666666,2940.0,67.25,,0.0,,,,,,-0.9438949640441334,0.33024581277000925,0.0,30.1,1.1958340000001044,13.08497619047614,8.928310867375565,4.063333,44.40244008125574,4.720333333333333,1.524468712633895,0.16021360960140668,406.0,1.0,8.0,1.0,0.0,1686.2999999999997,10.266125928776532,0.0,5.642369796303116,13.862499666666668,0.38541335945432564,0.9227440286201427,0.3413297267127312
2024-01-24,10.955,7.609166666666667,8.264166666666666,627.9901666666666,103.04366666666665,3.577833333333333,0.4226666666666667,0.11499999999999999,3.0363333333333333,58362,宝山,宝山区,1034.091667,0.691667,46.25,0.0,2.6,288.290833,1080.0,2.24,22.7,2.62,22.7,0,21.566666666666663,14.022857142857138,1080.0,0,1024.6666666666667,827.8571428571428,-0.0699999999999998,2.67,-0.2099999999999999,2.396666666666667,2419.2000000000003,59.474,,0.0,,,,,,-0.9494757025033163,0.31384054925365223,0.0,30.1,2.4791660000000775,39.80799999999999,6.116483099154504,2.6735,44.48872108368752,4.609,1.5242465766673807,0.16449624833406215,-120.0,0.0,-2.3000000000000007,0.0,0.0,1452.0,9.848429024992713,0.0,4.99198447346441,10.263333,0.4012289854475009,0.9159777842484877,0.3059193792077155
2024-01-25,10.555,7.601666666666667,8.4935,698.4428333333334,123.20416666666667,3.7276666666666665,0.38400000000000006,0.11399999999999999,2.9765,58362,宝山,宝山区,1033.108333,0.8875,60.0,0.0,1.341667,118.257294,799.0,2.16,7.52,2.58,7.52,0,18.406666666666663,14.671428571428564,799.0,0,1026.3333333333333,853.4285714285713,-0.04,2.6300000000000003,-0.08,2.2833333333333337,1725.84,19.4016,0.0,1.0,0.0083234244946492,DLR_GWP_P1D_real_raster_proxy,0.5,wusongkou_aoi_boundary_proxy,"Derived from DLR Global WaterPack daily real raster masks within a station-centered AOI; label denotes boundary-change proxy relative to the median reference mask, not a manual governance-zone annotation.",0.8808304754312092,-0.47343180454172057,0.0,22.200000000000003,0.9833340000000135,91.01616666666678,3.5261399406305527,1.369667,35.96484249744741,4.5005,1.5420201607166304,0.30075178924758095,-281.0,0.0,-15.18,0.0,0.0,1166.4,8.263276191754167,0.0,3.7989271960641027,9.6675,0.4169258813287287,0.908940487313808,0.2758565993797475
2024-01-26,9.421666666666667,7.489333333333334,8.8415,711.4826666666667,131.875,3.4284999999999997,0.37833333333333335,0.12166666666666666,2.942833333333333,58362,宝山,宝山区,1031.625,2.8,58.083333,0.0,1.516667,273.419643,619.0,2.21,3.65,2.6,3.65,0,11.29,14.307142857142852,619.0,0,832.6666666666666,849.4285714285713,0.02,2.6,0.0499999999999998,2.2033333333333336,1367.99,9.49,,0.0,,,,,,-0.9982194369576128,0.05964860166027681,0.0,1.0000000000000036,1.4833329999999023,84.67485714285715,3.9950914004980627,1.5341669999999998,1.957151218536697,4.537833333333333,1.6658669011692975,0.2500000000000061,-180.0,0.0,-3.8699999999999997,0.0,0.0,838.9499999999998,6.266541235497021,0.0,3.902370947608745,6.621666666666667,0.4324994021339788,0.901634220265486,0.26440252569299727
2024-01-27,8.476666666666667,7.470166666666667,9.185833333333333,693.6656666666667,132.08616666666668,3.3096666666666668,0.33716666666666667,0.11566666666666668,2.9426666666666663,58362,宝山,宝山区,1030.8125,1.6375,64.166667,0.0,1.35,267.913647,571.0,2.28,0.906,2.62,0.906,0,4.025333333333333,13.525142857142852,571.0,0,663.0,809.9999999999999,0.02,2.6,0.0699999999999998,2.216666666666667,1301.88,2.37372,,0.0,,,,,,-0.9993370934163582,-0.03640568255293273,0.0,0.0,0.8125,52.74314285714286,3.651475924819054,1.3745,0.24217376801051688,4.4365,1.7948508335789157,0.31620553359683795,-48.0,0.0,-2.7439999999999998,0.0,0.0,662.3299999999999,4.981734891054291,0.0,3.642634619502773,6.839166666666666,0.44794493940789115,0.8940611451454876,0.26413299484418906
2024-01-28,8.393333333333333,7.4665,9.205166666666667,653.4011666666667,137.17183333333335,3.3386666666666667,0.32516666666666666,0.12583333333333332,3.079333333333333,58362,宝山,宝山区,1031.316667,3.754167,65.416667,0.0,0.866667,118.257294,592.0,2.32,3.31,2.64,3.31,0,2.622,11.44085714285714,592.0,0,594.0,807.8571428571428,0.02,2.62,0.04,2.27,1373.4399999999998,8.7384,,0.0,,,,,,0.8808304754312092,-0.47343180454172057,0.0,0.0,0.0,0.5025238095238365,2.5878328655001983,0.880667,0.19305395391918326,4.662833333333333,1.7625057924571792,0.5357141900510375,21.0,1.0,2.404,1.0,0.0,637.52,4.298994850614753,0.0,3.2041690479117317,4.639166333333333,0.4632579225674917,0.88622350294858,0.2577677152907678
2024-01-29,8.521666666666667,7.4671666666666665,9.165833333333333,608.6488333333333,138.4425,3.376333333333333,0.32749999999999996,0.3524,2.9865,58362,宝山,宝山区,1027.4375,8.083333,73.958333,1.9,2.479167,118.882744,570.0,2.33,-2.96,2.65,2.96,1,0.4186666666666666,8.589428571428568,570.0,0,577.6666666666666,775.8571428571428,0.0099999999999997,2.6366666666666667,0.0100000000000002,2.31,1328.1,-7.843999999999999,,0.0,,,,,,0.8756100393890617,-0.4830186941735132,1.9,1.9000000000000035,3.879167000000052,-46.32735714285718,5.602058895970464,7.1930843,3.3576659465056906,6.838,1.2622828326230722,0.10801079330255255,-22.0,0.0,-6.27,0.0,0.0,597.9200000000002,4.142687248626973,0.0,5.310019497478106,0.43833366666666684,0.4784338202547012,0.8781236129591848,0.25621391915333724
2024-01-30,8.705,7.500166666666666,9.284833333333333,577.709,148.44566666666665,3.6046666666666667,0.316,0.12016666666666666,2.861666666666667,58362,宝山,宝山区,1022.733333,9.504167,97.708333,1.6,1.504167,103.061777,524.0,2.33,-3.97,2.67,3.97,1,-1.2066666666666668,4.45085714285714,524.0,0,562.0,679.2857142857141,0.02,2.6533333333333338,0.0,2.3266666666666667,1220.92,-10.5999,,0.0,,,,,,0.9741269535216938,-0.22600150092984736,3.5,3.5000000000000036,4.704166999999984,-75.33961904761918,3.9089263566866093,6.7687515000000005,7.038514117192128,4.379333333333333,1.714385947579914,0.09338520819391714,-46.0,0.0,-1.0100000000000002,0.0,0.0,570.0,3.7605640399966993,0.0,5.175409966318913,-0.7991670000000006,0.49346814167723735,0.8697638720650646,0.24445458676113974
2024-01-31,9.016666666666667,7.531,9.406666666666666,553.6895000000001,116.74016666666667,3.106666666666667,0.28150000000000003,0.1065,2.6323333333333334,58362,宝山,宝山区,1019.85,9.583333,99.125,16.0,1.779167,65.596741,609.0,2.38,-8.29,2.69,8.29,1,-5.073333333333333,0.0237142857142817,609.0,0,567.6666666666666,611.9999999999999,0.02,2.67,0.0499999999999998,2.3466666666666667,1449.4199999999998,-22.3001,,0.0,,,,,,0.9106601618372212,0.4131562290981537,19.5,19.500000000000004,2.8833329999999933,-88.74473809523806,4.361402351730547,36.4904235,39.09996114047456,3.978833333333333,1.9464241064728378,0.03974167908594139,85.0,1.0,-4.3199999999999985,0.0,0.0,728.6999999999999,4.821350969153828,0.0,8.244472806588599,-0.5666663333333322,0.5083564379375122,0.8611467540480452,0.2849283376017193
2024-02-01,9.001666666666667,7.477666666666667,9.604166666666666,533.3861666666667,95.539,2.8393333333333337,0.2615,0.09349999999999999,2.4938333333333333,58362,宝山,宝山区,1025.741667,5.920833,90.541667,9.6,3.554167,14.00535,376.0,2.39,7.03,2.71,7.03,0,-1.7433333333333332,-0.0462857142857182,376.0,0,503.0,551.5714285714284,0.02,2.69,0.0100000000000002,2.3666666666666667,898.6400000000001,19.0513,1.0,1.0,0.0249702734839476,DLR_GWP_P1D_real_raster_proxy,0.5,wusongkou_aoi_boundary_proxy,"Derived from DLR Global WaterPack daily real raster masks within a station-centered AOI; label denotes boundary-change proxy relative to the median reference mask, not a manual governance-zone annotation.",0.24201249601989547,0.9702731325612495,27.200000000000003,29.1,0.0,-85.46854761904763,5.304156605058745,100.23100940000002,55.59900115590314,3.6903333333333332,2.148024377640719,0.03149192986230752,-233.0,0.0,15.32,1.0,0.0,615.0900000000001,5.210329504138224,416.70400000000006,10.07686069935745,3.080833666666667,0.5230943033491326,0.8522748088519838,0.31862634990273386
2024-02-02,8.308333333333334,7.520333333333333,9.723333333333334,554.4209999999999,90.01166666666667,2.8243333333333336,0.2906666666666667,0.09616666666666666,2.5433333333333334,58362,宝山,宝山区,1027.266667,4.970833,87.083333,18.5,2.870833,14.717451,798.0,2.53,20.5,2.73,20.5,0,6.413333333333334,2.3608571428571388,798.0,0,594.3333333333334,577.142857142857,0.02,2.7099999999999995,0.1399999999999996,2.433333333333333,2018.94,55.965,,0.0,,,,,,0.25405254071477434,0.9671904189746546,44.1,47.6,0.0,-41.996333333333496,4.602679559482759,129.52356830000002,89.35215853510714,3.7956666666666665,2.1589178968458116,0.020846000318568578,422.0,1.0,13.469999999999999,1.0,0.0,1390.7999999999995,6.530298313403044,594.0269999999999,13.368963499489139,3.3375003333333337,0.5376773767406141,0.8431506618282,0.3286338148840836
2024-02-03,7.669999999999999,7.468166666666666,9.359,596.7315,82.137,3.2418333333333336,0.4435,0.10583333333333333,2.8381666666666665,58362,宝山,宝山区,1025.9125,5.295833,91.0,7.0,3.275,354.073789,919.0,2.55,12.6,2.75,12.6,0,13.376666666666669,4.031428571428568,919.0,0,697.6666666666666,626.8571428571428,0.02,2.73,0.02,2.49,2343.45,34.65,,0.0,,,,,,-0.10324757097256385,0.9946556887125642,35.1,54.6,1.3541670000001886,14.161904761904793,4.636791845441609,118.23450000000001,104.68584097829876,4.34,1.8393950584234142,0.024552429466578467,121.0,1.0,-7.9,0.0,0.0,1060.8,8.391771012505462,0.0,12.127897734279816,2.374166999999999,0.5521013427459208,0.8337770129585915,0.3439944629000139
2024-02-04,7.704999999999999,7.424166666666667,8.8315,601.2191666666666,60.4795,3.4676666666666667,0.6611666666666667,0.12583333333333332,3.1536666666666666,58362,宝山,宝山区,1022.345833,3.858333,92.708333,14.5,3.291667,292.493771,1100.0,2.55,33.6,2.86,33.6,0,22.23333333333333,8.358571428571425,1100.0,0,939.0,699.4285714285713,0.1099999999999998,2.78,0.0,2.543333333333333,2805.0,96.096,,0.0,,,,,,-0.9239211310773986,0.3825829890999604,40.0,69.1,3.5666669999999385,26.104142857142847,7.38350381827855,134.958347,133.63329630736473,5.073166666666667,1.5638742416779823,0.02089500232080793,181.0,1.0,21.0,1.0,0.0,1281.0,15.273383810863784,840.0,13.63025442328002,3.846666999999999,0.5663619330814524,0.8241566360566663,0.3952181029644627
2024-02-05,7.418333333333333,7.385333333333333,8.878666666666668,619.4708333333333,54.481833333333334,3.606,0.6425,0.1195,3.183,58362,宝山,宝山区,1028.858333,1.254167,76.458333,0.0,3.3625,291.418514,1170.0,2.49,24.4,2.8,24.4,0,23.53333333333333,12.267142857142854,1170.0,0,1063.0,785.142857142857,-0.06,2.803333333333333,-0.0599999999999996,2.53,2913.3,68.32,,0.0,,,,,,-0.9309378645279819,0.3651776175891408,21.5,67.19999999999999,0.0,42.80980952380946,7.552620574014996,75.67725,119.06000468655999,5.0205,1.561662555890356,0.03866602223296278,70.0,1.0,-9.200000000000003,0.0,0.0,1314.3999999999994,19.159424556386323,0.0,9.286511080808294,6.164166333333333,0.580454927809098,0.8142923779467267,0.41264108010836376
2024-02-06,7.484999999999999,7.4005,8.931833333333332,608.6758333333333,47.36683333333334,3.362833333333333,0.5378333333333334,0.1075,3.157833333333333,58362,宝山,宝山区,1028.595833,3.054167,74.833333,0.0,2.575,355.19951,936.0,2.37,33.6,2.77,33.6,0,30.53333333333333,17.63428571428571,936.0,0,1068.6666666666667,843.9999999999999,-0.0299999999999998,2.81,-0.1200000000000001,2.47,2218.32,93.072,,0.0,,,,,,-0.08368636544912536,0.9964921435906634,14.5,65.6,0.2624999999998181,27.590976190476226,3.816894883367261,39.9545,115.20832322610845,4.770666666666666,1.6961665583737926,0.054533060668030535,-234.0,0.0,9.200000000000003,1.0,0.0,1310.4,22.095030685628235,133.40000000000003,7.375914238805369,4.430833,0.5943761565849831,0.804187157621448,0.43593572809393155
2024-02-07,7.658333333333334,7.3885000000000005,8.728,592.4191666666667,50.041500000000006,3.3409999999999997,0.5686666666666667,0.11750000000000001,3.2133333333333334,58362,宝山,宝山区,1026.820833,3.595833,68.458333,0.0,2.583333,8.221861,852.0,2.42,33.4,2.71,33.4,0,30.46666666666667,23.59,852.0,0,986.0,878.7142857142856,-0.06,2.76,0.0499999999999998,2.4266666666666667,2061.84,90.514,,0.0,,,,,,0.14300656889975752,0.989721739304295,0.0,49.6,1.775000000000091,5.801500000000033,3.965080520779269,2.600833,84.07267248567251,4.957,1.6289218500560672,0.18662520601089613,-84.0,0.0,-0.20000000000000284,0.0,0.0,982.7999999999998,19.31761409833175,0.0,4.741965529839088,4.062500333333334,0.6081214998935418,0.7938439653781019,0.42679979401650525
2024-02-08,7.765000000000001,7.416333333333333,8.847333333333333,576.5061666666667,59.57416666666668,3.2278333333333333,0.534,0.12016666666666666,3.207333333333333,58362,宝山,宝山区,1025.970833,2.891667,67.541667,0.0,1.675,321.947765,799.0,2.39,33.0,2.69,33.0,0,33.333333333333336,27.299999999999997,799.0,0,862.3333333333334,939.142857142857,-0.02,2.723333333333333,-0.0299999999999998,2.393333333333333,1909.61,88.77,1.0,1.0,0.0487514863258026,DLR_GWP_P1D_real_raster_proxy,1.0,wusongkou_aoi_boundary_proxy,"Derived from DLR Global WaterPack daily real raster masks within a station-centered AOI; label denotes boundary-change proxy relative to the median reference mask, not a manual governance-zone annotation.",-0.6163796272922868,0.7874491444271317,0.0,40.0,0.849999999999909,-16.271499999999946,3.7101276348647696,1.6855,67.54708430493424,4.943,1.6867134815476104,0.2836879432624187,-53.0,0.0,-0.3999999999999986,0.0,0.0,877.5599999999998,14.235991690627191,0.0,3.982429608183983,4.873333000000001,0.6216868902665479,0.7832658619336791,0.3977361677394482
2024-02-09,7.8933333333333335,7.4375,8.978833333333332,573.5258333333333,74.495,3.3046666666666664,0.478,0.12133333333333333,3.2096666666666667,58362,宝山,宝山区,1026.816667,3.3625,71.75,0.0,1.504167,263.889013,718.0,2.4,15.7,2.68,15.7,0,27.366666666666664,26.614285714285707,718.0,0,789.6666666666666,927.7142857142856,-0.0099999999999997,2.6933333333333334,0.0099999999999997,2.4033333333333333,1723.2,42.076,,0.0,,,,,,-0.9943175487250293,-0.1064547429542194,0.0,21.5,0.0,-21.98109523809535,3.9864658479712385,1.5076669999999999,37.42803221203668,4.901,1.7021388530559975,0.39933438943968197,-81.0,0.0,-17.3,0.0,0.0,806.9899999999998,10.459853853456078,0.0,3.665843307496635,4.530833333333334,0.6350683134867438,0.7724559775191742,0.36036088661959886
2024-02-10,8.435,7.4510000000000005,9.002333333333333,559.3681666666668,81.97449999999999,3.2560000000000002,0.4406666666666667,0.12116666666666666,3.078666666666667,58362,宝山,宝山区,1027.066667,7.5125,66.791667,0.0,1.529167,262.108936,617.0,2.42,8.55,2.73,8.55,0,19.08333333333333,26.03571428571428,617.0,0,711.3333333333334,884.5714285714284,0.0499999999999998,2.7,0.02,2.4033333333333333,1493.14,23.341500000000003,,0.0,,,,,,-0.9905308874032517,-0.1372900619131873,0.0,14.5,0.0,-30.80114285714285,4.007827414116422,1.5361669999999998,24.634775257555397,4.731,1.7304663445250084,0.39538709780730175,-101.0,0.0,-7.149999999999999,0.0,0.0,732.36,8.572914971868869,0.0,3.6225182247846863,0.9225000000000003,0.6482618097757122,0.7614175109532997,0.3443265523328607
2024-02-11,9.296666666666667,7.449166666666667,8.933166666666667,547.4323333333333,86.91966666666667,3.140333333333333,0.39716666666666667,0.12333333333333334,2.995833333333333,58362,宝山,宝山区,1029.258333,7.391667,66.583333,0.0,1.508333,153.461055,552.0,2.46,6.85,2.75,6.85,0,10.366666666666667,22.21428571428571,552.0,0,629.0,806.2857142857141,0.02,2.72,0.04,2.4266666666666667,1357.92,18.8375,,0.0,,,,,,0.44680601340889026,-0.8946308659897972,0.0,0.0,0.0,-35.053142857142916,3.129568954851422,1.522333,0.3646027643432042,4.626333333333333,1.7552198864364732,0.3986711493250697,-65.0,0.0,-1.700000000000001,0.0,0.0,641.6800000000001,7.154258243320607,0.0,3.5700061322212724,1.9049996666666669,0.6612634749656386,0.7501537286959042,0.33450056477164614
2024-02-12,9.098333333333334,7.427333333333333,8.909166666666666,564.8480000000001,105.45383333333332,3.313166666666667,0.4255,0.13066666666666668,3.2005,58362,宝山,宝山区,1026.016667,12.125,55.375,0.0,3.679167,160.374252,539.0,2.51,3.43,2.77,3.43,0,6.276666666666667,19.218571428571423,539.0,0,569.3333333333334,716.142857142857,0.02,2.75,0.0499999999999998,2.4633333333333334,1352.89,9.5011,,0.0,,,,,,0.3358748845905136,-0.9419066099679464,0.0,0.0,3.2416659999998956,-9.83421428571421,5.858642162447975,3.696667,0.2977009322840614,4.932666666666667,1.667529404789571,0.1262493477643088,-13.0,0.0,-3.4199999999999995,0.0,0.0,579.5999999999999,5.348171272993145,0.0,5.515336266300146,-3.0266666666666655,0.6740694616546161,0.7386679638813748,0.30203232707201355
2024-02-13,9.551666666666668,7.4334999999999996,8.786166666666666,571.3813333333334,121.1365,3.537333333333333,0.44849999999999995,0.13416666666666668,3.3528333333333333,58362,宝山,宝山区,1021.091667,14.5625,71.75,0.0,2.516667,175.073317,604.0,2.5,4.89,2.78,4.89,0,5.056666666666667,15.117142857142852,604.0,0,565.0,668.7142857142856,0.0099999999999997,2.766666666666667,-0.0099999999999997,2.49,1510.0,13.5942,,0.0,,,,,,0.08588091804395795,-0.996305408956474,0.0,0.0,4.925000000000068,2.0269047619048024,3.6935849410755592,2.520167,0.2701739390609955,5.143000000000001,1.5692725793610527,0.11846001506574376,65.0,1.0,1.4599999999999995,1.0,0.0,675.6899999999998,4.625971761103356,0.0,5.195386358848635,-5.010833333333332,0.6866759803451553,0.726963615332308,0.2787060154268769
2024-02-14,10.206666666666667,7.489833333333333,8.7385,560.3848333333334,108.10633333333334,3.4659999999999997,0.44683333333333336,0.13616666666666666,3.3840000000000003,58362,宝山,宝山区,1018.279167,15.65,72.083333,0.0,1.475,85.976013,578.0,2.48,4.69,2.78,4.69,0,4.336666666666667,11.015714285714282,578.0,0,573.6666666666666,629.5714285714284,0.0,2.776666666666667,-0.02,2.4966666666666666,1433.44,13.0382,,0.0,,,,,,0.9975347591431984,0.07017409993096532,0.0,0.0,2.8125,-4.393261904761857,3.9005591413721667,1.482,0.25119018575107704,5.1925,1.5722650255044317,0.18912529550827425,-26.0,0.0,-0.1999999999999993,0.0,0.0,616.08,5.257867707038088,0.0,4.130105090612195,-5.443333333333333,0.6990793005655562,0.7150441465537444,0.29785488866102827
2024-02-15,9.505,7.477333333333334,8.993333333333334,559.3803333333334,96.7735,3.292833333333333,0.43450000000000005,0.13466666666666668,3.3190000000000004,58362,宝山,宝山区,1027.904167,5.2375,72.916667,1.9,3.670833,347.37832,486.0,2.51,5.63,2.8,5.63,0,5.07,7.1057142857142805,486.0,0,556.0,584.8571428571428,0.02,2.786666666666666,0.0299999999999998,2.4966666666666666,1219.86,15.764,0.0,1.0,0.0107015457788347,DLR_GWP_P1D_real_raster_proxy,0.3571428571428571,wusongkou_aoi_boundary_proxy,"Derived from DLR Global WaterPack daily real raster masks within a station-centered AOI; label denotes boundary-change proxy relative to the median reference mask, not a manual governance-zone annotation.",-0.21851250035961883,0.9758341494263191,1.9,1.9,0.0,-2.9512142857141725,5.401195515694989,10.6559157,3.555920463760711,5.100166666666667,1.6693508833734672,0.15218770588143085,-92.0,0.0,0.9399999999999995,1.0,0.0,595.3399999999999,5.686612425657259,1.785999999999999,5.198662451883958,4.267500000000001,0.7112757519738152,0.7029130847082615,0.31646961160299325
2024-02-16,9.061666666666667,7.447333333333333,9.0845,576.484,76.33783333333334,3.0853333333333333,0.4186666666666667,0.12083333333333333,3.230166666666667,58362,宝山,宝山区,1022.95,5.85,67.625,0.0,2.141667,107.746166,868.0,2.59,28.8,2.79,28.8,0,13.04,8.977142857142852,868.0,0,644.0,606.2857142857141,-0.0099999999999997,2.79,0.08,2.526666666666667,2248.12,80.352,,0.0,,,,,,0.9524161977870905,-0.3048005679010157,1.9,1.9,4.95416699999987,13.7298571428571,5.196526809855893,6.2388343,3.5811615597896496,4.857166666666667,1.7941794533277091,0.10004167736279063,382.0,1.0,23.17,1.0,0.0,1350.0,8.32710165572262,44.023,5.5134135274538405,3.211666666666668,0.7232617254437388,0.6905740195722293,0.3562674158249135
2024-02-17,9.336666666666666,7.426666666666667,8.853833333333332,599.3348333333333,60.234,3.4090000000000003,0.48233333333333334,0.1145,3.5483333333333333,58362,宝山,宝山区,1014.904167,13.45,72.458333,0.0,3.1,148.761534,955.0,2.48,32.6,2.75,32.6,0,22.343333333333334,12.412857142857137,955.0,0,769.6666666666666,654.5714285714284,-0.04,2.78,-0.1099999999999998,2.5266666666666664,2368.4,89.65,,0.0,,,,,,0.5186011485253144,-0.8550162856625743,1.9,1.9,8.045833000000016,30.871166666666568,5.737077247386185,9.0285,3.749255041949897,5.175666666666666,1.657010106828997,0.07119549264183896,87.0,1.0,3.8000000000000007,1.0,0.0,1156.62,12.569269795647298,7.220000000000001,6.741414883890952,-4.113333333333333,0.7350336741329413,0.6780306024735382,0.39589724558385564
2024-02-18,10.786666666666667,7.436166666666668,8.671999999999999,589.2824999999999,44.20883333333333,3.299166666666667,0.472,0.09733333333333333,3.5813333333333333,58362,宝山,宝山区,1009.975,17.7125,75.625,0.0,2.020833,184.907727,955.0,2.35,32.1,2.68,32.1,0,31.166666666666668,16.019999999999996,955.0,0,926.0,712.142857142857,-0.0699999999999998,2.74,-0.1299999999999999,2.473333333333333,2244.25,86.028,,0.0,,,,,,-0.08555129107232361,-0.9963337676681738,0.0,1.9,4.929167000000007,14.840238095237964,3.223131559149267,2.066333,3.857514607951525,5.026666666666666,1.7079720784449108,0.12578616352201247,0.0,0.0,-0.5,0.0,0.0,1079.1499999999999,20.482722771729716,0.0,5.0845085011455105,-6.9258333333333315,0.746588114532413,0.6652865452111116,0.4473965405901491
2024-02-19,11.606666666666667,7.398,8.583499999999999,589.458,34.602,3.280333333333333,0.42333333333333334,0.08950000000000001,3.5854999999999997,58362,宝山,宝山区,1017.995833,10.6125,90.916667,3.5,3.533333,24.431995,783.0,2.32,25.7,2.63,25.7,0,30.133333333333336,19.20142857142857,783.0,0,897.6666666666666,746.9999999999999,-0.0500000000000002,2.686666666666667,-0.0300000000000002,2.3833333333333333,1816.56,67.591,,0.0,,,,,,0.41361290762304204,0.9104528338401792,3.5,5.4,0.0,11.500023809523782,5.994426488783008,15.9104985,10.825241876485004,4.903833333333334,1.7360400516603136,0.12448133296603044,-172.0,0.0,-6.400000000000002,0.0,0.0,983.6500000000002,25.213939291800088,0.0,5.6148895882739644,0.9941666666666666,0.7579216274973472,0.6523456189565257,0.48794463626228435
2024-02-20,11.046000000000001,7.326600000000001,8.72,580.8214,34.4786,3.1592,0.3894,0.09519999999999999,3.473,58362,宝山,宝山区,1018.104167,7.820833,94.625,9.1,2.708333,40.146719,525.0,2.3,21.8,2.62,21.8,0,26.53333333333333,21.617142857142856,525.0,0,754.3333333333334,735.7142857142856,-0.0099999999999997,2.643333333333333,-0.02,2.3233333333333333,1207.5,57.11600000000001,,0.0,,,,,,0.6447471327563491,0.7643959280389102,12.6,14.5,0.0,1.5148428571428667,5.394318118210058,36.8403288,28.717934608778826,4.8144,1.7946085345757263,0.061318345658014216,-258.0,0.0,-3.8999999999999986,0.0,0.0,798.66,21.261643168933762,0.0,6.7778953832059585,3.225167000000001,0.7690308592589181,0.6392116531380588,0.4885339760516071
2024-02-22,9.646666666666667,7.458000000000001,8.488333333333333,558.6909999999999,57.51166666666668,2.95,0.3885,0.1245,3.197,58362,宝山,宝山区,1029.525,1.2,90.041667,1.5,3.65,294.814152,673.0,2.47,24.8,2.73,24.8,0,22.03333333333333,26.471428571428564,673.0,0,639.0,782.5714285714284,0.0899999999999998,2.6633333333333336,0.0100000000000002,2.41,1662.3100000000002,67.70400000000001,,0.0,,,,,,-0.9076738465997635,0.41967628977437954,14.1,16.0,0.0,-20.373580952381076,7.939994056725983,55.1185,30.87720808631583,4.830500000000001,1.7228682744101365,0.05333333333333334,148.0,1.0,3.0,1.0,0.0,829.2100000000002,10.920898966018171,42.3,7.751792258516519,8.446666666666667,0.7905633969115482,0.612380204990065,0.4036161841676432
2024-02-23,9.573333333333332,7.3709999999999996,8.1605,590.4755,60.46283333333334,3.6278333333333337,0.5868333333333333,0.146,3.7938333333333336,58362,宝山,宝山区,1030.6,1.391667,90.625,1.8,3.079167,288.042359,880.0,2.76,29.7,2.8,29.7,0,24.666666666666668,26.6,880.0,0,757.3333333333334,784.2857142857141,0.0699999999999998,2.723333333333333,0.2899999999999996,2.563333333333333,2428.8,83.16,0.0,1.0,0.0083234244946492,DLR_GWP_P1D_real_raster_proxy,0.5,wusongkou_aoi_boundary_proxy,"Derived from DLR Global WaterPack daily real raster masks within a station-centered AOI; label denotes boundary-change proxy relative to the median reference mask, not a manual governance-zone annotation.",-0.950827798900766,0.3097200297648258,12.4,15.9,0.0,6.968752380952424,7.024083224948301,41.362337800000006,30.796153969977837,5.8406666666666665,1.385607116240295,0.060682678924244164,207.0,1.0,4.899999999999999,1.0,0.0,1402.2299999999996,12.321809657326785,60.759999999999984,7.221099240747142,8.181666333333332,0.8009803309782905,0.5986906625177214,0.39526412316994586
2024-02-24,9.305,7.336666666666667,8.075333333333333,577.476,70.1165,3.813166666666666,0.5928333333333333,0.14933333333333335,3.8586666666666667,58362,宝山,宝山区,1028.445833,0.766667,87.666667,2.4,3.820833,285.895193,819.0,2.64,24.5,2.82,24.5,0,26.33333333333333,25.44285714285714,819.0,0,790.6666666666666,764.8571428571428,0.02,2.783333333333333,-0.1199999999999996,2.623333333333333,2162.1600000000003,69.08999999999999,,0.0,,,,,,-0.9617642907886661,0.2738785295779393,5.7,18.3,2.154166999999916,-6.1724619047618035,8.501969391505677,25.641581100000003,34.83921610478943,5.944833333333333,1.325910484812554,0.07889546351084865,-61.0,0.0,-5.199999999999999,0.0,0.0,985.5999999999997,11.117907471074457,0.0,6.70455809424757,8.538333,0.8111602420785621,0.5848239578463322,0.3705020489548533
2024-02-25,8.965,7.336666666666667,8.350166666666667,582.8088333333334,69.194,4.058833333333333,0.48216666666666663,0.14116666666666666,3.6935000000000002,58362,宝山,宝山区,1029.491667,2.379167,71.083333,0.0,2.816667,314.986579,842.0,2.62,15.7,2.9,15.7,0,23.3,23.099999999999994,842.0,0,847.0,748.7142857142856,0.08,2.84,-0.02,2.6733333333333333,2206.04,45.53,,0.0,,,,,,-0.7072723949302288,0.706941128644853,4.2,18.3,0.0,1.5212285714286509,5.81936285851122,14.653668399999999,31.786821391551975,5.5873333333333335,1.3600072864075023,0.12474011955342539,23.0,1.0,-8.8,0.0,0.0,882.3000000000001,12.066558395304442,0.0,5.371153069036902,6.585833,0.8211001178128892,0.5707841943569036,0.3727182000350129
2024-02-26,9.455,7.355166666666666,8.322333333333333,567.3851666666667,68.71533333333333,3.2784999999999997,0.4038333333333333,0.12683333333333333,3.5418333333333334,58362,宝山,宝山区,1029.579167,5.241667,67.041667,0.0,3.016667,8.992088,703.0,2.57,9.05,2.9,9.05,0,16.416666666666664,20.721428571428564,703.0,0,788.0,737.2857142857141,0.0,2.873333333333333,-0.0500000000000002,2.61,1806.71,26.245,,0.0,,,,,,0.15629807322131692,0.9877099332837065,2.4000000000000004,18.3,0.0,-10.774247619047514,4.471682993074037,10.2741678,30.997239201326522,5.214,1.583285155154153,0.15584414774835595,-139.0,0.0,-6.649999999999999,0.0,0.0,884.1000000000003,11.303108833063984,0.0,5.05916720851804,4.213333,0.8307970168121247,0.5565755266413303,0.37387962042180234
2024-02-27,9.825,7.334666666666667,8.355500000000001,569.9921666666667,72.8385,3.3571666666666666,0.41483333333333333,0.12416666666666666,3.587666666666667,58362,宝山,宝山区,1027.345833,6.316667,75.458333,2.7,1.795833,41.80321,705.0,2.59,3.37,2.88,3.37,0,9.373333333333331,18.088571428571424,705.0,0,750.0,762.9999999999999,-0.02,2.893333333333333,0.02,2.5933333333333333,1825.95,9.7056,,0.0,,,,,,0.6665742345476837,0.7454386559852995,2.7,17.5,2.2333340000000135,-5.386414285714295,3.9768312929744565,6.6515821,31.056094036596313,5.244166666666667,1.5738935308321522,0.12938004832862302,2.0,1.0,-5.680000000000001,0.0,0.0,721.14,10.157302762109198,0.0,4.832630887683528,3.5083329999999995,0.8402480696078469,0.5422021592729844,0.36412665203467653
2024-02-28,9.87,7.331833333333333,8.361166666666668,562.0406666666667,71.86816666666667,3.3813333333333335,0.3598333333333333,0.10880000000000001,3.623666666666667,58362,宝山,宝山区,1022.304167,8.020833,97.208333,16.6,1.783333,61.818293,651.0,2.58,0.923,2.86,0.923,0,4.447666666666664,15.434714285714282,651.0,0,686.3333333333334,753.2857142857141,-0.02,2.8800000000000003,-0.0099999999999997,2.58,1679.5800000000002,2.63978,,0.0,,,,,,0.8814542798826516,0.4722693643214179,19.3,25.0,5.0416660000000775,-10.654952380952409,4.327266189594966,36.205159900000005,49.55636135736642,5.0715,1.6244432109662708,0.036866360806133015,-54.0,0.0,-2.447,0.0,0.0,712.0499999999998,9.418836300259144,0.0,8.673378278118417,1.8491669999999996,0.8494504794814806,0.527668345562516,0.366371974319735
2024-02-29,9.808333333333332,7.316166666666667,8.230833333333333,563.5986666666666,72.46766666666667,3.4725,0.38633333333333336,0.11916666666666666,3.6489999999999996,58362,宝山,宝山区,1025.1125,5.204167,87.875,13.5,3.933333,326.440048,749.0,2.66,4.31,2.87,4.31,0,2.8676666666666644,12.507571428571422,749.0,0,701.6666666666666,764.142857142857,0.0100000000000002,2.87,0.08,2.61,1992.34,12.3697,,0.0,,,,,,-0.5528092275998624,0.8333078410050175,32.8,37.0,0.0,-9.79804761904768,7.100726758602604,132.9746554,69.7166477095046,5.226999999999999,1.541012858119036,0.026501767018566852,98.0,1.0,3.3869999999999996,1.0,0.0,914.7600000000001,9.550686696642058,111.09359999999998,11.722653137045475,4.604166333333332,0.8584015232918917,0.512978386299228,0.3649812463643659
2024-03-01,9.005,7.321000000000001,8.431333333333333,553.3235,76.3445,3.576166666666667,0.4955,0.13216666666666668,3.6811666666666665,58362,宝山,宝山区,1029.991667,2.3125,61.75,0.0,2.529167,8.724964,693.0,2.79,11.7,2.92,11.7,0,5.644333333333331,9.936142857142851,693.0,0,697.6666666666666,737.4285714285713,0.0499999999999998,2.8833333333333333,0.1299999999999999,2.6766666666666663,1933.47,34.163999999999994,1.0,1.0,0.0190249702734839,DLR_GWP_P1D_real_raster_proxy,0.15,wusongkou_aoi_boundary_proxy,"Derived from DLR Global WaterPack daily real raster masks within a station-centered AOI; label denotes boundary-change proxy relative to the median reference mask, not a manual governance-zone annotation.",0.15169149661105855,0.9884278880403452,30.1,35.2,0.0,-14.765785714285698,3.894190921485322,78.70259370000001,57.220064654160886,5.498333333333333,1.492966464619503,0.029736091887140704,-56.0,0.0,7.39,1.0,0.0,846.3699999999999,9.020249231253246,222.439,10.321256490047272,6.692500000000001,0.8670985522812081,0.4981366284784055,0.356252784984301
2024-03-02,9.025,7.3095,8.340666666666666,578.5313333333334,75.9525,3.5985,0.5291666666666667,0.13233333333333333,3.9314999999999998,58362,宝山,宝山区,1023.370833,3.9625,66.666667,0.0,1.495833,206.887493,1220.0,2.79,35.4,2.91,35.4,0,17.136666666666663,11.493285714285708,1220.0,0,887.3333333333334,794.7142857142856,-0.0099999999999997,2.9,0.0,2.7466666666666666,3403.8,103.014,,0.0,,,,,,-0.4522400295410868,-0.8918962695743698,13.5,32.8,6.620834000000059,10.291285714285664,3.2384223812251376,21.6895785,55.10135712677446,5.784,1.465641448747683,0.04421517989365972,527.0,1.0,23.7,1.0,0.0,1747.0,11.5309227553794,319.95,7.918464190483779,5.0625,0.8755389928586302,0.4831474640149687,0.35711522871954315
2024-03-03,9.643333333333333,7.310333333333333,8.3075,580.2383333333333,59.751,3.7176666666666667,0.5546666666666666,0.126,3.9156666666666666,58362,宝山,宝山区,1019.016667,10.220833,57.083333,0.0,2.7,144.766507,1150.0,2.46,35.1,2.83,35.1,0,27.399999999999995,14.26471428571428,1150.0,0,1021.0,838.7142857142856,-0.08,2.8866666666666667,-0.33,2.68,2829.0,99.333,,0.0,,,,,,0.5769098904315499,-0.816807797662496,0.0,32.8,4.354165999999964,12.365499999999997,5.314914665473467,2.8155,52.02529159577507,5.730333333333333,1.443006307257743,0.12415934809389384,-70.0,0.0,-0.29999999999999716,0.0,0.0,1622.6000000000001,16.80630771509934,0.0,5.478134600776056,-0.5774996666666681,0.8837203473619977,0.4680153284438345,0.3972413847080676
2024-03-04,9.963333333333333,7.311833333333333,8.179,580.0225,52.8655,3.5253333333333337,0.49783333333333335,0.1095,3.733,58362,宝山,宝山区,1010.466667,10.745833,92.916667,7.6,1.904167,105.859812,1040.0,2.36,36.4,2.75,36.4,0,35.63333333333333,18.17185714285714,1040.0,0,1136.6666666666667,886.8571428571428,-0.08,2.83,-0.1,2.536666666666666,2454.4,100.1,,0.0,,,,,,0.9619332314901663,-0.2732845735764938,7.6,40.4,8.549999999999955,10.344333333333338,4.778039075899181,16.4108362,78.47847725391122,5.325833333333333,1.5183492352790033,0.052481958408362984,-110.0,0.0,1.2999999999999972,1.0,0.0,1265.0,21.10194218315372,9.879999999999978,7.290391211115744,-0.7824996666666664,0.8916401947968874,0.45274469960737107,0.4176593685411679
2024-03-05,10.333333333333334,7.345666666666666,8.3785,559.1068333333334,53.86183333333333,3.73,0.4745,0.10283333333333333,3.6643333333333334,58362,宝山,宝山区,1011.8875,9.333333,92.666667,9.4,3.383333,319.248113,1070.0,2.4,34.4,2.7,34.4,0,35.300000000000004,22.60471428571428,1070.0,0,1086.6666666666667,939.0,-0.0499999999999998,2.76,0.04,2.4066666666666667,2568.0,92.88,,0.0,,,,,,-0.6527847020288836,0.7575434857465686,17.0,47.1,0.0,-9.016285714285686,6.638373234836651,60.913994,91.28477281819062,5.167166666666667,1.5283039961544505,0.04676539433773023,30.0,1.0,-2.0,0.0,0.0,1144.0,19.80733418192976,0.0,8.355777617178418,1.0000003333333343,0.8992961915530253,0.4373400963303323,0.4145485166627758
2024-03-06,9.968333333333334,7.363499999999999,8.580833333333333,548.969,47.13483333333334,3.4451666666666667,0.4606666666666667,0.08750000000000001,3.6313333333333335,58362,宝山,宝山区,1021.4625,6.629167,72.166667,0.0,2.791667,344.296519,712.0,2.43,36.4,2.71,36.4,0,35.73333333333333,27.672857142857136,712.0,0,940.6666666666666,947.7142857142856,0.0099999999999997,2.72,0.0300000000000002,2.3966666666666665,1730.16,98.644,,0.0,,,,,,-0.27065893372803973,0.9626753043436819,17.0,30.5,0.0,-17.286738095238093,4.5326788266059,50.260506,53.05138612620761,4.9670000000000005,1.6878680808048037,0.04809619161368831,-358.0,0.0,2.0,1.0,0.0,1102.1000000000004,19.542327282044532,34.0,7.838852602557291,3.339166333333334,0.9066860720977985,0.4218060770826634,0.4367518504226975
2024-03-07,10.018333333333333,7.3051666666666675,8.211833333333333,584.8888333333333,48.35833333333333,3.5020000000000002,0.5378333333333333,0.09749999999999999,3.9515,58362,宝山,宝山区,1022.125,7.979167,63.541667,0.0,2.320833,68.268242,920.0,2.59,40.2,2.69,40.2,0,36.99999999999999,32.8,920.0,0,900.6666666666666,972.142857142857,-0.02,2.7,0.1599999999999997,2.473333333333333,2382.8,108.138,,0.0,,,,,,0.9289274849688831,0.37026170159683747,9.4,17.0,0.0,15.591642857142801,5.500537567161084,24.192663200000002,28.34772131395896,5.464333333333332,1.5531384286710992,0.0786112041562058,208.0,1.0,3.8000000000000043,1.0,0.0,1308.4799999999996,18.247509707918287,35.72000000000004,6.161332478871119,2.0391663333333323,0.9138076496466615,0.4061472386305789,0.43249141634009736
2024-03-08,10.531666666666666,7.374,8.718666666666666,550.6283333333333,67.76899999999999,3.6071666666666666,0.42816666666666664,0.09766666666666668,3.6385,58362,宝山,宝山区,1025.395833,6.804167,66.0,0.0,2.258333,345.644244,940.0,2.49,35.7,2.71,35.7,0,37.43333333333333,36.22857142857142,940.0,0,857.3333333333334,1007.4285714285712,0.02,2.703333333333333,-0.0999999999999996,2.5033333333333334,2340.6000000000004,96.747,0.0,1.0,0.0154577883472057,DLR_GWP_P1D_real_raster_proxy,0.15,wusongkou_aoi_boundary_proxy,"Derived from DLR Global WaterPack daily real raster masks within a station-centered AOI; label denotes boundary-change proxy relative to the median reference mask, not a manual governance-zone annotation.",-0.2479418698103987,0.9687749115222397,0.0,17.0,0.0,-18.283833333333405,3.845309777612334,2.2933329999999996,28.76733877079104,5.043333333333333,1.6508081402830619,0.30690540224096186,20.0,1.0,-4.5,0.0,0.0,1055.9999999999995,12.466857644190457,0.0,4.240524045202996,3.7274996666666667,0.9206588168102428,0.3903682146763026,0.3761994255594857
2024-03-09,10.584999999999999,7.371666666666667,8.734333333333334,543.899,97.35333333333334,3.8034999999999997,0.3741666666666667,0.10383333333333333,3.6871666666666667,58362,宝山,宝山区,1027.291667,6.720833,66.708333,0.0,1.841667,89.391719,747.0,2.38,11.8,2.72,11.8,0,29.23333333333333,32.857142857142854,747.0,0,869.0,939.8571428571428,0.0100000000000002,2.706666666666667,-0.1100000000000003,2.486666666666667,1777.86,32.096000000000004,,0.0,,,,,,0.9999436454270769,0.010616306797016249,0.0,17.0,0.0,-20.065690476190525,4.67584066033892,1.8801670000000001,28.851758370267948,5.099666666666667,1.5975509146263662,0.3519061170784613,-193.0,0.0,-23.900000000000002,0.0,0.0,1043.4000000000003,8.835491086558665,0.0,3.8929101427945065,3.8641669999999992,0.9272375462179537,0.374473674486883,0.3154659930526117
2024-03-10,10.988333333333335,7.355833333333333,8.684,534.5928333333333,102.85733333333333,3.7448333333333337,0.35483333333333333,0.10966666666666668,3.668833333333333,58362,宝山,宝山区,1025.008333,10.445833,65.583333,0.0,3.154167,135.908386,589.0,2.5,6.61,2.77,6.61,0,18.036666666666665,28.78714285714285,589.0,0,758.6666666666666,859.7142857142856,0.0499999999999998,2.733333333333334,0.1200000000000001,2.4566666666666666,1472.5,18.3097,,0.0,,,,,,0.6958076817959828,-0.7182281461720226,0.0,17.0,2.283333999999968,-22.85107142857146,6.305879008802355,3.196167,28.591121651601302,5.120333333333333,1.5908905605439514,0.15533978169479196,-158.0,0.0,-5.19,0.0,0.0,836.6400000000001,7.30489260909196,0.0,5.050507004551597,0.5425003333333347,0.9335418911179212,0.35846832151248087,0.3062236325402038
2024-03-11,11.651666666666666,7.363666666666667,8.577,521.364,118.80016666666667,3.775166666666667,0.34299999999999997,0.1115,3.5401666666666665,58362,宝山,宝山区,1017.395833,10.491667,82.083333,1.2,1.445833,245.066558,500.0,2.63,6.1,2.78,6.1,0,8.169999999999998,24.45857142857142,500.0,0,612.0,782.5714285714284,0.0099999999999997,2.7566666666666664,0.1299999999999999,2.5033333333333334,1315.0,16.958,,0.0,,,,,,-0.9067981125623301,-0.4215651587280378,1.2,10.6,7.6124999999999545,-27.70011904761907,3.6894025506430608,3.2263326,19.633223890940254,4.998166666666666,1.5594190634796024,0.08882309663428893,-89.0,0.0,-0.5100000000000007,0.0,0.0,665.5699999999999,5.108507083323479,0.0,5.274504142053996,1.1599996666666659,0.9395699859530622,0.342356891994542,0.2819843091750234
2024-03-12,11.841666666666667,7.364166666666667,8.575333333333333,511.43100000000004,141.30083333333334,3.649,0.24083333333333334,0.11266666666666665,3.422166666666667,58362,宝山,宝山区,1023.883333,7.491667,71.0,0.0,2.491667,332.385319,481.0,2.58,7.86,2.82,7.86,0,6.856666666666665,20.667142857142853,481.0,0,523.3333333333334,698.4285714285713,0.04,2.79,-0.0499999999999998,2.57,1240.98,22.1652,,0.0,,,,,,-0.46352309343577214,0.886084838969572,1.2,1.2,0.0,-30.822285714285726,4.57330381275942,5.499167400000001,2.3612043642419893,4.789666666666667,1.6120248021347632,0.21314385697024107,-19.0,0.0,1.7600000000000007,1.0,0.0,524.9999999999999,3.6776547338092422,2.1120000000000005,4.353155552408278,4.349999666666667,0.945320046913132,0.3261441535642696,0.2527698221206065
2024-03-13,11.658333333333333,7.353166666666667,8.556666666666667,533.1868333333333,120.9185,3.7066000000000003,0.2631666666666667,0.118,3.6118333333333332,58362,宝山,宝山区,1022.020833,10.775,57.625,0.0,1.820833,121.771939,597.0,2.65,8.43,2.83,8.43,0,7.463333333333331,16.671428571428567,597.0,0,526.0,681.9999999999999,0.0100000000000002,2.81,0.0699999999999998,2.62,1582.05,23.8569,,0.0,,,,,,0.8501506712541295,-0.5265394915541978,1.2,1.2,1.8624999999999545,-6.811857142857207,4.327854010284264,4.0303325999999995,2.2118614660572713,5.055,1.5729974828803066,0.16997168101822688,116.0,1.0,0.5699999999999994,1.0,0.0,762.9099999999999,4.314357542128553,0.6839999999999993,4.4154637852345235,0.8833333333333329,0.9507903724625832,0.3098349038318025,0.2790092440208325
2024-03-14,11.811666666666667,7.351500000000001,8.308333333333334,548.4491666666667,160.37616666666668,4.061333333333334,0.3265,0.11599999999999999,3.7114999999999996,58362,宝山,宝山区,1021.866667,10.454167,82.166667,0.0,1.733333,70.588248,702.0,2.6,6.28,2.84,6.28,0,7.523333333333331,11.825714285714282,702.0,0,593.3333333333334,650.8571428571428,0.0099999999999997,2.83,-0.0499999999999998,2.61,1825.2,17.8352,,0.0,,,,,,0.9431545081740822,0.3323545903262134,0.0,1.2,0.154166000000032,13.656142857142868,4.351437366888506,1.7508329999999999,2.5074211290952477,5.1979999999999995,1.4333083705952723,0.3463204662581663,105.0,1.0,-2.1499999999999995,0.0,0.0,847.3499999999999,3.676709799154563,0.0,3.8411711105800084,1.3574996666666674,0.9559793438440766,0.2934339689665273,0.23141806302425927
2024-03-15,12.450000000000001,7.3501666666666665,8.036666666666667,546.7895,145.72716666666665,3.9668333333333337,0.30466666666666664,0.11333333333333333,3.7445,58362,宝山,宝山区,1021.770833,14.375,78.25,0.0,2.554167,135.513102,728.0,2.56,7.68,2.84,7.68,0,7.463333333333331,7.822857142857138,728.0,0,675.6666666666666,620.5714285714284,0.0,2.8366666666666664,-0.04,2.603333333333333,1863.68,21.8112,1.0,1.0,0.0202140309155766,DLR_GWP_P1D_real_raster_proxy,0.2142857142857143,wusongkou_aoi_boundary_proxy,"Derived from DLR Global WaterPack daily real raster masks within a station-centered AOI; label denotes boundary-change proxy relative to the median reference mask, not a manual governance-zone annotation.",0.7007461448280354,-0.7134107095556149,0.0,1.2,0.095833999999968,12.544880952380936,5.332740738298288,2.568167,2.4593614660572714,5.182499999999999,1.4162029379891974,0.27397252767876196,26.0,1.0,1.3999999999999995,1.0,0.0,784.1600000000001,4.604918652873872,0.0,4.333212143340155,-1.924999999999999,0.9608854255574977,0.27694620226893646,0.24757058760578976
2024-03-16,13.043333333333335,7.342333333333333,7.821666666666666,563.8848333333334,113.67283333333334,3.9490000000000003,0.29150000000000004,0.106,3.8345000000000002,58362,宝山,宝山区,1017.658333,14.9,87.25,0.0,1.554167,83.205463,911.0,2.54,23.5,2.81,23.5,0,12.486666666666665,9.49428571428571,911.0,0,780.3333333333334,643.9999999999999,-0.0299999999999998,2.83,-0.02,2.5666666666666664,2313.94,66.035,,0.0,,,,,,0.9929767930960107,0.11830929115146539,0.0,1.2,4.112500000000068,26.78509523809521,4.119764762106797,1.561167,2.637255231460723,5.186,1.4020590521213796,0.14999999249999885,183.0,1.0,15.82,1.0,0.0,1115.88,6.8048665987439625,0.0,4.622981054757281,-1.8566666666666656,0.9655071658143364,0.2603764827344581,0.2894088432318076
2024-03-17,13.061666666666667,7.216,7.732499999999999,569.2483333333333,71.3005,3.493,0.2693333333333333,0.09249999999999999,3.779833333333333,58362,宝山,宝山区,1023.504167,8.970833,75.291667,0.0,3.125,23.206923,928.0,2.47,27.0,2.76,27.0,0,19.39333333333333,12.407142857142851,928.0,0,855.6666666666666,692.4285714285713,-0.0500000000000002,2.803333333333333,-0.0699999999999998,2.523333333333333,2292.1600000000003,74.52,,0.0,,,,,,0.39405296505133613,0.9190877328820413,0.0,1.2,0.0,27.197809523809497,5.381531826607501,3.1494999999999997,2.555781211508197,4.974166666666666,1.5374808170005527,0.24242424242424243,17.0,1.0,3.5,1.0,0.0,1011.1499999999999,11.834865134634846,0.0,4.751180093404587,4.090833666666667,0.969843196967294,0.24372971360968387,0.36769944204689986
2024-03-18,12.616666666666667,7.290500000000001,7.618666666666667,589.1465,60.67816666666667,3.542,0.2748333333333333,0.084,3.932166666666667,58362,宝山,宝山区,1023.141667,8.766667,78.416667,0.0,1.8375,39.669721,1200.0,2.45,20.7,2.72,20.7,0,23.73333333333333,14.492857142857137,1200.0,0,1013.0,792.4285714285713,-0.0399999999999995,2.763333333333333,-0.02,2.486666666666667,2940.0,56.304,,0.0,,,,,,0.6383611251054551,0.7697370160997181,0.0,0.0,0.3625000000000682,37.41276190476185,4.074125040693271,1.8444999999999998,0.4812227792257837,5.047,1.5266432510367451,0.31249999999999334,272.0,1.0,-6.300000000000001,0.0,0.0,1501.44,16.423964179652984,0.0,4.147703196303109,3.849999666666667,0.9738922359149924,0.22701082094141847,0.39467050076717636
2024-03-19,14.158333333333333,7.3276666666666666,7.515999999999999,583.6274999999999,56.536,3.6376666666666666,0.23116666666666666,0.078,4.048166666666667,58362,宝山,宝山区,1024.804167,10.4625,52.583333,0.0,2.6125,285.154392,1320.0,2.38,24.1,2.71,24.1,0,23.933333333333334,16.812857142857137,1320.0,0,1149.3333333333333,912.285714285714,-0.0100000000000002,2.73,-0.0700000000000002,2.433333333333333,3141.6,65.311,,0.0,,,,,,-0.9652248938643814,0.2614209331030965,0.0,0.0,0.0,21.579976190476145,6.212071680899045,2.637,0.4824308394468482,5.059333333333334,1.5119473822966971,0.2768166089965398,120.0,1.0,3.400000000000002,1.0,0.0,1540.8000000000004,19.975899147200593,0.0,4.5789569403939865,3.695833333333333,0.9776530844816641,0.2102247521189836,0.40647033250480835
2024-03-20,14.331666666666665,7.314,7.6113333333333335,595.1978333333333,46.02516666666667,3.5050000000000003,0.20583333333333334,0.06966666666666667,3.7555,58362,宝山,宝山区,1024.433333,10.658333,55.458333,0.0,2.833333,88.679945,1040.0,2.23,30.3,2.64,30.3,0,25.03333333333333,19.93714285714285,1040.0,0,1186.6666666666667,975.5714285714284,-0.0699999999999998,2.69,-0.1499999999999999,2.353333333333333,2319.2,79.992,,0.0,,,,,,0.999734606927941,0.023037267863946363,0.0,0.0,0.37083400000005895,24.29159523809517,6.708104613343209,2.885833,0.48890666522662957,4.658,1.6013442436597858,0.2378592477415826,-280.0,0.0,6.199999999999999,1.0,0.0,1517.9999999999998,25.234714744941538,0.0,4.68856216732995,3.6733336666666645,0.981124629771712,0.19337647441020586,0.4407106092611004
2024-03-21,14.770000000000001,7.346666666666667,7.687,581.937,50.93116666666666,3.5163333333333333,0.2031666666666667,0.07383333333333333,3.5376666666666665,58362,宝山,宝山区,1013.904167,15.658333,47.25,0.0,3.4875,165.885125,1030.0,2.32,27.7,2.6,27.7,0,27.366666666666664,22.99714285714285,1030.0,0,1130.0,1022.4285714285712,-0.04,2.65,0.0899999999999998,2.31,2389.6,72.02,,0.0,,,,,,0.2438667995405485,-0.9698087358246728,0.0,0.0,10.529165999999918,6.2467857142858065,5.378728136000207,3.5189999999999997,0.5017822120366827,4.479166666666666,1.6036690980613106,0.06659267776216142,-10.0,0.0,-2.6000000000000014,0.0,0.0,1133.6,21.759572767798403,0.0,7.108799269920806,-0.8883329999999994,0.984305844499033,0.17647097349152166,0.4238667578479882
2024-03-22,16.19666666666667,7.374,7.499333333333333,551.641,57.336999999999996,3.704833333333333,0.18166666666666667,0.0745,3.439833333333333,58362,宝山,宝山区,1008.633333,18.920833,61.166667,0.0,2.358333,162.848212,801.0,2.19,28.0,2.55,28.0,0,28.666666666666668,25.899999999999995,801.0,0,957.0,1032.857142857143,-0.0500000000000002,2.596666666666667,-0.1299999999999999,2.2466666666666666,1754.19,71.39999999999999,1.0,1.0,0.0178359096313912,DLR_GWP_P1D_real_raster_proxy,0.15,wusongkou_aoi_boundary_proxy,"Derived from DLR Global WaterPack daily real raster masks within a station-centered AOI; label denotes boundary-change proxy relative to the median reference mask, not a manual governance-zone annotation.",0.29490411869781175,-0.9555268498451872,0.0,0.0,5.270834000000036,-24.7422857142858,4.056881406140944,2.403833,0.5085036121596045,4.366499999999999,1.5165406319535608,0.11588604091217562,-229.0,0.0,0.3000000000000007,1.0,0.0,1163.8999999999999,16.404683134202994,0.0,5.274493610788883,-2.7241663333333292,0.9871957872910085,0.15951325197263655,0.4041236278468049
2024-03-23,16.111666666666668,7.441,7.693666666666666,519.1848333333334,66.2695,3.4316666666666666,0.16966666666666666,0.0785,3.302,58362,宝山,宝山区,1010.133333,16.654167,78.375,6.9,1.820833,73.507514,417.0,2.23,25.5,2.53,25.5,0,27.066666666666663,26.18571428571428,417.0,0,749.3333333333334,962.285714285714,-0.02,2.56,0.04,2.2466666666666666,929.91,64.515,,0.0,,,,,,0.9588569735425564,0.2838895987682699,6.9,6.9,0.0,-50.812738095238046,4.472073634585127,14.3985807,12.808062394887028,4.256666666666667,1.6246358682188957,0.10287184236165768,-384.0,0.0,-2.5,0.0,0.0,833.0400000000001,11.139273122787198,0.0,5.010794548484762,-0.5425003333333329,0.9897936029670716,0.14250832791617088,0.3799414229268655
2024-03-24,16.026666666666667,7.4863333333333335,8.260333333333334,488.83099999999996,67.52516666666666,3.2,0.066,0.10783333333333334,2.8438,58362,宝山,宝山区,1011.679167,15.345833,89.041667,1.1,1.679167,57.305031,462.0,2.42,3.3,2.56,3.3,0,18.93333333333333,22.799999999999997,462.0,0,560.0,895.7142857142856,0.0300000000000002,2.546666666666667,0.1899999999999999,2.28,1118.04,8.448,,0.0,,,,,,0.8415582158610185,0.5401664274247515,8.0,8.0,0.0,-69.6783809523809,4.012942842765634,15.179003,15.572192365843271,3.988133333333333,1.755790567910194,0.09364026239125206,45.0,1.0,-22.2,0.0,0.0,603.3299999999999,8.17218005063833,0.0,5.213965931602811,0.6808336666666666,0.992098522791769,0.12546123335273648,0.3768023219718747
2024-03-25,17.316,7.3306,7.837999999999999,288.77840000000003,66.4302,3.473,0.0686,0.11120000000000001,3.8414,58362,宝山,宝山区,1014.8,13.458333,83.791667,5.4,4.1875,297.713406,427.0,2.46,-0.298,2.65,0.298,1,9.500666666666664,19.80028571428571,427.0,0,435.3333333333333,785.2857142857141,0.0899999999999998,2.58,0.04,2.37,1050.42,-0.7897,,0.0,,,,,,-0.8852848383170655,0.4650491963716604,13.4,13.4,0.0,-226.82125238095227,8.803498739789982,60.31400000000001,24.980799190081715,5.022,1.5712411771866157,0.05379959650302623,-35.0,0.0,-3.598,0.0,0.0,480.48,6.456058759032797,0.0,7.754965335464519,3.8576669999999993,0.9941098647022418,0.10837701279187609,0.3795364269519895
2024-03-26,17.75,7.5855,8.632000000000001,0.272,0.743,3.699,0.025,0.119,3.177,58362,宝山,宝山区,1024.041667,11.641667,77.208333,0.0,2.441667,51.570951,555.0,2.54,-2.43,2.73,2.43,1,0.1906666666666641,16.01028571428571,555.0,0,481.3333333333333,675.9999999999999,0.08,2.6466666666666665,0.08,2.473333333333333,1409.7,-6.633900000000001,,0.0,,,,,,0.7833784342593145,0.6215450335554333,6.5,13.4,0.0,-431.99115238095237,5.302531515580225,18.340502499999996,23.772093628151925,4.3919999999999995,4.405061295058951,0.10058675270455147,128.0,1.0,-2.132,0.0,0.0,737.6400000000001,276.15222795945687,0.0,5.440968470674714,6.108333,0.9958270335100595,0.09126072172931188,1.0
2024-03-27,15.356,7.454599999999999,8.379999999999999,206.5212,44.4246,3.925,0.0422,0.0516,3.177,58362,宝山,宝山区,1015.2875,12.804167,79.583333,19.5,2.554167,138.762056,494.0,2.55,-7.14,2.77,7.14,1,-3.289333333333336,10.66171428571428,494.0,0,492.0,597.9999999999999,0.04,2.7166666666666663,0.0099999999999997,2.5166666666666666,1259.6999999999998,-19.7778,,0.0,,,,,,0.6591876007073377,-0.751978528332893,24.9,32.9,8.754166999999939,-170.21671904761902,5.1685258809211625,66.1564253,59.3013362551063,3.7352,1.7237827990669952,0.026875699406482476,-61.0,0.0,-4.709999999999999,0.0,0.0,560.5499999999998,10.831135552101726,0.0,10.886386400827744,2.5518330000000002,0.9972495210773451,0.07411742515094437,0.44658837939523355
2024-03-28,15.545,7.3309999999999995,6.703833333333333,542.1278333333333,101.82733333333334,3.8296666666666668,0.24016666666666664,0.10616666666666667,3.4820000000000007,58362,宝山,宝山区,1011.625,12.1625,91.375,9.0,1.991667,262.4019,597.0,2.52,-20.3,2.77,20.3,1,-9.956666666666669,3.804571428571424,597.0,0,548.6666666666666,536.142857142857,0.0,2.7566666666666664,-0.0299999999999998,2.536666666666666,1504.44,-56.231,,0.0,,,,,,-0.9912199254945233,-0.13222352023233838,28.5,41.9,3.6625000000000227,171.07693809523812,4.924885628442496,58.7646765,80.54521721485119,4.783833333333334,1.2308039905322892,0.02844612987131794,103.0,1.0,-13.16,0.0,0.0,720.9999999999999,5.335805654786989,0.0,10.32642396247643,3.3825000000000003,0.998376906467142,0.056952196034039754,0.3079153733026052
2024-03-29,16.43,7.272833333333334,5.991499999999999,555.9486666666667,96.90516666666667,3.8281666666666667,0.30883333333333335,0.10616666666666667,3.493,58362,宝山,宝山区,1009.745833,20.083333,62.458333,0.0,2.575,212.898173,765.0,2.56,2.44,2.88,2.44,0,-8.333333333333336,0.1531428571428517,765.0,0,618.6666666666666,530.9999999999999,0.1099999999999998,2.806666666666666,0.04,2.543333333333333,1958.4,7.0272,0.0,1.0,0.0035671819262782,DLR_GWP_P1D_real_raster_proxy,0.7857142857142857,wusongkou_aoi_boundary_proxy,"Derived from DLR Global WaterPack daily real raster masks within a station-centered AOI; label denotes boundary-change proxy relative to the median reference mask, not a manual governance-zone annotation.",-0.5431476765770058,-0.8396371844010961,28.5,41.9,1.8791670000000522,184.28239047619047,4.969782592646879,75.9765,68.40508036022607,4.8635,1.0879162490849337,0.029451466148470034,168.0,1.0,22.740000000000002,1.0,0.0,970.32,6.3190400234240265,648.09,10.422187979871739,-3.653333,0.9992088560679753,0.03977011384605572,0.3162411918389506
2024-03-30,17.166666666666668,7.317,5.743666666666667,545.7675,86.97616666666666,3.9856666666666665,0.22783333333333333,0.14,3.4326666666666665,58362,宝山,宝山区,1010.2375,20.529167,61.0,0.0,2.808333,85.866104,722.0,2.52,9.86,2.83,9.86,0,-2.6666666666666696,-2.0811428571428623,722.0,0,694.6666666666666,574.5714285714284,-0.0499999999999998,2.8266666666666667,-0.04,2.533333333333333,1819.44,27.9038,,0.0,,,,,,0.9973983107283654,0.07208751456530511,9.0,35.0,0.0,170.30370000000005,6.596870973486538,28.097330000000003,56.54489244761953,5.0605,0.9788657197600463,0.07807417249379758,-43.0,0.0,7.42,1.0,0.0,795.6,7.896077915041385,66.78,6.260877131903759,-3.362500333333333,0.9997451236925734,0.022576263041545485,0.3343915226825358
2024-03-31,16.705000000000002,7.284666666666666,5.550999999999999,558.3076666666667,71.68416666666667,4.0765,0.31183333333333335,0.1155,3.3425,58362,宝山,宝山区,1011.5875,13.204167,88.958333,0.4,1.783333,84.285911,610.0,2.5,30.9,2.79,30.9,0,14.399999999999997,1.86171428571428,610.0,0,699.0,595.7142857142856,-0.04,2.833333333333333,-0.02,2.526666666666667,1525.0,86.211,,0.0,,,,,,0.9950311172070165,0.09956443034415688,0.4,34.3,0.0,172.9186285714286,4.52006937121788,2.5036662,65.22286334541293,4.809333333333333,0.9567871868898147,0.31413615854828886,-112.0,0.0,21.04,1.0,0.0,736.44,9.616950046433772,8.416,3.855334821569559,3.500833000000002,0.9999855506507186,0.005375731557583884,0.3668011154443481
2024-04-01,17.143333333333334,7.294833333333333,5.644333333333333,565.6288333333333,67.95883333333333,3.9163333333333337,0.26166666666666666,0.11266666666666665,3.222,58362,宝山,宝山区,1010.154167,18.933333,71.541667,2.9,3.129167,144.062074,784.0,2.55,27.3,2.72,27.3,0,22.686666666666664,5.804285714285709,784.0,0,705.3333333333334,646.7142857142856,-0.0699999999999998,2.78,0.0499999999999998,2.523333333333333,1999.2,74.256,,0.0,,,,,,0.5869084219919581,-0.8096533234631409,3.3,31.8,1.4333329999999478,140.68973333333327,5.9655540237866695,13.4729181,55.024986951288724,4.610333333333333,1.0111715379777007,0.11283497884344214,174.0,1.0,-3.599999999999998,0.0,0.0,1005.8999999999999,10.228324628461909,0.0,5.6357380976269535,-1.7899996666666667,0.9999300657962057,-0.011826390691832589,0.3757315263775598
2024-04-02,17.765,7.25,5.8068333333333335,576.1156666666667,52.78366666666667,3.861166666666667,0.2363333333333333,0.10816666666666667,3.2178333333333335,58362,宝山,宝山区,1002.8,20.004167,90.958333,3.3,2.2875,191.050861,997.0,2.44,21.6,2.71,21.6,0,26.6,9.237142857142851,997.0,0,797.0,709.8571428571428,-0.0100000000000002,2.74,-0.1099999999999998,2.4966666666666666,2432.68,58.536,,0.0,,,,,,-0.1916803025938809,-0.9814574171086172,6.6,35.099999999999994,7.354167000000075,68.91318571428576,3.7618316836302226,17.4235,67.52404724890846,4.535833333333334,1.0631597750622017,0.05799903222814799,213.0,1.0,-5.699999999999999,0.0,0.0,1343.1,14.818625233187275,0.0,7.070345688189059,-2.2391669999999984,0.9995786855478958,-0.029025013321975237,0.4179174286676349
2024-04-03,17.886666666666667,7.303999999999999,6.278,557.457,42.80416666666667,3.6016666666666666,0.1991666666666667,0.08650000000000001,2.967166666666667,58362,宝山,宝山区,1012.233333,14.408333,77.375,0.7,2.883333,330.814839,971.0,2.36,26.2,2.69,26.2,0,25.03333333333333,13.999999999999996,971.0,0,917.3333333333334,777.9999999999999,-0.02,2.706666666666667,-0.08,2.45,2291.56,70.478,,0.0,,,,,,-0.48763356520777834,0.8730483984767118,6.8999999999999995,16.299999999999997,0.0,0.12083333333328028,5.321246321140305,22.806330699999997,29.401031665226625,4.031333333333333,1.2555928578178317,0.0927357061123866,-26.0,0.0,4.599999999999998,1.0,0.0,1076.76,20.941691239417864,31.739999999999984,5.998452407528476,3.478333666666666,0.9989315138848577,-0.046215046983708354,0.4527539784760618
2024-04-04,17.765,7.2895,6.270833333333333,580.6745,41.55833333333333,3.6715,0.20533333333333334,0.08883333333333333,2.999333333333333,58362,宝山,宝山区,1018.579167,13.375,51.458333,0.0,2.575,27.848958,833.0,2.39,24.7,2.67,24.7,0,24.166666666666668,20.428571428571423,833.0,0,933.6666666666666,811.7142857142856,-0.02,2.69,0.0300000000000002,2.3966666666666665,1990.87,65.949,,0.0,,,,,,0.46714232522940785,0.884182135071311,4.0,7.299999999999996,0.0,17.831666666666592,4.786826497819537,12.8855,11.540286364138025,4.093,1.233472165037459,0.132013201320132,-138.0,0.0,-1.5,0.0,0.0,1000.1300000000002,21.938515762678676,0.0,5.169082726835303,4.390000000000001,0.9979887423155984,-0.06339140486951038,0.4576513846185635
2024-04-05,17.865,7.266166666666667,6.258,578.6805,48.61116666666667,3.8511666666666664,0.24066666666666667,0.09600000000000002,3.0086666666666666,58362,宝山,宝山区,1019.120833,13.779167,67.041667,1.6,2.45,64.784455,779.0,2.43,22.4,2.62,22.4,0,24.433333333333326,23.279999999999998,779.0,0,861.0,813.7142857142856,-0.0499999999999998,2.66,0.04,2.393333333333333,1892.97,58.688,0.0,1.0,0.0047562425683709,DLR_GWP_P1D_real_raster_proxy,0.7142857142857143,wusongkou_aoi_boundary_proxy,"Derived from DLR Global WaterPack daily real raster masks within a station-centered AOI; label denotes boundary-change proxy relative to the median reference mask, not a manual governance-zone annotation.",0.9047115003759203,0.4260247658147952,2.3,8.899999999999997,0.0,12.590261904761974,5.66543726387355,8.099,15.35211746044334,4.209333333333333,1.1726904474004778,0.17391304347826086,-54.0,0.0,-2.3000000000000007,0.0,0.0,866.32,17.35496376823766,0.0,4.7307880450400255,4.085832999999999,0.9967506498213929,-0.08054900421874167,0.4316241846255353
2024-04-06,18.006666666666668,7.277333333333334,6.347666666666666,562.324,61.5675,3.8695,0.21216666666666664,0.09899999999999999,2.9311666666666665,58362,宝山,宝山区,1017.9125,14.141667,87.875,0.4,1.904167,82.629694,661.0,2.41,22.3,2.62,22.3,0,23.13333333333333,25.057142857142853,661.0,0,757.6666666666666,804.9999999999999,0.0,2.6366666666666667,-0.02,2.41,1593.01,58.426,,0.0,,,,,,0.9917377785599804,0.1282816377230791,2.0,9.299999999999995,1.208332999999925,-6.131452380952396,4.766891183977773,5.719500999999999,17.949914101608528,4.133333333333333,1.185382762238324,0.163599182004092,-118.0,0.0,-0.09999999999999787,0.0,0.0,794.58,12.109588311290471,0.0,4.516084408912667,3.8649996666666677,0.9952176027737294,-0.09768276782171598,0.39224058068895773
2024-04-07,17.886666666666667,7.283666666666666,6.247833333333333,544.7143333333333,92.3985,3.954833333333333,0.19233333333333333,0.10983333333333334,2.853666666666667,58362,宝山,宝山区,1016.2125,12.379167,93.375,39.5,1.920833,68.829805,563.0,2.43,24.5,2.65,24.5,0,23.066666666666663,24.14285714285714,563.0,0,667.6666666666666,798.2857142857141,0.0299999999999998,2.6300000000000003,0.02,2.4233333333333333,1368.09,64.925,,0.0,,,,,,0.9325117904940491,0.36113953063820464,41.5,48.39999999999999,1.7000000000000455,-21.799214285714356,4.662290557794765,81.6424025,94.07062416358458,4.144333333333334,1.1340979128163051,0.021682175601641866,-98.0,0.0,2.1999999999999993,1.0,0.0,674.22,7.148580187761759,91.29999999999997,12.461548597556224,5.507499666666666,0.9933900548258936,-0.11478762552212701,0.3242397876959665
2024-04-08,17.563333333333333,7.274333333333334,6.056333333333334,532.8838333333333,131.93833333333333,4.2515,0.19799999999999998,0.13166666666666668,2.9633333333333334,58362,宝山,宝山区,1018.945833,10.9375,92.416667,6.3,1.475,1.731947,449.0,2.47,1.4,2.69,1.4,0,16.066666666666666,20.44285714285714,449.0,0,557.6666666666666,750.4285714285713,0.04,2.653333333333333,0.04,2.436666666666667,1109.0300000000002,3.766,,0.0,,,,,,0.030223574367468264,0.9995431634263996,46.199999999999996,51.79999999999999,0.0,-28.951857142857193,2.4359669096066705,69.634,100.09740259250658,4.478,1.013636165027617,0.020544427324088343,-114.0,0.0,-23.1,0.0,0.0,585.52,4.194927472637689,0.0,12.708133243836318,6.625833333333333,0.9912685467787256,-0.13185851571739118,0.2643216427685505
2024-04-09,17.925,7.207999999999999,5.384333333333333,538.9888333333333,154.52016666666665,4.769833333333334,0.263,0.15133333333333335,3.228666666666667,58362,宝山,宝山区,1022.816667,15.716667,58.791667,0.0,1.8375,87.208237,427.0,2.6,5.66,2.87,5.66,0,10.519999999999998,18.16571428571428,427.0,0,479.6666666666667,668.9999999999999,0.1800000000000001,2.736666666666667,0.1299999999999999,2.5,1110.2,16.2442,,0.0,,,,,,0.9988131497981234,0.04870617815381758,45.8,48.499999999999986,0.0,-17.54302380952379,4.581687642091321,86.0405,77.38057119329014,5.005,0.8063803316369504,0.02056026728347469,-22.0,0.0,4.26,1.0,0.0,507.36999999999995,3.0842731007018385,195.10799999999998,12.84226016761147,2.2083330000000014,0.9888537064205885,-0.1488903868564548,0.2376919190525224
2024-04-10,18.233333333333334,7.239333333333334,5.353000000000001,535.195,141.42566666666667,4.1568,0.17316666666666666,0.14133333333333334,3.0558333333333336,58362,宝山,宝山区,1020.229167,17.054167,72.125,0.0,2.65,126.56038,403.0,2.68,2.63,2.89,2.63,0,3.229999999999998,14.798571428571424,403.0,0,426.3333333333333,587.8571428571428,0.02,2.8166666666666664,0.08,2.583333333333333,1080.04,7.6007,,0.0,,,,,,0.8032295723889517,-0.5956695846187398,6.3,47.79999999999999,2.587500000000091,-18.156571428571397,5.678770598524894,19.372999999999998,82.4920802989587,4.642333333333333,0.8950882116386665,0.07976071784646005,-24.0,0.0,-3.0300000000000002,0.0,0.0,461.16,2.9933743215759328,0.0,5.92370554244978,1.1791663333333346,0.986146248341595,-0.16587819893463143,0.25262098750226003
2024-04-11,18.551666666666666,7.263000000000001,5.5246666666666675,530.7911666666668,128.2285,3.3526666666666665,0.13699999999999998,0.12333333333333334,2.9668333333333337,58362,宝山,宝山区,1015.991667,18.945833,82.75,0.6,1.875,118.129691,433.0,2.65,6.32,2.86,6.32,0,4.869999999999997,12.172857142857138,433.0,0,421.0,530.7142857142856,-0.0300000000000002,2.873333333333333,-0.0300000000000002,2.643333333333333,1147.45,18.0752,,0.0,,,,,,0.8818826665411922,-0.47146894113419224,0.6,48.39999999999999,4.2374999999999545,-15.434214285714233,4.439486679879796,3.0105,88.716478195076,4.337166666666667,1.0865166120563188,0.12965964343598133,30.0,1.0,3.6900000000000004,1.0,0.0,476.8900000000001,3.2577953005722424,2.214,4.670686406445457,-0.3941663333333345,0.9831469737221499,-0.1828169249850199,0.26912568585382557
2024-04-12,18.74,7.246666666666666,5.346666666666667,542.848,121.7605,3.3015000000000003,0.10366666666666667,0.1205,2.997,58362,宝山,宝山区,1014.383333,16.033333,98.583333,6.8,1.766667,113.427522,538.0,2.63,2.54,2.84,2.54,0,3.829999999999998,9.33571428571428,538.0,0,458.0,496.28571428571416,-0.02,2.8633333333333333,-0.02,2.6533333333333333,1414.94,7.2136,0.0,1.0,0.0,DLR_GWP_P1D_real_raster_proxy,1.0,wusongkou_aoi_boundary_proxy,"Derived from DLR Global WaterPack daily real raster masks within a station-centered AOI; label denotes boundary-change proxy relative to the median reference mask, not a manual governance-zone annotation.",0.9175637500146223,-0.3975886877906661,7.3999999999999995,53.599999999999994,1.6083340000000135,1.7415476190475374,4.331153933183432,14.847002799999997,106.67689345814966,4.305666666666667,1.0713823147377062,0.08492568280885911,105.0,1.0,-3.7800000000000002,0.0,0.0,655.86,3.730841760989895,0.0,5.524428227798435,2.7066669999999995,0.9798567700958665,-0.1997015525660636,0.27784104090151385
2024-04-13,18.728333333333335,7.2275,5.055499999999999,553.9538333333334,113.30866666666667,3.3623333333333334,0.1515,0.11950000000000001,3.129,58362,宝山,宝山区,1013.820833,16.404167,95.541667,0.0,2.575,110.369827,624.0,2.63,16.4,2.85,16.4,0,8.419999999999996,8.492857142857137,624.0,0,531.6666666666666,490.9999999999999,0.0100000000000002,2.85,0.0,2.6366666666666663,1641.12,46.74,,0.0,,,,,,0.9374654238991976,-0.3480784092607551,7.3999999999999995,53.19999999999999,0.5625,14.04311904761903,5.954636214000893,21.63,104.3645921072882,4.4755,0.9953396519471933,0.0866738894907909,86.0,1.0,13.86,1.0,0.0,710.0,4.651149227530137,102.564,5.857499417776577,2.3241663333333342,0.9762766110869321,-0.21652708524481437,0.28994872842117936
2024-04-14,18.974999999999998,7.2275,5.0775,553.7566666666667,87.76733333333334,3.1605000000000003,0.11333333333333333,0.10916666666666668,2.8915,58362,宝山,宝山区,1009.433333,19.841667,90.75,0.0,2.304167,175.97334,703.0,2.59,13.7,2.81,13.7,0,10.879999999999995,6.949999999999995,703.0,0,621.6666666666666,510.9999999999999,-0.04,2.833333333333333,-0.04,2.6166666666666667,1820.77,38.497,,0.0,,,,,,0.07022063749546682,-0.9975314842498608,6.8,13.699999999999992,4.3875000000000455,12.554190476190456,3.449483829059724,17.986502599999998,26.50397844709016,4.096500000000001,1.0643932281563249,0.06900517380091585,79.0,1.0,-2.6999999999999993,0.0,0.0,813.28,7.003327049740519,0.0,6.389329364281256,-0.8666670000000032,0.9724075561219968,-0.23328854407545518,0.33287192478586225
2024-04-15,19.466666666666665,7.2635000000000005,5.128666666666667,556.8815,76.08533333333334,3.1028333333333333,0.07916666666666666,0.1035,2.9248333333333334,58362,宝山,宝山区,1012.554167,20.425,73.666667,0.0,2.179167,85.428212,874.0,2.53,35.0,2.77,35.0,0,21.7,11.749999999999996,874.0,0,733.6666666666666,571.7142857142856,-0.04,2.81,-0.06,2.583333333333333,2211.22,96.95,,0.0,,,,,,0.9968182469519431,0.07970810839340652,0.0,7.399999999999992,0.0,12.250785714285712,5.367534011709167,2.200167,13.31968809667309,4.039,1.1079254409580892,0.3145478045035067,171.0,1.0,21.3,1.0,0.0,1107.7,9.517590894938941,0.0,4.16231894386958,-0.9583333333333357,0.9682507501166718,-0.2499809690726521,0.3568224894195744
2024-04-16,19.613333333333333,7.273666666666667,5.4864999999999995,541.9076666666666,61.768166666666666,2.9873333333333334,0.06949999999999999,0.09633333333333333,2.793333333333333,58362,宝山,宝山区,1012.4,18.595833,83.083333,5.9,2.5,87.133488,843.0,2.47,39.4,2.71,39.4,0,29.366666666666664,16.569999999999997,843.0,0,806.6666666666666,631.142857142857,-0.06,2.763333333333333,-0.0599999999999996,2.53,2082.21,106.774,,0.0,,,,,,0.9987487569473902,0.05000920411327296,5.9,13.299999999999994,0.15416700000002947,-3.140023809523882,6.007594766557869,17.271,24.862085116339657,3.8261666666666665,1.2338557352867983,0.10466637227504992,-31.0,0.0,4.399999999999999,1.0,0.0,926.4399999999997,12.85152505649095,25.959999999999994,5.5476213114954875,1.0175003333333343,0.9638074231367307,-0.26659942067929354,0.39169707738963655
2024-04-17,19.441666666666666,7.202333333333333,5.0345,596.1125000000001,49.6695,3.4098333333333333,0.24083333333333332,0.10583333333333333,3.0406666666666666,58362,宝山,宝山区,1011.966667,12.583333,97.125,54.2,1.9,39.325202,992.0,2.46,22.1,2.67,22.1,0,32.166666666666664,19.351428571428563,992.0,0,903.0,715.2857142857141,-0.04,2.7166666666666663,-0.0100000000000002,2.486666666666667,2440.32,59.007000000000005,,0.0,,,,,,0.6337211910575372,0.7735615373094867,60.1,67.5,0.4333329999999478,42.362309523809586,4.139179862616096,116.0935,133.58460680332445,4.339833333333333,0.9978006704441689,0.015764582321411376,149.0,1.0,-17.299999999999997,0.0,0.0,1152.4100000000003,17.821371831180493,0.0,16.142893389353524,6.858333666666667,0.9590788900341131,-0.28313898122818354,0.42804138401279923
2024-04-18,19.786666666666665,7.196666666666666,4.780833333333334,597.014,48.107499999999995,3.6668333333333334,0.5116666666666667,0.12366666666666666,3.168833333333333,58362,宝山,宝山区,1012.958333,16.025,60.75,0.0,1.791667,95.661124,1130.0,2.42,24.5,2.74,24.5,0,28.66666666666666,21.948571428571423,1130.0,0,988.3333333333334,814.8571428571428,0.0700000000000002,2.706666666666667,-0.04,2.45,2734.6,67.13000000000001,,0.0,,,,,,0.9951227307640086,-0.09864456759894338,60.1,66.9,0.0,33.803404761904744,4.629224179077177,109.48485369999999,108.05025361215961,4.917166666666667,0.8451643778798941,0.015900357673775765,138.0,1.0,2.3999999999999986,1.0,0.0,1318.72,20.12591423577526,144.23999999999992,16.04383047941262,3.7616666666666667,0.9540665500578387,-0.2995947563972602,0.4333561888606434
2024-04-19,19.908333333333335,7.2535,4.9745,575.2161666666667,39.00416666666666,3.3994999999999997,0.35916666666666663,0.104,2.887833333333333,58362,宝山,宝山区,1005.866667,18.420833,67.041667,6.6,4.275,170.314443,860.0,2.42,37.7,2.77,37.7,0,28.099999999999994,26.971428571428568,860.0,0,994.0,860.8571428571428,0.0299999999999998,2.7266666666666666,0.0,2.433333333333333,2081.2,104.429,0.0,1.0,0.0035671819262782,DLR_GWP_P1D_real_raster_proxy,0.7857142857142857,wusongkou_aoi_boundary_proxy,"Derived from DLR Global WaterPack daily real raster masks within a station-centered AOI; label denotes boundary-change proxy relative to the median reference mask, not a manual governance-zone annotation.",0.1682409001501302,-0.9857459102206176,60.800000000000004,66.7,7.091666000000032,7.3815476190476375,6.007944023805967,264.19500000000005,111.92240261512663,4.287,0.9738379772267002,0.01366742609264169,-270.0,0.0,13.200000000000003,1.0,0.0,1130.0,24.84741172794501,802.5600000000002,18.979033872013037,1.4875003333333368,0.9487718864399473,-0.31596187665790293,0.4681566312920711
2024-04-20,20.163333333333334,7.2595,5.020833333333333,549.4011666666667,45.296166666666664,3.2875,0.41250000000000003,0.1085,2.8315,58362,宝山,宝山区,1008.408333,17.691667,77.875,0.0,2.475,329.654327,840.0,2.43,36.9,2.68,36.9,0,33.03333333333333,29.899999999999995,840.0,0,943.3333333333334,891.7142857142856,-0.0899999999999998,2.7300000000000004,0.0100000000000002,2.4233333333333333,2041.2,98.892,,0.0,,,,,,-0.5052157142246302,0.8629930950479828,6.6,66.7,0.0,-17.783071428571475,4.735597641701903,18.813499999999998,119.17172606547538,4.329000000000001,0.9858411297890073,0.09925558312655088,-20.0,0.0,-0.8000000000000043,0.0,0.0,868.6000000000003,20.37605705295975,0.0,5.632915355561453,2.471666333333335,0.9431964659565866,-0.33223549871590435,0.44336250643168607
2024-04-21,20.150000000000002,7.298166666666667,5.430499999999999,525.1108333333333,63.401666666666664,3.103666666666667,0.231,0.1035,2.702,58362,宝山,宝山区,1011.595833,16.341667,83.375,0.0,1.733333,21.121264,543.0,2.43,35.7,2.68,35.7,0,36.76666666666666,33.04285714285714,543.0,0,747.6666666666666,868.8571428571428,0.0,2.7100000000000004,0.0,2.4266666666666667,1319.49,95.67600000000002,,0.0,,,,,,0.3603430273912614,0.932819866110548,6.6,66.7,0.0,-37.98114285714291,3.3027698477255685,13.173330799999999,122.85583903190488,3.968,1.1482292281516722,0.1071428609693879,-297.0,0.0,-1.1999999999999957,0.0,0.0,840.0,11.609430397764031,0.0,5.012600835536904,3.808333000000001,0.9373419384643772,-0.3484108069446808,0.38733633756146224
2024-04-22,20.406666666666666,7.261,5.022166666666666,549.838,76.11399999999999,3.4179999999999997,0.19066666666666665,0.111,2.7175,58362,宝山,宝山区,1010.666667,17.270833,82.166667,2.2,1.825,85.536023,592.0,2.56,33.4,2.69,33.4,0,35.33333333333333,32.81428571428571,592.0,0,658.3333333333334,828.5714285714284,0.0099999999999997,2.6833333333333336,0.1299999999999999,2.473333333333333,1515.52,89.84599999999999,,0.0,,,,,,0.9969664654940132,0.07783229843949374,2.2,68.9,0.9291660000000093,-12.247761904761887,4.602242959376232,5.8854999999999995,126.05174390203416,4.018166666666667,0.9962527147442715,0.16794963392018267,49.0,1.0,-2.3000000000000043,0.0,0.0,724.3299999999999,8.537144141573949,0.0,4.428757827045051,3.1358336666666666,0.9312100364121947,-0.3644830148102912,0.3567593797424873
2024-04-23,20.526666666666667,7.228333333333333,4.852166666666666,539.8963333333332,85.8125,3.455666666666667,0.17083333333333336,0.12016666666666666,2.8195,58362,宝山,宝山区,1009.970833,17.825,81.541667,2.3,1.279167,219.860832,544.0,2.57,9.25,2.74,9.25,0,26.116666666666664,28.507142857142856,544.0,0,559.6666666666666,785.8571428571428,0.0500000000000002,2.703333333333333,0.0099999999999997,2.52,1398.08,25.345,,0.0,,,,,,-0.6409250395276644,-0.7676034742668,4.5,65.3,0.6958339999999907,-21.902095238095285,3.044135029236971,7.038918499999999,119.04173083274954,4.192,0.9435653543946483,0.13377924631715785,-48.0,0.0,-24.15,0.0,0.0,597.9199999999998,6.446844252459803,0.0,4.46939897217579,2.701666666666668,0.9248025743285089,-0.38044736628785164,0.3366515984237828
2024-04-24,20.871666666666666,7.216333333333334,4.764333333333333,532.0158333333334,94.05183333333332,3.5026666666666664,0.15433333333333332,0.1265,2.887833333333333,58362,宝山,宝山区,1011.833333,20.0875,39.666667,0.0,1.816667,148.688759,529.0,2.61,10.3,2.81,10.3,0,17.649999999999995,26.82142857142857,529.0,0,555.0,719.7142857142856,0.0699999999999998,2.7466666666666666,0.04,2.58,1380.6899999999998,28.943,,0.0,,,,,,0.5196867402607956,-0.8543568879555594,4.5,11.1,0.0,-20.625928571428517,3.7016963023512837,10.005668499999999,15.941876958913472,4.307166666666666,0.9103922212179297,0.13667425345447592,-15.0,0.0,1.0500000000000007,1.0,0.0,565.76,5.838919466747091,4.725000000000003,4.646878851622842,0.7841666666666676,0.9181214482844364,-0.39629913726891813,0.321261436495588
2024-04-25,21.125,7.2485,4.940666666666666,525.0998333333333,94.72466666666666,3.4891666666666663,0.11483333333333334,0.12066666666666666,2.8345000000000002,58362,宝山,宝山区,1008.508333,20.095833,42.708333,0.3,3.4,148.008817,558.0,2.62,5.17,2.83,5.17,0,8.239999999999995,24.059999999999995,558.0,0,543.6666666666666,637.9999999999999,0.02,2.793333333333333,0.0100000000000002,2.6,1461.96,14.6311,,0.0,,,,,,0.5297887555011878,-0.8481296331012746,2.5999999999999996,11.4,3.3250000000000455,-17.268476190476235,6.150204189677303,12.2435,16.60228124484804,4.156000000000001,0.9601293068182468,0.09685230024213032,29.0,1.0,-5.130000000000001,0.0,0.0,592.8700000000001,5.679483518702947,0.0,5.900769927223741,1.029167000000001,0.9111686353326631,-0.41203363695942635,0.32006418420848304
2024-04-26,20.745666666666665,7.2815,5.268999999999999,521.2706666666667,93.82633333333332,3.3631666666666664,0.09200000000000001,0.11816666666666668,2.8183333333333334,58362,宝山,宝山区,1007.866667,17.408333,87.666667,0.2,2.016667,114.071653,450.0,2.58,3.21,2.84,3.21,0,6.226666666666662,19.13285714285714,450.0,0,512.3333333333334,579.4285714285713,0.0099999999999997,2.8266666666666667,-0.04,2.603333333333333,1161.0,9.1164,0.0,1.0,0.0059453032104637,DLR_GWP_P1D_real_raster_proxy,0.6428571428571428,wusongkou_aoi_boundary_proxy,"Derived from DLR Global WaterPack daily real raster masks within a station-centered AOI; label denotes boundary-change proxy relative to the median reference mask, not a manual governance-zone annotation.",0.9130360863806881,-0.4078787871005754,0.5,5.0,0.6416659999999865,-13.391142857142768,4.774676846138485,3.0390004999999998,9.6800000331855,4.0920000000000005,1.0537146281526395,0.24048098120088104,-108.0,0.0,-1.96,0.0,0.0,580.32,5.402859262019342,0.0,4.0288849254874455,3.337333666666666,0.9039461929224011,-0.42764620926777464,0.32166459235222
2024-04-27,20.088333333333335,7.289166666666667,5.417666666666666,508.25666666666666,93.57433333333334,3.1826666666666665,0.07083333333333333,0.1115,2.7336666666666667,58362,宝山,宝山区,1010.4,18.3125,92.708333,0.0,2.75,102.246523,442.0,2.59,5.33,2.82,5.33,0,4.569999999999996,14.622857142857136,442.0,0,483.3333333333333,522.5714285714284,-0.02,2.83,0.0099999999999997,2.596666666666667,1144.78,15.0306,,0.0,,,,,,0.9772439806861034,-0.21211836840023704,0.5,5.0,0.0,-20.527357142857227,6.351456412393555,4.1285,9.893025908090879,3.9195,1.1355185816410036,0.23529411764705882,-8.0,0.0,2.12,1.0,0.0,454.4999999999999,5.110618455324382,1.06,4.330968578526619,1.7758333333333347,0.8964562582905575,-0.44313223418263453,0.3221162616249491
2024-04-28,20.06983333333333,7.294833333333333,5.354666666666667,507.7473333333333,87.73083333333334,3.1948333333333334,0.08616666666666667,0.11,2.7561666666666667,58362,宝山,宝山区,1007.620833,18.491667,98.166667,1.8,2.104167,90.942938,476.0,2.6,6.17,2.8,6.17,0,4.903333333333329,10.40428571428571,476.0,0,456.0,512.9999999999999,-0.02,2.82,0.0100000000000002,2.59,1237.6,17.276,,0.0,,,,,,0.99986458049773,-0.016456629852388042,2.0,6.8,2.7791670000000295,-18.556190476190466,5.133176528385419,6.316000999999999,13.741660930468996,3.9423333333333335,1.119339744206494,0.1268498835644914,34.0,1.0,0.8399999999999999,1.0,0.0,515.1000000000001,5.139138029809255,1.6799999999999997,4.829473270997685,1.578166333333332,0.8887010478292915,-0.45848712914008766,0.3329417319911461
2024-04-29,20.155666666666665,7.280333333333334,5.231000000000001,513.2546666666667,83.416,3.220833333333333,0.10166666666666667,0.1095,2.6818333333333335,58362,宝山,宝山区,1009.033333,18.454167,83.708333,0.0,2.054167,8.124126,662.0,2.6,18.7,2.81,18.7,0,10.06666666666666,8.30428571428571,662.0,0,526.6666666666666,522.9999999999999,0.0100000000000002,2.81,0.0,2.5966666666666662,1721.2,52.547,,0.0,,,,,,0.14131809674962062,0.9899642395213399,1.8,4.6,0.0,-7.8226666666666915,3.3189742193737573,5.7516676,8.81117395608815,3.8785,1.0864932644233813,0.20600856954447588,186.0,1.0,12.53,1.0,0.0,848.0,6.23894364417488,22.554,4.334397620885775,1.7014996666666633,0.8806828564301475,-0.47370635037968,0.3414031012673481
2024-04-30,19.999166666666667,7.253333333333334,5.404333333333334,521.8795,69.02416666666666,3.0716666666666668,0.0725,0.1045,2.673,58362,宝山,宝山区,1011.008333,14.145833,86.083333,6.5,3.004167,24.21594,497.0,2.58,32.7,2.82,32.7,0,19.19,11.65428571428571,497.0,0,545.0,516.2857142857141,0.0099999999999997,2.81,-0.02,2.5933333333333333,1282.26,92.214,,0.0,,,,,,0.4101767747918904,0.9120060380399478,8.3,8.8,0.0,3.3759999999999764,5.167996542549927,27.9457531,16.826111418848715,3.7904999999999998,1.1716184057596872,0.08127327920695485,-165.0,0.0,14.000000000000004,1.0,0.0,675.24,7.783027288198123,116.20000000000005,6.090724068374743,5.853333666666668,0.8724040568049612,-0.48878539428899265,0.3731293687987347
2024-05-01,19.805666666666667,7.229833333333333,5.3918333333333335,544.8915,63.25033333333334,3.0063333333333335,0.07316666666666667,0.10049999999999999,2.641166666666667,58362,宝山,宝山区,1015.25,16.829167,56.625,0.0,2.045833,21.02081,945.0,2.63,41.4,2.75,41.4,0,30.933333333333326,16.097142857142853,945.0,0,701.3333333333334,575.7142857142856,-0.0699999999999998,2.793333333333333,0.0499999999999998,2.603333333333333,2485.35,113.85,,0.0,,,,,,0.35870700512836834,0.933450204602172,6.5,8.8,0.0,24.548619047619013,3.807524013780567,15.3612475,14.302547559446309,3.7193333333333336,1.195277498203445,0.1047577513664863,448.0,1.0,8.699999999999996,1.0,0.0,1462.6499999999999,10.915637272958374,56.54999999999997,5.418346099849373,2.9764996666666654,0.8638670987837349,-0.503719798736334,0.387735656133102
2024-05-02,19.986333333333334,7.237166666666667,5.331333333333333,545.7356666666666,49.42783333333333,3.105166666666667,0.058499999999999996,0.09400000000000001,2.6281666666666665,58362,宝山,宝山区,1018.345833,16.6375,81.666667,0.0,2.241667,94.644631,766.0,2.54,39.0,2.72,39.0,0,37.7,20.93,766.0,0,736.0,605.4285714285713,-0.0299999999999998,2.763333333333333,-0.0899999999999998,2.583333333333333,1945.64,106.08,,0.0,,,,,,0.9967161044665712,-0.08097534869936025,6.5,8.5,0.0,22.444809523809454,5.472345619956354,16.844002500000002,15.990042635005361,3.626666666666667,1.178476841059818,0.10265183566631872,-179.0,0.0,-2.3999999999999986,0.0,0.0,1030.05,14.59511447051397,0.0,5.450700913606344,3.348833333333335,0.8550745085896932,-0.518505144391157,0.42885286646215326
2024-05-03,20.211666666666666,7.267666666666667,5.6145,542.3829999999999,44.402166666666666,2.9631666666666665,0.06183333333333333,0.08883333333333333,2.5335,58362,宝山,宝山区,1016.279167,18.166667,71.458333,0.0,2.6625,99.681611,705.0,2.2,37.9,2.68,37.9,0,39.43333333333333,25.88571428571428,705.0,0,805.3333333333334,641.8571428571428,-0.04,2.716666666666667,-0.3399999999999998,2.456666666666667,1551.0000000000002,101.572,0.0,1.0,0.0035671819262782,DLR_GWP_P1D_real_raster_proxy,0.7857142857142857,wusongkou_aoi_boundary_proxy,"Derived from DLR Global WaterPack daily real raster masks within a station-centered AOI; label denotes boundary-change proxy relative to the median reference mask, not a manual governance-zone annotation.",0.9857574947500909,-0.16817301074793334,0.0,8.3,2.066665999999941,16.076095238095263,6.271021615396104,2.7815,14.785989818092284,3.4836666666666667,1.2904800082476573,0.1745454748562025,-61.0,0.0,-1.1000000000000014,0.0,0.0,1026.4399999999998,17.737773160605407,0.0,4.786831964484773,2.0449996666666657,0.8460288880917339,-0.533137056031809,0.44667222517670757
2024-05-04,20.225166666666667,7.266000000000001,5.685833333333334,558.3263333333333,49.4115,3.1616666666666666,0.07966666666666666,0.08983333333333333,2.579,58362,宝山,宝山区,1009.825,18.016667,80.5,5.1,2.970833,153.533354,720.0,2.49,34.9,2.66,34.9,0,37.26666666666666,30.11,720.0,0,730.3333333333334,681.5714285714284,-0.02,2.686666666666667,0.29,2.41,1792.8000000000002,92.834,,0.0,,,,,,0.4456767630239721,-0.8951939582573568,5.1,13.399999999999999,6.454166999999984,24.866619047618997,5.281960105517539,18.2235813,24.733686879282605,3.5570000000000004,1.2506517665255856,0.06441223832528187,15.0,1.0,-3.0,0.0,0.0,948.15,14.487435075991261,0.0,6.891306717373818,2.2084996666666648,0.8367329140344921,-0.5476112038402312,0.42890785170099777
2024-05-05,20.226833333333335,7.246333333333333,5.713166666666666,533.789,58.51566666666667,3.0596666666666668,0.09183333333333332,0.09366666666666668,2.4485,58362,宝山,宝山区,1009.783333,19.791667,87.708333,1.1,2.079167,271.917511,605.0,2.44,36.0,2.66,36.0,0,36.26666666666666,34.37142857142857,605.0,0,676.6666666666666,699.9999999999999,0.0,2.6666666666666665,-0.0500000000000002,2.376666666666667,1476.2,95.76,,0.0,,,,,,-0.999440036226083,0.03346063341309863,6.199999999999999,12.7,0.04166700000007495,-3.390952380952399,5.118201739710473,14.987502399999999,24.381673181807933,3.4770000000000003,1.2699816029739972,0.10728653680561118,-115.0,0.0,1.1000000000000014,1.0,0.0,756.0000000000002,11.369555355172587,6.820000000000008,5.197239148964105,0.4351663333333349,0.8271893372462497,-0.5619233046832195,0.4007284125339079
2024-05-06,20.578833333333332,7.294833333333333,5.762166666666666,491.37716666666665,75.97983333333333,3.003833333333333,0.06633333333333334,0.09599999999999999,2.396333333333333,58362,宝山,宝山区,1013.595833,21.4,66.25,0.0,2.275,303.447384,462.0,2.48,32.5,2.69,32.5,0,34.46666666666666,36.34285714285714,462.0,0,595.6666666666666,671.4285714285713,0.0299999999999998,2.67,0.04,2.47,1145.76,87.425,,0.0,,,,,,-0.8343923264999351,0.551170976628873,6.199999999999999,12.7,0.0,-42.67742857142855,5.093901600900287,16.394,21.649038993235916,3.4226666666666663,1.2946895090858968,0.10554089709762533,-143.0,0.0,-3.5,0.0,0.0,629.2,7.737957343806494,0.0,5.200136141581921,-0.8211666666666666,0.8174009818249189,-0.5760691233798758,0.357054950002229
2024-05-07,20.9995,7.295999999999999,5.678166666666667,473.5921666666666,104.36483333333335,3.1558333333333333,0.07116666666666667,0.109,2.5075,58362,宝山,宝山区,1016.420833,21.0375,58.458333,0.0,1.8125,10.466683,443.0,2.55,11.2,2.74,11.2,0,26.56666666666666,33.271428571428565,443.0,0,503.3333333333333,663.7142857142856,0.0500000000000002,2.6966666666666668,0.0699999999999998,2.49,1129.65,30.688,,0.0,,,,,,0.18166374049398884,0.9833607097040906,1.1,6.199999999999999,0.0,-53.56423809523807,3.0561392140101886,3.83075,10.32190774300423,3.6686666666666667,1.206743529527133,0.25559105431309903,-19.0,0.0,-21.3,0.0,0.0,494.3399999999999,4.777052432104955,0.0,3.8930383357434066,-0.038000000000000256,0.8073707443023492,-0.5900444739548627,0.3037776216071626
2024-05-08,21.388,7.2876666666666665,5.799499999999999,443.6248333333333,113.64200000000001,3.0316666666666663,0.08233333333333333,0.11499999999999999,2.531833333333333,58362,宝山,宝山区,1020.083333,17.7,67.208333,0.0,2.308333,56.622984,335.0,2.56,11.5,2.81,11.5,0,18.399999999999995,29.0,335.0,0,413.3333333333333,576.5714285714284,0.0699999999999998,2.7466666666666666,0.0100000000000002,2.53,857.6,32.315,,0.0,,,,,,0.835068619494848,0.5501457995249702,0.0,6.199999999999999,0.0,-69.0649047619047,5.108516125638882,2.3118330000000005,10.81170760591039,3.764166666666666,1.241842883295347,0.30226703297400837,-108.0,0.0,0.3000000000000007,1.0,0.0,447.4300000000001,3.6054267487773526,0.0,3.85357306335937,3.6880000000000024,0.7971015927871943,-0.6038452208771035,0.2894544878506733
2024-05-09,21.529833333333332,7.313833333333334,5.950500000000001,440.35066666666665,122.74766666666666,3.3681666666666668,0.10633333333333334,0.128,2.6225,58362,宝山,宝山区,1018.529167,19.333333,54.875,0.0,2.608333,146.274549,349.0,2.66,13.6,2.84,13.6,0,12.099999999999994,25.371428571428567,349.0,0,375.6666666666667,516.9999999999999,0.0299999999999998,2.796666666666667,0.1,2.59,928.34,38.624,,0.0,,,,,,0.5552139298348884,-0.8317075760850683,0.0,6.199999999999999,1.5541660000000093,-57.284071428571394,4.935205788420543,2.643333,9.988141834531065,4.0088333333333335,1.1633173261936398,0.19370463800574067,14.0,1.0,2.0999999999999996,1.0,0.0,399.3,3.0357474753732734,0.0,4.375487487139024,2.196500333333333,0.7865965660866021,-0.6174672802835514,0.276481592449057
2024-05-10,21.4425,7.32,5.88,472.32733333333334,108.39816666666667,3.1628333333333334,0.0625,0.11466666666666668,2.5375,58362,宝山,宝山区,1013.079167,22.9875,57.333333,0.0,3.5875,178.798751,455.0,2.67,12.3,2.85,12.3,0,12.46666666666666,21.71428571428571,455.0,0,379.6666666666667,481.28571428571416,0.0100000000000002,2.833333333333333,0.0099999999999997,2.6300000000000003,1214.85,35.055,0.0,1.0,0.0130796670630202,DLR_GWP_P1D_real_raster_proxy,0.2142857142857143,wusongkou_aoi_boundary_proxy,"Derived from DLR Global WaterPack daily real raster masks within a station-centered AOI; label denotes boundary-change proxy relative to the median reference mask, not a manual governance-zone annotation.",0.020964214259819897,-0.9997802267100847,0.0,6.199999999999999,5.4500000000000455,-15.299452380952346,4.581083040084262,3.5909999999999997,10.144699270444848,3.746666666666667,1.2298205354994933,0.09962640099626356,106.0,1.0,-1.299999999999999,0.0,0.0,566.6099999999999,3.470503009648242,0.0,5.8396030073267156,-1.5450000000000017,0.7758587728069828,-0.6309066211876704,0.2974014943974804
2024-05-11,21.425666666666668,7.334499999999999,5.721,507.5581666666667,93.3295,3.173833333333333,0.05416666666666667,0.10916666666666668,2.4686666666666666,58362,宝山,宝山区,1010.858333,20.833333,95.0,6.7,2.4125,233.003434,608.0,2.65,11.3,2.83,11.3,0,12.399999999999997,18.342857142857135,608.0,0,470.6666666666667,465.28571428571416,-0.02,2.84,-0.02,2.66,1611.2,31.979000000000003,,0.0,,,,,,-0.7986715781594657,-0.6017671561661276,6.7,7.800000000000001,2.220833999999968,27.183976190476187,5.301067922466196,18.583250000000003,15.59928820604353,3.6145,1.2076109753818078,0.08108107669832039,153.0,1.0,-1.0,0.0,0.0,776.22,4.989602050966736,0.0,5.944424614654893,0.5923336666666685,0.7648913904341225,-0.6441592666722685,0.3225562399380095
2024-05-12,21.40433333333333,7.315333333333334,5.570166666666666,492.362,99.39066666666668,3.121166666666667,0.06416666666666666,0.108,2.462666666666667,58362,宝山,宝山区,1015.316667,16.766667,69.083333,0.0,1.416667,118.257294,460.0,2.57,4.61,2.84,4.61,0,9.403333333333329,13.858571428571423,460.0,0,507.6666666666667,444.5714285714285,0.0099999999999997,2.84,-0.08,2.63,1182.1999999999998,13.0924,,0.0,,,,,,0.8808304754312092,-0.47343180454172057,6.7,6.700000000000001,0.0,17.905952380952385,3.584520173587202,10.9363359,11.679902251142188,3.6068333333333333,1.1869439283775458,0.1096892098833927,-148.0,0.0,-6.69,0.0,0.0,656.6400000000001,5.056911001022671,0.0,4.792746397458651,4.637666333333328,0.753697664392914,-0.6572212950663319,0.3119859506934112
2024-05-13,21.37216666666667,7.293500000000001,5.221,524.577,87.72916666666667,3.281,0.135,0.1145,2.5483333333333333,58362,宝山,宝山区,1016.091667,19.05,54.541667,0.0,1.529167,103.73359,745.0,2.68,12.7,2.76,12.7,0,9.536666666666662,11.029999999999996,745.0,0,604.3333333333334,484.9999999999999,-0.08,2.81,0.1100000000000003,2.6333333333333333,1996.6,35.05199999999999,,0.0,,,,,,0.9714101052398936,-0.23740768192672068,6.7,6.700000000000001,0.0,45.378119047619066,4.006824116429936,11.8130859,10.707520874633913,3.8283333333333336,1.055019583619437,0.10835214055613036,285.0,1.0,8.09,1.0,0.0,1143.3000000000004,6.810988494951867,54.203,5.062136860895775,2.322166666666668,0.742280907086982,-0.6700888411055113,0.3329449202202728
2024-05-14,21.4105,7.3388333333333335,5.468666666666667,533.957,72.4415,3.25,0.12333333333333334,0.107,2.491,58362,宝山,宝山区,1015.041667,20.458333,53.416667,0.0,1.879167,129.937164,722.0,2.57,35.1,2.76,35.1,0,17.469999999999995,14.444285714285712,722.0,0,642.3333333333334,524.8571428571428,0.0,2.786666666666666,-0.1100000000000003,2.6066666666666665,1855.54,96.876,,0.0,,,,,,0.766748924316196,-0.641947106123204,0.0,6.700000000000001,1.0500000000000682,46.134571428571405,4.3075276591843075,1.9176670000000002,10.716338858131673,3.684333333333334,1.1305377530439862,0.2545068713037605,-23.0,0.0,22.400000000000002,1.0,0.0,826.9500000000003,8.746190278430225,0.0,4.12332297843542,0.9521669999999993,0.7306444969184916,-0.6827580970759147,0.365041710905864
2024-05-15,21.52916666666667,7.332833333333333,5.595,524.7295,56.36783333333333,3.110666666666667,0.09099999999999998,0.09483333333333333,2.3405,58362,宝山,宝山区,1019.733333,17.6875,56.708333,0.0,2.7625,343.203234,623.0,2.48,42.2,2.71,42.2,0,30.0,18.829999999999995,623.0,0,696.6666666666666,565.9999999999999,-0.0499999999999998,2.7433333333333336,-0.0899999999999998,2.5766666666666667,1545.04,114.362,,0.0,,,,,,-0.2889777615921367,0.9573358101028072,0.0,6.700000000000001,0.0,25.32069047619052,4.526223621653692,2.794,11.014556391672773,3.3798333333333335,1.2241720788518708,0.26578073089700993,-99.0,0.0,7.100000000000001,1.0,0.0,786.9799999999999,12.14385529637689,0.0,4.377055407397439,3.8416666666666686,0.7187918772884232,-0.6952253139408722,0.40696716153139145
2024-05-16,21.870166666666666,7.315833333333333,5.272833333333334,611.9678333333333,42.778,3.1588333333333334,0.07983333333333333,0.08783333333333333,2.411,58362,宝山,宝山区,1014.0625,21.7375,37.416667,0.0,3.066667,188.125564,1160.0,2.53,40.9,2.69,40.9,0,39.4,22.729999999999997,1160.0,0,835.0,681.8571428571428,-0.02,2.72,0.0499999999999998,2.526666666666667,2934.8,110.021,,0.0,,,,,,-0.14134294266389621,-0.989960692431326,0.0,6.700000000000001,5.670833000000016,88.04228571428564,4.558674285204946,3.084167,9.761741156745067,3.3691666666666666,1.1649547911831295,0.1026957637997431,537.0,1.0,-1.3000000000000043,0.0,0.0,1781.8499999999997,19.073507241079994,0.0,5.941136335552946,0.13266666666666538,0.7067265555776158,-0.7074868024503348,0.4528554008992881
2024-05-17,22.38,7.528,5.791333333333333,603.6239999999999,47.94466666666667,3.2946666666666666,0.04083333333333333,0.08650000000000001,2.190166666666667,58362,宝山,宝山区,1010.991667,24.695833,55.5,0.0,2.9375,169.043867,1030.0,2.33,39.1,2.68,39.1,0,40.73333333333333,26.55857142857143,1030.0,0,937.6666666666666,763.9999999999999,-0.0099999999999997,2.6933333333333334,-0.1999999999999997,2.4466666666666668,2399.9,104.788,1.0,1.0,0.0178359096313912,DLR_GWP_P1D_real_raster_proxy,0.15,wusongkou_aoi_boundary_proxy,"Derived from DLR Global WaterPack daily real raster masks within a station-centered AOI; label denotes boundary-change proxy relative to the median reference mask, not a manual governance-zone annotation.",0.19005738260447966,-0.9817729835952579,0.0,6.700000000000001,3.0708329999999933,60.94178571428563,4.5365362340032025,3.0075,10.978195025499687,3.0960000000000005,1.2614956289291444,0.1426872838376831,-130.0,0.0,-1.7999999999999972,0.0,0.0,1391.9999999999998,19.157688273833035,0.0,5.298777562910405,-2.3158330000000014,0.6944521021088763,-0.719538934232584,0.4339199404385031
2024-05-18,22.730999999999998,7.437833333333334,5.901166666666666,586.436,43.134166666666665,2.954,0.04616666666666666,0.08733333333333333,2.1745,58362,宝山,宝山区,1011.741667,23.883333,70.791667,0.0,2.854167,134.868267,567.0,2.24,38.1,2.63,38.1,0,39.36666666666667,30.38714285714285,567.0,0,919.0,758.142857142857,-0.0500000000000002,2.6666666666666665,-0.0899999999999998,2.3666666666666667,1270.0800000000002,100.203,,0.0,,,,,,0.7087306727389007,-0.7054791517253116,0.0,0.0,0.0,32.4855238095239,5.828320910827342,2.8856669999999998,0.5547006542836405,3.0940000000000003,1.3714824735987157,0.25945943701972435,-463.0,0.0,-1.0,0.0,0.0,1122.6999999999998,20.822869658805537,0.0,4.379173886446322,-1.1523330000000023,0.6819721490904629,-0.7313781428679254,0.45148006773100746
2024-05-19,22.995500000000003,7.385166666666667,5.9446666666666665,566.1845,48.57816666666667,3.1221666666666668,0.058666666666666666,0.09333333333333334,2.252666666666667,58362,宝山,宝山区,1011.783333,22.554167,79.541667,0.0,2.475,120.721447,559.0,2.36,34.7,2.58,34.7,0,37.3,34.68571428571428,559.0,0,718.6666666666666,772.2857142857141,-0.0499999999999998,2.6300000000000003,0.1199999999999996,2.31,1319.24,89.52600000000001,,0.0,,,,,,0.8596611045463595,-0.5108647426962769,0.0,0.0,0.0,1.6879523809523107,5.551851751311619,2.517,0.54681748442799,3.2446666666666673,1.3170052691440441,0.28776978417266186,-8.0,0.0,-3.3999999999999986,0.0,0.0,635.0399999999998,14.495628115870897,0.0,4.156819518517596,0.44133300000000375,0.6692903895412567,-0.7430009249440493,0.4317371252636518
2024-05-20,23.259500000000003,7.403666666666666,5.961333333333333,536.9971666666667,58.1625,3.0576666666666665,0.064,0.10033333333333333,2.202,58362,宝山,宝山区,1014.120833,23.291667,84.958333,0.0,2.641667,110.214213,533.0,2.42,31.6,2.61,31.6,0,34.800000000000004,37.385714285714286,533.0,0,553.0,741.9999999999999,0.0299999999999998,2.606666666666667,0.06,2.34,1289.86,82.476,,0.0,,,,,,0.9384073379546786,-0.34553099437360707,0.0,0.0,0.0,-29.273690476190495,6.062686073076751,2.662667,0.5366921840109982,3.2693333333333334,1.316976504798351,0.27459951719912884,-26.0,0.0,-3.1000000000000014,0.0,0.0,592.5400000000001,9.347137122332558,0.0,4.23555875102488,-0.032166999999997614,0.6564105761979381,-0.7544038410927472,0.4017386219498482
2024-05-21,23.47683333333333,7.403,5.8755,525.7608333333333,66.705,3.018166666666666,0.051833333333333335,0.102,2.2413333333333334,58362,宝山,宝山区,1015.4,22.466667,74.541667,0.0,2.579167,106.761813,462.0,2.39,31.6,2.62,31.6,0,32.63333333333333,36.885714285714286,462.0,0,518.0,704.8571428571428,0.0100000000000002,2.603333333333333,-0.0299999999999998,2.39,1104.18,82.792,,0.0,,,,,,0.9575119213726486,-0.2883936899955664,0.0,0.0,0.0,-39.33914285714286,5.969409207823865,2.589667,0.527327645803718,3.3131666666666666,1.3057557183357709,0.2793946189155186,-71.0,0.0,0.0,0.0,0.0,548.9899999999999,7.650838195111144,0.0,4.136096488013561,1.0101663333333306,0.6433365204044917,-0.765583517007675,0.37884610753232695
2024-05-22,23.549166666666668,7.392666666666667,5.874333333333333,506.18250000000006,81.66466666666666,2.9593333333333334,0.042833333333333334,0.10433333333333333,2.2161666666666666,58362,宝山,宝山区,1012.529167,22.116667,78.75,0.0,2.229167,102.019452,386.0,2.46,7.65,2.63,7.65,0,23.616666666666664,31.95,386.0,0,460.3333333333333,670.9999999999999,0.0099999999999997,2.62,0.0699999999999998,2.4233333333333333,949.56,20.1195,,0.0,,,,,,0.9780769580442201,-0.20824376135424755,0.0,0.0,2.870832999999948,-56.26790476190462,5.303227582287027,2.2536669999999996,0.4805135580463918,3.3023333333333333,1.3158659964126966,0.1639344262295096,-76.0,0.0,-23.950000000000003,0.0,0.0,494.3399999999999,5.5686831133011285,0.0,4.436830665948549,1.4324996666666685,0.6300720909843687,-0.7765366444428655,0.3449615422972523
2024-05-23,23.728333333333335,7.3755,5.748833333333334,487.2453333333333,91.00383333333333,2.8128333333333333,0.05516666666666667,0.109,2.2816666666666667,58362,宝山,宝山区,1010.225,23.245833,80.708333,0.0,2.2625,124.566285,451.0,2.47,0.725,2.68,0.725,0,13.324999999999998,26.210714285714285,451.0,0,433.0,569.7142857142856,0.0500000000000002,2.643333333333333,0.0100000000000002,2.44,1113.97,1.943,,0.0,,,,,,0.8234703667058187,-0.567359282251894,0.0,0.0,2.3041670000000067,-57.387571428571505,5.04265403164675,2.2660000000000005,0.39930093939012046,3.4268333333333336,1.3066916984298376,0.1796407078059454,65.0,1.0,-6.925000000000001,0.0,0.0,521.1600000000001,4.706325642228675,0.0,4.400241361613458,0.4825003333333342,0.6166212130956382,-0.7872599821916922,0.32679345708188723
2024-05-24,23.97925,7.38825,5.884,454.9355,96.331,2.8587499999999997,0.07125000000000001,0.1155,2.28425,58362,宝山,宝山区,1012.1,23.4375,80.958333,0.0,2.75,112.835798,340.0,2.51,5.68,2.73,5.68,0,4.684999999999998,21.436428571428568,340.0,0,392.3333333333333,471.142857142857,0.0499999999999998,2.68,0.0399999999999995,2.48,853.4,15.5064,0.0,1.0,0.0154577883472057,DLR_GWP_P1D_real_raster_proxy,0.15,wusongkou_aoi_boundary_proxy,"Derived from DLR Global WaterPack daily real raster masks within a station-centered AOI; label denotes boundary-change proxy relative to the median reference mask, not a manual governance-zone annotation.",0.9216208546596412,-0.3880914843905139,0.0,0.0,0.0,-68.45619047619056,6.15923972190654,2.764,0.26067466908037484,3.5105000000000004,1.2996241689416248,0.26666666666666666,-111.0,0.0,4.955,1.0,0.0,469.0399999999998,4.03091854941728,0.0,4.124530539551769,0.5417500000000004,0.6029878670694714,-0.7977503570459932,0.3172395358304978
2024-05-25,24.36125,7.359,5.70125,476.67675,93.349,2.6355,0.0465,0.10775,2.23,58362,宝山,宝山区,1009.408333,23.875,83.75,0.0,3.075,140.678732,285.0,2.48,3.1,2.74,3.1,0,3.168333333333331,16.436428571428568,285.0,0,358.6666666666667,430.8571428571427,0.0100000000000002,2.716666666666667,-0.0299999999999998,2.486666666666667,706.8,8.494000000000002,,0.0,,,,,,0.6336680758595327,-0.7736050475769128,0.0,0.0,2.691667000000052,-31.035047619047532,5.87192810489104,3.0855,0.21412744134922082,3.354,1.3432428857618859,0.1477832439515632,-55.0,0.0,-2.5799999999999996,0.0,0.0,350.19999999999993,3.801488798680078,0.0,4.784655587891678,0.4862499999999983,0.5891760872322963,-0.8080046647350754,0.322521155586741
2024-05-26,24.43466666666667,7.405666666666666,5.781,469.05283333333335,95.193,2.8426666666666667,0.0545,0.11383333333333334,2.3225000000000002,58362,宝山,宝山区,1004.1125,27.025,76.416667,14.6,2.633333,249.113059,321.0,2.57,10.5,2.75,10.5,0,6.426666666666665,12.97928571428571,321.0,0,315.3333333333333,396.8571428571427,0.0099999999999997,2.74,0.0899999999999998,2.52,824.9699999999999,28.875,,0.0,,,,,,-0.9342857586884004,-0.35652506379221094,14.6,14.6,5.295833000000016,-24.783011904761906,5.959801251615863,41.111494799999996,26.057594950958645,3.5153333333333334,1.2854953972877068,0.04250044391713669,36.0,1.0,7.4,1.0,0.0,389.12999999999994,3.278131811393067,108.04,8.019288054373426,-2.59033333333333,0.5751899607119775,-0.8180198708443174,0.319235780128185
2024-05-27,24.433166666666665,7.400333333333333,5.643166666666667,457.40616666666665,92.75316666666667,2.759,0.07383333333333333,0.11449999999999999,2.279,58362,宝山,宝山区,1006.452174,18.595652,78.73913,6.0,3.173913,41.335471,177.0,2.53,3.22,2.75,3.22,0,5.606666666666665,8.924999999999995,177.0,0,261.0,345.9999999999999,0.0,2.7466666666666666,-0.04,2.526666666666667,447.81,8.855,,0.0,,,,,,0.6604666383640069,0.7508553919418494,20.6,20.6,0.0,-25.059535714285744,6.047444182113634,68.57052080000001,37.10347266603506,3.4978333333333333,1.2662820422032484,0.04036504043588108,-144.0,0.0,-7.279999999999999,0.0,0.0,333.84000000000003,2.7839059658429313,0.0,8.23978363291305,5.837514666666664,0.5610336262283677,-0.8277930117131022,0.32359646563191513
2024-05-28,23.994333333333334,7.398666666666666,5.420833333333333,483.2941666666666,89.541,2.9555000000000002,0.145,0.12466666666666666,2.4051666666666667,58362,宝山,宝山区,1010.9,21.05,55.833333,0.0,2.041667,47.395818,422.0,2.7,6.71,2.8,6.71,0,6.809999999999998,5.36928571428571,422.0,0,306.6666666666667,340.2857142857142,0.0499999999999998,2.766666666666667,0.1700000000000003,2.6,1139.4,18.788,,0.0,,,,,,0.7360476802058058,0.6769296953625625,20.6,20.6,0.0,6.895130952380896,4.451537085959688,44.1595072,32.40997734257774,3.7968333333333333,1.1320382869081744,0.04229820173002183,245.0,1.0,3.4899999999999998,1.0,0.0,780.3900000000002,3.387047488614735,71.894,7.929713398317348,2.944333333333333,0.5467112728685939,-0.8373211953118121,0.3295138764102439
2024-05-29,24.079333333333334,7.418333333333333,5.328333333333333,533.662,74.17099999999999,2.7805,0.0695,0.11349999999999999,2.2765,58362,宝山,宝山区,1010.358333,21.883333,63.708333,0.0,3.4125,137.195129,480.0,2.6,24.6,2.78,24.6,0,11.509999999999998,7.790714285714282,480.0,0,359.6666666666667,353.71428571428567,-0.02,2.776666666666667,-0.1,2.61,1248.0,68.388,,0.0,,,,,,0.6795036798416205,-0.7336720991571756,6.0,20.6,0.5416669999999613,53.33732142857144,6.657686397975394,23.9225,34.10289584667183,3.481,1.1943870712052143,0.09128946089647927,58.0,1.0,17.89,1.0,0.0,591.8000000000001,4.784646561395574,107.34,5.979314994045269,2.196000333333334,0.5322271388474397,-0.8466016020976267,0.3610909014345889
2024-05-30,23.968,7.3875,5.3705,512.0906666666666,63.66766666666666,2.724,0.09933333333333333,0.1125,2.313833333333333,58362,宝山,宝山区,1008.4875,22.1875,86.75,23.4,2.008333,234.5046,486.0,2.56,32.4,2.74,32.4,0,21.236666666666665,12.315714285714282,486.0,0,462.6666666666667,358.71428571428567,-0.0399999999999995,2.773333333333333,-0.04,2.62,1244.16,88.776,,0.0,,,,,,-0.8141621375538401,-0.58063759245657,23.4,44.0,1.8708330000000615,28.216654761904692,4.571681306662304,49.017325199999995,82.635261386708,3.5381666666666667,1.2130632174080056,0.03536172177071975,6.0,1.0,7.799999999999997,1.0,0.0,511.68,7.154528538218482,182.51999999999992,8.87928532797533,1.7805,0.5175855102531889,-0.8556314858488706,0.3866367204271497
2024-05-31,24.0455,7.319166666666667,4.695666666666667,546.9855,60.48066666666667,2.9819999999999998,0.219,0.146,2.4473333333333334,58362,宝山,宝山区,1012.866667,20.6375,94.875,1.2,1.075,275.268218,686.0,2.49,33.1,2.7,33.1,0,30.03333333333333,16.23285714285714,686.0,0,550.6666666666666,408.14285714285705,-0.04,2.74,-0.0699999999999998,2.5500000000000003,1708.14,89.37,1.0,1.0,0.0487514863258026,DLR_GWP_P1D_real_raster_proxy,1.0,wusongkou_aoi_boundary_proxy,"Derived from DLR Global WaterPack daily real raster masks within a station-centered AOI; label denotes boundary-change proxy relative to the median reference mask, not a manual governance-zone annotation.",-0.9957757830083536,0.09181824423337819,24.599999999999998,45.2,0.0,49.96148809523817,3.1253091105673323,27.544499999999996,88.59875928434224,2.666333333333333,1.2521941203004496,0.03748828491096533,200.0,1.0,0.7000000000000028,1.0,0.0,948.0199999999999,8.956745209876274,17.22000000000007,8.321645412907298,3.4080000000000013,0.5027907197793043,-0.8644081744776648,0.39521488201731136
2024-06-01,24.197166666666664,7.338,4.781666666666667,538.2426666666667,56.56966666666667,2.8608333333333333,0.16966666666666666,0.1795,2.2965,58362,宝山,宝山区,1014.245833,21.391667,78.166667,0.0,2.104167,68.726095,652.0,2.48,26.9,2.73,26.9,0,30.8,19.63285714285714,652.0,0,608.0,460.5714285714285,0.0299999999999998,2.723333333333334,-0.0100000000000002,2.51,1616.96,73.437,,0.0,,,,,,0.9318565714228956,0.362826859942819,24.599999999999998,45.2,0.0,32.423523809523715,5.037185415712663,53.8701752,81.05025342746792,4.261166666666666,0.9215247505353522,0.03609565304742785,-34.0,0.0,-6.200000000000003,0.0,0.0,692.8600000000001,10.561117255035926,0.0,8.912232688634205,2.8054996666666625,0.4878471454423119,-0.8729290708206411,0.4063710426948375
2024-06-02,24.41,7.355,5.0175,514.3631666666666,54.44433333333333,2.6826666666666665,0.16783333333333336,0.11266666666666665,2.2121666666666666,58362,宝山,宝山区,1011.8625,23.020833,51.833333,0.0,1.8125,147.226027,671.0,2.49,36.1,2.7,36.1,0,32.03333333333333,23.29,671.0,0,669.6666666666666,510.5714285714285,-0.0299999999999998,2.7100000000000004,0.0100000000000002,2.486666666666667,1670.7900000000002,97.47,,0.0,,,,,,0.5413263212724971,-0.8408125914242633,1.2,30.599999999999998,2.3833329999999933,2.0711190476190495,3.7701927083848736,3.9910000000000005,46.98562747090017,3.5066666666666664,1.1338643490516644,0.15635179967957277,19.0,1.0,9.200000000000003,1.0,0.0,696.9000000000002,12.078180517395825,11.040000000000003,4.545978713281349,1.3891670000000005,0.47275920928627757,-0.881191653407483,0.41275584222027406
2024-06-03,24.695833333333336,7.315,4.575666666666667,532.256,60.086333333333336,2.8354999999999997,0.16083333333333333,0.1155,2.1873333333333336,58362,宝山,宝山区,1011.0,25.595833,55.041667,0.0,2.783333,337.384034,662.0,2.42,42.3,2.69,42.3,0,35.099999999999994,28.872857142857136,662.0,0,661.6666666666666,579.8571428571428,-0.0100000000000002,2.7066666666666666,-0.0700000000000002,2.4633333333333334,1602.04,113.787,,0.0,,,,,,-0.3845525688196744,0.9231030938168227,0.0,24.6,0.8624999999999545,9.271119047619095,4.8281871035584505,2.807833,38.67819401180083,3.503166666666667,1.0013142979282263,0.21524665221500855,-9.0,0.0,6.199999999999996,1.0,0.0,717.9700000000001,10.8316644748689,0.0,4.5806421133730995,-0.8999996666666625,0.4575313760742512,-0.8891934772070711,0.396307058157611
2024-06-04,24.992166666666666,7.336666666666666,4.941833333333333,502.4458333333334,72.08516666666667,2.8158333333333334,0.1125,0.11850000000000001,2.1548333333333334,58362,宝山,宝山区,1014.433333,23.116667,75.833333,0.0,3.158333,99.325254,365.0,2.46,34.0,2.7,34.0,0,37.46666666666666,32.771428571428565,365.0,0,566.0,571.7142857142857,0.0100000000000002,2.6966666666666668,0.04,2.4566666666666666,897.9,91.8,,0.0,,,,,,0.986784391168005,-0.1620387772947874,0.0,24.6,0.0,-23.27499999999992,7.160321706521024,3.1723329999999996,43.80246872781088,3.4523333333333333,1.0892081641833924,0.24048098120088027,-297.0,0.0,-8.299999999999997,0.0,0.0,688.48,7.744389536408437,0.0,4.394833902387244,1.8754996666666663,0.44216815196707204,-0.8969321743510065,0.36586725806880915
2024-06-05,24.934833333333334,7.393666666666667,5.4395,475.0255,81.41533333333332,2.6986666666666665,0.059,0.11666666666666665,2.145166666666667,58362,宝山,宝山区,1015.616667,20.191667,88.666667,1.1,2.154167,140.568545,420.0,2.53,7.75,2.7,7.75,0,28.016666666666666,30.364285714285707,420.0,0,482.3333333333333,563.1428571428571,0.0,2.6966666666666668,0.0699999999999998,2.47,1062.6,20.925,,0.0,,,,,,0.6351546430961483,-0.7723849942570119,1.1,25.700000000000003,0.0,-42.31869047619051,4.428791097106858,4.5482507000000005,48.992513975631915,3.3708333333333336,1.244578238189057,0.2350636446571091,55.0,1.0,-26.25,0.0,0.0,508.24999999999994,5.852470818537004,0.0,4.0755706073259255,4.743166333333335,0.42667408318992467,-0.9044054548343001,0.34547427080600557
2024-06-06,24.615166666666667,7.387166666666666,5.320333333333333,475.67066666666665,97.04333333333334,2.731333333333333,0.07883333333333332,0.12333333333333334,2.1761666666666666,58362,宝山,宝山区,1014.179167,19.570833,83.833333,0.0,1.270833,123.841359,491.0,2.57,-0.986,2.8,0.986,1,13.588,25.594857142857137,491.0,0,425.3333333333333,563.8571428571428,0.0999999999999996,2.733333333333334,0.04,2.52,1261.87,-2.7608,,0.0,,,,,,0.8305826904157603,-0.5568953172560507,1.1,2.3000000000000034,1.4375,-36.4706666666666,3.2561366996829784,2.6827493000000002,4.630196549941972,3.4883333333333333,1.188576767897256,0.2079722847814409,71.0,1.0,-8.736,0.0,0.0,584.48,4.338217794852616,0.0,3.8947908072510806,5.044333666666667,0.4110537546870351,-0.9116111071930239,0.3160018257292586
2024-06-07,24.486833333333333,7.391000000000001,5.286333333333333,463.8398333333333,103.77966666666667,2.6931666666666665,0.08316666666666667,0.12283333333333334,2.2175,58362,宝山,宝山区,1009.629167,22.0375,85.0,0.0,1.5875,135.259759,504.0,2.57,1.43,2.8,1.43,0,2.7313333333333305,21.070571428571423,504.0,0,471.6666666666667,537.8571428571428,0.0,2.766666666666666,0.0,2.556666666666666,1295.28,4.004,0.0,1.0,0.0107015457788347,DLR_GWP_P1D_real_raster_proxy,0.3571428571428571,wusongkou_aoi_boundary_proxy,"Derived from DLR Global WaterPack daily real raster masks within a station-centered AOI; label denotes boundary-change proxy relative to the median reference mask, not a manual governance-zone annotation.",0.7038937507259816,-0.7103052778129342,1.1,1.1000000000000036,4.5499999999999545,-36.42354761904767,3.6386150936687995,3.3337499999999998,2.2325148447701655,3.529,1.1891493211608049,0.12139605462822525,13.0,1.0,2.416,1.0,0.0,517.0,4.501509516795561,2.6576,4.713727692762776,2.449333333333332,0.3953117887649151,-0.9185469991587165,0.30472290913153866
2024-06-08,24.679666666666666,7.397666666666667,5.279166666666666,451.046,97.5075,2.779833333333333,0.08783333333333333,0.12533333333333332,2.205833333333333,58362,宝山,宝山区,1007.995833,23.929167,78.416667,0.0,1.454167,80.600638,337.0,2.58,8.15,2.8,8.15,0,2.8646666666666647,18.392,337.0,0,444.0,492.8571428571428,0.0,2.8,0.0100000000000002,2.5733333333333333,869.46,22.82,,0.0,,,,,,0.9865739802131628,0.16331497655254365,0.0,1.1000000000000036,1.6333340000001044,-36.7607142857143,3.762267209407087,1.457667,2.1653646521374212,3.5469999999999997,1.1587620590139884,0.24464825819002234,-167.0,0.0,6.720000000000001,1.0,0.0,509.04000000000013,4.507271019973099,0.0,3.6712817450031823,0.7504996666666663,0.37945284372454435,-0.925211078289358,0.3152001455991804
2024-06-09,24.977166666666665,7.378666666666667,5.098333333333334,452.49033333333335,95.05783333333333,2.6523333333333334,0.0735,0.11933333333333333,2.1415,58362,宝山,宝山区,1008.858333,26.254167,61.416667,0.1,1.891667,198.14724,396.0,2.56,7.74,2.79,7.74,0,5.773333333333331,14.340571428571424,396.0,0,412.3333333333333,453.5714285714285,-0.0099999999999997,2.7966666666666664,-0.02,2.5700000000000003,1013.76,21.5946,,0.0,,,,,,-0.3114600180237494,-0.9502592578726322,0.1,1.2000000000000037,0.0,-26.477404761904722,3.3784360800180107,2.0878337000000005,2.2239490041063315,3.4083333333333337,1.1632668617859254,0.3342618011964567,59.0,1.0,-0.41000000000000014,0.0,0.0,464.1,4.292552923846224,0.0,3.691345381718965,-1.2770003333333335,0.36348161248290634,-0.9316013725767187,0.31947445280118814
2024-06-10,25.1075,7.370833333333334,4.841,477.12699999999995,90.34949999999999,2.7096666666666667,0.08750000000000001,0.121,2.221833333333333,58362,宝山,宝山区,1007.85,23.6,72.041667,0.0,2.779167,153.033457,392.0,2.59,9.14,2.79,9.14,0,8.343333333333332,9.603428571428568,392.0,0,375.0,415.0,0.0,2.793333333333333,0.0299999999999998,2.5766666666666667,1015.28,25.5006,,0.0,,,,,,0.4534701326448227,-0.8912714731208932,0.1,1.2000000000000037,1.0083329999999933,6.0348333333332675,4.935507669912504,3.0675837000000006,2.3996994654762944,3.519333333333333,1.0834252798119686,0.2046035805626601,-4.0,0.0,1.4000000000000004,1.0,0.0,407.87999999999994,4.105112781131807,0.14000000000000004,4.42420483007554,1.5075000000000003,0.3474028211842774,-0.9377159910299093,0.3280049289434429
2024-06-11,24.867499999999996,7.395166666666667,5.039333333333333,477.8413333333333,88.15816666666666,2.6498333333333335,0.08850000000000001,0.12583333333333332,2.2041666666666666,58362,宝山,宝山区,1004.8125,22.908333,96.25,0.0,1.5125,135.835512,432.0,2.54,6.39,2.77,6.39,0,7.756666666666664,5.659142857142854,432.0,0,406.6666666666667,424.5714285714285,-0.02,2.783333333333333,-0.0499999999999998,2.563333333333333,1097.28,17.7003,,0.0,,,,,,0.6967206268299594,-0.7173425737746705,0.1,1.2000000000000037,3.0375000000000227,10.264095238095194,3.476900607280687,1.68125,2.6804722972544077,3.5509999999999997,1.130641490494598,0.17699115044247715,40.0,1.0,-2.750000000000001,0.0,0.0,495.5999999999999,4.561182467861423,0.0,4.107909521800774,1.9591669999999972,0.3312212278016865,-0.9435531242349544,0.3321262398789292
2024-06-12,24.8955,7.422166666666667,5.1795,473.8678333333333,75.58516666666667,2.6638333333333333,0.08516666666666667,0.12133333333333333,2.1785,58362,宝山,宝山区,1003.579167,24.954167,89.916667,0.0,1.5,112.919461,492.0,2.55,31.8,2.77,31.8,0,15.776666666666664,9.09485714285714,492.0,0,438.6666666666667,434.8571428571428,0.0,2.776666666666667,0.0099999999999997,2.56,1254.6,88.086,,0.0,,,,,,0.9210531831634126,-0.38943681616476006,0.0,0.10000000000000356,1.233333000000016,6.4559761904761785,3.8116561508515225,1.5034999999999998,0.6129150218180306,3.4770000000000003,1.1706285375325773,0.2678571667729602,60.0,1.0,25.41,1.0,0.0,557.5199999999999,5.727828060699309,0.0,3.7680992172558456,-0.058667000000003355,0.31494162072895193,-0.9491110448902284,0.35792739973176935
2024-06-13,25.108166666666666,7.3998333333333335,4.978166666666667,482.65450000000004,64.05233333333332,2.6140000000000003,0.0735,0.11433333333333333,2.211,58362,宝山,宝山区,1003.4125,25.316667,85.458333,0.0,2.191667,118.91779,483.0,2.52,33.7,2.72,33.7,0,23.963333333333328,14.049999999999995,483.0,0,469.0,433.71428571428567,-0.0499999999999998,2.7533333333333334,-0.0299999999999998,2.536666666666666,1217.16,91.66400000000002,,0.0,,,,,,0.875314428486128,-0.4835541865024056,0.0,0.10000000000000356,0.16666699999996126,14.24495238095244,5.0373774835444,2.2021669999999998,0.6680695452389814,3.427833333333333,1.1556976958883143,0.2977666902696431,-9.0,0.0,1.9000000000000021,1.0,0.0,506.7599999999999,7.2095799791962385,0.0,3.9626193470590216,-0.2085003333333333,0.2985688173637202,-0.9543881083175908,0.3856300666216387
2024-06-14,25.263333333333332,7.4206666666666665,5.114666666666667,499.89799999999997,56.5745,2.572,0.046000000000000006,0.10616666666666667,2.1058333333333334,58362,宝山,宝山区,1002.1,25.641667,83.541667,0.0,2.066667,127.321784,531.0,2.51,38.6,2.72,38.6,0,34.7,19.36,531.0,0,502.0,437.5714285714285,0.0,2.736666666666667,-0.0100000000000002,2.526666666666667,1332.81,104.992,0.0,1.0,0.0059453032104637,DLR_GWP_P1D_real_raster_proxy,0.6428571428571428,wusongkou_aoi_boundary_proxy,"Derived from DLR Global WaterPack daily real raster masks within a station-centered AOI; label denotes boundary-change proxy relative to the median reference mask, not a manual governance-zone annotation.",0.7952430250465768,-0.6062907974848122,0.0,0.10000000000000356,1.3125,26.337285714285656,4.65166604024518,2.070167,0.7198142703178455,3.2135,1.2259357107753743,0.22835393123852094,48.0,1.0,4.899999999999999,1.0,0.0,584.7900000000001,8.719137812746963,0.0,4.152030290467314,-0.3783336666666699,0.2821076626819194,-0.9593827529490743,0.4063567929837427
2024-06-15,25.363166666666668,7.446000000000001,5.0195,528.2153333333333,50.120000000000005,2.5933333333333333,0.03833333333333334,0.10583333333333333,2.138,58362,宝山,宝山区,1005.054167,26.083333,78.625,0.0,1.633333,92.85537,536.0,2.47,40.9,2.67,40.9,0,37.73333333333333,24.038571428571423,536.0,0,516.6666666666666,466.0,-0.0500000000000002,2.7033333333333336,-0.0399999999999995,2.5,1323.92,109.203,,0.0,,,,,,0.9987584630818872,-0.04981498190611516,0.0,0.10000000000000356,0.0,43.63042857142858,4.207537870957258,1.6473329999999997,0.7271300833624615,3.2346666666666666,1.201818762084729,0.37974688351226377,5.0,1.0,2.299999999999997,1.0,0.0,562.6399999999998,10.10693792383933,0.0,3.633865427513073,-0.7201663333333315,0.26556302780405594,-0.9640935007889755,0.42653894828522754
2024-06-16,25.665000000000003,7.403833333333334,4.923166666666667,539.4630000000001,47.75366666666667,2.6845,0.036333333333333336,0.10366666666666667,2.158166666666667,58362,宝山,宝山区,1007.7625,26.2375,79.625,0.0,2.733333,103.364715,610.0,2.49,38.6,2.65,38.6,0,39.36666666666667,28.447142857142858,610.0,0,559.0,496.5714285714285,-0.02,2.68,0.02,2.49,1518.9,102.29,,0.0,,,,,,0.9729184132297629,-0.23114878584686574,0.0,0.0,0.0,42.453428571428674,6.354907549064286,2.740333,0.5547006542836405,3.2311666666666667,1.1633417298331732,0.26785716677296134,74.0,1.0,-2.299999999999997,0.0,0.0,697.6800000000001,11.465804281387383,0.0,4.3447340131232615,-0.572499999999998,0.24893980855376657,-0.9685189578512204,0.4345836040684511
2024-06-17,25.882666666666665,7.447,5.097333333333333,533.138,46.835,2.6341666666666668,0.03316666666666667,0.102,2.1283333333333334,58362,宝山,宝山区,1007.425,24.2375,72.5,0.1,1.979167,115.150009,692.0,2.43,33.8,2.62,33.8,0,37.766666666666666,31.969999999999995,692.0,0,612.6666666666666,539.4285714285713,-0.0299999999999998,2.6466666666666665,-0.06,2.4633333333333334,1681.5600000000002,88.556,,0.0,,,,,,0.9051982036553009,-0.424989661167441,0.1,0.10000000000000356,0.33750000000009095,28.126857142857205,4.7518599130123365,2.1980836999999998,0.7211341156284825,3.1815,1.2243248570282101,0.2926828982748314,82.0,1.0,-4.800000000000004,0.0,0.0,820.44,12.807916100484302,0.0,4.030468458112713,1.6451666666666647,0.23224292400907015,-0.9726578145718654,0.4378124411798614
2024-06-18,26.15433333333333,7.517499999999999,5.0675,533.5261666666667,51.17583333333334,2.7168333333333337,0.03333333333333333,0.10383333333333333,2.0398333333333336,58362,宝山,宝山区,1006.583333,26.029167,67.5,11.4,3.266667,137.584177,613.0,2.42,33.4,2.62,33.4,0,35.26666666666666,35.82857142857143,613.0,0,638.3333333333334,565.2857142857142,0.0,2.63,-0.0100000000000002,2.4466666666666668,1483.46,87.508,,0.0,,,,,,0.6745062962405978,-0.7382690947965997,11.5,11.500000000000004,0.8416669999999158,20.560047619047623,6.433053698443457,40.8368375,19.801134856863065,3.1115000000000004,1.1924334672542736,0.06021073516464717,-79.0,0.0,-0.3999999999999986,0.0,0.0,698.9200000000002,12.234271933046909,0.0,7.129753284347984,0.12516633333332905,0.21547731504673012,-0.976508846196619,0.4230689525324778
2024-06-19,26.379333333333335,7.527833333333334,5.642499999999999,424.728,45.687000000000005,2.6835,0.04850000000000001,0.1075,2.0653333333333332,58362,宝山,宝山区,1002.620833,24.825,99.458333,28.8,2.195833,167.01435,622.0,2.41,27.2,2.65,27.2,0,31.466666666666665,35.171428571428564,622.0,0,642.3333333333334,583.8571428571428,0.0299999999999998,2.6300000000000003,-0.0099999999999997,2.42,1499.02,72.08,,0.0,,,,,,0.22470701168239401,-0.9744263742842598,40.3,40.300000000000004,3.962500000000091,-81.21814285714288,3.654434049401704,90.6914029,80.90374028729705,3.188833333333333,1.3233844051585548,0.021071115161166703,9.0,1.0,-6.199999999999999,0.0,0.0,637.3099999999998,13.758291030336782,0.0,12.876621487747093,1.5543333333333358,0.19864794288017112,-0.9800709131432666,0.4419356145260728
2024-06-20,26.326333333333334,7.401166666666666,4.314166666666667,529.381,60.63433333333333,3.0105,0.2011666666666667,0.12716666666666665,2.096833333333333,58362,宝山,宝山区,1001.291667,26.554167,96.833333,15.2,1.2875,118.257294,1060.0,2.49,17.8,2.78,17.8,0,26.13333333333333,32.89999999999999,1060.0,0,765.0,666.2857142857143,0.1299999999999999,2.6833333333333336,0.08,2.44,2639.4,49.484,,0.0,,,,,,0.8808304754312092,-0.47343180454172057,55.4,55.5,1.3291659999999865,16.759642857142808,3.4666143079097793,72.64300000000001,109.73761426265106,3.569666666666666,0.8891099124570215,0.01694436618971326,438.0,1.0,-9.399999999999999,0.0,0.0,1617.8400000000001,12.411913273446078,0.0,15.049877839625685,-0.22783366666666538,0.18175978759137534,-0.9833429613388902,0.3947911705875885
2024-06-21,26.83283333333333,7.079666666666667,5.333,259.0996666666667,38.46066666666667,3.266,0.337,0.17900000000000002,2.284666666666667,58362,宝山,宝山区,1000.491667,26.670833,98.625,22.3,1.358333,195.048113,735.0,2.61,15.0,2.78,15.0,0,20.0,29.52857142857142,735.0,0,805.6666666666666,695.4285714285714,0.0,2.7366666666666664,0.1199999999999996,2.5033333333333334,1918.35,41.7,0.0,1.0,0.0130796670630202,DLR_GWP_P1D_real_raster_proxy,0.2142857142857143,wusongkou_aoi_boundary_proxy,"Derived from DLR Global WaterPack daily real raster masks within a station-centered AOI; label denotes boundary-change proxy relative to the median reference mask, not a manual governance-zone annotation.",-0.2596300709026341,-0.9657081475700063,66.3,77.80000000000001,0.7999999999999545,-219.12192857142855,2.701181610908719,91.4578109,154.98692836565854,4.411666666666667,0.9434057018455518,0.014397120644977193,-325.0,0.0,-2.8000000000000007,0.0,0.0,1187.1999999999996,20.416955280363567,0.0,17.031268609587762,0.16200033333333153,0.16481784665719793,-0.9863240225317866,0.47047847293546974
2024-06-22,26.654,7.291166666666666,2.7769999999999997,522.2118333333333,85.2425,3.4120000000000004,0.518,0.1775,2.583666666666667,58362,宝山,宝山区,1000.658333,27.116667,96.375,17.7,2.079167,246.47147,672.0,2.73,9.35,3.0,9.35,0,14.05,25.021428571428565,672.0,0,822.3333333333334,714.8571428571429,0.2200000000000002,2.853333333333333,0.1200000000000001,2.61,1834.56,28.05,,0.0,,,,,,-0.9168614066197646,-0.39920566259915047,55.2,95.5,0.0,44.847880952380876,4.962236779664105,116.89118540000001,187.94483169867925,4.876666666666667,0.4686191072278495,0.017158790207142116,-63.0,0.0,-5.65,0.0,0.0,823.2,9.535128658530693,0.0,15.05470226606768,-0.4626669999999997,0.14782713347053048,-0.9890132145779883,0.3377697315831527
2024-06-23,26.846166666666665,7.272333333333333,2.983166666666667,517.7088333333334,91.21116666666666,3.3015000000000003,0.38199999999999995,0.16233333333333333,2.4471666666666665,58362,宝山,宝山区,1003.808333,23.608333,97.875,4.5,2.458333,233.326188,712.0,2.7,10.5,3.07,10.5,0,11.616666666666664,21.00714285714285,712.0,0,706.3333333333334,729.4285714285714,0.0699999999999998,2.95,-0.0299999999999998,2.68,1922.4,32.235,,0.0,,,,,,-0.8020487151129139,-0.5972586195156365,44.5,100.0,0.0,43.45261904761912,5.4154580370318195,111.8646515,198.2552528036823,4.4525,0.5353819451137104,0.02085143368098303,40.0,1.0,1.1500000000000004,1.0,0.0,774.5599999999998,7.659954416222187,51.17500000000002,13.154647614945333,3.237833666666667,0.13079267585675922,-0.9914097417023038,0.32641138476186027
2024-06-24,26.850333333333335,7.2508333333333335,2.597166666666667,538.9865,83.645,3.2825,0.24116666666666667,0.158,2.3191666666666664,58362,宝山,宝山区,1007.970833,25.6,90.041667,2.6,2.008333,245.259107,753.0,2.82,14.1,3.04,14.1,0,11.316666666666665,18.19285714285714,753.0,0,712.3333333333334,738.1428571428571,-0.0299999999999998,3.036666666666666,0.1199999999999996,2.75,2123.46,42.864,,0.0,,,,,,-0.9082097071188623,-0.4185153854938555,24.8,102.50000000000001,0.0,63.89478571428572,4.826129380928339,51.8569914,195.16935167880894,4.1403333333333325,0.4817232098645304,0.03596044394318782,41.0,1.0,3.5999999999999996,1.0,0.0,889.2799999999997,8.415539409691457,89.27999999999999,8.982538831714704,1.2503333333333337,0.11371951458594969,-0.9935128947338007,0.3409432752217827
2024-06-25,26.854666666666663,7.2203333333333335,2.7588333333333335,524.2895,88.79633333333334,3.3185000000000002,0.24566666666666667,0.15983333333333336,2.367,58362,宝山,宝山区,1012.241667,23.166667,96.916667,32.2,1.233333,149.583391,656.0,2.87,-1.43,2.95,1.43,1,7.72333333333333,13.217142857142852,656.0,0,707.0,744.2857142857143,-0.0899999999999998,3.02,0.0500000000000002,2.796666666666667,1882.72,-4.2185,,0.0,,,,,,0.5062837698155852,-0.8623669430244411,39.300000000000004,123.30000000000001,0.0,50.517309523809445,2.8309020834506566,49.7208199,243.1231506251811,4.211,0.5068980099938429,0.024077046742191383,-97.0,0.0,-15.53,0.0,0.0,790.6500000000002,7.873372706383705,0.0,11.358071378241213,3.687999666666663,0.0966127018812031,-0.9953220513156602,0.3309156568371908
2024-06-26,26.5795,7.249833333333334,2.8456666666666663,503.8825,88.10116666666666,3.577666666666667,0.225,0.16749999999999998,2.4936666666666665,58362,宝山,宝山区,1011.379167,23.9125,99.75,62.6,2.054167,162.634875,773.0,2.89,19.9,3.09,19.9,0,10.856666666666664,12.17428571428571,773.0,0,727.3333333333334,765.8571428571429,0.1399999999999996,3.026666666666667,0.02,2.86,2233.9700000000003,61.49099999999999,,0.0,,,,,,0.29845990647916226,-0.9544221729530646,97.4,157.10000000000002,0.8624999999999545,18.80252380952379,3.6649892717510406,202.13703280000001,314.1781835445939,4.393666666666666,0.49766409676443446,0.00987004438272728,117.0,1.0,21.33,1.0,0.0,907.8000000000001,8.163005721960245,2077.542,23.706690631018247,2.666999999999998,0.07947729992362097,-0.9968366760893436,0.3322347883835868
2024-06-27,26.129333333333335,7.173166666666667,1.88,490.62833333333333,81.45816666666666,3.718666666666667,0.3233333333333333,0.1705,2.6983333333333337,58362,宝山,宝山区,1009.154167,23.6,97.666667,8.1,1.783333,254.931651,1220.0,2.98,44.2,3.16,44.2,0,20.89,15.945714285714285,1220.0,0,883.0,788.7142857142857,0.0700000000000002,3.0666666666666664,0.0899999999999998,2.9133333333333336,3635.6,139.67200000000005,,0.0,,,,,,-0.9656163899391385,-0.2599711281679288,102.9,150.00000000000003,2.2250000000000227,11.084452380952314,4.571462394635939,185.3197987,296.9629049867303,4.726666666666667,0.31582256376705886,0.009267124903134217,447.0,1.0,24.300000000000004,1.0,0.0,1817.0299999999997,10.708460249540677,2500.4700000000007,25.110676837255475,2.5293333333333337,0.062318379354325076,-0.998056320853012,0.34538607817926137
2024-06-28,25.992833333333333,7.123833333333334,1.5373333333333334,482.87983333333335,56.96616666666666,3.731,0.349,0.1775,2.9356666666666666,58362,宝山,宝山区,1005.3,25.520833,97.875,14.0,2.15,186.848759,1210.0,3.03,57.6,3.4,57.6,0,40.56666666666666,22.031428571428567,1210.0,0,1067.6666666666667,856.5714285714286,0.2399999999999997,3.216666666666667,0.0499999999999998,2.966666666666667,3666.3,195.84,0.0,1.0,0.0059453032104637,DLR_GWP_P1D_real_raster_proxy,0.6428571428571428,wusongkou_aoi_boundary_proxy,"Derived from DLR Global WaterPack daily real raster masks within a station-centered AOI; label denotes boundary-change proxy relative to the median reference mask, not a manual governance-zone annotation.",-0.11924894403143263,-0.9928643861814102,84.69999999999999,141.70000000000002,3.854167000000075,-28.632642857142855,3.4712654912005436,184.27249999999998,280.9479697846027,5.059666666666667,0.25455864802819783,0.010904629884484958,-10.0,0.0,13.399999999999999,1.0,0.0,1280.9999999999998,18.418790271336444,1134.9799999999998,22.011715482208707,0.4720003333333338,0.04514101777397193,-0.9989806246941579,0.40520603324511895
2024-06-29,25.9085,7.1295,1.4951666666666668,487.08933333333334,52.08516666666666,3.901,0.17500000000000002,0.16616666666666666,2.8635,58362,宝山,宝山区,1000.408333,29.095833,84.791667,16.4,2.4125,216.198656,1150.0,3.0,66.8,3.19,66.8,0,56.20000000000001,30.238571428571426,1150.0,0,1193.3333333333333,924.8571428571428,-0.2099999999999999,3.25,-0.0299999999999998,3.0033333333333334,3450.0,213.092,,0.0,,,,,,-0.5905867384077128,-0.8069741658919074,38.5,140.4,4.891666999999984,-19.40564285714288,4.89454846771689,95.30425,260.0544835527579,4.700166666666666,0.2522279664897936,0.021365619005675292,-60.0,0.0,9.199999999999996,1.0,0.0,1246.2999999999997,22.47960039056736,354.1999999999998,13.112892900645168,-3.187332999999999,0.02795029824021032,-0.999609314096404,0.42013625228137574
2024-06-30,25.733333333333334,7.127,1.5596666666666668,471.3401666666667,55.595499999999994,3.8731666666666666,0.4795,0.19316666666666668,3.1283333333333334,58362,宝山,宝山区,1001.679167,24.866667,100.0,76.3,1.2125,177.847177,1120.0,2.89,30.2,3.12,30.2,0,51.53333333333333,33.05285714285714,1120.0,0,1160.0,983.1428571428572,-0.0699999999999998,3.236666666666667,-0.1099999999999998,2.973333333333333,3236.8,94.224,,0.0,,,,,,0.03756500909643237,-0.9992941859590623,106.69999999999999,212.2,0.0,-28.530714285714282,2.3113440369902483,130.62474999999998,424.9942171833133,5.5395,0.24362476256837123,0.009181682543326065,-30.0,0.0,-36.599999999999994,0.0,0.0,1276.4999999999998,20.496329213453368,0.0,25.04639151063915,0.8666663333333346,0.01075130776352193,-0.9999422030204416,0.4092677955490339
2024-07-01,25.48183333333333,7.109666666666667,1.0066666666666666,461.6746666666666,55.30949999999999,4.087,0.5033333333333333,0.1991666666666667,3.3351666666666664,58362,宝山,宝山区,1000.104167,29.175,87.583333,0.1,2.604167,185.918848,1350.0,2.94,61.0,3.68,61.0,0,52.66666666666666,39.75285714285714,1350.0,0,1206.6666666666667,1068.428571428571,0.56,3.33,0.0499999999999998,2.9433333333333334,3969.0,224.48,,0.0,,,,,,-0.10311974831747561,-0.9946689486994859,92.8,209.70000000000002,1.5750000000000455,-27.1516666666667,3.9539980963107046,244.2883646,393.95966811244745,5.830166666666667,0.15129177597205254,0.010206251294216448,230.0,1.0,30.8,1.0,0.0,1658.9999999999998,21.429184536653086,2858.24,23.48762849054224,-3.69316666666667,-0.00645086419810515,-0.9999791929590823,0.41012770958844946
2024-07-02,26.010499999999997,7.1321666666666665,1.3528333333333336,462.00499999999994,40.50716666666667,3.8014999999999994,0.2788333333333333,0.17783333333333332,2.908666666666667,58362,宝山,宝山区,1003.7125,29.1625,81.291667,0.1,2.879167,242.038572,1260.0,2.94,71.1,3.53,71.1,0,54.1,50.114285714285714,1260.0,0,1243.3333333333333,1154.7142857142858,-0.1500000000000003,3.4433333333333334,0.0,2.9233333333333333,3704.4,250.983,,0.0,,,,,,-0.8832634449541179,-0.46887704871083635,76.50000000000001,177.6,0.0,-17.923547619047667,6.49317901341295,223.13544250000004,322.57537304942383,4.965833333333333,0.22506557655993129,0.012441034627791054,-90.0,0.0,10.099999999999994,1.0,0.0,1350.0,29.954666463221205,772.6499999999997,20.04504725810862,-3.1520000000000046,-0.023651127245231586,-0.9997202729664083,0.4618963843668342
2024-07-03,26.471999999999998,7.140333333333333,1.6219999999999999,472.30833333333334,58.07866666666666,3.6028333333333333,0.19999999999999998,0.1725,2.7085000000000004,58362,宝山,宝山区,1009.641667,29.479167,86.333333,5.2,1.279167,130.981197,928.0,2.77,43.6,3.18,43.6,0,58.56666666666667,53.49999999999999,928.0,0,1179.3333333333333,1176.857142857143,-0.3499999999999996,3.4633333333333334,-0.1699999999999999,2.883333333333333,2570.56,138.64800000000002,,0.0,,,,,,0.7549248412642863,-0.6558113174092776,5.4,120.2,0.0,-3.1096190476191055,3.2699582552475888,8.2461688,224.58573068602462,4.633500000000001,0.28361598881729644,0.13022245772230243,-332.0,0.0,-27.499999999999993,0.0,0.0,1474.1999999999998,19.962084452368593,0.0,4.750867584347655,-3.0071670000000026,-0.04084439154329611,-0.9991655196610109,0.40197930713211394
2024-07-04,27.012,7.1946666666666665,1.734,471.1085,52.16283333333333,3.6191666666666666,0.15883333333333335,0.17416666666666666,2.7593333333333336,58362,宝山,宝山区,1006.3375,33.458333,63.666667,0.0,2.595833,211.661728,995.0,2.81,43.8,3.01,43.8,0,52.833333333333336,53.442857142857136,995.0,0,1061.0,1144.7142857142858,-0.1700000000000003,3.24,0.04,2.84,2795.9500000000003,131.838,,0.0,,,,,,-0.524903215536845,-0.8511619201533163,5.300000000000001,112.10000000000001,3.3041670000000067,-1.5209047619047737,4.993956177334344,16.3677479,184.0682176350992,4.659833333333333,0.30343244750395315,0.08196721311475405,67.0,1.0,0.19999999999999574,1.0,0.0,1104.48,19.95755179840553,1.0599999999999776,6.198712736908072,-6.446333000000003,-0.05802556932878035,-0.9983150972033183,0.41988810173682833
2024-07-05,27.507166666666667,7.2405,1.9428333333333334,455.0831666666666,64.76266666666668,3.7100000000000004,0.10066666666666667,0.17066666666666666,2.7195,58362,宝山,宝山区,1003.741667,34.3375,58.333333,0.0,3.279167,193.928474,764.0,2.8,23.5,2.93,23.5,0,36.96666666666667,48.57142857142856,764.0,0,895.6666666666666,1081.0,-0.0799999999999996,3.0400000000000005,-0.0100000000000002,2.793333333333333,2139.2,68.855,0.0,1.0,0.0047562425683709,DLR_GWP_P1D_real_raster_proxy,0.7142857142857143,wusongkou_aoi_boundary_proxy,"Derived from DLR Global WaterPack daily real raster masks within a station-centered AOI; label denotes boundary-change proxy relative to the median reference mask, not a manual governance-zone annotation.",-0.2407104249583158,-0.9705969767706816,5.2,98.10000000000001,2.5958329999999705,-13.575285714285712,5.064478057153266,20.3343354,155.87050596026776,4.526833333333333,0.339756753895919,0.08281573498964823,-231.0,0.0,-20.299999999999997,0.0,0.0,1004.9500000000003,13.619682900125703,0.0,6.337933942695564,-6.830333333333332,-0.07518957641475855,-0.9971692572470178,0.3837867065737487
2024-07-06,27.909000000000002,7.300333333333334,2.384,435.3331666666666,86.30250000000001,3.6229999999999998,0.1055,0.1708333333333333,2.7481666666666666,58362,宝山,宝山区,1004.429167,34.15,61.708333,0.0,3.133333,211.377751,738.0,2.77,13.0,2.96,13.0,0,26.76666666666667,40.88571428571428,738.0,0,832.3333333333334,1022.1428571428572,0.0299999999999998,2.966666666666667,-0.0299999999999998,2.793333333333333,2044.26,38.48,,0.0,,,,,,-0.5206781431680321,-0.8537530504935782,0.0,81.7,0.0,-25.931547619047592,5.75558569650935,3.143833,132.61428350007571,4.561999999999999,0.4217062191445586,0.2419355033818954,-26.0,0.0,-10.5,0.0,0.0,786.9199999999998,9.533900327405668,0.0,4.677816310201003,-6.240999999999996,-0.09233133369539122,-0.9957283388645872,0.33569624889888383
2024-07-07,27.85983333333333,7.415833333333333,3.1953333333333336,382.2328333333333,109.11433333333333,3.2085000000000004,0.12233333333333334,0.15466666666666667,2.5396666666666667,58362,宝山,宝山区,1004.033333,34.670833,58.458333,0.0,2.533333,212.756728,474.0,2.77,5.29,2.96,5.29,0,13.93,37.32714285714285,474.0,0,658.6666666666666,929.8571428571428,0.0,2.9500000000000006,0.0,2.78,1312.98,15.6584,,0.0,,,,,,-0.5410732272766917,-0.8409754828319227,0.0,5.4,0.3958340000000362,-66.30226190476196,4.828548882681739,2.533333,8.962255873732666,4.208666666666667,0.6179848693003377,0.25450687130376254,-264.0,0.0,-7.71,0.0,0.0,738.0,5.981661485183581,0.0,4.217117697742953,-6.810999666666671,-0.10944576864891556,-0.993992768446958,0.2962939589350687
2024-07-08,28.137,7.4135,3.3865,373.60983333333337,120.86266666666667,3.0559999999999996,0.081,0.141,2.3445,58362,宝山,宝山区,1002.9125,34.129167,56.416667,0.0,2.7625,203.394233,515.0,2.81,9.93,2.92,9.93,0,9.406666666666666,30.031428571428567,515.0,0,575.6666666666666,810.5714285714286,-0.04,2.9466666666666668,0.04,2.7833333333333337,1447.15,28.9956,,0.0,,,,,,-0.39705551374021864,-0.9177945952164303,0.0,5.300000000000001,1.1208329999999478,-62.344571428571385,4.7962818715295885,2.7765,8.641450344962879,3.8354999999999997,0.6923060034052961,0.20477817097462137,41.0,1.0,4.64,1.0,0.0,578.24,4.723896845629506,0.0,4.538899615181483,-5.992167000000002,-0.12652781683868314,-0.9919630595773397,0.27908699299466455
2024-07-09,28.427333333333333,7.4303333333333335,3.3245,392.53266666666667,110.6995,3.214166666666667,0.07183333333333333,0.14766666666666667,2.3618333333333332,58362,宝山,宝山区,1002.966667,33.345833,60.541667,0.0,2.5125,215.402647,504.0,2.78,10.9,2.9,10.9,0,8.706666666666665,21.431428571428565,504.0,0,497.6666666666667,702.5714285714286,-0.02,2.9266666666666663,-0.0300000000000002,2.786666666666666,1401.12,31.61,,0.0,,,,,,-0.5793188297037125,-0.8151010327258339,0.0,5.2,0.0,-33.49711904761898,4.901722324021883,2.523,8.689088624199055,3.910333333333333,0.6525485372007036,0.2846975088967971,-11.0,0.0,0.9700000000000006,1.0,0.0,530.4500000000002,4.455406395432985,0.0,4.153500705710314,-4.918499666666666,-0.1435724234118113,-0.9896398128792412,0.2938679357331895
2024-07-10,28.58566666666667,7.393833333333333,3.2665,399.4148333333333,119.88166666666666,3.200833333333333,0.08633333333333333,0.14816666666666667,2.309833333333333,58362,宝山,宝山区,1003.579167,27.9,90.583333,26.2,2.054167,269.143506,524.0,2.76,0.371,2.86,0.371,0,7.067,15.255857142857137,524.0,0,514.3333333333334,644.8571428571429,-0.04,2.893333333333333,-0.02,2.783333333333333,1446.2399999999998,1.06106,,0.0,,,,,,-0.9998882711568559,-0.014948083587999135,26.2,26.2,0.0,-16.201595238095194,5.047614229686209,55.880342399999996,50.24600049589323,3.8778333333333332,0.6395093547806616,0.03418316440184402,20.0,1.0,-10.529,0.0,0.0,554.88,4.254849784224242,0.0,9.131961801639756,0.6856666666666698,-0.16057454459499376,-0.9870237158387383,0.28045889636755716
2024-07-11,28.5945,7.3155,3.0361666666666665,416.31733333333335,98.67,3.28,0.18683333333333332,0.15766666666666665,2.3970000000000002,58362,宝山,宝山区,1002.908333,24.145833,98.708333,45.2,1.583333,90.415205,509.0,2.81,32.1,2.87,32.1,0,14.457,13.58442857142857,509.0,0,512.3333333333334,575.4285714285713,0.0100000000000002,2.8766666666666665,0.0500000000000002,2.783333333333333,1430.29,92.127,,0.0,,,,,,0.9999737428256182,-0.007246630894726408,71.4,71.4,0.6708340000000135,8.528214285714341,4.10178603500707,114.65080920000001,142.28845905827552,4.1605,0.5662572805660876,0.013395099566243901,-15.0,0.0,31.729000000000003,1.0,0.0,550.2000000000002,5.140296311160162,2265.4506000000006,18.017718993606138,4.448667,-0.17752914918703497,-0.984115542601034,0.31320880820130503
2024-07-12,28.419249999999998,7.29525,3.09,410.9225,91.74675,3.00525,0.13674999999999998,0.13974999999999999,2.14,58362,宝山,宝山区,1001.4,26.179167,96.458333,6.3,1.495833,156.557358,773.0,2.9,48.1,3.12,48.1,0,26.857,17.098714285714284,773.0,0,602.0,576.7142857142857,0.25,2.95,0.0899999999999998,2.8233333333333337,2241.7,150.072,0.0,1.0,0.0130796670630202,DLR_GWP_P1D_real_raster_proxy,0.2142857142857143,wusongkou_aoi_boundary_proxy,"Derived from DLR Global WaterPack daily real raster masks within a station-centered AOI; label denotes boundary-change proxy relative to the median reference mask, not a manual governance-zone annotation.",0.3978308133128767,-0.9174587968834432,77.7,77.7,1.5083329999999933,9.442047619047628,3.0886572400086996,117.7535571,153.14718738319354,3.6742500000000002,0.6287555029950457,0.012239277982471543,264.0,1.0,16.0,1.0,0.0,1130.33,6.490793477938579,1243.2,19.56837473481727,2.2400829999999985,-0.19443122004766195,-0.9809161537413774,0.32542837779600464
2024-07-13,28.982333333333333,7.227833333333333,2.0716666666666668,436.4816666666666,62.457,3.2846666666666664,0.1004,0.15166666666666667,2.3476666666666666,58362,宝山,宝山区,1003.395833,27.954167,92.25,9.1,1.720833,242.605599,921.0,2.91,50.3,3.08,50.3,0,43.5,22.427285714285716,921.0,0,734.3333333333334,602.8571428571429,-0.04,3.023333333333333,0.0100000000000002,2.873333333333333,2680.11,154.924,,0.0,,,,,,-0.8878603520734643,-0.4601130243929029,60.6,86.80000000000001,0.0,34.837142857142794,4.272674176773124,106.0068128,167.44232337837585,3.964733333333333,0.39598168165752873,0.01579259072602535,148.0,1.0,2.1999999999999957,1.0,0.0,1079.6900000000003,11.572140714709699,133.31999999999974,16.044234030918282,1.0281663333333313,-0.2112757555821793,-0.9774264960104055,0.3898445110623162
2024-07-14,29.535000000000004,7.218999999999999,1.9614,439.61319999999995,52.4434,3.3088,0.0716,0.1494,2.2158,58362,宝山,宝山区,1008.195833,28.7125,89.208333,0.1,1.104167,231.143583,946.0,2.92,54.7,3.09,54.7,0,51.03333333333333,29.48585714285714,946.0,0,880.0,670.2857142857143,0.0099999999999997,3.0966666666666662,0.0099999999999997,2.91,2762.32,169.023,,0.0,,,,,,-0.7787205940084138,-0.6273708922696233,15.499999999999998,86.9,0.0,29.771480952380955,2.9919994461023998,18.222255499999996,165.01482405782798,3.7814000000000005,0.3773564441607081,0.05680473265221809,25.0,1.0,4.400000000000006,1.0,0.0,980.7099999999998,16.466018254826604,68.20000000000007,6.665453193450388,0.8225000000000051,-0.2280577712215198,-0.9736476020539838,0.41899468161642184
2024-07-15,30.156833333333335,7.185333333333333,1.8621666666666667,440.71250000000003,46.903,3.2726666666666664,0.04766666666666666,0.1435,2.1906666666666665,58362,宝山,宝山区,1008.429167,30.433333,83.208333,0.0,1.629167,184.127279,968.0,2.84,43.5,2.97,43.5,0,49.5,34.281571428571425,968.0,0,945.0,735.0,-0.1199999999999996,3.046666666666667,-0.08,2.89,2749.12,129.19500000000002,,0.0,,,,,,-0.07197232611324667,-0.9974066293512633,9.2,86.9,0.0,21.284685714285786,2.7778616304005546,16.6455034,159.79633737744223,3.673333333333333,0.3662721789161114,0.08453680635331297,22.0,1.0,-11.200000000000003,0.0,0.0,1069.2,19.72736571822224,0.0,5.732476326883524,-0.27649966666666614,-0.24477230089725957,-0.9695805901076308,0.43757132525905507
2024-07-16,30.42016666666667,7.062666666666666,2.0816666666666666,424.8243333333333,48.763666666666666,3.185333333333334,0.0405,0.14049999999999999,2.2918333333333334,58362,宝山,宝山区,1007.425,31.975,69.458333,0.0,3.791667,182.342137,1060.0,2.76,40.2,2.83,40.2,0,46.13333333333333,38.46728571428571,1060.0,0,991.3333333333334,814.4285714285714,-0.1400000000000001,2.9633333333333334,-0.08,2.84,2925.6,113.766,,0.0,,,,,,-0.040866618534957745,-0.9991646108072074,0.09999999999999823,86.9,1.0041670000000522,0.7834238095237538,4.9916646796926845,4.198833699999993,147.83723844671917,3.7373333333333334,0.41925670311142355,0.1696112882418317,92.0,1.0,-3.299999999999997,0.0,0.0,1244.16,19.92082576980528,0.0,5.442814877452254,-1.554833333333331,-0.2614143985111562,-0.965226663665613,0.43110323584721344
2024-07-17,30.09866666666667,7.4431666666666665,2.547833333333333,405.0611666666667,46.49066666666667,2.9941666666666666,0.06016666666666667,0.13183333333333333,2.294,58362,宝山,宝山区,1005.475,32.879167,69.333333,0.0,2.745833,207.147403,1010.0,2.65,42.7,2.72,42.7,0,42.13333333333333,44.51428571428572,1010.0,0,1012.6666666666666,883.8571428571429,-0.1099999999999998,2.84,-0.1099999999999998,2.75,2676.5,116.14400000000002,,0.0,,,,,,-0.4562812585017623,-0.8898356101775473,0.0,60.7,1.9499999999999318,-19.78636190476186,5.036509419728741,2.784333,103.3499775450098,3.6725,0.5385772493453665,0.17556694516851387,-50.0,0.0,2.5,1.0,0.0,1176.6,21.323488123982255,0.0,4.96206942510339,-2.7805003333333325,-0.2779791393987801,-0.9605871111248129,0.43903867236574934
2024-07-18,29.76133333333333,7.4526666666666666,2.720333333333333,393.05283333333335,51.77333333333333,2.9120000000000004,0.14966666666666664,0.13333333333333333,2.2921666666666667,58362,宝山,宝山区,1005.1,32.095833,68.916667,0.0,2.591667,205.808116,899.0,2.6,41.0,2.7,41.0,0,41.3,45.785714285714285,899.0,0,989.6666666666666,939.5714285714286,-0.02,2.75,-0.0499999999999998,2.67,2337.4,110.7,,0.0,,,,,,-0.4353586259895946,-0.9002571114834097,0.0,15.499999999999998,0.375,-28.47119523809522,4.740330798641222,2.6091670000000002,26.743801447907835,3.7751666666666663,0.5732767194920411,0.25210081915119165,-111.0,0.0,-1.7000000000000028,0.0,0.0,1060.4999999999998,18.753158160687214,0.0,4.499182222900632,-2.3344996666666695,-0.2944616217868012,-0.9556633054034704,0.4211362506928158
2024-07-19,29.750666666666664,7.4655,2.9538333333333333,389.3603333333333,54.82316666666667,2.7083333333333335,0.09266666666666667,0.12466666666666666,2.1853333333333333,58362,宝山,宝山区,1004.970833,34.220833,57.333333,0.0,2.558333,184.864041,732.0,2.61,44.1,2.73,44.1,0,42.6,45.21428571428571,732.0,0,880.3333333333334,933.7142857142856,0.0299999999999998,2.716666666666667,0.0099999999999997,2.62,1910.52,120.393,0.0,1.0,0.0071343638525564,DLR_GWP_P1D_real_raster_proxy,0.5714285714285714,wusongkou_aoi_boundary_proxy,"Derived from DLR Global WaterPack daily real raster masks within a station-centered AOI; label denotes boundary-change proxy relative to the median reference mask, not a manual governance-zone annotation.",-0.08479159711332775,-0.996398707877008,0.0,9.2,0.1291670000000522,-29.083385714285725,3.764829996300729,2.561833,15.040925208553249,3.5246666666666666,0.6652443964694903,0.27118644067796227,-167.0,0.0,3.1000000000000014,1.0,0.0,907.9899999999998,15.770035737850773,0.0,4.3444677278820105,-4.470166333333335,-0.3108569682435036,-0.9504567035349151,0.4116000419656881
2024-07-20,29.860166666666668,7.506833333333333,3.2449999999999997,381.548,69.666,2.7611666666666665,0.06516666666666666,0.12283333333333334,2.1351666666666667,58362,宝山,宝山区,1005.945833,33.779167,64.083333,0.0,2.708333,197.296071,647.0,2.66,16.7,2.74,16.7,0,33.93333333333333,40.41428571428571,647.0,0,759.3333333333334,894.5714285714286,0.0100000000000002,2.723333333333333,0.0500000000000002,2.623333333333333,1721.02,45.758,,0.0,,,,,,-0.2973094016246554,-0.9547811894384961,0.0,0.09999999999999823,0.0,-29.048052380952356,4.484629468083149,2.725833,0.6970995554828219,3.4286666666666665,0.7292578375058013,0.2696629455876805,-85.0,0.0,-27.400000000000002,0.0,0.0,768.6000000000003,10.745384390418778,0.0,4.366160468986382,-3.919000333333333,-0.3271603271220951,-0.9449688462364056,0.371580684876901
2024-07-21,29.8175,7.569500000000001,3.6824999999999997,359.3691666666667,87.78266666666667,2.614333333333333,0.04766666666666667,0.12283333333333334,2.1744999999999997,58362,宝山,宝山区,1005.766667,33.2625,64.791667,0.0,2.954167,181.578591,444.0,2.66,3.16,2.81,3.16,0,21.32,33.051428571428566,444.0,0,607.6666666666666,822.8571428571429,0.0699999999999998,2.76,0.0,2.643333333333333,1181.04,8.8796,,0.0,,,,,,-0.02754812492694675,-0.9996204783881778,0.0,0.0,0.17916600000000926,-39.763452380952344,3.9502599038959993,2.954167,0.4658224706269665,3.4505,0.8541311205160217,0.2419355033818949,-203.0,0.0,-13.54,0.0,0.0,647.0,6.844429092765854,0.0,4.394101526292712,-3.445000000000004,-0.34336687399638804,-0.939201357453208,0.33284260794605247
2024-07-22,30.147499999999997,7.580000000000001,3.768666666666667,369.3788333333334,98.8445,2.703333333333333,0.043166666666666666,0.12233333333333334,2.1345,58362,宝山,宝山区,1003.3375,33.108333,63.458333,0.0,3.8,177.954883,437.0,2.73,-3.1,2.82,3.1,1,5.586666666666666,26.39428571428571,437.0,0,509.3333333333333,747.0,0.0099999999999997,2.79,0.0699999999999998,2.6833333333333336,1193.01,-8.741999999999999,,0.0,,,,,,0.035686446312576524,-0.9993630359131659,0.0,0.0,2.4291670000000067,-19.563261904761873,4.8479413325442575,3.8244999999999996,0.2827571105477418,3.401,0.8586691144156134,0.1383285238811054,-7.0,0.0,-6.26,0.0,0.0,475.0799999999999,5.101265801654907,0.0,5.3561490279631405,-2.9608330000000045,-0.3594718130884232,-0.9331559438780432,0.31291189990669066
2024-07-23,30.147166666666664,7.613499999999999,4.060666666666667,369.0931666666667,122.27316666666667,2.846,0.054833333333333324,0.13466666666666666,2.216666666666667,58362,宝山,宝山区,1001.333333,32.525,66.041667,0.0,3.420833,158.479264,273.0,2.74,1.04,2.81,1.04,0,0.3666666666666667,20.8,273.0,0,384.6666666666667,634.5714285714286,-0.0099999999999997,2.813333333333333,0.0100000000000002,2.7100000000000004,748.0200000000001,2.9224,,0.0,,,,,,0.3668379315079758,-0.9302848660528396,0.0,0.0,2.0041669999999385,-11.887333333333288,5.517693517712433,3.4243330000000003,0.046856202756322865,3.6181666666666668,0.8737227470054786,0.155642023346305,-164.0,0.0,4.140000000000001,1.0,0.0,441.3700000000001,3.1204411882012715,0.0,4.850430079411567,-2.377833333333335,-0.3754703786876202,-0.9268343944460494,0.27713367776561604
2024-07-24,30.272833333333335,7.641166666666667,4.352,371.2825,130.1355,3.2138333333333335,0.04633333333333334,0.13666666666666666,2.351,58362,宝山,宝山区,999.779167,31.395833,75.708333,0.0,3.704167,128.114491,116.0,2.79,4.65,2.75,4.65,0,0.8633333333333334,15.36428571428571,116.0,0,275.3333333333333,506.8571428571428,-0.06,2.793333333333333,0.0499999999999998,2.7533333333333334,323.64,12.7875,,0.0,,,,,,0.7867789387575466,-0.6172348835958227,0.0,0.0,1.5541660000000093,-4.87247619047622,7.332853671460389,3.721667,0.09335504977483473,3.764,0.8698101285177389,0.15978695924298028,-157.0,0.0,3.6100000000000003,1.0,0.0,286.65,2.099609437058106,0.0,4.596284415111066,-1.122999666666665,-0.3913578365610259,-0.9202385798054075,0.26663924131318795
2024-07-25,30.161,7.7175,4.68,371.1195,133.78116666666668,3.3218333333333336,0.06916666666666667,0.14416666666666667,2.4725,58362,宝山,宝山区,998.504167,30.466667,81.375,0.0,4.2,125.783355,-32.8,2.85,-9.0,2.75,9.0,1,-1.1033333333333333,8.221428571428566,32.8,1,118.73333333333332,373.7428571428571,0.0,2.77,0.06,2.793333333333333,-93.48,-24.75,,0.0,,,,,,0.8112337208473736,-0.5847220281126115,0.0,0.0,1.2749999999999773,-1.9021428571428487,8.135250747932314,4.421,0.1115285081827518,3.9833333333333334,0.8974790383743405,0.154440154440155,-148.8,0.0,-13.65,0.0,34.768,192.49600000000004,0.8809341562310262,0.0,4.443373426405604,-0.3056669999999997,-0.4071294853542516,-0.9133704517637858,0.2619848824670499
2024-07-26,29.766333333333336,7.758666666666667,5.033333333333334,366.46900000000005,141.0395,3.1276666666666664,0.126,0.14183333333333334,2.483833333333333,58362,宝山,宝山区,1000.379167,29.1375,88.916667,0.8,4.858333,140.681622,-8.63,2.86,-6.81,2.79,6.81,1,-3.72,0.9485714285714244,8.63,1,24.85666666666667,267.9385714285714,0.04,2.763333333333333,0.0099999999999997,2.833333333333333,-24.681800000000003,-18.9999,0.0,1.0,0.0095124851367419,DLR_GWP_P1D_real_raster_proxy,0.4285714285714286,wusongkou_aoi_boundary_proxy,"Derived from DLR Global WaterPack daily real raster masks within a station-centered AOI; label denotes boundary-change proxy relative to the median reference mask, not a manual governance-zone annotation.",0.6336290544029617,-0.7736370088202921,0.7999999999999983,0.7999999999999983,0.0,-3.28245238095235,8.27644642863621,8.948499399999992,1.7441046559396163,4.0281666666666665,0.9866909887368214,0.15018774218712105,24.169999999999995,1.0,2.1900000000000004,1.0,8.716299999999999,33.12799999999999,0.17499826926078077,1.7519999999999964,4.229087991925999,0.6288333333333362,-0.4227806579826773,-0.9062320427107697,0.25308182436248305
2024-07-27,29.424166666666665,7.7875000000000005,5.1665,372.6731666666667,131.18833333333333,3.1053333333333337,0.2333333333333333,0.14766666666666667,2.5533333333333332,58362,宝山,宝山区,1006.391667,31.0875,74.5,0.0,6.508333,164.579728,251.0,2.91,17.8,2.79,17.8,0,0.6633333333333334,1.105714285714282,251.0,0,69.85666666666667,211.3671428571428,0.0,2.776666666666667,0.0500000000000002,2.873333333333333,730.4100000000001,49.662000000000006,,0.0,,,,,,0.26589721048601994,-0.9640013866461776,0.7999999999999983,0.7999999999999983,0.0,4.18954761904763,9.068294952740825,11.73249939999999,1.4723235431642947,4.263333333333334,0.9836366248703574,0.12036108807867957,259.63,1.0,24.61,1.0,0.0,536.1615000000002,0.5284631775370998,19.687999999999956,6.44160319858249,-1.663333333333334,-0.4383067230125192,-0.898825465016444,0.2652819501404836
2024-07-28,29.629166666666666,7.7865,5.220666666666666,389.48333333333335,109.01066666666667,3.1223333333333336,0.16924999999999998,0.156,2.5708333333333333,58362,宝山,宝山区,1008.8375,31.508333,70.0,0.0,4.958333,170.737535,530.0,2.77,35.6,2.71,35.6,0,15.53,5.739999999999997,530.0,0,257.45666666666665,223.65285714285707,-0.08,2.763333333333333,-0.1400000000000001,2.8466666666666662,1468.1,96.476,,0.0,,,,,,0.16095728808013549,-0.9869613728074105,0.7999999999999983,0.7999999999999983,0.0,16.697690476190417,6.697627136264533,8.97399939999999,1.7807765367749369,4.300083333333333,0.9887953763062213,0.1479654820204924,279.0,1.0,17.8,1.0,0.0,922.2600000000001,2.340288214476172,14.23999999999997,5.811551092416941,-1.879166333333334,-0.45370308603134424,-0.8911529104063088,0.2964538304351664
2024-07-29,30.0575,7.7459999999999996,4.993166666666666,406.6086666666667,88.8525,2.952833333333333,0.18566666666666665,0.15733333333333333,2.4546666666666668,58362,宝山,宝山区,1007.720833,32.104167,67.333333,0.0,3.529167,173.8692,572.0,2.57,35.9,2.68,35.9,0,29.76666666666667,11.311428571428568,572.0,0,451.0,242.93857142857132,-0.0299999999999998,2.7266666666666666,-0.2000000000000001,2.75,1470.04,96.212,,0.0,,,,,,0.10679857366368621,-0.9942806770039344,0.0,0.7999999999999983,1.1166670000000067,28.50447619047617,4.858709859328162,3.599167,1.8526314419261016,4.213666666666667,0.970285150442523,0.17712175030296654,42.0,1.0,0.29999999999999716,1.0,0.0,736.8000000000001,5.019337247155059,0.0,5.042613766071366,-2.046666999999996,-0.46896519100763184,-0.8832166493127127,0.3308095225967831
2024-07-30,30.531000000000002,7.68,4.631166666666666,425.224,77.39166666666667,2.9088333333333334,0.05616666666666666,0.15133333333333335,2.345666666666667,58362,宝山,宝山区,1005.470833,32.304167,69.083333,0.0,3.804167,174.113347,775.0,2.53,35.6,2.69,35.6,0,35.7,16.248571428571424,775.0,0,625.6666666666666,314.6528571428571,0.0099999999999997,2.6933333333333334,-0.04,2.623333333333333,1960.75,95.764,,0.0,,,,,,0.10256081887900577,-0.9947267355564883,0.0,0.7999999999999983,2.25,39.10111904761902,5.192448360699974,3.818167,1.8930831772590757,3.915166666666667,0.9426554710118012,0.14176018231493528,203.0,1.0,-0.29999999999999716,0.0,0.0,1017.12,7.981290528329967,0.0,5.537277161696942,-1.7731669999999973,-0.48408852163897587,-0.8750190302029955,0.35397016231260814
2024-07-31,30.8395,7.6595,4.6425,437.8078333333333,75.24933333333333,2.4756666666666667,0.09949999999999999,0.14583333333333334,2.3413333333333335,58362,宝山,宝山区,1003.329167,33.870833,64.291667,0.0,2.6375,184.550826,853.0,2.47,34.9,2.69,34.9,0,35.46666666666667,20.57,853.0,0,733.3333333333334,419.9385714285714,0.0,2.686666666666667,-0.0599999999999996,2.523333333333333,2106.9100000000003,93.881,,0.0,,,,,,-0.07934341121243373,-0.9968473419221093,0.0,0.7999999999999983,2.1416659999999865,42.18133333333333,3.8592579261410798,2.6585,1.8537931261979628,3.899166666666667,1.0337826382782669,0.17303534800696196,78.0,1.0,-0.7000000000000028,0.0,0.0,986.8599999999997,9.617570426845264,0.0,4.85233383058504,-3.0313329999999965,-0.4990686026885319,-0.8665624788845385,0.35867334051319344
2024-08-01,31.016833333333334,7.691166666666667,4.8335,418.589,73.45016666666668,2.6806666666666668,0.05133333333333334,0.12516666666666668,2.0513333333333335,58362,宝山,宝山区,1002.879167,34.866667,60.916667,0.0,1.891667,215.367174,604.0,2.43,32.4,2.68,32.4,0,34.3,26.48428571428571,604.0,0,744.0,510.91,-0.0099999999999997,2.686666666666667,-0.04,2.4766666666666666,1467.72,86.83200000000001,,0.0,,,,,,-0.5788140728289193,-0.8154595447324156,0.0,0.7999999999999983,0.4499999999999318,16.181142857142845,3.947374749410689,1.905667,1.821915780590885,3.354333333333334,1.0908718842690357,0.299251840473638,-249.0,0.0,-2.5,0.0,0.0,887.12,9.993261711972885,0.0,3.9241292973304893,-3.8498336666666653,-0.5139010013093103,-0.8578494977869301,0.36272638595245066
2024-08-02,31.1865,7.681333333333334,4.765833333333333,406.347,92.825,2.6121666666666665,0.04133333333333333,0.12716666666666668,2.0893333333333333,58362,宝山,宝山区,1004.729167,34.325,64.708333,0.0,1.833333,102.572164,436.0,2.48,30.2,2.7,30.2,0,32.5,31.77142857142857,436.0,0,631.0,574.4285714285713,0.02,2.69,0.0499999999999998,2.4600000000000004,1081.28,81.54,0.0,1.0,0.0083234244946492,DLR_GWP_P1D_real_raster_proxy,0.5,wusongkou_aoi_boundary_proxy,"Derived from DLR Global WaterPack daily real raster masks within a station-centered AOI; label denotes boundary-change proxy relative to the median reference mask, not a manual governance-zone annotation.",0.9760226272598237,-0.21766908617631345,0.0,0.0,0.0,-1.7577142857143144,4.534697470566472,1.850833,0.5267318158246531,3.402333333333333,1.0906395833787512,0.3529412179930845,-168.0,0.0,-2.1999999999999993,0.0,0.0,634.1999999999999,6.725286437516653,0.0,3.6730068796687396,-3.138500000000004,-0.5285813283559292,-0.8488826652214553,0.3234664651366894
2024-08-03,31.468999999999998,7.667333333333333,4.6365,407.56766666666664,116.86866666666667,2.762333333333333,0.0425,0.13233333333333333,2.1283333333333334,58362,宝山,宝山区,1006.391667,33.808333,62.666667,0.0,1.733333,119.664166,335.0,2.54,12.7,2.73,12.7,0,25.1,31.042857142857137,335.0,0,458.3333333333333,586.4285714285713,0.0299999999999998,2.7033333333333336,0.06,2.483333333333333,850.9,34.671,,0.0,,,,,,0.8689412149312721,-0.49491531093083463,0.0,0.0,0.0,-5.521976190476153,4.112064156894947,1.754333,0.48929029714929717,3.4941666666666666,1.0194137728448238,0.3658537031528906,-101.0,0.0,-17.5,0.0,0.0,462.16,3.8885086791513714,0.0,3.51239796234812,-2.339333,-0.5431052396834317,-0.8396646346181327,0.28474319223232414
2024-08-04,31.57075,7.6555,4.545,409.05674999999997,125.101,2.6727499999999997,0.039,0.13575,2.08175,58362,宝山,宝山区,1005.720833,33.483333,62.125,0.0,2.345833,128.49924,280.0,2.59,6.9,2.79,6.9,0,16.599999999999998,26.94285714285714,280.0,0,350.3333333333333,550.7142857142856,0.06,2.74,0.0499999999999998,2.536666666666666,725.1999999999999,19.251,,0.0,,,,,,0.7826164141304038,-0.6225042556751464,0.0,0.0,0.6708340000000135,-6.829095238095249,5.027473611008829,2.363333,0.4301848353066159,3.47825,1.0097853638184193,0.24896263494085935,-55.0,0.0,-5.799999999999999,0.0,0.0,351.74999999999994,2.7781963135370322,0.0,3.944429086180474,-1.9125830000000015,-0.5574684374327892,-0.8301981337405212,0.2732840191661705
2024-08-05,31.610666666666663,7.687666666666666,4.908,379.9748333333334,120.83316666666667,2.7468333333333335,0.049499999999999995,0.13366666666666668,2.1378333333333335,58362,宝山,宝山区,1004.883333,32.558333,70.333333,0.0,2.591667,123.62179,218.0,2.62,3.41,2.81,3.41,0,7.669999999999999,22.301428571428566,218.0,0,277.6666666666667,500.142857142857,0.02,2.776666666666667,0.0300000000000002,2.583333333333333,571.16,9.5821,,0.0,,,,,,0.8327107216660239,-0.5537082751977341,0.0,0.0,0.8374999999999773,-32.10617857142847,5.558136657360494,2.602167,0.3239803186188675,3.5240000000000005,1.075053582822426,0.22577608837056834,-62.0,0.0,-3.49,0.0,0.0,288.4000000000001,2.2790728851886257,0.0,4.025180933335885,-0.9476663333333342,-0.5716666713027052,-0.8204859638785327,0.2791280866871745
2024-08-06,31.522833333333335,7.724,5.092333333333333,369.786,116.02933333333333,2.828,0.06116666666666667,0.14333333333333334,2.2373333333333334,58362,宝山,宝山区,1005.308333,32.708333,62.458333,0.0,2.375,144.110363,162.0,2.64,1.93,2.82,1.93,0,4.08,17.491428571428568,162.0,0,220.0,412.5714285714285,0.0099999999999997,2.806666666666666,0.02,2.6166666666666667,427.68,5.4426,,0.0,,,,,,0.5862258361530155,-0.8101476834668466,0.0,0.0,0.0,-34.375297619047615,4.531348890984426,2.382,0.24379668923855857,3.7318333333333333,1.0720417492920251,0.2962962962962963,-56.0,0.0,-1.4800000000000002,0.0,0.0,222.36,1.8798705737592856,0.0,3.6095441581784096,-1.1854996666666686,-0.5856957398073508,-0.8105309990194823,0.2859561851157558
2024-08-07,31.589,7.6857500000000005,4.89725,384.4665,116.5515,2.78025,0.048,0.133,2.1102499999999997,58362,宝山,宝山区,1004.5125,32.25,70.333333,0.0,2.483333,130.543104,173.0,2.68,1.86,2.83,1.86,0,2.4,12.771428571428569,173.0,0,184.33333333333331,315.4285714285714,0.0100000000000002,2.8200000000000003,0.04,2.6466666666666665,463.64,5.263800000000001,,0.0,,,,,,0.7599171663328379,-0.6500199230121103,0.0,0.0,0.7958329999999023,-12.074607142857133,5.144318671303005,2.497333,0.18356631474331733,3.48825,1.0587173785510988,0.23369039668010608,11.0,1.0,-0.06999999999999984,0.0,0.0,191.36,1.568107028267043,0.0,3.864119661633069,-0.6610000000000014,-0.5995514915196489,-0.8003361849976323,0.2852005387645199
2024-08-08,31.736400000000003,7.6822,4.7104,398.0826,112.18260000000001,2.9636,0.0696,0.1464,2.2030000000000003,58362,宝山,宝山区,1003.620833,32.0,71.291667,0.0,1.775,122.466457,225.0,2.69,-8.01,2.85,8.01,1,-1.4066666666666665,6.998571428571424,225.0,0,186.66666666666663,261.2857142857142,0.02,2.833333333333333,0.0099999999999997,2.6700000000000004,605.25,-22.8285,,0.0,,,,,,0.8437058556862251,-0.5368057647611234,0.0,0.0,0.8916670000000977,4.470978571428532,4.085658143733893,1.7784999999999997,0.13173639963549377,3.7366,0.9523185036090307,0.2727272479338793,52.0,1.0,-9.87,0.0,0.0,279.7699999999999,1.6492523291271504,0.0,3.560561016155845,-0.2635999999999967,-0.6132298262997502,-0.7899045386224707,0.29162909553576577
2024-08-09,31.8985,7.695,4.484500000000001,405.24025,130.64475,3.1535,0.075,0.1565,2.26125,58362,宝山,宝山区,1001.804167,33.070833,64.083333,0.0,2.379167,127.541822,301.0,2.73,9.55,2.9,9.55,0,1.1333333333333335,4.0485714285714245,301.0,0,233.0,241.99999999999997,0.0499999999999998,2.86,0.04,2.7,821.73,27.695,1.0,1.0,0.0202140309155766,DLR_GWP_P1D_real_raster_proxy,0.2142857142857143,wusongkou_aoi_boundary_proxy,"Derived from DLR Global WaterPack daily real raster masks within a station-centered AOI; label denotes boundary-change proxy relative to the median reference mask, not a manual governance-zone annotation.",0.7929087747775636,-0.6093403604560779,0.0,0.0,1.816665999999941,11.786735714285726,5.122193443567442,2.3931669999999996,0.11365285525462748,3.90125,0.8590960008377,0.19246192092779182,76.0,1.0,17.560000000000002,1.0,0.0,392.08000000000004,1.7699148655757257,0.0,4.229334366164791,-1.1723330000000018,-0.6267266965083301,-0.7792391467859886,0.265981371267457
2024-08-10,31.796,7.7054,4.6086,399.9736,110.28699999999999,2.7506,0.034199999999999994,0.1306,2.1448,58362,宝山,宝山区,999.991667,33.704167,63.875,0.0,2.479167,163.163774,327.0,2.71,33.2,2.81,33.2,0,11.58,6.977142857142853,327.0,0,284.3333333333333,240.8571428571428,-0.0899999999999998,2.853333333333333,-0.02,2.7100000000000004,886.17,93.29200000000002,,0.0,,,,,,0.2896370168063511,-0.9571365620931621,0.0,0.0,1.8125,7.604952380952284,4.066177575302373,2.486167,0.37981623769084416,3.485,1.0046499452281075,0.18897636604873283,26.0,1.0,23.650000000000002,1.0,0.0,360.06,2.5549555054348967,0.0,4.318459095278642,-1.9081669999999988,-0.6400381082043503,-0.7683431655492202,0.29449591763827976
2024-08-11,31.7315,7.6907499999999995,4.4175,391.50125,94.2795,2.8064999999999998,0.11375,0.14100000000000001,2.16575,58362,宝山,宝山区,999.5875,31.195833,82.166667,8.5,1.1875,150.070207,395.0,2.65,30.0,2.77,30.0,0,24.25,10.277142857142852,395.0,0,341.0,257.2857142857142,-0.04,2.8266666666666667,-0.06,2.6966666666666668,1046.75,83.1,0.0,1.0,0.0142687277051129,DLR_GWP_P1D_real_raster_proxy,0.15,wusongkou_aoi_boundary_proxy,"Derived from DLR Global WaterPack daily real raster masks within a station-centered AOI; label denotes boundary-change proxy relative to the median reference mask, not a manual governance-zone annotation.",0.4989384464660053,-0.8666374251312304,8.499999999999998,8.499999999999998,0.4041670000000295,1.6405309523809706,2.677201536866553,11.302249999999999,15.968490618358201,3.6895000000000002,0.9208201802399669,0.09015777339871432,68.0,1.0,-3.200000000000003,0.0,0.0,490.78000000000003,3.578944054072492,0.0,5.0378469958344025,0.5356670000000001,-0.65316012232693,-0.7572198192083127,0.32085537611373216
2024-08-12,31.9204,7.6506,3.8308,402.0538,72.2414,2.835,0.10939999999999998,0.147,2.1513999999999998,58362,宝山,宝山区,1002.716667,29.7125,89.541667,10.0,1.258333,108.910942,406.0,2.62,35.0,2.79,35.0,0,32.733333333333334,14.789999999999996,406.0,0,376.0,284.14285714285705,0.02,2.79,-0.0299999999999998,2.66,1063.72,97.65,0.0,1.0,0.0142687277051129,DLR_GWP_P1D_real_raster_proxy,0.15,wusongkou_aoi_boundary_proxy,"Derived from DLR Global WaterPack daily real raster masks within a station-centered AOI; label denotes boundary-change proxy relative to the median reference mask, not a manual governance-zone annotation.",0.9460234817942655,-0.32409808992626754,18.5,18.5,0.0,9.038942857142843,3.3500675437330125,24.5479935,35.592981365227786,3.7307999999999995,0.7875128371423682,0.0481734251011389,11.0,1.0,5.0,1.0,0.0,429.50999999999993,5.133708530967459,92.5,7.005773166277394,2.207900000000002,-0.666088855860977,-0.7458723993404063,0.36550480487264825
2024-08-13,32.35733333333334,7.4736666666666665,2.1953333333333336,462.50033333333334,50.11566666666667,3.308,0.081,0.15966666666666665,2.1993333333333336,58362,宝山,宝山区,1005.933333,31.05,77.75,0.0,2.341667,109.82795,543.0,2.64,36.8,2.76,36.8,0,33.93333333333333,19.77142857142857,543.0,0,448.0,338.5714285714285,-0.0300000000000002,2.773333333333333,0.02,2.6366666666666667,1433.52,101.56799999999998,1.0,1.0,0.0166468489892984,DLR_GWP_P1D_real_raster_proxy,0.15,wusongkou_aoi_boundary_proxy,"Derived from DLR Global WaterPack daily real raster masks within a station-centered AOI; label denotes boundary-change proxy relative to the median reference mask, not a manual governance-zone annotation.",0.9407154140394065,-0.33919685993338444,18.5,18.5,0.0,56.2405714285714,5.489351628475807,45.669506500000004,33.41676622248282,3.877,0.40951286843053514,0.04578405118986568,137.0,1.0,1.7999999999999972,1.0,0.0,693.6,8.764436213294031,33.29999999999995,7.772025348333638,1.307333333333336,-0.6788204829862355,-0.734304263829602,0.4265533369640018
2024-08-14,32.44883333333333,7.4926666666666675,2.578333333333333,456.12000000000006,41.34133333333333,3.249333333333333,0.0315,0.14916666666666667,2.1923333333333335,58362,宝山,宝山区,1006.545833,30.470833,78.291667,0.0,2.695833,69.200665,813.0,2.63,32.8,2.74,32.8,0,34.86666666666667,24.191428571428567,813.0,0,587.3333333333334,430.0,-0.0199999999999995,2.7633333333333336,-0.0100000000000002,2.6300000000000003,2138.19,89.872,1.0,1.0,0.0178359096313912,DLR_GWP_P1D_real_raster_proxy,0.15,wusongkou_aoi_boundary_proxy,"Derived from DLR Global WaterPack daily real raster masks within a station-centered AOI; label denotes boundary-change proxy relative to the median reference mask, not a manual governance-zone annotation.",0.9348297978605338,0.35509611238653893,9.999999999999998,18.5,0.0,39.62402380952386,6.221272073356137,29.657662999999992,33.52092964885894,3.7155,0.5008475196500102,0.07301490898728102,270.0,1.0,-4.0,0.0,0.0,1093.8300000000002,13.871394382164002,0.0,6.4442172712544386,1.978000333333334,-0.6913512362094071,-0.722518835873311,0.45851905734614695
2024-08-15,32.71383333333333,7.528833333333334,3.045166666666667,464.391,44.02316666666667,3.3151666666666664,0.027333333333333334,0.14183333333333334,1.9096666666666666,58362,宝山,宝山区,1006.116667,29.716667,78.75,8.9,1.979167,57.983681,925.0,2.58,24.0,2.71,24.0,0,31.2,28.76428571428571,925.0,0,760.3333333333334,529.9999999999999,-0.0300000000000002,2.7366666666666664,-0.0499999999999998,2.6166666666666667,2386.5,65.03999999999999,1.0,1.0,0.0178359096313912,DLR_GWP_P1D_real_raster_proxy,0.15,wusongkou_aoi_boundary_proxy,"Derived from DLR Global WaterPack daily real raster masks within a station-centered AOI; label denotes boundary-change proxy relative to the median reference mask, not a manual governance-zone annotation.",0.8478971300069851,0.5301607840324648,8.899999999999999,27.4,0.42916600000000926,38.42239523809525,4.6819281543014615,19.611253299999994,49.49829496788255,3.3553333333333333,0.5949348629481335,0.08124577064985156,112.0,1.0,-8.799999999999997,0.0,0.0,1088.85,16.88760230844121,0.0,5.932752269514779,2.9971663333333325,-0.7036774074790128,-0.7105196029692745,0.4480950547629202
2024-08-16,32.77,7.5915,3.6500000000000004,469.7833333333333,48.2245,3.2656666666666667,0.03566666666666667,0.14183333333333334,1.8070000000000002,58362,宝山,宝山区,1007.416667,29.9625,79.125,0.0,1.804167,98.556758,836.0,2.53,34.5,2.73,34.5,0,30.433333333333334,32.32857142857142,836.0,0,858.0,606.4285714285714,0.02,2.7266666666666666,-0.0500000000000002,2.58,2115.08,94.185,0.0,1.0,0.0118906064209274,DLR_GWP_P1D_real_raster_proxy,0.2857142857142857,wusongkou_aoi_boundary_proxy,"Derived from DLR Global WaterPack daily real raster masks within a station-centered AOI; label denotes boundary-change proxy relative to the median reference mask, not a manual governance-zone annotation.",0.9888689560487589,-0.1487890713830745,8.899999999999999,27.4,0.0,34.59428809523803,4.597725348401043,17.878753299999996,49.597430335145695,3.261,0.7199500189579245,0.08543965580805539,-89.0,0.0,10.5,1.0,0.0,971.2500000000002,17.430344645450944,93.44999999999999,5.6985543075394,2.8075000000000045,-0.7157953492826642,-0.6983101158835584,0.4329522715679309
2024-08-17,32.40116666666667,7.609333333333333,3.8031666666666664,440.89349999999996,55.471833333333336,3.295666666666667,0.10266666666666667,0.14566666666666667,1.8478333333333332,58362,宝山,宝山区,1008.108333,30.516667,73.875,0.0,2.270833,103.649914,639.0,2.55,28.1,2.73,28.1,0,28.866666666666664,31.6,639.0,0,800.0,651.0,0.0,2.723333333333333,0.02,2.553333333333333,1629.4499999999998,76.71300000000001,0.0,1.0,0.0083234244946492,DLR_GWP_P1D_real_raster_proxy,0.5,wusongkou_aoi_boundary_proxy,"Derived from DLR Global WaterPack daily real raster masks within a station-centered AOI; label denotes boundary-change proxy relative to the median reference mask, not a manual governance-zone annotation.",0.9717557845213625,-0.23598876085371398,8.899999999999999,27.4,0.0,-0.14124523809528,5.446748329885057,22.488246699999998,48.15126145469691,3.4071666666666665,0.7337421786840901,0.08216364483844286,-197.0,0.0,-6.399999999999999,0.0,0.0,852.72,14.166354318229441,0.0,5.869358543486299,1.8844996666666667,-0.7277014757264236,-0.6858939875998223,0.40963908869400745
2024-08-18,31.963333333333335,7.663833333333334,4.221666666666667,405.96883333333335,73.93183333333333,3.1943333333333332,0.0615,0.1376666666666667,1.8366666666666667,58362,宝山,宝山区,1005.958333,29.570833,81.625,4.7,2.2875,125.612164,407.0,2.58,1.23,2.7,1.23,0,21.276666666666667,27.49,407.0,0,627.3333333333334,652.7142857142857,-0.0299999999999998,2.72,0.0300000000000002,2.553333333333333,1050.06,3.321,0.0,1.0,0.0142687277051129,DLR_GWP_P1D_real_raster_proxy,0.15,wusongkou_aoi_boundary_proxy,"Derived from DLR Global WaterPack daily real raster masks within a station-centered AOI; label denotes boundary-change proxy relative to the median reference mask, not a manual governance-zone annotation.",0.812977156940271,-0.582295579833227,4.699999999999998,23.599999999999998,2.1499999999999773,-37.13270952380947,5.048875322661494,13.049249999999997,43.32903096892823,3.2748333333333335,0.846696872807711,0.0986436498150434,-232.0,0.0,-26.87,0.0,0.0,658.1700000000002,8.372053711039591,0.0,5.291949962261229,2.3925003333333343,-0.7393922635959241,-0.673274892250183,0.36163179695007175
2024-08-19,31.731166666666667,7.656,4.178333333333334,397.8006666666667,94.02366666666667,3.2898333333333336,0.0535,0.14333333333333334,1.9351666666666667,58362,宝山,宝山区,1003.995833,31.591667,74.125,0.0,2.808333,138.823918,274.0,2.6,-1.5,2.73,1.5,1,9.276666666666667,22.275714285714283,274.0,0,440.0,633.8571428571429,0.0299999999999998,2.72,0.02,2.5766666666666667,712.4,-4.095,0.0,1.0,0.0118906064209274,DLR_GWP_P1D_real_raster_proxy,0.2857142857142857,wusongkou_aoi_boundary_proxy,"Derived from DLR Global WaterPack daily real raster masks within a station-centered AOI; label denotes boundary-change proxy relative to the median reference mask, not a manual governance-zone annotation.",0.6583753087489029,-0.7526898118280776,4.699999999999998,13.599999999999998,1.962500000000091,-44.69328571428571,5.499785770594718,16.014498099999997,24.03048139298449,3.422,0.8166686312998988,0.09550338545175838,-133.0,0.0,-2.73,0.0,0.0,415.14,4.630425402794391,0.0,5.409198915355379,0.1394996666666657,-0.7508642533989489,-0.6604565640279754,0.32131174142783525
2024-08-20,31.488166666666668,7.706333333333333,4.597333333333333,375.0396666666666,114.93733333333334,3.2715,0.08083333333333333,0.14533333333333334,2.128,58362,宝山,宝山区,1003.9375,32.05,73.041667,0.0,2.495833,171.993404,83.5,2.64,3.09,2.75,3.09,0,0.94,17.459999999999994,83.5,0,254.83333333333331,568.2142857142857,0.02,2.7266666666666666,0.04,2.606666666666667,220.44,8.497499999999999,0.0,1.0,0.0118906064209274,DLR_GWP_P1D_real_raster_proxy,0.2857142857142857,wusongkou_aoi_boundary_proxy,"Derived from DLR Global WaterPack daily real raster masks within a station-centered AOI; label denotes boundary-change proxy relative to the median reference mask, not a manual governance-zone annotation.",0.13928710159645352,-0.9902520403053251,4.699999999999998,13.599999999999998,0.05833299999994779,-54.959904761904795,3.5089830747932504,14.240248099999997,23.633069907961282,3.662166666666667,0.892346548825272,0.12115094365681603,-190.5,0.0,4.59,1.0,0.0,284.96000000000004,2.1980265200740625,21.572999999999993,4.372377034455168,-0.561833333333329,-0.7621140503891487,-0.6474427960827475,0.28754741631688674
2024-08-21,31.57783333333333,7.706166666666667,4.538333333333333,377.65000000000003,134.48766666666666,3.2631666666666668,0.13116666666666668,0.15283333333333335,2.2908333333333335,58362,宝山,宝山区,1004.245833,29.6125,81.666667,11.4,2.491667,228.171058,62.6,2.7,-5.28,2.75,5.28,1,-1.2300000000000002,12.019999999999994,62.6,0,140.03333333333333,461.0142857142856,0.0,2.7433333333333336,0.06,2.646666666666667,169.02,-14.52,0.0,1.0,0.0118906064209274,DLR_GWP_P1D_real_raster_proxy,0.2857142857142857,wusongkou_aoi_boundary_proxy,"Derived from DLR Global WaterPack daily real raster masks within a station-centered AOI; label denotes boundary-change proxy relative to the median reference mask, not a manual governance-zone annotation.",-0.7451392169151814,-0.6669089498687435,11.399999999999999,25.0,0.0,-41.1395714285714,4.971197817745311,30.9176708,45.53696698782081,3.950333333333334,0.8602950663904099,0.06715164930830109,-20.9,0.0,-8.370000000000001,0.0,0.0,88.51,1.0335504092623438,0.0,5.589540979164902,1.96533333333333,-0.7731383255706026,-0.6342374393978054,0.2610974844762507
2024-08-22,31.680799999999998,7.63,3.725,411.05879999999996,149.7712,3.3266,0.1972,0.16040000000000001,2.3496,58362,宝山,宝山区,1007.116667,31.445833,70.166667,0.0,1.304167,156.445631,121.0,2.75,0.294,2.8,0.294,0,-0.6320000000000001,8.633428571428567,121.0,0,89.03333333333335,346.1571428571428,0.0499999999999998,2.766666666666667,0.0499999999999998,2.6966666666666668,332.75,0.8231999999999999,0.0,1.0,0.0083234244946492,DLR_GWP_P1D_real_raster_proxy,0.5,wusongkou_aoi_boundary_proxy,"Derived from DLR Global WaterPack daily real raster masks within a station-centered AOI; label denotes boundary-change proxy relative to the median reference mask, not a manual governance-zone annotation.",0.39961910413638485,-0.9166812813673209,11.399999999999999,16.1,0.0,-0.11188571428573368,2.545940204894225,16.189170799999996,27.47030432548129,4.1508,0.679005259086923,0.07297050597821816,58.4,1.0,5.574,1.0,0.0,188.36999999999998,0.5905194979766252,63.54359999999999,5.140064292640483,0.23496699999999748,-0.7839338166829201,-0.620844401650647,0.24295573169481743
2024-08-23,31.766333333333336,7.644666666666667,3.7568333333333332,402.8895,154.15583333333333,3.6270000000000002,0.13683333333333333,0.16749999999999998,2.3983333333333334,58362,宝山,宝山区,1008.425,31.458333,67.041667,0.0,2.041667,123.680398,10.4,2.72,1.11,2.77,1.11,0,-1.292,3.863428571428568,10.4,0,64.66666666666667,228.21428571428564,-0.0299999999999998,2.773333333333333,-0.0299999999999998,2.723333333333333,28.288000000000004,3.0747000000000004,0.0,1.0,0.0035671819262782,DLR_GWP_P1D_real_raster_proxy,0.7857142857142857,wusongkou_aoi_boundary_proxy,"Derived from DLR Global WaterPack daily real raster masks within a station-centered AOI; label denotes boundary-change proxy relative to the median reference mask, not a manual governance-zone annotation.",0.8321438965032415,-0.5545597673041225,11.399999999999999,16.1,0.0,1.2750761904761703,4.105669736052151,25.327170799999998,27.018122106827878,4.210166666666666,0.646883550569927,0.06924408380279092,-110.6,0.0,0.8160000000000001,1.0,0.0,124.62999999999998,0.41678527501920115,9.302399999999999,4.622980220222803,0.3080003333333359,-0.7944973291665992,-0.6072676460566135,0.23809001948922937
2024-08-24,31.756833333333333,7.6691666666666665,3.8104999999999998,400.7163333333333,158.26016666666666,3.6351666666666667,0.10783333333333334,0.168,2.3671666666666664,58362,宝山,宝山区,1008.4125,30.304167,79.541667,0.0,2.004167,102.378386,85.5,2.77,4.84,2.78,4.84,0,2.0813333333333337,0.5405714285714244,85.5,0,72.3,149.14285714285708,0.0099999999999997,2.783333333333333,0.0499999999999998,2.7466666666666666,236.835,13.455199999999998,0.0,1.0,0.0107015457788347,DLR_GWP_P1D_real_raster_proxy,0.3571428571428571,wusongkou_aoi_boundary_proxy,"Derived from DLR Global WaterPack daily real raster masks within a station-centered AOI; label denotes boundary-change proxy relative to the median reference mask, not a manual governance-zone annotation.",0.9767532146196879,-0.21436687647606817,0.0,16.1,0.012499999999931788,4.84150476190473,4.63076522197537,2.021667,29.07501274756161,4.154999999999999,0.6527219464697224,0.33149167607827534,75.1,1.0,3.7299999999999995,1.0,0.0,168.62999999999997,0.4539741575891021,0.0,3.1457728768743505,1.4526663333333332,-0.8048257371083452,-0.593511190196115,0.23365838524964933
2024-08-25,31.705333333333332,7.697333333333333,4.0715,393.782,155.0285,3.6184999999999996,0.06833333333333333,0.16516666666666666,2.4193333333333333,58362,宝山,宝山区,1007.025,30.479167,76.875,0.0,2.379167,111.511687,167.0,2.73,24.2,2.79,24.2,0,10.05,3.821999999999996,167.0,0,87.63333333333333,114.8571428571428,0.0100000000000002,2.78,-0.04,2.74,455.91,67.518,0.0,1.0,0.0154577883472057,DLR_GWP_P1D_real_raster_proxy,0.15,wusongkou_aoi_boundary_proxy,"Derived from DLR Global WaterPack daily real raster masks within a station-centered AOI; label denotes boundary-change proxy relative to the median reference mask, not a manual governance-zone annotation.",0.9303427909418488,-0.36669100253828346,0.0,11.399999999999999,1.3875000000000455,-0.3518523809523799,5.361202463807235,2.3931669999999996,20.524114564194562,4.139333333333333,0.7033974133011036,0.2097901951195648,81.5,1.0,19.36,1.0,0.0,258.44,0.5616495277038062,0.0,3.908664160094372,1.2261663333333317,-0.8149159841660791,-0.5795791048257612,0.23713802802508532
2024-08-26,31.685,7.710166666666666,4.262333333333333,400.35699999999997,114.20366666666666,3.269166666666667,0.06033333333333333,0.14683333333333334,2.2428333333333335,58362,宝山,宝山区,1003.491667,31.091667,74.625,0.0,2.275,136.888195,370.0,2.69,32.4,2.76,32.4,0,20.48,8.664857142857139,370.0,0,207.5,128.5714285714285,-0.0300000000000002,2.776666666666667,-0.04,2.73,995.3,89.42399999999999,1.0,1.0,0.0178359096313912,DLR_GWP_P1D_real_raster_proxy,0.15,wusongkou_aoi_boundary_proxy,"Derived from DLR Global WaterPack daily real raster masks within a station-centered AOI; label denotes boundary-change proxy relative to the median reference mask, not a manual governance-zone annotation.",0.6834241989780773,-0.7300214820477363,0.0,11.399999999999999,3.5333329999999705,5.857957142857174,4.71722036206624,2.2889999999999997,20.367318340446097,3.7715000000000005,0.8066794359199148,0.14687883216053096,203.0,1.0,8.2,1.0,0.0,595.9200000000001,1.8011579492550873,0.0,4.590324378209475,0.5933329999999977,-0.8247650844733614,-0.5654755126737576,0.28862493426047053
2024-08-27,31.865166666666667,7.6129999999999995,3.7225,452.01533333333333,80.3845,3.1986666666666665,0.064,0.14433333333333334,2.1235,58362,宝山,宝山区,1002.758333,28.583333,86.291667,0.6,1.916667,307.08314,600.0,2.64,31.5,2.74,31.5,0,29.366666666666664,12.723428571428569,600.0,0,379.0,202.3571428571428,-0.0199999999999995,2.763333333333333,-0.0499999999999998,2.686666666666667,1584.0,86.31,1.0,1.0,0.0178359096313912,DLR_GWP_P1D_real_raster_proxy,0.15,wusongkou_aoi_boundary_proxy,"Derived from DLR Global WaterPack daily real raster masks within a station-centered AOI; label denotes boundary-change proxy relative to the median reference mask, not a manual governance-zone annotation.",-0.7977613957887646,0.6029732625823155,0.5999999999999982,11.999999999999998,0.7333340000000135,46.519766666666726,4.405499181362545,3.084167199999997,22.86700186733967,3.6308333333333334,0.7217313445071846,0.2352940622837494,230.0,1.0,-0.8999999999999986,0.0,0.0,871.4999999999999,4.656906413383384,0.0,4.126566686580511,3.2818336666666674,-0.8343701235229538,-0.5512045872199277,0.3476106679275296
2024-08-28,31.840500000000002,7.600666666666666,3.220333333333333,473.1571666666666,60.73233333333334,3.3826666666666667,0.12516666666666668,0.15633333333333332,2.146666666666667,58362,宝山,宝山区,1004.579167,30.020833,81.666667,0.0,2.979167,46.092773,715.0,2.62,30.0,2.73,30.0,0,31.3,17.763428571428566,715.0,0,561.6666666666666,295.5571428571428,-0.0100000000000002,2.7433333333333336,-0.02,2.65,1873.3,81.9,0.0,1.0,0.0118906064209274,DLR_GWP_P1D_real_raster_proxy,0.2857142857142857,wusongkou_aoi_boundary_proxy,"Derived from DLR Global WaterPack daily real raster masks within a station-centered AOI; label denotes boundary-change proxy relative to the median reference mask, not a manual governance-zone annotation.",0.7204636437470681,0.6934927094344234,0.5999999999999982,0.6,0.0,54.01771904761904,6.111600537195118,4.773667199999995,1.6112600865342916,3.835166666666667,0.5908175034021184,0.21838032987222358,115.0,1.0,-1.5,0.0,0.0,846.6,9.09841952083457,0.0,4.683318822044901,1.8196670000000026,-0.8437282590292712,-0.5367705514607103,0.3945215024788903
2024-08-29,31.929166666666664,7.606333333333333,3.532166666666667,482.66799999999995,48.77,3.1986666666666665,0.057499999999999996,0.143,1.9808333333333332,58362,宝山,宝山区,1006.833333,29.741667,78.958333,0.0,2.25,46.319266,749.0,2.64,31.3,2.65,31.3,0,30.933333333333337,22.19285714285714,749.0,0,688.0,385.2714285714285,-0.08,2.706666666666667,0.02,2.6333333333333333,1977.36,82.945,0.0,1.0,0.0095124851367419,DLR_GWP_P1D_real_raster_proxy,0.4285714285714286,wusongkou_aoi_boundary_proxy,"Derived from DLR Global WaterPack daily real raster masks within a station-centered AOI; label denotes boundary-change proxy relative to the median reference mask, not a manual governance-zone annotation.",0.7231994177906417,0.6906392706089605,0.5999999999999982,0.6,0.0,53.29866666666658,4.870209671008498,3.606999999999996,1.5932975574463057,3.468333333333333,0.6951882983190653,0.2597402597402598,34.0,1.0,1.3000000000000007,1.0,0.0,798.66,13.82358850713281,0.7799999999999981,4.26552182627927,2.187499666666664,-0.8528367217694595,-0.522177676659508,0.43108163535755084
2024-08-30,32.00733333333333,7.601500000000001,3.6551666666666667,487.787,53.08266666666666,3.3846666666666665,0.08083333333333333,0.159,1.9978333333333333,58362,宝山,宝山区,1008.404167,30.258333,75.083333,0.0,1.9,92.237384,744.0,2.66,41.1,2.69,41.1,0,34.13333333333333,27.90571428571428,744.0,0,736.0,490.0714285714285,0.04,2.69,0.02,2.64,1979.04,110.559,0.0,1.0,0.0118906064209274,DLR_GWP_P1D_real_raster_proxy,0.2857142857142857,wusongkou_aoi_boundary_proxy,"Derived from DLR Global WaterPack daily real raster masks within a station-centered AOI; label denotes boundary-change proxy relative to the median reference mask, not a manual governance-zone annotation.",0.9992376566651849,-0.03903979382975885,0.0,0.6,0.0,46.28945238095241,4.790559180420785,1.9069999999999998,1.5843725501158725,3.6686666666666667,0.6784176403612792,0.3448275862068966,-5.0,0.0,9.8,1.0,0.0,763.98,13.608796410433412,0.0,3.9339769034205982,1.7490003333333277,-0.8616928164028522,-0.5074302810827518,0.4169764329714639
2024-08-31,31.888,7.593666666666667,3.7256666666666667,470.38366666666667,65.039,3.0706666666666664,0.0845,0.164,1.9786666666666666,58362,宝山,宝山区,1008.491667,29.991667,62.5,0.0,1.8875,115.491823,665.0,2.58,32.5,2.68,32.5,0,34.96666666666667,31.857142857142858,665.0,0,719.3333333333334,572.8571428571428,-0.0099999999999997,2.6733333333333333,-0.08,2.626666666666667,1715.7,87.10000000000001,0.0,1.0,0.0118906064209274,DLR_GWP_P1D_real_raster_proxy,0.2857142857142857,wusongkou_aoi_boundary_proxy,"Derived from DLR Global WaterPack daily real raster masks within a station-centered AOI; label denotes boundary-change proxy relative to the median reference mask, not a manual governance-zone annotation.",0.9026467157956793,-0.4303822794484852,0.0,0.6,0.0,18.9336428571429,4.566439126645403,1.9155,1.512388887539397,3.7031666666666667,0.7245699654128354,0.3463203463203463,-79.0,0.0,-8.600000000000001,0.0,0.0,803.5200000000001,10.892553390168436,0.0,3.8830462859766297,1.896333000000002,-0.8702939222685674,-0.49253272872205434,0.38307497822793946
2024-09-01,31.719666666666665,7.667166666666667,4.264833333333333,442.07733333333334,83.45233333333333,2.980166666666667,0.0325,0.15316666666666667,1.8825,58362,宝山,宝山区,1007.166667,31.1125,66.5,0.0,1.745833,125.846744,457.0,2.51,28.7,2.65,28.7,0,34.1,32.49999999999999,457.0,0,622.0,614.2857142857143,-0.0300000000000002,2.6733333333333333,-0.0700000000000002,2.583333333333333,1147.07,76.05499999999999,0.0,1.0,0.0095124851367419,DLR_GWP_P1D_real_raster_proxy,0.4285714285714286,wusongkou_aoi_boundary_proxy,"Derived from DLR Global WaterPack daily real raster masks within a station-centered AOI; label denotes boundary-change proxy relative to the median reference mask, not a manual governance-zone annotation.",0.8105863191820393,-0.5856191758770481,0.0,0.6,1.3250000000000455,-16.272023809523773,4.080011722993665,1.770333,1.532730169570773,3.4466666666666668,0.8680242755290525,0.24564996893755867,-208.0,0.0,-3.8000000000000007,0.0,0.0,711.5500000000002,7.365101418156988,0.0,3.908092728623105,0.6071666666666644,-0.8786374941610001,-0.4774894280028391,0.3413300616842827
2024-09-02,31.682166666666664,7.7138333333333335,4.623,430.3966666666667,89.03966666666668,2.9436666666666667,0.03716666666666667,0.14516666666666667,1.8903333333333334,58362,宝山,宝山区,1008.675,31.304167,71.833333,0.6,2.2,61.978433,243.0,2.52,6.17,2.64,6.17,0,22.456666666666667,28.75285714285713,243.0,0,455.0,596.1428571428571,-0.0099999999999997,2.6566666666666667,0.0100000000000002,2.536666666666666,612.36,16.288800000000002,0.0,1.0,0.0059453032104637,DLR_GWP_P1D_real_raster_proxy,0.6428571428571428,wusongkou_aoi_boundary_proxy,"Derived from DLR Global WaterPack daily real raster masks within a station-centered AOI; label denotes boundary-change proxy relative to the median reference mask, not a manual governance-zone annotation.",0.8827708140980799,0.4698038843779532,0.5999999999999982,1.2,0.0,-32.24407142857143,4.966671024809756,3.5234999999999967,2.535273208096552,3.3791666666666664,0.9597825639333297,0.2631578947368422,-214.0,0.0,-22.53,0.0,0.0,461.5700000000001,5.053328347876306,0.0,3.778134862210896,0.37799966666666407,-0.886721063082993,-0.46230483047981086,0.33045632506286615
2024-09-03,31.531833333333335,7.735166666666667,4.679333333333333,419.96316666666667,105.3275,3.0011666666666668,0.0665,0.15216666666666667,1.9523333333333335,58362,宝山,宝山区,1008.9125,27.541667,88.125,2.4,2.054167,54.532067,199.0,2.57,-2.23,2.7,2.23,1,10.88,23.934285714285718,199.0,0,299.6666666666667,538.8571428571428,0.06,2.6633333333333336,0.0499999999999998,2.533333333333333,511.43,-6.021,0.0,1.0,0.0059453032104637,DLR_GWP_P1D_real_raster_proxy,0.6428571428571428,wusongkou_aoi_boundary_proxy,"Derived from DLR Global WaterPack daily real raster masks within a station-centered AOI; label denotes boundary-change proxy relative to the median reference mask, not a manual governance-zone annotation.",0.8144403956049566,0.5802472249023185,2.9999999999999982,3.0,0.0,-38.098690476190484,4.5219111891008525,8.234167999999997,6.014978447090176,3.5404999999999998,0.9425302162848065,0.16517548987333855,-44.0,0.0,-8.4,0.0,0.0,255.14999999999995,2.81833642911445,0.0,4.09795415908472,3.9901663333333346,-0.8945422369764496,-0.4469834295196741,0.3022338784319917
2024-09-04,31.310833333333335,7.722833333333334,4.4703333333333335,417.5496666666667,103.59116666666667,3.044166666666667,0.061,0.15616666666666668,2.0148333333333333,58362,宝山,宝山区,1006.2875,29.816667,75.125,0.1,1.895833,131.825064,181.0,2.64,-1.58,2.75,1.58,1,0.7866666666666666,19.422857142857136,181.0,0,207.66666666666663,462.5714285714285,0.0499999999999998,2.6966666666666668,0.0700000000000002,2.5766666666666667,477.84,-4.345000000000001,0.0,1.0,0.0047562425683709,DLR_GWP_P1D_real_raster_proxy,0.7142857142857143,wusongkou_aoi_boundary_proxy,"Derived from DLR Global WaterPack daily real raster masks within a station-centered AOI; label denotes boundary-change proxy relative to the median reference mask, not a manual governance-zone annotation.",0.745184354185959,-0.6668585144364997,3.0999999999999983,3.1,2.625,-32.56826190476181,4.089179092810948,7.797415299999996,5.51592775296219,3.6375,0.8857146542729819,0.11599807118407239,-18.0,0.0,0.6499999999999999,1.0,0.0,212.93000000000006,1.9855086551286194,2.014999999999999,4.516206448626674,1.494166333333336,-0.9020987014301837,-0.43152975897147144,0.3050285395266338
2024-09-05,31.237,7.731000000000001,4.564166666666666,408.0598333333333,100.4545,2.8516666666666666,0.05033333333333334,0.14316666666666666,1.898,58362,宝山,宝山区,1007.970833,29.958333,75.916667,0.0,2.308333,108.051512,66.2,2.62,-4.23,2.76,4.23,1,-2.68,14.347142857142854,66.2,0,148.73333333333332,365.02857142857135,0.0099999999999997,2.736666666666667,-0.02,2.61,173.44400000000002,-11.6748,0.0,1.0,0.0059453032104637,DLR_GWP_P1D_real_raster_proxy,0.6428571428571428,wusongkou_aoi_boundary_proxy,"Derived from DLR Global WaterPack daily real raster masks within a station-centered AOI; label denotes boundary-change proxy relative to the median reference mask, not a manual governance-zone annotation.",0.9507783089978323,-0.30987192054012014,2.4999999999999982,3.1,0.0,-31.399785714285713,5.13419693347326,8.086165499999996,5.648853589827126,3.38,0.9567500478312234,0.17216643742705529,-114.8,0.0,-2.6500000000000004,0.0,0.0,184.62,1.466010214759654,0.0,3.7131586778671033,1.2786669999999987,-0.9093882203647925,-0.4159483918249421,0.3101967440021117
2024-09-06,31.224666666666668,7.732833333333333,4.643833333333333,404.472,88.35016666666667,2.6613333333333333,0.05516666666666667,0.13666666666666666,1.8905,58362,宝山,宝山区,1011.354167,29.504167,75.25,0.0,1.975,113.206976,86.9,2.66,-0.944,2.78,0.944,1,-2.2513333333333336,8.340857142857137,86.9,0,111.36666666666667,271.1571428571428,0.02,2.763333333333333,0.04,2.64,231.154,-2.6243199999999995,0.0,1.0,0.0059453032104637,DLR_GWP_P1D_real_raster_proxy,0.6428571428571428,wusongkou_aoi_boundary_proxy,"Derived from DLR Global WaterPack daily real raster masks within a station-centered AOI; label denotes boundary-change proxy relative to the median reference mask, not a manual governance-zone annotation.",0.9190873683729998,-0.3940538152298413,0.09999999999999823,3.1,0.0,-23.085476190476243,4.461627523240345,2.1864999999999966,5.609609775292963,3.312333333333333,1.0160074465696989,0.3252032520325205,20.700000000000003,1.0,3.2860000000000005,1.0,0.0,111.90400000000001,1.2464069270529248,0.32859999999999423,3.145160092856267,1.7204996666666688,-0.9164086366943458,-0.4002439388573056,0.33176111270678854
2024-09-07,31.178166666666666,7.727333333333333,4.4425,413.58916666666664,93.95316666666668,2.7131666666666665,0.050166666666666665,0.13783333333333334,1.9221666666666666,58362,宝山,宝山区,1012.6625,30.079167,73.541667,0.0,2.108333,102.823285,221.0,2.65,2.35,2.78,2.35,0,-0.9413333333333336,4.033714285714281,221.0,0,124.7,207.7285714285713,0.0,2.773333333333333,-0.0100000000000002,2.643333333333333,585.65,6.533,0.0,1.0,0.0047562425683709,DLR_GWP_P1D_real_raster_proxy,0.7142857142857143,wusongkou_aoi_boundary_proxy,"Derived from DLR Global WaterPack daily real raster masks within a station-centered AOI; label denotes boundary-change proxy relative to the median reference mask, not a manual governance-zone annotation.",0.9750592364888793,-0.2219447799289809,0.0,3.1,0.0,-5.8548095238095925,4.974484172525151,2.1118330000000003,5.479297930333941,3.3506666666666667,0.956314606226923,0.3217158521947295,134.1,1.0,3.294,1.0,0.0,358.6510000000001,1.3132790024555965,0.0,3.572833403948515,1.0989996666666642,-0.9231578729647039,-0.38442104726885545,0.32143771798789367
2024-09-08,31.224500000000003,7.702833333333333,4.4465,421.27216666666664,102.64383333333335,2.939,0.0498,0.1516,2.0392,58362,宝山,宝山区,1011.4625,29.870833,78.375,6.9,2.454167,103.198788,241.0,2.62,2.25,2.78,2.25,0,1.2186666666666663,0.2551428571428529,241.0,0,182.9666666666667,176.87142857142848,0.0,2.78,-0.0299999999999998,2.643333333333333,631.4200000000001,6.255,0.0,1.0,0.0095124851367419,DLR_GWP_P1D_real_raster_proxy,0.4285714285714286,wusongkou_aoi_boundary_proxy,"Derived from DLR Global WaterPack daily real raster masks within a station-centered AOI; label denotes boundary-change proxy relative to the median reference mask, not a manual governance-zone annotation.",0.9735837330504725,-0.22833027556481925,6.899999999999999,10.0,1.2000000000000455,4.800357142857138,5.666844728312782,19.398419299999997,17.957035962227618,3.605,0.8914495990344643,0.08654886154925719,20.0,1.0,-0.10000000000000009,0.0,0.0,268.8299999999999,1.7653405975271081,0.0,5.435167691097483,1.3536670000000015,-0.9296339319682695,-0.3684843993077793,0.3065729165807505
2024-09-09,31.285,7.7428333333333335,4.3901666666666666,426.48749999999995,107.6925,2.843,0.03783333333333334,0.14466666666666667,1.9613333333333334,58362,宝山,宝山区,1010.075,30.2125,76.875,0.0,2.545833,88.643384,340.0,2.61,28.2,2.77,28.2,0,10.933333333333332,3.40228571428571,340.0,0,267.3333333333333,190.7285714285713,-0.0099999999999997,2.776666666666667,-0.0100000000000002,2.6266666666666665,887.4,78.114,0.0,1.0,0.0083234244946492,DLR_GWP_P1D_real_raster_proxy,0.5,wusongkou_aoi_boundary_proxy,"Derived from DLR Global WaterPack daily real raster masks within a station-centered AOI; label denotes boundary-change proxy relative to the median reference mask, not a manual governance-zone annotation.",0.9997197030838711,0.023675203608342247,6.899999999999999,9.4,1.3874999999999318,10.574142857142874,5.965734782453648,20.115580699999995,16.998150340710783,3.4458333333333337,0.9106838236992956,0.08450704463400176,99.0,1.0,25.95,1.0,0.0,443.3900000000001,2.4595379932684716,179.05499999999995,5.6623837331239075,1.0725000000000016,-0.9358348973349941,-0.35243871088460327,0.29849990645460733
2024-09-10,31.141166666666667,7.758833333333333,4.525333333333333,428.637,88.54666666666667,2.683,0.025666666666666667,0.13933333333333334,1.837,58362,宝山,宝山区,1008.591304,28.556522,91.26087,35.9,3.652174,60.845032,296.0,2.58,22.9,2.73,22.9,0,17.78333333333333,6.9922857142857096,296.0,0,292.3333333333333,204.5857142857142,-0.04,2.76,-0.0299999999999998,2.603333333333333,763.6800000000001,62.517,0.0,1.0,0.0083234244946492,DLR_GWP_P1D_real_raster_proxy,0.5,wusongkou_aoi_boundary_proxy,"Derived from DLR Global WaterPack daily real raster masks within a station-centered AOI; label denotes boundary-change proxy relative to the median reference mask, not a manual governance-zone annotation.",0.8733052441687108,0.48717342959918125,42.8,42.9,1.483696000000009,11.484523809523807,7.695696527637022,159.9757212,82.49085872277264,3.2560000000000002,0.9814503028110392,0.020434907972413686,-44.0,0.0,-5.300000000000001,0.0,0.0,350.19999999999993,3.2645920190589632,0.0,13.4703952515498,2.584644666666666,-0.9417589340994617,-0.33628873017668287,0.3313882393703358
2024-09-11,30.864333333333335,7.688666666666666,4.021333333333334,472.32300000000004,75.03,2.9628333333333337,0.08166666666666667,0.15833333333333333,1.9328333333333332,58362,宝山,宝山区,1008.5,29.279167,91.5,3.8,2.745833,120.552378,992.0,2.7,22.0,2.8,22.0,0,24.366666666666664,10.36085714285714,992.0,0,542.6666666666666,320.44285714285706,0.0699999999999998,2.766666666666667,0.1200000000000001,2.6300000000000003,2678.4,61.6,0.0,1.0,0.0083234244946492,DLR_GWP_P1D_real_raster_proxy,0.5,wusongkou_aoi_boundary_proxy,"Derived from DLR Global WaterPack daily real raster masks within a station-centered AOI; label denotes boundary-change proxy relative to the median reference mask, not a manual governance-zone annotation.",0.8611648248604593,-0.5083258250601227,39.699999999999996,46.599999999999994,0.09130400000003647,47.34576190476196,6.145557394147846,111.7974031,89.72401539642992,3.597833333333333,0.7970424354449422,0.022968896645638396,696.0,1.0,-0.8999999999999986,0.0,0.0,1890.5600000000002,7.137533429786487,0.0,12.526945491187734,1.5851663333333335,-0.9474042892438845,-0.32003923622313857,0.35916229138516786
2024-09-12,31.0765,7.594,3.4233333333333333,499.306,55.55416666666667,3.1726666666666667,0.08766666666666667,0.15866666666666665,1.9096666666666666,58362,宝山,宝山区,1009.25,30.325,77.958333,0.0,2.8,148.434144,1340.0,2.88,40.0,2.84,40.0,0,28.3,16.679428571428566,1340.0,0,876.0,502.41428571428565,0.04,2.79,0.1799999999999997,2.72,3859.2,113.6,0.0,1.0,0.0083234244946492,DLR_GWP_P1D_real_raster_proxy,0.5,wusongkou_aoi_boundary_proxy,"Derived from DLR Global WaterPack daily real raster masks within a station-centered AOI; label denotes boundary-change proxy relative to the median reference mask, not a manual governance-zone annotation.",0.5234782473989473,-0.8520390393051991,39.699999999999996,46.599999999999994,0.0,61.293595238095236,5.345914725209305,114.02299999999998,83.43522130540343,3.5839999999999996,0.6583363733446667,0.02298850574712644,348.0,1.0,18.0,1.0,0.0,1991.8399999999995,15.489574891328372,714.5999999999999,12.677063862008636,0.7515000000000001,-0.9527692922168511,-0.30369503751065885,0.40939180318360435
2024-09-13,30.827833333333334,7.574166666666667,3.589166666666667,484.18699999999995,53.78116666666667,3.296666666666667,0.07316666666666667,0.1625,1.8205,58362,宝山,宝山区,1006.329167,29.845833,78.666667,0.0,1.8125,138.921277,1170.0,2.62,45.5,2.73,45.5,0,35.833333333333336,23.314285714285717,1170.0,0,1167.3333333333333,657.1428571428571,-0.1099999999999998,2.79,-0.2599999999999998,2.733333333333334,3065.4,124.215,0.0,1.0,0.0107015457788347,DLR_GWP_P1D_real_raster_proxy,0.3571428571428571,wusongkou_aoi_boundary_proxy,"Derived from DLR Global WaterPack daily real raster masks within a station-centered AOI; label denotes boundary-change proxy relative to the median reference mask, not a manual governance-zone annotation.",0.6570953619156867,-0.7538074590695509,3.8,46.599999999999994,2.920833000000016,34.78673809523809,4.06332734801184,8.790999999999999,83.79962730684345,3.5186666666666664,0.6764156374166582,0.10489510856276585,-170.0,0.0,5.5,1.0,0.0,1688.3999999999996,21.30902652067164,20.9,5.428308868009384,0.9820003333333354,-0.9578523554276669,-0.28726097055059635,0.41479827185877716
2024-09-14,30.740333333333336,7.5965,3.7468333333333335,469.8346666666667,54.094,3.2343333333333333,0.10666666666666667,0.16116666666666668,1.9065,58362,宝山,宝山区,1004.966667,29.5,78.666667,0.0,2.733333,55.769736,909.0,2.48,39.1,2.68,39.1,0,41.53333333333333,28.564285714285717,909.0,0,1139.6666666666667,755.4285714285714,-0.0499999999999998,2.75,-0.1400000000000001,2.66,2254.32,104.788,0.0,1.0,0.0095124851367419,DLR_GWP_P1D_real_raster_proxy,0.4285714285714286,wusongkou_aoi_boundary_proxy,"Derived from DLR Global WaterPack daily real raster masks within a station-centered AOI; label denotes boundary-change proxy relative to the median reference mask, not a manual governance-zone annotation.",0.8267835628470734,0.5625201687103312,0.0,46.599999999999994,1.3624999999999545,12.399333333333402,6.015224486114114,2.782333,83.82121003433639,3.6248333333333336,0.7128837153645333,0.19623876999109055,-261.0,0.0,-6.399999999999999,0.0,0.0,1333.8000000000002,20.685858109170994,0.0,4.7880180221890996,1.2403333333333357,-0.9626519747161487,-0.2707418984477642,0.41383174060600236
2024-09-15,30.680000000000003,7.675999999999999,4.246833333333334,439.7561666666666,55.83416666666667,3.0725,0.09166666666666666,0.15583333333333332,1.9411666666666667,58362,宝山,宝山区,1004.6,29.1375,87.666667,6.4,4.816667,31.845306,321.0,2.55,39.0,2.75,39.0,0,41.2,33.81428571428571,321.0,0,800.0,766.8571428571429,0.0699999999999998,2.72,0.0699999999999998,2.55,818.55,107.25,0.0,1.0,0.0095124851367419,DLR_GWP_P1D_real_raster_proxy,0.4285714285714286,wusongkou_aoi_boundary_proxy,"Derived from DLR Global WaterPack daily real raster masks within a station-centered AOI; label denotes boundary-change proxy relative to the median reference mask, not a manual governance-zone annotation.",0.5276276738708093,0.8494757428942152,6.4,46.1,0.36666700000000674,-20.319738095238165,8.22425653685195,35.667835800000006,87.0756965201563,3.5911666666666666,0.8407372453648517,0.07947019446515521,-588.0,0.0,-0.10000000000000142,0.0,0.0,972.6299999999999,14.076039940763332,0.0,6.700284797756408,1.542500000000004,-0.9671667297977312,-0.2541427094613622,0.4085535179909038
2024-09-16,31.946000000000005,7.715999999999999,6.247400000000001,234.3952,48.1952,2.6355,0.05075,0.1332,2.0042,58362,宝山,宝山区,1004.8,27.704167,96.791667,64.7,5.491667,130.593066,106.0,2.74,18.5,2.77,18.5,0,32.2,32.42857142857142,106.0,0,445.3333333333333,733.4285714285714,0.02,2.733333333333333,0.1900000000000004,2.59,290.44,51.245,0.0,1.0,0.0095124851367419,DLR_GWP_P1D_real_raster_proxy,0.4285714285714286,wusongkou_aoi_boundary_proxy,"Derived from DLR Global WaterPack daily real raster masks within a station-centered AOI; label denotes boundary-change proxy relative to the median reference mask, not a manual governance-zone annotation.",0.7593500592058667,-0.6506823246285752,71.10000000000001,110.80000000000001,0.0,-198.23894761904768,10.36268898675819,396.01569070000005,218.5705495173884,3.3869499999999997,1.4092449439650054,0.012887981901458567,-215.0,0.0,-20.5,0.0,0.0,381.9900000000001,9.052373673312301,0.0,19.553432531520524,4.241833000000003,-0.97139528468375,-0.23746831555846842,0.43305333332598317
2024-09-17,29.680333333333333,7.587666666666666,2.529666666666667,423.96999999999997,116.66533333333332,3.6195,0.088,0.184,2.585,58362,宝山,宝山区,1011.191667,29.258333,82.583333,0.0,2.816667,129.564872,909.0,3.31,50.9,3.3,50.9,0,36.13333333333333,36.42857142857142,909.0,0,445.3333333333333,821.0,0.5299999999999998,2.94,0.5699999999999998,2.8666666666666667,3008.79,167.97,0.0,1.0,0.0095124851367419,DLR_GWP_P1D_real_raster_proxy,0.4285714285714286,wusongkou_aoi_boundary_proxy,"Derived from DLR Global WaterPack daily real raster masks within a station-centered AOI; label denotes boundary-change proxy relative to the median reference mask, not a manual governance-zone annotation.",0.7709039021131205,-0.6369514688787241,71.10000000000001,74.89999999999999,0.0,-7.997433333333333,6.010063271179892,203.28119070000002,137.29709367282373,4.513,0.43821855452012864,0.013348164567972571,803.0,1.0,32.4,1.0,0.0,2687.8399999999997,3.784745436208909,2303.6400000000003,18.871805188057806,0.4220003333333331,-0.9753363880767837,-0.2207236509605022,0.2850362520891774
2024-09-18,29.673166666666663,7.631,2.8219999999999996,420.31483333333335,176.28433333333336,3.7228333333333334,0.12233333333333334,0.20333333333333334,2.8693333333333335,58362,宝山,宝山区,1009.4,29.3625,83.958333,0.2,3.625,85.277411,654.0,3.2,46.0,3.41,46.0,0,38.46666666666667,39.85714285714285,654.0,0,556.3333333333334,772.7142857142857,0.1100000000000003,3.16,-0.1099999999999998,3.083333333333333,2092.8,156.86,0.0,1.0,0.0118906064209274,DLR_GWP_P1D_real_raster_proxy,0.2857142857142857,wusongkou_aoi_boundary_proxy,"Derived from DLR Global WaterPack daily real raster masks within a station-centered AOI; label denotes boundary-change proxy relative to the median reference mask, not a manual governance-zone annotation.",0.9966050049070148,0.08233142895813945,64.9,71.3,1.791667000000075,-4.222861904761885,8.210388428133216,238.92600000000002,131.71360989406728,5.025,0.4648388280065271,0.014021967683935634,-255.0,0.0,-4.899999999999999,0.0,0.0,1008.9899999999999,3.138085147587773,0.0,18.292502590291615,0.31066666666666265,-0.9789888737409319,-0.20391367068311472,0.2154601323344505
2024-09-19,29.651833333333332,7.700833333333333,3.5209999999999995,415.811,190.494,3.7550000000000003,0.15233333333333332,0.21050000000000002,3.0399999999999996,58362,宝山,宝山区,1003.679167,28.175,93.125,36.0,4.429167,93.243504,291.0,3.14,52.3,3.29,52.3,0,49.73333333333333,41.61428571428571,291.0,0,618.0,622.8571428571429,-0.1200000000000001,3.333333333333333,-0.06,3.216666666666667,913.74,172.06699999999998,0.0,1.0,0.0118906064209274,DLR_GWP_P1D_real_raster_proxy,0.2857142857142857,wusongkou_aoi_boundary_proxy,"Derived from DLR Global WaterPack daily real raster masks within a station-centered AOI; label denotes boundary-change proxy relative to the median reference mask, not a manual governance-zone annotation.",0.9983980917753766,-0.05657959295794371,36.2,107.3,5.7208329999999705,3.201161904761875,9.702751951294712,164.78601239999998,207.8121124735139,5.2973333333333334,0.5667468154156928,0.0211193241816262,-363.0,0.0,6.299999999999997,1.0,0.0,693.24,3.2272551620416308,228.05999999999992,13.489651231350708,1.4768333333333317,-0.9823516608469237,-0.18704334906991657,0.20237329164791928
2024-09-20,29.191999999999997,7.715,3.517,403.9303333333333,231.56016666666667,3.8521666666666667,0.1761666666666667,0.11366666666666665,2.6854999999999998,58362,宝山,宝山区,1004.15,27.420833,99.416667,34.3,2.45,208.383019,95.9,3.21,9.3,3.14,9.3,0,35.86666666666667,36.442857142857136,95.9,0,346.9666666666667,469.41428571428565,-0.1499999999999999,3.28,0.0699999999999998,3.1833333333333336,307.839,29.202,0.0,1.0,0.0118906064209274,DLR_GWP_P1D_real_raster_proxy,0.2857142857142857,wusongkou_aoi_boundary_proxy,"Derived from DLR Global WaterPack daily real raster masks within a station-centered AOI; label denotes boundary-change proxy relative to the median reference mask, not a manual governance-zone annotation.",-0.4753634829021533,-0.87978949705207,70.5,141.6,0.0,2.785733333333269,4.300692460944784,175.1995,282.915096642063,3.998333333333333,0.6406885956624833,0.013522650439486139,-195.1,0.0,-43.0,0.0,0.0,311.36999999999995,1.4919436618910806,0.0,17.580342895551105,1.7711669999999984,-0.9854237542919524,-0.17011767832049052,0.1693950659986473
2024-09-21,28.673833333333334,7.591666666666666,2.3081666666666667,405.36716666666666,150.12083333333334,3.823333333333333,0.3578333333333334,0.22916666666666666,3.3554999999999997,58362,宝山,宝山区,1011.295833,23.504167,83.208333,1.6,3.7,315.370923,377.0,3.37,39.7,3.42,39.7,0,33.76666666666667,36.52857142857143,377.0,0,254.63333333333333,393.41428571428565,0.2799999999999998,3.283333333333333,0.1600000000000001,3.24,1270.49,135.774,1.0,1.0,0.0190249702734839,DLR_GWP_P1D_real_raster_proxy,0.15,wusongkou_aoi_boundary_proxy,"Derived from DLR Global WaterPack daily real raster masks within a station-centered AOI; label denotes boundary-change proxy relative to the median reference mask, not a manual governance-zone annotation.",-0.7025143082228074,0.711669619094584,71.89999999999999,143.2,0.0,13.432209523809547,7.189537069767326,269.78599999999994,262.8866317170008,6.004999999999999,0.34579969138436767,0.013054830287206267,281.1,1.0,30.400000000000002,1.0,0.0,763.3960000000001,1.6849651217293005,2185.7599999999998,19.171915256920578,5.1696663333333355,-0.9882042449941422,-0.15314166701312007,0.24256257776150303
2024-09-22,28.034666666666666,7.627666666666666,2.5863333333333336,451.5588333333333,135.26283333333333,3.6069999999999998,0.21816666666666665,0.2031666666666667,3.141,58362,宝山,宝山区,1015.95,22.4,67.916667,0.0,3.3375,325.813647,401.0,3.18,34.0,3.18,34.0,0,27.666666666666668,35.81428571428571,401.0,0,291.3,404.8428571428571,-0.2399999999999997,3.2466666666666666,-0.1899999999999999,3.2533333333333334,1275.18,108.12,1.0,1.0,0.0190249702734839,DLR_GWP_P1D_real_raster_proxy,0.15,wusongkou_aoi_boundary_proxy,"Derived from DLR Global WaterPack daily real raster masks within a station-centered AOI; label denotes boundary-change proxy relative to the median reference mask, not a manual governance-zone annotation.",-0.5618863636546508,0.827214430688291,35.9,136.79999999999998,0.0,57.93778095238099,6.1122635519902495,123.22025,230.2133607071378,5.390833333333333,0.4224985201647207,0.024852438645542096,24.0,1.0,-5.700000000000003,0.0,0.0,505.75,2.1377802947000712,0.0,11.773357000122747,5.634666666666668,-0.9906923101615609,-0.13612033862266704,0.26012914604632875
2024-09-23,27.49175,7.6045,2.6022499999999997,450.565,123.4415,3.50425,0.14275,0.19974999999999998,3.10475,58362,宝山,宝山区,1015.220833,23.658333,68.25,0.4,2.366667,346.488672,583.0,3.04,20.7,2.99,20.7,0,31.46666666666667,36.12857142857142,583.0,0,453.6666666666667,472.9857142857142,-0.1899999999999999,3.1966666666666668,-0.1400000000000001,3.1966666666666668,1772.32,61.893,1.0,1.0,0.0190249702734839,DLR_GWP_P1D_real_raster_proxy,0.15,wusongkou_aoi_boundary_proxy,"Derived from DLR Global WaterPack daily real raster masks within a station-centered AOI; label denotes boundary-change proxy relative to the median reference mask, not a manual governance-zone annotation.",-0.2336376074218352,0.9723237467007583,2.0,72.5,0.729167000000075,26.06254761904762,3.8750945628684463,7.149001000000001,122.50328208829706,5.245,0.43989893392558976,0.1640464618951218,182.0,1.0,-13.3,0.0,0.0,872.1000000000001,3.645621972305595,0.0,4.6944001619334195,3.8334170000000007,-0.9928872135356962,-0.11905873003404988,0.27553257385058116
2024-09-27,27.321,7.531000000000001,3.24975,434.62675,60.019999999999996,3.3825,0.04025,0.17725,2.29175,58362,宝山,宝山区,1013.854167,25.495833,77.583333,0.0,3.020833,62.633476,901.0,2.52,11.4,2.81,11.4,0,24.500000000000004,29.71428571428571,901.0,0,898.0,656.4285714285713,-0.02,2.8466666666666662,-0.08,2.6133333333333337,2270.52,32.034,0.0,1.0,0.0059453032104637,DLR_GWP_P1D_real_raster_proxy,0.6428571428571428,wusongkou_aoi_boundary_proxy,"Derived from DLR Global WaterPack daily real raster masks within a station-centered AOI; label denotes boundary-change proxy relative to the median reference mask, not a manual governance-zone annotation.",0.888084112866483,0.4596809855477512,0.4,72.5,1.3666660000000093,8.601904761904791,6.72427897293219,4.2571661999999995,129.23371819282465,4.1045,0.592624899111334,0.1727862069608994,318.0,1.0,-9.299999999999999,0.0,0.0,1316.52,14.716486397902328,0.0,5.034217303502947,1.8251670000000004,-0.9987235240803972,-0.050510617185222886,0.3964914725987293
2024-09-28,27.076333333333334,7.570333333333333,3.6334999999999997,466.6453333333333,69.04350000000001,3.340666666666667,0.06466666666666666,0.168,2.2371666666666665,58362,宝山,宝山区,1015.054167,25.895833,80.166667,0.0,2.708333,71.583893,726.0,2.52,17.0,2.77,17.0,0,16.433333333333337,26.471428571428564,726.0,0,859.0,706.2857142857141,-0.04,2.803333333333333,0.0,2.546666666666667,1829.52,47.09,0.0,1.0,0.0059453032104637,DLR_GWP_P1D_real_raster_proxy,0.6428571428571428,wusongkou_aoi_boundary_proxy,"Derived from DLR Global WaterPack daily real raster masks within a station-centered AOI; label denotes boundary-change proxy relative to the median reference mask, not a manual governance-zone annotation.",0.9487872388366045,0.3159157726686212,0.4,72.3,0.0,34.00184523809526,6.266303760550086,3.7916662,130.6892578533604,3.9818333333333333,0.6754468876162244,0.2434077276598562,-175.0,0.0,5.6,1.0,0.0,901.0,12.263807491059126,2.2399999999999998,4.479084723154947,1.1805003333333346,-0.9994446170919858,-0.033323525711631344,0.3730825122712359
2024-09-29,27.113,7.688,4.331,492.29133333333334,85.26549999999999,3.0926666666666667,0.1055,0.16083333333333333,2.337,58362,宝山,宝山区,1013.916667,27.104167,85.916667,0.0,3.045833,91.009534,531.0,2.53,14.4,2.75,14.4,0,14.266666666666673,23.671428571428567,531.0,0,719.3333333333334,724.8571428571428,-0.02,2.776666666666667,0.0099999999999997,2.523333333333333,1343.4299999999998,39.6,0.0,1.0,0.0095124851367419,DLR_GWP_P1D_real_raster_proxy,0.4285714285714286,wusongkou_aoi_boundary_proxy,"Derived from DLR Global WaterPack daily real raster masks within a station-centered AOI; label denotes boundary-change proxy relative to the median reference mask, not a manual governance-zone annotation.",0.9998447772390483,-0.017618780542303366,0.0,36.3,1.1375000000000455,48.72208333333339,7.032689740793589,3.049333,67.8966008913678,4.050833333333333,0.8441568132500264,0.1929260574228959,-195.0,0.0,-2.5999999999999996,0.0,0.0,733.2599999999999,8.338598087686659,0.0,4.705719483893807,0.008832999999999203,-0.9998699583618592,-0.016126573270657762,0.3377244710306613
2024-09-30,27.328999999999997,7.7625,4.795333333333333,474.0566666666667,113.32616666666667,3.173166666666667,0.07766666666666668,0.16266666666666665,2.394833333333333,58362,宝山,宝山区,1011.720833,26.870833,89.0,13.6,2.65,110.359646,438.0,2.59,12.0,2.77,12.0,0,14.46666666666667,22.428571428571423,438.0,0,565.0,704.142857142857,0.02,2.763333333333333,0.06,2.5466666666666664,1134.4199999999998,33.24,1.0,1.0,0.0166468489892984,DLR_GWP_P1D_real_raster_proxy,0.15,wusongkou_aoi_boundary_proxy,"Derived from DLR Global WaterPack daily real raster masks within a station-centered AOI; label denotes boundary-change proxy relative to the median reference mask, not a manual governance-zone annotation.",0.9375272598375556,-0.34791182368738843,13.6,15.6,2.1958339999999907,20.469369047619068,6.0471221505307975,38.711,29.894803075584615,4.099166666666666,0.9228970916117388,0.05142489645854225,-93.0,0.0,-2.4000000000000004,0.0,0.0,562.86,4.942000737655567,0.0,7.331505339096634,0.458166999999996,-0.9999994220246925,0.001075151282798226,0.2899227449658007
2024-10-01,27.154666666666667,7.770499999999999,4.706666666666667,461.115,156.83233333333334,3.329833333333333,0.128,0.17866666666666667,2.706,58362,宝山,宝山区,1016.225,21.7625,73.208333,0.0,4.266667,351.227743,446.0,2.63,31.6,2.81,31.6,0,19.33333333333334,21.21428571428571,446.0,0,471.6666666666667,690.7142857142856,0.04,2.776666666666667,0.04,2.583333333333333,1172.98,88.796,1.0,1.0,0.0309155766944114,DLR_GWP_P1D_real_raster_proxy,0.8571428571428571,wusongkou_aoi_boundary_proxy,"Derived from DLR Global WaterPack daily real raster masks within a station-centered AOI; label denotes boundary-change proxy relative to the median reference mask, not a manual governance-zone annotation.",-0.1525073115706304,0.9883023423616372,13.6,14.0,0.0,-0.4362738095238683,5.8327487027291625,62.307338200000004,24.701005856325782,4.620666666666667,0.8523053594862794,0.05300353263244642,8.0,1.0,19.6,1.0,0.0,472.16,2.9884033056175645,266.56,7.869863093323563,5.392166666666668,-0.999832969770105,0.018276557681691223,0.23518699186359227
2024-10-02,26.319166666666664,7.842833333333334,5.143166666666667,435.9275,167.92366666666666,3.2235,0.17,0.1755,2.6925000000000003,58362,宝山,宝山区,1020.534783,20.317391,55.173913,0.0,3.286957,344.422595,464.0,2.7,11.2,2.85,11.2,0,18.26666666666667,16.928571428571423,464.0,0,449.3333333333333,636.5714285714284,0.04,2.81,0.0700000000000002,2.64,1252.8000000000002,31.92,1.0,1.0,0.0321046373365041,DLR_GWP_P1D_real_raster_proxy,0.9285714285714286,wusongkou_aoi_boundary_proxy,"Derived from DLR Global WaterPack daily real raster masks within a station-centered AOI; label denotes boundary-change proxy relative to the median reference mask, not a manual governance-zone annotation.",-0.2685399696747141,0.9632685423531195,13.6,14.0,0.0,-23.390726190476187,5.090941943940193,48.0140722,22.168104293051535,4.6175,0.9445269170433424,0.05590665868990461,18.0,1.0,-20.400000000000002,0.0,0.0,515.7400000000001,2.65997857020232,0.0,7.304773684222819,6.0017756666666635,-0.9993706508539969,0.03547255575312556,0.2236596727062965
2024-10-03,25.497833333333332,7.8598333333333334,5.2603333333333335,429.6041666666667,166.30116666666666,3.3441666666666663,0.111,0.17800000000000002,2.6430000000000002,58362,宝山,宝山区,1022.326087,20.782609,51.608696,0.0,3.147826,29.819451,461.0,2.73,2.4,2.87,2.4,0,15.066666666666672,14.28571428571428,461.0,0,457.0,566.7142857142857,0.02,2.8433333333333337,0.0299999999999998,2.686666666666667,1258.53,6.888,1.0,1.0,0.0344827586206896,DLR_GWP_P1D_real_raster_proxy,1.0,wusongkou_aoi_boundary_proxy,"Derived from DLR Global WaterPack daily real raster masks within a station-centered AOI; label denotes boundary-change proxy relative to the median reference mask, not a manual governance-zone annotation.",0.4972685248648545,0.8675966886628438,0.0,13.6,0.0,-26.719654761904735,5.6334755252134965,3.1583259999999997,21.035294665858267,4.534000000000001,0.9506584458933307,0.24109015180482496,-3.0,0.0,-8.799999999999999,0.0,0.0,477.9199999999999,2.7316007957705017,0.0,4.496360909943151,4.715224333333332,-0.9986126020839734,0.052658056924614005,0.22529784487085258
2024-10-04,25.1045,7.916333333333333,5.652166666666666,425.6743333333334,156.483,3.162333333333333,0.06916666666666667,0.16533333333333333,2.542333333333333,58362,宝山,宝山区,1021.3,22.047826,62.086957,0.0,3.347826,50.281827,291.0,2.68,4.24,2.85,4.24,0,5.946666666666672,13.26285714285714,291.0,0,405.3333333333333,479.5714285714285,-0.02,2.856666666666667,-0.0499999999999998,2.703333333333333,779.88,12.084,1.0,1.0,0.0392390011890606,DLR_GWP_P1D_real_raster_proxy,1.0,wusongkou_aoi_boundary_proxy,"Derived from DLR Global WaterPack daily real raster masks within a station-centered AOI; label denotes boundary-change proxy relative to the median reference mask, not a manual governance-zone annotation.",0.7691969128122454,0.639011822519827,0.0,13.6,1.026087000000075,-29.370571428571452,6.774476494172811,3.365326,22.334565441232556,4.264833333333334,1.0790800967166492,0.18608414390035458,-170.0,0.0,1.8400000000000003,1.0,0.0,484.0499999999999,2.5738227829882163,0.0,4.637164673897091,3.056674000000001,-0.9975590477788613,0.06982797572987089,0.2355630858314156
2024-10-05,24.855999999999998,7.895666666666667,5.447833333333333,444.8281666666667,158.98383333333334,3.153333333333333,0.06849999999999999,0.16516666666666666,2.543833333333333,58362,宝山,宝山区,1019.230435,21.695652,86.73913,6.6,2.33913,77.476704,357.0,2.75,16.2,2.86,16.2,0,7.613333333333338,13.148571428571424,357.0,0,369.6666666666667,426.8571428571428,0.0099999999999997,2.86,0.0699999999999998,2.72,981.75,46.332,1.0,1.0,0.0392390011890606,DLR_GWP_P1D_real_raster_proxy,1.0,wusongkou_aoi_boundary_proxy,"Derived from DLR Global WaterPack daily real raster masks within a station-centered AOI; label denotes boundary-change proxy relative to the median reference mask, not a manual governance-zone annotation.",0.9762079238287906,0.21683655008757646,6.6,20.2,2.0695649999998977,-7.100000000000023,5.504687188825744,17.801887999999998,38.04430096853694,4.263999999999999,1.039921482284363,0.08327299510896136,66.0,1.0,11.959999999999999,1.0,0.0,452.60999999999996,2.3106501386077554,78.93599999999999,5.6480774612454505,3.160347999999999,-0.9962102997023297,0.0869772313136861,0.23288886895331007
2024-10-06,24.586833333333335,7.828833333333333,5.273499999999999,479.03849999999994,130.38016666666667,3.2603333333333335,0.12566666666666668,0.17316666666666666,2.6750000000000003,58362,宝山,宝山区,1018.9,19.2,99.956522,14.7,2.634783,19.559069,442.0,2.82,30.9,2.96,30.9,0,17.11333333333334,15.50571428571428,442.0,0,363.3333333333333,414.14285714285705,0.1,2.89,0.0699999999999998,2.75,1246.4399999999998,91.464,1.0,1.0,0.0380499405469678,DLR_GWP_P1D_real_raster_proxy,1.0,wusongkou_aoi_boundary_proxy,"Derived from DLR Global WaterPack daily real raster masks within a station-centered AOI; label denotes boundary-change proxy relative to the median reference mask, not a manual governance-zone annotation.",0.33477849653259456,0.9422968525148407,21.299999999999997,34.9,0.3304350000000795,29.003595238095215,4.43088715693641,58.7801609,70.21932342529952,4.532333333333334,0.9659465213833516,0.039580105740627175,85.0,1.0,14.7,1.0,0.0,563.8899999999999,2.7655112834128945,313.10999999999996,8.506676552052793,5.386833333333335,-0.9945667569706337,0.1041007489354256,0.26632285261847966
2024-10-07,24.250333333333334,7.884333333333333,5.297166666666667,507.40483333333333,107.03666666666668,3.1776,0.1365,0.1645,2.517333333333333,58362,宝山,宝山区,1020.421739,18.113043,96.086957,4.6,2.604348,336.828528,465.0,2.7,3.83,2.81,3.83,0,16.97666666666667,14.338571428571424,465.0,0,421.3333333333333,418.0,-0.1499999999999999,2.876666666666667,-0.1199999999999996,2.7566666666666664,1255.5,10.7623,1.0,1.0,0.0380499405469678,DLR_GWP_P1D_real_raster_proxy,1.0,wusongkou_aoi_boundary_proxy,"Derived from DLR Global WaterPack daily real raster masks within a station-centered AOI; label denotes boundary-change proxy relative to the median reference mask, not a manual governance-zone annotation.",-0.39348421637282316,0.919331371957612,25.9,25.9,0.0,52.60590476190475,4.550745677060975,70.09896119999999,51.21988305610214,4.298833333333333,0.996264341621993,0.03389330955559499,23.0,1.0,-27.07,0.0,0.0,546.5599999999998,3.8999105242047447,0.0,9.36106801207896,6.137290333333333,-0.9926289059345095,0.121193461470736,0.2995271624944216
2024-10-08,23.799000000000003,7.8374999999999995,4.939666666666667,523.7231666666667,93.98866666666667,3.145,0.1655,0.17166666666666666,2.5985,58362,宝山,宝山区,1019.4125,18.945833,65.125,0.1,2.375,329.855378,718.0,2.66,6.39,2.83,6.39,0,13.706666666666672,10.737142857142851,718.0,0,541.6666666666666,456.8571428571428,0.02,2.8666666666666667,-0.04,2.7266666666666666,1909.88,18.0837,1.0,1.0,0.0356718192627824,DLR_GWP_P1D_real_raster_proxy,1.0,wusongkou_aoi_boundary_proxy,"Derived from DLR Global WaterPack daily real raster masks within a station-centered AOI; label denotes boundary-change proxy relative to the median reference mask, not a manual governance-zone annotation.",-0.5021843656352681,0.864760581265996,19.4,25.999999999999996,1.0092389999999796,59.98021428571428,4.554367072041918,48.464,43.33574513585758,4.480666666666667,0.9199894383183007,0.04204464982041262,253.0,1.0,2.5599999999999996,1.0,0.0,1009.84,5.702434676417536,49.66399999999999,8.288611011618276,4.853167000000003,-0.9903973200352558,0.1382503109109819,0.32137427129567375
2024-10-09,23.713333333333335,7.794833333333333,4.749833333333334,511.61483333333337,95.57716666666666,3.296333333333333,0.14766666666666664,0.17983333333333332,2.6183333333333336,58362,宝山,宝山区,1016.465217,17.178261,75.608696,0.0,0.686957,118.257294,774.0,2.56,32.0,2.83,32.0,0,14.073333333333338,13.708571428571425,774.0,0,652.3333333333334,501.14285714285705,0.0,2.8233333333333337,-0.1,2.64,1981.44,90.56,1.0,1.0,0.0178359096313912,DLR_GWP_P1D_real_raster_proxy,0.15,wusongkou_aoi_boundary_proxy,"Derived from DLR Global WaterPack daily real raster masks within a station-centered AOI; label denotes boundary-change proxy relative to the median reference mask, not a manual governance-zone annotation.",0.8808304754312092,-0.47343180454172057,4.699999999999999,26.0,2.9472829999999703,37.05940476190483,2.289979115313799,3.9506549,46.065200036727255,4.564333333333334,0.8555465337684863,0.1071324499905727,56.0,1.0,25.61,1.0,0.0,913.0000000000001,6.754529624842312,120.36699999999998,4.753659110573411,6.535072333333336,-0.9878726596350429,0.15526624985999563,0.3185592585021718
2024-10-10,23.699,7.7683333333333335,4.706,505.62300000000005,74.10816666666666,3.166166666666667,0.13783333333333334,0.163,2.572,58362,宝山,宝山区,1016.933333,19.0,74.208333,0.0,0.775,118.257294,756.0,2.49,34.9,2.76,34.9,0,24.430000000000007,18.351428571428567,756.0,0,749.3333333333334,543.2857142857142,-0.0700000000000002,2.806666666666666,-0.0699999999999998,2.5700000000000003,1882.44,96.32399999999998,1.0,1.0,0.0178359096313912,DLR_GWP_P1D_real_raster_proxy,0.15,wusongkou_aoi_boundary_proxy,"Derived from DLR Global WaterPack daily real raster masks within a station-centered AOI; label denotes boundary-change proxy relative to the median reference mask, not a manual governance-zone annotation.",0.8808304754312092,-0.47343180454172057,0.1,26.0,0.0,20.2077380952382,2.452048106474804,0.8770000000000001,45.7795560169151,4.339833333333334,0.8929737989400807,0.5333333333333333,-18.0,0.0,2.8999999999999986,1.0,0.0,828.1799999999998,9.976722460273962,0.28999999999999987,3.2804690890148662,4.699000000000002,-0.9850556718215013,0.172236243027682,0.3612328374469047
2024-10-11,23.450333333333333,7.787333333333334,4.965166666666667,504.1875,58.698499999999996,3.1285000000000003,0.08833333333333333,0.14933333333333335,2.5501666666666667,58362,宝山,宝山区,1019.354167,21.358333,73.583333,0.0,1.741667,67.347085,878.0,2.5,39.7,2.72,39.7,0,35.53333333333334,23.417142857142853,878.0,0,802.6666666666666,627.142857142857,-0.0399999999999995,2.77,0.0099999999999997,2.516666666666667,2195.0,107.984,1.0,1.0,0.0178359096313912,DLR_GWP_P1D_real_raster_proxy,0.15,wusongkou_aoi_boundary_proxy,"Derived from DLR Global WaterPack daily real raster masks within a station-centered AOI; label denotes boundary-change proxy relative to the median reference mask, not a manual governance-zone annotation.",0.9228549109710968,0.38514778111333964,0.0,26.0,0.0,7.5560714285714425,4.365790678879074,1.745167,45.67140034287687,4.131833333333334,0.9815746710085279,0.3647415969919031,122.0,1.0,4.800000000000004,1.0,0.0,1009.9999999999998,13.445340614364962,0.0,3.8948553448157073,2.092000333333335,-0.981947190186646,0.18915526872004093,0.40020778263779366
2024-10-12,23.036,7.825666666666667,5.3235,483.6408333333333,53.817,3.0568333333333335,0.059666666666666666,0.13366666666666668,2.2433333333333336,58362,宝山,宝山区,1020.408333,22.925,76.666667,0.0,2.304167,94.894281,987.0,2.48,34.7,2.68,34.7,0,36.43333333333334,26.06,987.0,0,873.6666666666666,717.142857142857,-0.04,2.72,-0.02,2.49,2447.76,92.996,0.0,1.0,0.0154577883472057,DLR_GWP_P1D_real_raster_proxy,0.15,wusongkou_aoi_boundary_proxy,"Derived from DLR Global WaterPack daily real raster masks within a station-centered AOI; label denotes boundary-change proxy relative to the median reference mask, not a manual governance-zone annotation.",0.996353817150178,-0.08531747212775123,0.0,19.4,0.0,-18.535261904761853,5.634284990463655,2.311167,34.81671763396144,3.6396666666666673,1.1046275063577913,0.30264814096866166,109.0,1.0,-5.0,0.0,0.0,1117.92,15.937878152154745,0.0,4.278921432381956,0.11100000000000065,-0.9785481345802031,0.20601832032517084,0.41468728151714607
2024-10-13,22.936833333333336,7.797166666666667,5.390333333333333,496.03966666666673,54.61383333333333,2.6951666666666667,0.08583333333333333,0.1195,2.5613333333333332,58362,宝山,宝山区,1017.470833,23.783333,78.833333,0.1,2.291667,136.011909,836.0,2.47,28.6,2.63,28.6,0,34.333333333333336,25.73142857142857,836.0,0,900.3333333333334,773.4285714285713,-0.0500000000000002,2.6766666666666663,-0.0099999999999997,2.4833333333333334,2064.92,75.218,1.0,1.0,0.0202140309155766,DLR_GWP_P1D_real_raster_proxy,0.2142857142857143,wusongkou_aoi_boundary_proxy,"Derived from DLR Global WaterPack daily real raster masks within a station-centered AOI; label denotes boundary-change proxy relative to the median reference mask, not a manual governance-zone annotation.",0.694508839770393,-0.7194841704171,0.1,4.8,2.9375,-8.565166666666642,4.892723599883518,2.5243337,9.118724004816594,3.8421666666666665,1.2273868171648519,0.15799867502311127,-151.0,0.0,-6.100000000000001,0.0,0.0,996.8699999999998,16.18901772041129,0.0,4.810955856636582,-0.8464996666666629,-0.9748595108374125,0.22282040779479959,0.41223773363066674
2024-10-14,23.06233333333333,7.812333333333334,5.3084999999999996,497.96133333333336,70.54166666666667,2.67,0.09866666666666668,0.12516666666666668,2.4764999999999997,58362,宝山,宝山区,1015.975,22.570833,87.291667,6.0,1.933333,20.846405,731.0,2.43,29.6,2.64,29.6,0,30.966666666666672,29.41285714285714,731.0,0,851.3333333333334,811.4285714285713,0.0100000000000002,2.65,-0.04,2.4600000000000004,1776.3300000000002,78.144,1.0,1.0,0.0202140309155766,DLR_GWP_P1D_real_raster_proxy,0.2142857142857143,wusongkou_aoi_boundary_proxy,"Derived from DLR Global WaterPack daily real raster masks within a station-centered AOI; label denotes boundary-change proxy relative to the median reference mask, not a manual governance-zone annotation.",0.3558639799041741,0.9345377615734752,6.1,6.2,1.4958329999999478,-5.294428571428568,3.610703652954273,13.740664299999999,12.131787407983191,3.826833333333333,1.1990920866956432,0.09497428381317238,-105.0,0.0,1.0,1.0,0.0,869.44,11.899825276645311,6.1,5.454541656064297,0.491500333333331,-0.9708824104813836,0.23955655912092708,0.3694903178361818
2024-10-15,23.134,7.846,5.3955,494.89025000000004,91.09899999999999,2.63275,0.07150000000000001,0.1345,2.43575,58362,宝山,宝山区,1019.370833,21.1125,95.083333,2.3,1.616667,44.496875,491.0,2.44,32.2,2.65,32.2,0,30.13333333333334,33.1,491.0,0,686.0,778.9999999999999,0.0099999999999997,2.64,0.0099999999999997,2.4466666666666668,1198.04,85.33,1.0,1.0,0.0202140309155766,DLR_GWP_P1D_real_raster_proxy,0.2142857142857143,wusongkou_aoi_boundary_proxy,"Derived from DLR Global WaterPack daily real raster masks within a station-centered AOI; label denotes boundary-change proxy relative to the median reference mask, not a manual governance-zone annotation.",0.7008703614800667,0.713288676763343,8.399999999999999,8.4,0.0,-4.246523809523751,3.679512792156741,15.2001698,16.902741830485006,3.85225,1.2108935796154003,0.09077155549859138,-240.0,0.0,2.6000000000000014,1.0,0.0,738.3099999999998,7.448506498441895,21.840000000000007,5.264011356463875,2.0214999999999996,-0.9666180104000972,0.2562218218071163,0.32661797786936364
2024-10-16,23.382166666666667,7.9239999999999995,5.566333333333334,473.16100000000006,141.16033333333334,2.901,0.0835,0.1535,2.6278333333333332,58362,宝山,宝山区,1020.304167,22.166667,94.416667,7.9,2.570833,64.489176,409.0,2.53,28.3,2.69,28.3,0,30.033333333333346,32.57142857142857,409.0,0,543.6666666666666,726.8571428571428,0.04,2.66,0.0899999999999998,2.466666666666667,1034.77,76.127,1.0,1.0,0.0166468489892984,DLR_GWP_P1D_real_raster_proxy,0.15,wusongkou_aoi_boundary_proxy,"Derived from DLR Global WaterPack daily real raster masks within a station-centered AOI; label denotes boundary-change proxy relative to the median reference mask, not a manual governance-zone annotation.",0.9025039384823047,0.4306816005170506,16.2,16.3,0.0,-20.482369047619045,5.793443481635031,44.249827599999996,32.20517600534224,4.246333333333333,1.1414055137825876,0.05057955828163639,-82.0,0.0,-3.900000000000002,0.0,0.0,535.1899999999999,3.8243204269357833,0.0,7.336974148492097,1.2154996666666662,-0.9620675724981452,0.27281126433401914,0.2529374918352679
2024-10-17,23.561833333333336,7.94,5.5535,469.20616666666666,190.86616666666666,3.185166666666667,0.1265,0.17200000000000001,2.9756666666666667,58362,宝山,宝山区,1015.4125,23.8875,94.416667,0.1,2.175,115.999332,401.0,2.64,9.53,2.76,9.53,0,23.343333333333337,28.94714285714285,401.0,0,433.6666666666667,676.142857142857,0.0699999999999998,2.7,0.1100000000000003,2.536666666666666,1058.64,26.3028,1.0,1.0,0.0166468489892984,DLR_GWP_P1D_real_raster_proxy,0.15,wusongkou_aoi_boundary_proxy,"Derived from DLR Global WaterPack daily real raster masks within a station-centered AOI; label denotes boundary-change proxy relative to the median reference mask, not a manual governance-zone annotation.",0.8987991571193461,-0.4383606678997934,10.3,16.400000000000002,4.891666999999984,-19.234797619047697,5.029355980027431,24.616,32.36317209204459,4.822166666666667,1.0407473638978633,0.054446459991897324,-8.0,0.0,-18.770000000000003,0.0,0.0,453.9900000000001,2.260256063905657,0.0,6.8982990981717185,-0.3256666666666632,-0.957232443323312,0.28931997761869527,0.20204373363429673
2024-10-18,23.927166666666665,7.965,5.561833333333333,454.40766666666667,245.2595,3.549,0.1435,0.18516666666666667,3.5355000000000003,58362,宝山,宝山区,1013.633333,25.875,74.083333,0.0,3.033333,264.665939,345.0,2.7,9.55,2.83,9.55,0,15.793333333333338,24.64,345.0,0,385.0,599.9999999999999,0.0700000000000002,2.76,0.06,2.623333333333333,931.5,27.0265,0.0,1.0,0.0107015457788347,DLR_GWP_P1D_real_raster_proxy,0.3571428571428571,wusongkou_aoi_boundary_proxy,"Derived from DLR Global WaterPack daily real raster masks within a station-centered AOI; label denotes boundary-change proxy relative to the median reference mask, not a manual governance-zone annotation.",-0.9956696100896167,-0.0929625061193522,7.999999999999999,16.400000000000002,1.7791670000000295,-26.921892857142893,6.930496301640625,27.320997,28.97281390933846,5.530666666666667,0.9586540234612884,0.07239819004524872,-56.0,0.0,0.02000000000000135,1.0,0.0,425.06,1.5633914630704602,0.16000000000001077,6.269123266492132,-1.9478333333333353,-0.9521140536681102,0.3057430764672831,0.1596799666162454
2024-10-19,23.843500000000002,7.991833333333333,5.863333333333333,464.51783333333333,296.135,3.656166666666667,0.08433333333333333,0.19516666666666668,3.7456666666666667,58362,宝山,宝山区,1024.583333,18.016667,76.5,0.2,3.8625,7.172488,134.0,2.73,5.69,2.86,5.69,0,8.256666666666671,20.49571428571428,134.0,0,293.3333333333333,478.14285714285705,0.0299999999999998,2.8166666666666664,0.0299999999999998,2.69,365.82,16.2734,0.0,1.0,0.0095124851367419,DLR_GWP_P1D_real_raster_proxy,0.4285714285714286,wusongkou_aoi_boundary_proxy,"Derived from DLR Global WaterPack daily real raster masks within a station-centered AOI; label denotes boundary-change proxy relative to the median reference mask, not a manual governance-zone annotation.",0.12485683047305372,0.9921747688206061,0.30000000000000004,16.6,0.0,-14.07986904761907,5.080550724467934,5.03175,29.632801601897594,5.781666666666667,0.9843005093264627,0.19370460048426152,-211.0,0.0,-3.8600000000000003,0.0,0.0,355.3499999999999,0.9872055911734845,0.0,4.492549384288041,5.826833000000001,-0.9467139181463862,0.3220757010206104,0.12780362174658666
2024-10-20,23.175833333333333,8.034333333333334,6.140999999999999,492.43949999999995,265.03116666666665,3.207333333333333,0.0715,0.18033333333333335,3.1011666666666664,58362,宝山,宝山区,1022.9375,18.1375,92.458333,1.2,1.925,291.695167,344.0,2.84,6.56,2.89,6.56,0,7.266666666666672,17.347142857142853,344.0,0,274.3333333333333,407.8571428571428,0.0300000000000002,2.86,0.1099999999999998,2.7566666666666664,976.96,18.9584,0.0,1.0,0.0047562425683709,DLR_GWP_P1D_real_raster_proxy,0.7142857142857143,wusongkou_aoi_boundary_proxy,"Derived from DLR Global WaterPack daily real raster masks within a station-centered AOI; label denotes boundary-change proxy relative to the median reference mask, not a manual governance-zone annotation.",-0.9291637570192746,0.3696683819882714,1.4,17.7,1.6458330000000387,14.356107142857127,4.590171894816808,4.6585,34.38195964567542,4.976,1.131103760542765,0.16748081884051919,210.0,1.0,0.8699999999999992,1.0,0.0,614.9399999999999,1.0312074963647744,1.2179999999999989,4.268873019668282,5.038333333333334,-0.9410336347451197,0.3383130181923076,0.14657174237980009
2024-10-21,22.858333333333334,7.963666666666668,5.493333333333333,561.7433333333333,223.71916666666667,3.447833333333333,0.08283333333333333,0.18783333333333332,3.4266666666666663,58362,宝山,宝山区,1019.0875,20.741667,91.333333,0.0,1.870833,295.192685,374.0,2.81,3.2,2.91,3.2,0,5.150000000000005,13.575714285714284,374.0,0,284.0,356.8571428571428,0.02,2.8866666666666667,-0.0299999999999998,2.793333333333333,1050.94,9.312,0.0,1.0,0.0047562425683709,DLR_GWP_P1D_real_raster_proxy,0.7142857142857143,wusongkou_aoi_boundary_proxy,"Derived from DLR Global WaterPack daily real raster masks within a station-centered AOI; label denotes boundary-change proxy relative to the median reference mask, not a manual governance-zone annotation.",-0.9048814046891908,0.42566376807019524,1.4,11.7,3.8500000000000227,74.54822619047621,4.452753896874454,4.500499199999999,22.658467773272765,5.387833333333333,0.9579285443245031,0.12314007688620086,30.0,1.0,-3.3599999999999994,0.0,0.0,416.11999999999995,1.263799631391774,0.0,4.700990010110199,2.1166663333333346,-0.9350748843515574,0.3544502230989869,0.17521654991537272
2024-10-22,22.667833333333334,7.9430000000000005,5.279166666666667,823.5965,199.462,3.4346666666666668,0.10883333333333334,0.1835,3.419333333333333,58362,宝山,宝山区,1021.133333,16.3875,80.5,0.0,3.741667,298.79746,590.0,2.74,1.65,2.92,1.65,0,3.8033333333333377,9.211428571428568,590.0,0,436.0,371.0,0.0099999999999997,2.9066666666666667,-0.0699999999999998,2.796666666666667,1616.6,4.818,0.0,1.0,0.0047562425683709,DLR_GWP_P1D_real_raster_proxy,0.7142857142857143,wusongkou_aoi_boundary_proxy,"Derived from DLR Global WaterPack daily real raster masks within a station-centered AOI; label denotes boundary-change proxy relative to the median reference mask, not a manual governance-zone annotation.",-0.8763280359797705,0.4817148257588073,1.2,9.4,0.0,289.44335714285717,7.977867096011235,8.2561674,17.2023965182015,5.363166666666666,0.9256256501445491,0.16830293585958284,216.0,1.0,-1.5500000000000003,0.0,0.0,862.4199999999998,2.174975805888398,0.0,5.1957590315914555,6.280333333333335,-0.9288394302558068,0.3704825404820963,0.19460482444087057
2024-10-23,22.0715,7.964333333333333,5.632666666666666,1192.5576666666666,131.5215,3.4339999999999997,0.058666666666666666,0.16616666666666666,2.9013333333333335,58362,宝山,宝山区,1022.158333,16.625,61.791667,0.0,2.2875,21.853661,800.0,2.67,5.18,2.89,5.18,0,3.3433333333333377,5.908571428571425,800.0,0,588.0,426.8571428571428,-0.0299999999999998,2.9066666666666667,-0.0700000000000002,2.74,2136.0,14.9702,0.0,1.0,0.0107015457788347,DLR_GWP_P1D_real_raster_proxy,0.3571428571428571,wusongkou_aoi_boundary_proxy,"Derived from DLR Global WaterPack daily real raster masks within a station-centered AOI; label denotes boundary-change proxy relative to the median reference mask, not a manual governance-zone annotation.",0.37223725628620774,0.9281376110429509,0.0,1.5,0.0,555.6335714285714,4.141871865814954,2.3120000000000003,2.647171320370297,4.621666666666667,1.0261403050755886,0.3041825095057034,210.0,1.0,3.53,1.0,0.0,1080.7000000000003,4.437015880442042,0.0,4.201038975064963,5.4465,-0.9223291176290545,0.3864052261209853,0.26485468943716606
2024-10-24,21.86583333333333,7.952500000000001,5.782,1116.1493333333333,92.78983333333333,3.171333333333333,0.04,0.16083333333333336,2.637,58362,宝山,宝山区,1020.583333,18.6875,65.958333,0.0,2.929167,53.755106,969.0,2.52,27.9,2.84,27.9,0,11.57666666666667,8.53285714285714,969.0,0,786.3333333333334,508.0,-0.0500000000000002,2.8833333333333333,-0.1499999999999999,2.643333333333333,2441.88,79.23599999999999,0.0,1.0,0.0118906064209274,DLR_GWP_P1D_real_raster_proxy,0.2857142857142857,wusongkou_aoi_boundary_proxy,"Derived from DLR Global WaterPack daily real raster masks within a station-centered AOI; label denotes boundary-change proxy relative to the median reference mask, not a manual governance-zone annotation.",0.8064972965182626,0.5912377784857236,0.0,1.4,1.5749999999999318,386.8047857142857,6.323126677275124,2.981667,2.703193148796216,4.285333333333334,1.1173698875022455,0.18168053403903123,169.0,1.0,22.72,1.0,0.0,1308.6999999999998,8.383993289962133,0.0,4.976964160391866,3.178333333333331,-0.9155458729775467,0.40221356823680365,0.3235300956300702
2024-10-25,21.6845,7.938666666666667,5.8755,800.2468333333333,64.95049999999999,2.9743333333333335,0.06166666666666667,0.12716666666666668,2.340333333333333,58362,宝山,宝山区,1018.175,21.475,89.166667,4.3,3.516667,44.891909,497.0,2.41,35.4,2.73,35.4,0,22.82666666666667,12.22571428571428,497.0,0,755.3333333333334,529.7142857142857,-0.1099999999999998,2.8200000000000003,-0.1099999999999998,2.533333333333333,1197.77,96.642,0.0,1.0,0.0118906064209274,DLR_GWP_P1D_real_raster_proxy,0.2857142857142857,wusongkou_aoi_boundary_proxy,"Derived from DLR Global WaterPack daily real raster masks within a station-centered AOI; label denotes boundary-change proxy relative to the median reference mask, not a manual governance-zone annotation.",0.7057715357213149,0.7084395100257868,4.3,5.699999999999999,2.408333000000084,21.49669047619045,6.9302204807641665,18.676835099999998,11.258120829243467,3.6736666666666666,1.2458928668635478,0.08908685968819532,-472.0,0.0,7.5,1.0,0.0,1075.59,11.45303422010953,32.25,6.078674515771834,0.20949999999999847,-0.9084917035725082,0.41790288888678667,0.38330259549505785
2024-10-26,21.569333333333333,7.898833333333333,5.779833333333333,647.1754999999999,58.92633333333333,2.7928333333333337,0.05449999999999999,0.11716666666666668,2.325833333333333,58362,宝山,宝山区,1014.495833,21.6875,100.0,25.2,2.225,77.824267,680.0,2.57,27.8,2.67,27.8,0,30.36666666666667,15.38428571428571,680.0,0,715.3333333333334,607.7142857142856,-0.06,2.746666666666666,0.1599999999999997,2.5,1747.6,74.226,0.0,1.0,0.0118906064209274,DLR_GWP_P1D_real_raster_proxy,0.2857142857142857,wusongkou_aoi_boundary_proxy,"Derived from DLR Global WaterPack daily real raster masks within a station-centered AOI; label denotes boundary-change proxy relative to the median reference mask, not a manual governance-zone annotation.",0.9775053109198303,0.21091080371457008,29.5,30.7,3.6791670000000067,-157.66859523809524,5.378483662719049,67.9185,61.91686186368848,3.552,1.2992556100983823,0.02746938283191591,183.0,1.0,-7.599999999999998,0.0,0.0,1001.0799999999997,11.936878055835221,0.0,10.7377095885494,-0.1181666666666672,-0.9011686968561569,0.4334685453485363,0.3995612392177692
2024-10-27,21.44683333333333,7.7795,4.842833333333333,565.0441666666667,56.665166666666664,3.0083333333333333,0.26983333333333337,0.13916666666666666,2.6965,58362,宝山,宝山区,1015.725,18.645833,83.958333,17.3,3.075,358.889978,743.0,2.57,34.9,2.68,34.9,0,32.70000000000001,19.432857142857134,743.0,0,640.0,664.7142857142856,0.0100000000000002,2.6933333333333334,0.0,2.516666666666667,1909.51,93.532,0.0,1.0,0.0118906064209274,DLR_GWP_P1D_real_raster_proxy,0.2857142857142857,wusongkou_aoi_boundary_proxy,"Derived from DLR Global WaterPack daily real raster masks within a station-centered AOI; label denotes boundary-change proxy relative to the median reference mask, not a manual governance-zone annotation.",-0.01937232676768763,0.999812338869453,46.8,46.8,0.0,-250.1720238095238,4.126376060035604,146.985,86.62012451960373,4.358,0.9651932777664345,0.019656019656019656,63.0,1.0,7.099999999999998,1.0,0.0,806.0,11.09855458668,332.27999999999986,13.991279083874042,2.801000333333331,-0.8935790198239952,0.4489059314938798,0.40608970952107704
2024-10-28,21.075666666666667,7.771,4.536333333333333,593.9568333333333,58.48,2.957666666666667,0.38716666666666666,0.154,2.764,58362,宝山,宝山区,1017.304167,17.1125,70.416667,0.0,2.2625,347.912536,793.0,2.53,30.2,2.72,30.2,0,30.966666666666672,23.29,793.0,0,738.6666666666666,724.5714285714284,0.04,2.69,-0.04,2.556666666666666,2006.29,82.144,0.0,1.0,0.0118906064209274,DLR_GWP_P1D_real_raster_proxy,0.2857142857142857,wusongkou_aoi_boundary_proxy,"Derived from DLR Global WaterPack daily real raster masks within a station-centered AOI; label denotes boundary-change proxy relative to the median reference mask, not a manual governance-zone annotation.",-0.20940462431822188,0.9778290767379257,42.5,46.8,0.0,-225.8612857142856,3.737840481707048,98.43275,80.27470420998318,4.691166666666667,0.8724029931535192,0.02185195301830101,50.0,1.0,-4.699999999999999,0.0,0.0,876.72,12.418740192781888,0.0,12.671451990205998,3.963166666666666,-0.8857249183835637,0.4642104791518923,0.4008301621178608
2024-10-29,20.824,7.815833333333334,4.8435,611.35,73.513,3.4613333333333336,0.4885,0.15366666666666665,3.7558333333333334,58362,宝山,宝山区,1019.579167,17.583333,66.125,0.0,2.620833,24.593603,704.0,2.51,29.5,2.73,29.5,0,31.533333333333346,27.268571428571423,704.0,0,746.6666666666666,740.8571428571428,0.0099999999999997,2.7100000000000004,-0.02,2.536666666666666,1767.04,80.535,0.0,1.0,0.0083234244946492,DLR_GWP_P1D_real_raster_proxy,0.5,wusongkou_aoi_boundary_proxy,"Derived from DLR Global WaterPack daily real raster masks within a station-centered AOI; label denotes boundary-change proxy relative to the median reference mask, not a manual governance-zone annotation.",0.41617927462534515,0.9092825805943505,17.3,46.8,0.0,-178.14719047619042,4.695299047276008,47.968243900000004,78.26883978071263,5.781,0.8454064609611055,0.0477992439402389,-89.0,0.0,-0.6999999999999993,0.0,0.0,808.86,10.020622799600963,0.0,7.795693280809474,3.240667000000002,-0.8776087166898392,0.4793776594606945,0.3625831960206697
2024-10-30,20.653499999999998,7.946000000000001,5.602,594.2101666666666,97.3455,3.016666666666667,0.12533333333333332,0.157,2.6903333333333332,58362,宝山,宝山区,1020.404167,19.329167,78.166667,0.0,2.795833,46.8477,391.0,2.51,32.5,2.71,32.5,0,30.733333333333334,31.171428571428567,391.0,0,629.3333333333334,682.4285714285713,-0.02,2.72,0.0,2.516666666666666,981.41,88.075,0.0,1.0,0.0083234244946492,DLR_GWP_P1D_real_raster_proxy,0.5,wusongkou_aoi_boundary_proxy,"Derived from DLR Global WaterPack daily real raster masks within a station-centered AOI; label denotes boundary-change proxy relative to the median reference mask, not a manual governance-zone annotation.",0.7295382752962194,0.6839399863129935,0.0,46.8,0.0,-109.80880952380949,5.731189460804824,2.795833,83.90060530396937,4.385666666666666,1.108770792244797,0.26344678493495366,-313.0,0.0,3.0,1.0,0.0,704.0,6.399208233557543,0.0,4.20381657042174,1.3243329999999958,-0.8692328164574792,0.49440298420761813,0.31547951209956304
2024-10-31,20.544166666666666,8.005,5.852333333333333,552.4305,113.068,3.029166666666667,0.07316666666666667,0.1585,2.6748333333333334,58362,宝山,宝山区,1015.883333,19.4375,98.166667,111.8,3.345833,44.18959,437.0,2.69,25.6,2.76,25.6,0,29.200000000000006,30.84285714285713,437.0,0,510.6666666666667,606.4285714285713,0.0499999999999998,2.733333333333333,0.1800000000000001,2.57,1175.53,70.65599999999999,0.0,1.0,0.0083234244946492,DLR_GWP_P1D_real_raster_proxy,0.5,wusongkou_aoi_boundary_proxy,"Derived from DLR Global WaterPack daily real raster masks within a station-centered AOI; label denotes boundary-change proxy relative to the median reference mask, not a manual governance-zone annotation.",0.6970348367381048,0.7170372628904885,111.8,158.6,4.520834000000036,-71.05721428571417,6.59032799546443,377.4729624,314.80351015065713,4.333,1.1609154046463104,0.008287292794786481,46.0,1.0,-6.899999999999999,0.0,0.0,569.94,4.476861754976564,0.0,27.870770033674837,1.1066666666666656,-0.8605996962501181,0.5092820071573356,0.29030646687566275
2024-11-01,20.488,8.036999999999999,6.005,487.68375,134.73975,3.26825,0.26849999999999996,0.20375,3.04,58362,宝山,宝山区,1013.754167,18.154167,98.333333,49.1,4.483333,356.96462,267.0,2.75,-31.8,2.86,31.8,1,8.766666666666671,21.242857142857137,267.0,0,365.0,573.5714285714286,0.1,2.776666666666666,0.06,2.65,734.25,-90.948,0.0,1.0,0.0083234244946492,DLR_GWP_P1D_real_raster_proxy,0.5,wusongkou_aoi_boundary_proxy,"Derived from DLR Global WaterPack daily real raster masks within a station-centered AOI; label denotes boundary-change proxy relative to the median reference mask, not a manual governance-zone annotation.",-0.0529525974563301,0.9985970270447574,160.9,203.39999999999998,2.129165999999941,-91.15209523809523,5.559385174688309,725.8726127,403.7518456061032,5.346,1.0294817344937297,0.005934277907777039,-170.0,0.0,-57.400000000000006,0.0,0.0,463.22,2.688969148683418,0.0,37.68961133174282,2.3338329999999985,-0.8517119107469189,0.5240103253675756,0.26078197535207437
2024-11-02,20.268,7.7525,3.9745,475.576,57.730500000000006,3.338,0.531,0.194,3.375,58362,宝山,宝山区,1021.7875,18.425,84.041667,0.0,2.175,322.593305,921.0,3.42,31.4,3.62,31.4,0,8.400000000000004,21.75714285714285,921.0,0,541.6666666666666,607.9999999999999,0.7600000000000002,3.08,0.6699999999999999,2.953333333333333,3149.82,113.668,0.0,1.0,0.0047562425683709,DLR_GWP_P1D_real_raster_proxy,0.7142857142857143,wusongkou_aoi_boundary_proxy,"Derived from DLR Global WaterPack daily real raster masks within a station-centered AOI; label denotes boundary-change proxy relative to the median reference mask, not a manual governance-zone annotation.",-0.6074686627608592,0.7943436433707602,160.9,178.2,0.0,-78.74563095238102,4.5202261250383575,352.367,328.2983570473914,5.846,0.6585659324570804,0.006094773731525217,654.0,1.0,63.2,1.0,0.0,2630.25,9.222919380333328,10168.880000000001,36.46694900819964,1.843,-0.8425720899866032,0.5385835804920232,0.4029825604913937
2024-11-03,20.311166666666665,7.8053333333333335,4.459666666666666,479.85716666666667,55.4415,3.173,0.36833333333333335,0.1748333333333333,3.118,58362,宝山,宝山区,1021.3375,18.004167,87.625,0.0,0.695833,118.257294,983.0,3.27,20.1,3.21,20.1,0,6.566666666666671,19.64285714285714,983.0,0,723.6666666666666,642.2857142857141,-0.4100000000000001,3.2300000000000004,-0.1499999999999999,3.146666666666667,3214.41,64.521,0.0,1.0,0.0059453032104637,DLR_GWP_P1D_real_raster_proxy,0.6428571428571428,wusongkou_aoi_boundary_proxy,"Derived from DLR Global WaterPack daily real raster masks within a station-centered AOI; label denotes boundary-change proxy relative to the median reference mask, not a manual governance-zone annotation.",0.8808304754312092,-0.47343180454172057,49.1,160.89999999999998,0.4500000000000455,-62.29489285714283,2.3424877967685624,34.913733300000004,302.1921878953728,5.234666666666666,0.8007488407931567,0.01951378173519004,62.0,1.0,-11.299999999999997,0.0,0.0,1201.75,12.821534981647664,0.0,13.27676279762662,2.306999666666666,-0.8331829385891785,0.5529974600700271,0.40973028477427664
2024-11-04,20.334166666666665,7.798166666666667,4.5568333333333335,511.7245,58.583000000000006,3.4316666666666666,0.20533333333333334,0.16833333333333333,2.9741666666666666,58362,宝山,宝山区,1024.4625,18.533333,67.916667,0.0,3.3375,29.056852,703.0,2.92,11.9,3.14,11.9,0,21.133333333333336,17.02857142857142,703.0,0,869.0,629.4285714285713,-0.0699999999999998,3.3233333333333337,-0.3500000000000001,3.203333333333333,2052.76,37.366,0.0,1.0,0.0059453032104637,DLR_GWP_P1D_real_raster_proxy,0.6428571428571428,wusongkou_aoi_boundary_proxy,"Derived from DLR Global WaterPack daily real raster masks within a station-centered AOI; label denotes boundary-change proxy relative to the median reference mask, not a manual governance-zone annotation.",0.4856772268553621,0.8741382220873797,0.0,160.89999999999998,0.0,-18.680083333333357,5.941964498053477,3.46,270.6424799181721,4.862833333333334,0.8139344014440787,0.23054755043227665,-280.0,0.0,-8.200000000000001,0.0,0.0,1327.0500000000002,14.584696977325747,0.0,4.820808719811726,1.8008336666666658,-0.8235472349556007,0.5672476988027229,0.40053649064289887
2024-11-05,20.078,7.773999999999999,4.728,566.9472,70.3146,3.3120000000000003,0.28525,0.185,3.243,58362,宝山,宝山区,1027.045833,15.516667,58.5,0.0,2.804167,20.791398,668.0,2.78,3.62,3.06,3.62,0,11.87333333333334,13.331428571428566,668.0,0,784.6666666666666,624.2857142857141,-0.08,3.1366666666666667,-0.1400000000000001,2.99,1857.04,11.0772,0.0,1.0,0.0011890606420927,DLR_GWP_P1D_real_raster_proxy,0.9285714285714286,wusongkou_aoi_boundary_proxy,"Derived from DLR Global WaterPack daily real raster masks within a station-centered AOI; label denotes boundary-change proxy relative to the median reference mask, not a manual governance-zone annotation.",0.3549666100155661,0.9348789792128481,0.0,160.89999999999998,0.0,42.88587380952379,4.775420262926755,2.853167,255.4097736982498,5.3782499999999995,0.8277633120400326,0.2628696374265378,-35.0,0.0,-8.280000000000001,0.0,0.0,801.4200000000001,11.002889543889562,0.0,4.4520378321821585,4.561332999999999,-0.8136678304455991,0.5813300798152042,0.37002989766571737
2024-11-06,19.659,7.8265,4.927833333333333,566.562,90.01166666666666,3.410166666666667,0.143,0.18533333333333332,3.192,58362,宝山,宝山区,1029.116667,15.6875,49.291667,0.0,2.445833,35.729239,724.0,2.74,2.97,2.96,2.97,0,6.163333333333338,9.112857142857136,724.0,0,698.3333333333334,671.8571428571428,-0.1,3.053333333333333,-0.0399999999999995,2.813333333333333,1983.76,8.7912,0.0,1.0,0.0071343638525564,DLR_GWP_P1D_real_raster_proxy,0.5714285714285714,wusongkou_aoi_boundary_proxy,"Derived from DLR Global WaterPack daily real raster masks within a station-centered AOI; label denotes boundary-change proxy relative to the median reference mask, not a manual governance-zone annotation.",0.5839555552372905,0.8117856302667027,0.0,160.89999999999998,0.0,46.45041190476195,4.862016515760889,2.4598329999999997,240.50563851629792,5.1883333333333335,0.869365226636083,0.29020559034636906,56.0,1.0,-0.6499999999999999,0.0,0.0,811.1999999999997,7.673008954895894,0.0,4.2570307055652385,3.971499999999999,-0.8035476485339116,0.5952404359043674,0.3286338148840836
2024-11-07,19.264333333333333,7.8068333333333335,4.921333333333333,561.7816666666666,83.0705,3.9248333333333334,0.18516666666666667,0.20066666666666666,3.4983333333333335,58362,宝山,宝山区,1027.9375,15.216667,62.166667,0.0,1.825,39.878869,832.0,2.64,28.6,2.92,28.6,0,11.730000000000006,9.541428571428566,832.0,0,741.3333333333334,728.2857142857141,-0.04,2.98,-0.1,2.72,2196.48,83.512,0.0,1.0,0.0071343638525564,DLR_GWP_P1D_real_raster_proxy,0.5714285714285714,wusongkou_aoi_boundary_proxy,"Derived from DLR Global WaterPack daily real raster masks within a station-centered AOI; label denotes boundary-change proxy relative to the median reference mask, not a manual governance-zone annotation.",0.6411666532053869,0.7674016698036323,0.0,49.1,1.1791670000000067,40.334197619047586,4.003884188424857,1.8599999999999999,80.0054277088854,5.690166666666666,0.782693448473918,0.24973983352842133,108.0,1.0,25.630000000000003,1.0,0.0,1034.0,8.817996007319255,0.0,4.176351789781686,4.047666333333334,-0.7931896839451843,0.6089746507720486,0.3420992223778444
2024-11-08,19.128666666666668,7.896,5.650333333333333,589.997,68.03433333333334,3.3145,0.0595,0.16949999999999998,2.983,58362,宝山,宝山区,1024.279167,18.120833,76.75,0.0,2.441667,57.217695,788.0,2.57,30.1,2.81,30.1,0,20.556666666666672,18.38428571428571,788.0,0,781.3333333333334,802.7142857142856,-0.1099999999999998,2.8966666666666665,-0.0700000000000002,2.6500000000000004,2025.16,84.581,0.0,1.0,0.0071343638525564,DLR_GWP_P1D_real_raster_proxy,0.5714285714285714,wusongkou_aoi_boundary_proxy,"Derived from DLR Global WaterPack daily real raster masks within a station-centered AOI; label denotes boundary-change proxy relative to the median reference mask, not a manual governance-zone annotation.",0.8407338624094032,0.541448587215967,0.0,0.0,3.658333000000084,53.93335238095233,5.495074075754461,2.466167,0.4606027690185588,4.7375,1.0555713432545137,0.14084507042253355,-44.0,0.0,1.5,1.0,0.0,890.2400000000002,11.318039815936997,0.0,5.0134430284670195,1.0078336666666665,-0.7825970017677834,0.6225286602431057,0.3755457926962882
2024-11-09,19.058,7.8024000000000004,5.2878,532.2058,51.3962,3.34025,0.18525,0.15825,3.3912500000000003,58362,宝山,宝山区,1022.204167,19.05,83.166667,2.8,2.65,50.573474,739.0,2.52,35.5,2.75,35.5,0,31.40000000000001,18.969999999999995,739.0,0,786.3333333333334,776.7142857142856,-0.06,2.8266666666666667,-0.0499999999999998,2.5766666666666667,1862.28,97.625,0.0,1.0,0.0130796670630202,DLR_GWP_P1D_real_raster_proxy,0.2142857142857143,wusongkou_aoi_boundary_proxy,"Derived from DLR Global WaterPack daily real raster masks within a station-centered AOI; label denotes boundary-change proxy relative to the median reference mask, not a manual governance-zone annotation.",0.7724396320244348,0.6350881945666725,2.8,2.8,2.074999999999932,-11.947819047619078,5.687962552794485,10.087499999999999,5.650390439419742,5.159000000000001,0.9809675712363309,0.1173020527859247,-49.0,0.0,5.399999999999999,1.0,0.0,827.3999999999999,15.007449649656527,15.119999999999996,5.351176594729213,0.007999999999999119,-0.7717727365467836,0.6358984534680745,0.4223535800258268
2024-11-10,19.0886,7.8284,5.3194,566.0272,46.754200000000004,3.016,0.126,0.14,3.0505,58362,宝山,宝山区,1021.245833,17.254167,88.458333,1.0,2.241667,14.452617,905.0,2.53,36.9,2.7,36.9,0,34.16666666666668,21.369999999999997,905.0,0,810.6666666666666,765.5714285714284,-0.0499999999999998,2.7533333333333334,0.0099999999999997,2.54,2289.65,99.63,0.0,1.0,0.0130796670630202,DLR_GWP_P1D_real_raster_proxy,0.2142857142857143,wusongkou_aoi_boundary_proxy,"Derived from DLR Global WaterPack daily real raster masks within a station-centered AOI; label denotes boundary-change proxy relative to the median reference mask, not a manual governance-zone annotation.",0.2495792707298476,0.968354370890098,3.8,3.8,0.9583340000000362,9.56357619047617,3.822496510985612,10.763501600000001,7.695431453637201,4.5765,1.0873369584090211,0.12499998437500139,166.0,1.0,1.3999999999999986,1.0,0.0,1081.7099999999998,16.975819229861806,5.319999999999994,5.160415461370847,1.8344330000000006,-0.7607200913564104,0.6490800741100398,0.4380993896342722
2024-11-11,19.21366666666667,7.906666666666666,5.778333333333333,549.0046666666667,55.272999999999996,3.1625,0.11599999999999999,0.14450000000000002,2.9825,58362,宝山,宝山区,1020.891667,16.979167,82.625,0.0,1.458333,54.663556,865.0,2.46,40.4,2.68,40.4,0,37.6,25.441428571428563,865.0,0,836.3333333333334,788.7142857142856,-0.02,2.7099999999999995,-0.0699999999999998,2.5033333333333334,2127.9,108.272,0.0,1.0,0.0130796670630202,DLR_GWP_P1D_real_raster_proxy,0.2142857142857143,wusongkou_aoi_boundary_proxy,"Derived from DLR Global WaterPack daily real raster masks within a station-centered AOI; label denotes boundary-change proxy relative to the median reference mask, not a manual governance-zone annotation.",0.8157698683839876,0.5783766262884175,3.8,3.8,0.3541659999999638,-12.784695238095196,3.662579855754391,7.0244984,7.487737841470617,4.5435,1.1442921528623613,0.15122875632949137,-40.0,0.0,3.5,1.0,0.0,968.3499999999999,14.862071212363539,13.299999999999999,4.553308331147855,2.234499666666668,-0.7494423368521954,0.6620696215153815,0.4102377680008801
2024-11-12,19.131833333333333,7.885666666666666,5.559166666666667,570.5883333333334,60.32416666666666,3.0223333333333335,0.20450000000000002,0.16583333333333333,2.932166666666667,58362,宝山,宝山区,1020.508696,17.634783,85.73913,0.0,1.634783,77.698097,811.0,2.45,27.8,2.67,27.8,0,35.03333333333334,28.89571428571428,811.0,0,860.3333333333334,809.142857142857,-0.0100000000000002,2.6833333333333336,-0.0099999999999997,2.48,1986.95,74.226,0.0,1.0,0.0154577883472057,DLR_GWP_P1D_real_raster_proxy,0.15,wusongkou_aoi_boundary_proxy,"Derived from DLR Global WaterPack daily real raster masks within a station-centered AOI; label denotes boundary-change proxy relative to the median reference mask, not a manual governance-zone annotation.",0.977038498386979,0.2130628373736658,1.0,3.8,0.38297099999999773,8.278809523809628,4.236953978532813,3.273066,7.595753605396559,4.795,1.071131069371169,0.24889527830723346,-54.0,0.0,-12.599999999999998,0.0,0.0,873.6499999999999,14.029270679041707,0.0,4.072567970439638,1.497050333333334,-0.7379428103031386,0.6748632518680403,0.39564749581791325
2024-11-13,19.07875,7.9485,5.9885,550.83275,77.5,2.9196666666666666,0.09333333333333334,0.13899999999999998,2.414,58362,宝山,宝山区,1018.629167,19.433333,82.666667,0.0,2.079167,111.843314,629.0,2.42,24.0,2.69,24.0,0,30.733333333333334,31.899999999999995,629.0,0,768.3333333333334,795.5714285714284,0.02,2.68,-0.0300000000000002,2.4433333333333334,1522.18,64.56,0.0,1.0,0.0095124851367419,DLR_GWP_P1D_real_raster_proxy,0.4285714285714286,wusongkou_aoi_boundary_proxy,"Derived from DLR Global WaterPack daily real raster masks within a station-centered AOI; label denotes boundary-change proxy relative to the median reference mask, not a manual governance-zone annotation.",0.9282048179430705,-0.3720696385722319,0.0,3.8,1.879528999999934,-9.229738095238076,4.975917799616077,2.089667,7.459938493969381,3.897333333333333,1.2564504059858277,0.201665921847198,-182.0,0.0,-3.8000000000000007,0.0,0.0,835.3300000000002,9.787685774946922,0.0,4.337119284901201,-0.35458300000000165,-0.7262249146041543,0.6874571793269664,0.3537357591044734
2024-11-14,19.30633333333333,7.976,5.998,552.2378333333334,108.54566666666666,3.138833333333333,0.08316666666666667,0.1495,2.5195000000000003,58362,宝山,宝山区,1015.645833,21.1,95.416667,2.7,1.316667,155.998429,540.0,2.49,29.4,2.71,29.4,0,27.066666666666677,32.014285714285705,540.0,0,660.0,753.8571428571428,0.02,2.69,0.0700000000000002,2.453333333333333,1344.6,79.67399999999999,0.0,1.0,0.0095124851367419,DLR_GWP_P1D_real_raster_proxy,0.4285714285714286,wusongkou_aoi_boundary_proxy,"Derived from DLR Global WaterPack daily real raster masks within a station-centered AOI; label denotes boundary-change proxy relative to the median reference mask, not a manual governance-zone annotation.",0.4067616915377604,-0.913534304937335,2.7,6.5,2.9833340000000135,-6.46124999999995,2.79624958793892,4.8961679,13.202270749887024,4.097666666666667,1.188196319896758,0.12499998437500175,-89.0,0.0,5.399999999999999,1.0,0.0,673.0300000000002,6.024884599116959,14.579999999999997,4.587711113094426,-1.7936666666666703,-0.7142921172691032,0.699847677146407,0.29717279731671364
2024-11-15,19.610333333333333,7.993666666666667,5.737166666666667,539.5216666666666,154.71833333333333,3.4888333333333335,0.10016666666666667,0.16116666666666668,2.749333333333333,58362,宝山,宝山区,1015.3625,20.0625,99.166667,0.1,1.695833,62.475911,463.0,2.55,7.88,2.72,7.88,0,20.426666666666677,28.84,463.0,0,544.0,707.4285714285713,0.0100000000000002,2.706666666666667,0.0599999999999996,2.486666666666667,1180.65,21.4336,0.0,1.0,0.0095124851367419,DLR_GWP_P1D_real_raster_proxy,0.4285714285714286,wusongkou_aoi_boundary_proxy,"Derived from DLR Global WaterPack daily real raster masks within a station-centered AOI; label denotes boundary-change proxy relative to the median reference mask, not a manual governance-zone annotation.",0.8868166207276179,0.4621215004749814,2.8000000000000003,6.6,0.2833330000000842,-11.966654761904806,4.120708573212316,6.4651654,13.60469545983018,4.461166666666666,1.046699195731741,0.17303534800695902,-77.0,0.0,-21.52,0.0,0.0,572.3999999999997,3.493487172351789,0.0,4.236337594930525,-0.4521666666666668,-0.7021479494046978,0.7120310787787131,0.23747577733313152
2024-11-16,19.843,8.033666666666667,5.902,514.9616666666667,194.50783333333334,4.324166666666667,0.22766666666666666,0.19599999999999998,3.1648333333333336,58362,宝山,宝山区,1017.9,19.133333,94.375,3.2,2.7125,30.643083,414.0,2.62,0.142,2.81,0.142,0,12.474000000000006,23.788857142857136,414.0,0,472.3333333333333,660.9999999999999,0.0899999999999998,2.7466666666666666,0.0700000000000002,2.553333333333333,1084.68,0.39902,0.0,1.0,0.0095124851367419,DLR_GWP_P1D_real_raster_proxy,0.4285714285714286,wusongkou_aoi_boundary_proxy,"Derived from DLR Global WaterPack daily real raster masks within a station-centered AOI; label denotes boundary-change proxy relative to the median reference mask, not a manual governance-zone annotation.",0.5096884983131402,0.8603590149973999,6.0,7.0,0.0,-34.063207142857095,4.999271829708998,19.012,13.996364285380771,5.3525,0.887759465672757,0.10296010296010295,-49.0,0.0,-7.7379999999999995,0.0,0.0,495.41000000000014,2.4159304784889266,0.0,5.390063899723641,0.7096669999999996,-0.6897960046655887,0.7240037789593305,0.19885231504952017
2024-11-17,19.706833333333332,8.118,6.511500000000001,478.1933333333333,190.64333333333332,3.2098333333333335,0.04016666666666666,0.16083333333333333,2.6374999999999997,58362,宝山,宝山区,1028.1,14.554167,62.708333,1.4,4.1375,39.37108,73.7,2.66,-2.44,2.85,2.44,1,1.8606666666666716,18.16885714285713,73.7,0,316.90000000000003,542.242857142857,0.04,2.793333333333333,0.04,2.61,196.04200000000003,-6.954,0.0,1.0,0.0071343638525564,DLR_GWP_P1D_real_raster_proxy,0.5714285714285714,wusongkou_aoi_boundary_proxy,"Derived from DLR Global WaterPack daily real raster masks within a station-centered AOI; label denotes boundary-change proxy relative to the median reference mask, not a manual governance-zone annotation.",0.6343403956948805,0.7730538547796411,4.7,7.4,0.0,-58.28384523809524,7.409105401008384,23.59775,12.198074846685184,4.286,1.25148747297447,0.10165184243964422,-340.3,0.0,-2.582,0.0,0.0,430.56,1.6535926112744164,0.0,5.297382558632304,5.1526663333333325,-0.6772399381909491,0.7357622347736527,0.20224097832950394
2024-11-18,19.061799999999998,8.148,6.8842,483.08320000000003,165.2896,2.6274,0.08099999999999999,0.14100000000000001,2.3948,58362,宝山,宝山区,1031.4875,13.141667,60.041667,0.0,3.470833,42.669325,202.0,2.83,-2.53,2.86,2.53,1,-1.6093333333333284,12.035999999999992,202.0,0,229.9,447.52857142857135,0.0099999999999997,2.84,0.1699999999999999,2.703333333333333,571.66,-7.235799999999999,0.0,1.0,0.0071343638525564,DLR_GWP_P1D_real_raster_proxy,0.5714285714285714,wusongkou_aoi_boundary_proxy,"Derived from DLR Global WaterPack daily real raster masks within a station-centered AOI; label denotes boundary-change proxy relative to the median reference mask, not a manual governance-zone annotation.",0.677766114305127,0.7352775627609818,4.6000000000000005,7.4,0.0,-43.97662619047617,6.620226892668274,19.496164800000003,11.986947572129859,3.8858,1.509240133968099,0.11024345834610778,128.3,1.0,-0.08999999999999986,0.0,0.0,386.45099999999996,1.3825278309647746,0.0,5.300345120615165,5.920132999999998,-0.6644834655228552,0.7473029667054296,0.22632724228326273
2024-11-19,18.345,8.123,6.516333333333333,528.0400000000001,180.87783333333334,2.9255,0.104,0.1465,2.8898333333333333,58362,宝山,宝山区,1027.975,13.470833,64.458333,0.0,2.270833,31.602975,604.0,2.82,3.72,2.85,3.72,0,-0.4166666666666619,8.595999999999995,604.0,0,293.2333333333333,417.95714285714274,-0.0099999999999997,2.853333333333333,-0.0100000000000002,2.77,1703.28,10.602,0.0,1.0,0.0083234244946492,DLR_GWP_P1D_real_raster_proxy,0.5,wusongkou_aoi_boundary_proxy,"Derived from DLR Global WaterPack daily real raster masks within a station-centered AOI; label denotes boundary-change proxy relative to the median reference mask, not a manual governance-zone annotation.",0.5240301299457149,0.8516997257890114,1.4,7.4,3.5125000000000455,7.058507142857138,4.421602180779644,5.4534991999999995,12.222162646140234,4.458833333333333,1.3291865671180532,0.12219959764560412,402.0,1.0,6.25,1.0,0.0,1016.0600000000003,1.6122543795423114,8.75,5.063441616478593,4.874166999999998,-0.6515303615068021,0.75862255966641,0.2111182497834665
2024-11-20,17.950833333333332,8.081333333333333,6.211833333333334,610.6793333333334,157.04266666666666,3.3033333333333332,0.09833333333333333,0.153,2.9911666666666665,58362,宝山,宝山区,1025.316667,12.283333,68.25,0.0,1.6,333.339688,666.0,2.63,7.33,2.82,7.33,0,2.8400000000000047,6.214571428571422,666.0,0,490.6666666666667,423.2428571428571,-0.0300000000000002,2.8433333333333333,-0.1899999999999999,2.76,1751.58,20.6706,0.0,1.0,0.0083234244946492,DLR_GWP_P1D_real_raster_proxy,0.5,wusongkou_aoi_boundary_proxy,"Derived from DLR Global WaterPack daily real raster masks within a station-centered AOI; label denotes boundary-change proxy relative to the median reference mask, not a manual governance-zone annotation.",-0.44870006477269286,0.8936824110795631,0.0,7.4,2.658332999999857,81.14832857142858,3.2933386105236524,1.6665,12.652320854989947,4.6194999999999995,1.1739538957253328,0.19017433852135787,62.0,1.0,3.61,1.0,0.0,866.3199999999999,3.10464684642122,0.0,4.256690751519819,5.667500333333331,-0.6383844591746642,0.7697176640069211,0.2349609472480928
2024-11-21,17.781750000000002,8.1045,6.4965,1123.675,159.27925,3.6575,0.07050000000000001,0.16025,2.936,58362,宝山,宝山区,1025.091667,12.420833,66.458333,0.0,1.979167,303.869442,814.0,2.56,12.2,2.8,12.2,0,7.750000000000004,3.757428571428565,814.0,0,694.6666666666666,462.3857142857142,-0.02,2.8233333333333337,-0.0699999999999998,2.67,2083.84,34.16,0.0,1.0,0.0083234244946492,DLR_GWP_P1D_real_raster_proxy,0.5,wusongkou_aoi_boundary_proxy,"Derived from DLR Global WaterPack daily real raster masks within a station-centered AOI; label denotes boundary-change proxy relative to the median reference mask, not a manual governance-zone annotation.",-0.8303096335338997,0.557302352821878,0.0,4.7,0.22500000000013642,512.5101142857143,4.627966643458517,2.0036669999999996,8.14889970605543,4.609,1.1522127908803101,0.3120935956209391,148.0,1.0,4.869999999999999,1.0,0.0,1029.34,4.334102303739671,0.0,4.061664337212127,5.360917000000002,-0.6250496486104377,0.7805849965070866,0.23257573548471167
2024-11-22,17.556,8.065666666666667,6.388833333333333,946.3403333333332,96.08449999999999,3.3541666666666665,0.04816666666666667,0.13549999999999998,2.7458333333333336,58362,宝山,宝山区,1026.691667,13.666667,63.208333,0.0,2.466667,17.910218,795.0,2.46,28.8,2.75,28.8,0,16.110000000000003,6.745999999999994,795.0,0,758.3333333333334,509.8142857142856,-0.0499999999999998,2.79,-0.1,2.5500000000000003,1955.7,79.2,0.0,1.0,0.0083234244946492,DLR_GWP_P1D_real_raster_proxy,0.5,wusongkou_aoi_boundary_proxy,"Derived from DLR Global WaterPack daily real raster masks within a station-centered AOI; label denotes boundary-change proxy relative to the median reference mask, not a manual governance-zone annotation.",0.3075263181094783,0.9515395754618028,0.0,4.6000000000000005,0.0,277.058495238095,4.22717189838881,2.5016670000000003,7.933532781185616,4.149,1.2480863950267442,0.2884615107248547,-19.0,0.0,16.6,1.0,0.0,895.4000000000001,7.81106493140855,0.0,4.296752195428704,3.8893330000000006,-0.6115298757991053,0.7912213413483807,0.3176699509535902
2024-11-23,17.393333333333334,8.022,6.221666666666667,691.5303333333333,66.27283333333334,3.2031666666666667,0.05483333333333334,0.11583333333333334,2.6453333333333333,58362,宝山,宝山区,1028.191667,12.545833,61.708333,0.0,1.841667,41.023909,836.0,2.43,41.9,2.68,41.9,0,27.633333333333336,12.711428571428566,836.0,0,815.0,570.0999999999999,-0.0699999999999998,2.7433333333333336,-0.0299999999999998,2.4833333333333334,2031.48,112.292,0.0,1.0,0.0107015457788347,DLR_GWP_P1D_real_raster_proxy,0.3571428571428571,wusongkou_aoi_boundary_proxy,"Derived from DLR Global WaterPack daily real raster masks within a station-centered AOI; label denotes boundary-change proxy relative to the median reference mask, not a manual governance-zone annotation.",0.6563739052035742,0.7544357471433929,0.0,1.4,0.0,-2.975599999999986,4.059962771447972,1.852167,2.7671023930483147,3.8585000000000003,1.2945132477551182,0.3519061170784613,41.0,1.0,13.099999999999998,1.0,0.0,903.3099999999998,12.114845764882801,0.0,3.9330080178136413,4.847500333333334,-0.5978291414589552,0.801623551065242,0.379933012441825
2024-11-24,16.949833333333334,7.999666666666667,6.3125,562.0185,55.540333333333336,3.208833333333333,0.05483333333333334,0.1035,2.4615,58362,宝山,宝山区,1025.475,14.6875,66.708333,0.2,2.270833,90.402585,838.0,2.41,35.1,2.61,35.1,0,35.26666666666667,18.074285714285708,838.0,0,823.0,679.2857142857143,-0.0700000000000002,2.68,-0.02,2.4333333333333336,2019.58,91.611,0.0,1.0,0.0107015457788347,DLR_GWP_P1D_real_raster_proxy,0.3571428571428571,wusongkou_aoi_boundary_proxy,"Derived from DLR Global WaterPack daily real raster masks within a station-centered AOI; label denotes boundary-change proxy relative to the median reference mask, not a manual governance-zone annotation.",0.9999753147158051,-0.0070263759525414395,0.2,0.2,2.716667000000143,-144.46245714285715,5.551441549812116,2.7319996,0.8720515228630599,3.551333333333333,1.3467477197118318,0.16161616161615786,2.0,1.0,-6.799999999999997,0.0,0.0,856.8000000000001,14.555980686353694,0.0,4.772556858301014,2.262333333333334,-0.5839514998576998,0.8117885474764613,0.40943332598172455
2024-11-25,16.415666666666667,7.972,6.433,533.7216666666667,51.417,3.140833333333333,0.1095,0.09899999999999999,2.591666666666667,58362,宝山,宝山区,1021.554167,13.0375,82.083333,4.1,3.4375,270.945434,878.0,2.36,37.4,2.58,37.4,0,38.13333333333333,23.77857142857142,878.0,0,850.6666666666666,775.8571428571429,-0.0299999999999998,2.623333333333333,-0.0500000000000002,2.4,2072.08,96.492,0.0,1.0,0.0107015457788347,DLR_GWP_P1D_real_raster_proxy,0.3571428571428571,wusongkou_aoi_boundary_proxy,"Derived from DLR Global WaterPack daily real raster masks within a station-centered AOI; label denotes boundary-change proxy relative to the median reference mask, not a manual governance-zone annotation.",-0.9998638626419257,0.016500187355552226,4.3,4.3,3.9208329999999023,-179.99335714285712,7.8913497624843965,18.23625,8.379629511808883,3.6911666666666667,1.3909926782430762,0.07899934375245206,40.0,1.0,2.299999999999997,1.0,0.0,963.9000000000002,16.228831613153492,9.889999999999988,6.551881429886959,3.378166666666667,-0.5699010576127624,0.8217133225960589,0.42228621280786394
2024-11-26,15.887666666666668,8.012,6.587,588.2813333333334,81.43599999999999,3.316333333333333,0.2313333333333333,0.11599999999999999,2.8705,58362,宝山,宝山区,1023.916667,8.266667,49.583333,0.0,2.816667,274.363068,799.0,2.35,32.2,2.56,32.2,0,34.900000000000006,27.84714285714285,799.0,0,838.3333333333334,803.7142857142857,-0.02,2.583333333333333,-0.0099999999999997,2.373333333333333,1877.65,82.432,0.0,1.0,0.0107015457788347,DLR_GWP_P1D_real_raster_proxy,0.3571428571428571,wusongkou_aoi_boundary_proxy,"Derived from DLR Global WaterPack daily real raster masks within a station-centered AOI; label denotes boundary-change proxy relative to the median reference mask, not a manual governance-zone annotation.",-0.997101997025563,0.07607632698569361,4.3,4.3,0.0,-134.03959523809522,6.627863049806191,14.931835099999999,6.969193913324134,4.261833333333333,1.3084865027559613,0.12320328036126159,-79.0,0.0,-5.199999999999996,0.0,0.0,886.7799999999999,10.169505232341859,0.0,5.352899438832633,7.620999666666668,-0.5556819724760489,0.8313949395234058,0.34543171300049236
2024-11-27,15.337000000000002,8.037333333333335,6.6385000000000005,598.6998333333333,83.51333333333334,3.2106666666666666,0.32816666666666666,0.11533333333333334,2.7448333333333337,58362,宝山,宝山区,1022.8875,8.083333,42.625,0.0,2.983333,272.890098,991.0,2.32,29.0,2.57,29.0,0,32.866666666666674,30.94285714285714,991.0,0,889.3333333333334,850.1428571428571,0.0099999999999997,2.5700000000000003,-0.0300000000000002,2.3433333333333333,2299.12,74.53,0.0,1.0,0.0071343638525564,DLR_GWP_P1D_real_raster_proxy,0.5714285714285714,wusongkou_aoi_boundary_proxy,"Derived from DLR Global WaterPack daily real raster masks within a station-centered AOI; label denotes boundary-change proxy relative to the median reference mask, not a manual governance-zone annotation.",-0.9987280858679735,0.05042033814339091,4.1,4.3,1.0291669999999158,-121.90973809523803,6.9978299226894904,15.2254983,6.66123968697144,4.226333333333334,1.323616096595546,0.10973936899862928,192.0,1.0,-3.200000000000003,0.0,0.0,1218.4900000000002,10.52299439930583,0.0,5.704871462991592,7.253667000000002,-0.5412984521036173,0.8408305333122887,0.3412075062310882
2024-11-28,14.731833333333334,8.098333333333334,7.0535,574.9878333333332,89.02716666666667,3.076833333333333,0.25433333333333336,0.11083333333333334,2.622333333333333,58362,宝山,宝山区,1021.904167,9.225,37.083333,0.0,3.716667,269.062368,1050.0,2.19,30.4,2.58,30.4,0,30.53333333333333,33.54285714285714,1050.0,0,946.6666666666666,883.8571428571429,0.0100000000000002,2.5700000000000003,-0.1299999999999999,2.286666666666666,2299.5,78.432,0.0,1.0,0.0059453032104637,DLR_GWP_P1D_real_raster_proxy,0.6428571428571428,wusongkou_aoi_boundary_proxy,"Derived from DLR Global WaterPack daily real raster masks within a station-centered AOI; label denotes boundary-change proxy relative to the median reference mask, not a manual governance-zone annotation.",-0.9998661002121847,-0.016364035152659932,0.0,4.3,0.983333000000016,-67.23785714285725,8.476460944708862,3.7621670000000003,6.412240097108458,3.985,1.4726941953586135,0.17543859649122756,59.0,1.0,1.3999999999999986,1.0,0.0,1253.1699999999998,10.515344442325741,0.0,5.340173408158569,5.506833333333335,-0.5267547528105542,0.8500173118187018,0.33047989061063643
2024-11-29,14.443,8.157166666666667,7.47,553.8091666666667,116.90283333333333,3.5283333333333338,0.20750000000000002,0.11233333333333334,2.5673333333333335,58362,宝山,宝山区,1020.675,7.6125,60.291667,0.0,1.620833,118.257294,798.0,2.07,28.7,2.51,28.7,0,29.36666666666667,33.52857142857142,798.0,0,946.3333333333334,884.2857142857143,-0.0700000000000002,2.553333333333333,-0.1200000000000001,2.1933333333333334,1651.86,72.03699999999999,0.0,1.0,0.0047562425683709,DLR_GWP_P1D_real_raster_proxy,0.7142857142857143,wusongkou_aoi_boundary_proxy,"Derived from DLR Global WaterPack daily real raster masks within a station-centered AOI; label denotes boundary-change proxy relative to the median reference mask, not a manual governance-zone annotation.",0.8808304754312092,-0.47343180454172057,0.0,4.3,1.229167000000075,-32.340642857142825,4.051016243849534,1.662833,7.404543508339669,3.898166666666667,1.4479559127564798,0.25974025974025466,-252.0,0.0,-1.6999999999999993,0.0,0.0,1176.0,8.026383307158296,0.0,4.012712796402491,6.8305,-0.5120551783114646,0.8589525565270845,0.28469399818441155
2024-11-30,14.395000000000001,8.176666666666668,7.541,545.2715,136.15066666666667,3.2111666666666667,0.18083333333333332,0.11699999999999999,2.6915,58362,宝山,宝山区,1017.158333,9.425,68.708333,0.0,0.7375,118.257294,607.0,2.08,8.57,2.51,8.57,0,22.55666666666667,28.76714285714285,607.0,0,818.3333333333334,851.5714285714286,0.0,2.533333333333333,0.0100000000000002,2.1133333333333333,1262.56,21.5107,0.0,1.0,0.0023781212841854,DLR_GWP_P1D_real_raster_proxy,0.8571428571428572,wusongkou_aoi_boundary_proxy,"Derived from DLR Global WaterPack daily real raster masks within a station-centered AOI; label denotes boundary-change proxy relative to the median reference mask, not a manual governance-zone annotation.",0.8808304754312092,-0.47343180454172057,0.0,4.3,3.516666999999984,-19.98419047619052,2.348638707925442,0.7410000000000001,7.728369648905198,4.042333333333334,1.5387939805211008,0.19032512670419557,-191.0,0.0,-20.13,0.0,0.0,805.9800000000001,5.966674119945948,0.0,3.820630382417489,4.970000000000001,-0.4972040784469378,0.8676336233547726,0.2590268093349213
2024-12-01,14.635,7.986999999999999,7.697333333333334,517.2496666666667,149.0785,2.9985,0.16183333333333333,0.11766666666666668,2.5656666666666665,58362,宝山,宝山区,1015.379167,10.683333,68.708333,0.0,1.120833,118.257294,547.0,2.18,4.65,2.56,4.65,0,13.973333333333336,24.417142857142853,547.0,0,650.6666666666666,810.0,0.0500000000000002,2.5266666666666664,0.1,2.11,1192.46,11.904000000000002,0.0,1.0,0.0023781212841854,DLR_GWP_P1D_real_raster_proxy,0.8571428571428572,wusongkou_aoi_boundary_proxy,"Derived from DLR Global WaterPack daily real raster masks within a station-centered AOI; label denotes boundary-change proxy relative to the median reference mask, not a manual governance-zone annotation.",0.8808304754312092,-0.47343180454172057,0.0,4.1,1.7791659999999183,-41.61047619047622,3.0540381573111905,1.1558329999999999,7.32298227918032,3.904166666666667,1.6354711209863635,0.2564103221564982,-60.0,0.0,-3.92,0.0,0.0,667.7,4.335508861473607,0.0,3.6775936112887413,3.9516670000000005,-0.4822058478963526,0.8760579434344281,0.24373735522484175
2024-12-02,14.844500000000002,7.800999999999999,7.800999999999999,500.0031666666667,180.03783333333334,2.8201666666666667,0.12216666666666666,0.12066666666666666,2.6973333333333334,58362,宝山,宝山区,1019.908333,14.604167,69.75,0.0,1.9375,21.65546,430.0,2.23,4.93,2.61,4.93,0,6.050000000000002,19.77857142857142,430.0,0,528.0,746.0,0.0499999999999998,2.56,0.0499999999999998,2.1633333333333336,958.9,12.867299999999998,0.0,1.0,0.0023781212841854,DLR_GWP_P1D_real_raster_proxy,0.8571428571428572,wusongkou_aoi_boundary_proxy,"Derived from DLR Global WaterPack daily real raster masks within a station-centered AOI; label denotes boundary-change proxy relative to the median reference mask, not a manual governance-zone annotation.",0.3690243661660804,0.9294197206729168,0.0,0.0,0.0,-54.040047619047584,3.562400922962343,1.9549999999999998,0.2929541425236266,4.026166666666667,1.715525051502121,0.3404255319148936,-117.0,0.0,0.27999999999999936,1.0,0.0,574.3499999999999,2.9165174498516424,0.0,3.7140513893813605,0.24033300000000146,-0.46706492487743034,0.8842230238742036,0.21190398387646148
2024-12-03,15.027166666666666,7.821833333333333,7.9395,488.46616666666665,198.78750000000002,2.733166666666667,0.1085,0.12083333333333333,2.733333333333333,58362,宝山,宝山区,1023.820833,12.391667,71.75,0.0,2.433333,61.315299,346.0,2.32,4.32,2.65,4.32,0,4.633333333333336,15.79571428571428,346.0,0,441.0,681.2857142857143,0.04,2.606666666666667,0.0899999999999998,2.243333333333333,802.7199999999999,11.448,0.0,1.0,0.0011890606420927,DLR_GWP_P1D_real_raster_proxy,0.9285714285714286,wusongkou_aoi_boundary_proxy,"Derived from DLR Global WaterPack daily real raster masks within a station-centered AOI; label denotes boundary-change proxy relative to the median reference mask, not a manual governance-zone annotation.",0.8772743607149402,0.4799892665801944,0.0,0.0,0.0,-51.3177380952381,5.445432368973597,2.464833,0.2593051999891378,4.050166666666666,1.7773615778753387,0.2912621642002101,-84.0,0.0,-0.6099999999999994,0.0,0.0,468.69999999999993,2.20734530438591,0.0,3.9347186374591674,2.635499666666666,-0.451785789832884,0.8921264484954345,0.1951768992437911
2024-12-04,14.700000000000001,7.795833333333333,7.866499999999999,495.5683333333333,174.96550000000002,2.814666666666666,0.15116666666666667,0.12383333333333334,2.7998333333333334,58362,宝山,宝山区,1023.066667,11.625,67.25,0.2,1.9875,58.387267,533.0,2.42,4.18,2.68,4.18,0,4.476666666666669,12.249999999999996,533.0,0,436.3333333333333,615.8571428571429,0.0300000000000002,2.6466666666666665,0.1,2.3233333333333333,1289.86,11.2024,0.0,1.0,0.0035671819262782,DLR_GWP_P1D_real_raster_proxy,0.7857142857142857,wusongkou_aoi_boundary_proxy,"Derived from DLR Global WaterPack daily real raster masks within a station-centered AOI; label denotes boundary-change proxy relative to the median reference mask, not a manual governance-zone annotation.",0.8516104662704738,0.5241751746683414,0.2,0.2,0.754165999999941,-29.482500000000016,4.622135177556595,2.42,0.5895744965071601,4.189333333333334,1.7058039798686027,0.2536998314925757,187.0,1.0,-0.14000000000000057,0.0,0.0,792.0000000000001,2.4796527349584623,0.0,4.037891751024868,3.075000000000001,-0.4363729641045924,0.8997658785476209,0.21672752508934368
2024-12-05,14.197333333333333,7.764833333333333,7.776000000000001,503.0216666666667,165.18483333333333,2.923833333333333,0.16316666666666665,0.1235,2.894833333333333,58362,宝山,宝山区,1022.629167,9.3375,77.0,0.1,1.270833,285.446412,563.0,2.33,5.78,2.69,5.78,0,4.7600000000000025,8.732857142857137,563.0,0,480.6666666666667,546.2857142857142,0.0099999999999997,2.6733333333333333,-0.0899999999999998,2.356666666666667,1311.79,15.5482,0.0,1.0,0.0035671819262782,DLR_GWP_P1D_real_raster_proxy,0.7857142857142857,wusongkou_aoi_boundary_proxy,"Derived from DLR Global WaterPack daily real raster masks within a station-centered AOI; label denotes boundary-change proxy relative to the median reference mask, not a manual governance-zone annotation.",-0.9638799762882548,0.2663369882508873,0.30000000000000004,0.30000000000000004,0.4375,-11.7482857142856,3.4460216196310407,1.6835829,0.7936406212061702,4.292999999999999,1.6453493215412935,0.3324100091313029,30.0,1.0,1.6000000000000005,1.0,0.0,646.3699999999999,2.892361818015884,0.4800000000000002,3.579749851240567,4.859833333333333,-0.42083100859565564,0.9071390534005044,0.22643421330371327
2024-12-06,13.740166666666667,7.769666666666667,7.709166666666667,507.0315,137.6105,2.8689999999999998,0.21750000000000003,0.12216666666666666,2.8905,58362,宝山,宝山区,1024.0,9.729167,70.291667,0.0,1.295833,326.825371,682.0,2.35,10.4,2.71,10.4,0,6.786666666666669,6.118571428571423,682.0,0,592.6666666666666,529.7142857142857,0.02,2.6933333333333334,0.02,2.3666666666666667,1602.7,28.184,0.0,1.0,0.0035671819262782,DLR_GWP_P1D_real_raster_proxy,0.7857142857142857,wusongkou_aoi_boundary_proxy,"Derived from DLR Global WaterPack daily real raster masks within a station-centered AOI; label denotes boundary-change proxy relative to the median reference mask, not a manual governance-zone annotation.",-0.5471926443211989,0.8370066965089192,0.30000000000000004,0.30000000000000004,0.0,-1.0559285714285807,2.983877514804291,1.6915829,0.8187369313937876,4.329666666666666,1.6345657460162053,0.38523279425140217,119.0,1.0,4.62,1.0,0.0,817.02,4.275770354097753,1.3860000000000003,3.578133825669912,4.010999666666667,-0.4051645224207563,0.9142437912130223,0.2572296959542507
2024-12-07,13.380833333333333,7.7785,7.957166666666666,504.0971666666667,131.4775,3.0530000000000004,0.18499999999999997,0.11966666666666666,2.797166666666667,58362,宝山,宝山区,1028.658333,9.3,57.333333,0.0,3.2,345.100228,647.0,2.29,25.5,2.69,25.5,0,13.893333333333336,8.537142857142852,647.0,0,630.6666666666666,535.4285714285713,-0.02,2.6966666666666668,-0.06,2.3233333333333337,1481.63,68.595,0.0,1.0,0.0035671819262782,DLR_GWP_P1D_real_raster_proxy,0.7857142857142857,wusongkou_aoi_boundary_proxy,"Derived from DLR Global WaterPack daily real raster masks within a station-centered AOI; label denotes boundary-change proxy relative to the median reference mask, not a manual governance-zone annotation.",-0.2571289476033373,0.9663771025352371,0.1,0.30000000000000004,0.0,1.8917857142856747,4.99389623678352,3.5410000000000004,0.8771370518299337,4.178833333333333,1.6481915947247108,0.23255813953488372,-35.0,0.0,15.1,1.0,0.0,722.9200000000001,4.760556824114786,1.51,4.659708596599171,4.080833333333333,-0.3893781415452015,0.9210779895789526,0.2649110544613895
2024-12-08,13.331833333333334,7.790166666666667,8.107166666666666,532.0696666666666,107.16199999999999,2.605166666666667,0.21633333333333335,0.10516666666666667,2.7328333333333332,58362,宝山,宝山区,1030.158333,6.375,57.166667,0.0,1.791667,34.972183,587.0,2.29,27.6,2.65,27.6,0,21.166666666666668,11.81571428571428,587.0,0,638.6666666666666,541.1428571428571,-0.04,2.6833333333333336,0.0,2.31,1344.23,73.14,0.0,1.0,0.0023781212841854,DLR_GWP_P1D_real_raster_proxy,0.8571428571428572,wusongkou_aoi_boundary_proxy,"Derived from DLR Global WaterPack daily real raster masks within a station-centered AOI; label denotes boundary-change proxy relative to the median reference mask, not a manual governance-zone annotation.",0.5731786718940601,0.8194304180867106,0.0,0.30000000000000004,0.0,27.747142857142876,3.7751213537212087,1.791667,0.9362884498490549,4.0008333333333335,1.8731033506288788,0.35820891245266717,-60.0,0.0,2.1000000000000014,1.0,0.0,647.0,5.904723162170325,0.0,3.749829979144748,6.956833333333334,-0.37347653741307074,0.9276396261490467,0.2993303671227858
2024-12-09,12.329833333333333,7.709166666666667,7.8870000000000005,549.8553333333333,90.23083333333334,2.785833333333333,0.2608333333333333,0.106,2.7603333333333335,58362,宝山,宝山区,1025.266667,9.225,57.166667,0.0,1.295833,75.84969,866.0,2.35,26.0,2.62,26.0,0,26.36666666666667,14.825714285714282,866.0,0,700.0,603.4285714285714,-0.0299999999999998,2.6533333333333333,0.06,2.31,2035.1,68.12,0.0,1.0,0.0023781212841854,DLR_GWP_P1D_real_raster_proxy,0.8571428571428572,wusongkou_aoi_boundary_proxy,"Derived from DLR Global WaterPack daily real raster masks within a station-centered AOI; label denotes boundary-change proxy relative to the median reference mask, not a manual governance-zone annotation.",0.969657729131649,0.24446653827314205,0.0,0.30000000000000004,4.8916659999999865,38.411071428571404,3.5671033306309337,1.316833,0.967898860168541,4.081166666666666,1.7422738275886287,0.13913045413988953,279.0,1.0,-1.6000000000000014,0.0,0.0,1213.7,7.672844524420654,0.0,4.595911468051805,3.1048333333333336,-0.3574644155648614,0.9339267592294762,0.3282255647839042
2024-12-10,12.714666666666666,7.762833333333333,8.117333333333333,531.1975,79.0245,2.7260000000000004,0.21966666666666668,0.102,2.7550000000000003,58362,宝山,宝山区,1023.0875,8.829167,88.5,15.0,2.495833,52.157927,650.0,2.18,23.5,2.6,23.5,0,25.700000000000003,17.56571428571428,650.0,0,701.0,646.8571428571429,-0.02,2.623333333333333,-0.1699999999999999,2.273333333333333,1417.0,61.1,0.0,1.0,0.0023781212841854,DLR_GWP_P1D_real_raster_proxy,0.8571428571428572,wusongkou_aoi_boundary_proxy,"Derived from DLR Global WaterPack daily real raster masks within a station-centered AOI; label denotes boundary-change proxy relative to the median reference mask, not a manual governance-zone annotation.",0.789704734149609,0.6134871089613012,15.0,15.3,2.1791670000001204,13.648761904761841,5.438580582078107,39.992828,29.333199534810934,3.994666666666667,1.8463406283667902,0.04836759371221253,-216.0,0.0,-2.5,0.0,0.0,1013.2199999999999,8.759817305950053,0.0,7.658511016615977,3.885499666666666,-0.34134651424503615,0.9399375283564133,0.3504710410718368
2024-12-11,12.754333333333333,7.7250000000000005,7.971666666666667,537.4806666666667,68.08466666666666,2.4736666666666665,0.216,0.09466666666666666,2.5735,58362,宝山,宝山区,1026.1,7.1875,85.0,1.4,2.329167,305.031665,708.0,2.27,26.4,2.58,26.4,0,25.3,20.73999999999999,708.0,0,741.3333333333334,671.8571428571429,-0.02,2.6,0.0899999999999998,2.2666666666666666,1607.16,68.112,0.0,1.0,0.0023781212841854,DLR_GWP_P1D_real_raster_proxy,0.8571428571428572,wusongkou_aoi_boundary_proxy,"Derived from DLR Global WaterPack daily real raster masks within a station-centered AOI; label denotes boundary-change proxy relative to the median reference mask, not a manual governance-zone annotation.",-0.8188349273104095,0.5740290600801986,16.4,16.5,0.0,13.944452380952498,5.220948620118624,40.559005799999994,31.01543534087756,3.736166666666667,1.9433076606552557,0.05068637717953323,58.0,1.0,2.8999999999999986,1.0,0.0,834.9399999999999,10.730794098063248,47.559999999999974,7.434890973724496,5.566833333333333,-0.3251276029999093,0.9456701548465688,0.3754220830574383
2024-12-12,12.6965,7.758166666666667,7.917999999999999,522.0771666666667,71.43866666666666,2.3625000000000003,0.2866666666666667,0.10383333333333333,2.5888333333333335,58362,宝山,宝山区,1026.3125,8.691667,64.708333,0.0,2.025,27.324795,648.0,2.32,26.6,2.61,26.6,0,25.5,23.71428571428571,648.0,0,668.6666666666666,684.0,0.0299999999999998,2.5966666666666667,0.0499999999999998,2.2566666666666664,1503.36,69.426,0.0,1.0,0.0059453032104637,DLR_GWP_P1D_real_raster_proxy,0.6428571428571428,wusongkou_aoi_boundary_proxy,"Derived from DLR Global WaterPack daily real raster masks within a station-centered AOI; label denotes boundary-change proxy relative to the median reference mask, not a manual governance-zone annotation.",0.45903406453191536,0.8884186668453727,16.4,16.4,0.0,-4.181261904761868,3.9258588881827423,35.25249999999999,27.503738321948823,3.9138333333333337,1.9097597370084705,0.05148005148005149,-60.0,0.0,0.20000000000000284,1.0,0.0,743.3999999999999,9.23079754827072,3.2800000000000464,7.216276604811442,4.004833,-0.30881248126625377,0.9511229423235357,0.3673753871438721
2024-12-13,12.259666666666668,7.737666666666667,7.774166666666666,519.9453333333333,77.183,2.6293333333333333,0.4498333333333333,0.12083333333333333,2.849833333333333,58362,宝山,宝山区,1028.979167,6.870833,65.375,0.0,3.25,290.81142,775.0,2.34,31.1,2.6,31.1,0,28.03333333333333,26.671428571428567,775.0,0,710.3333333333334,697.2857142857143,-0.0099999999999997,2.5966666666666662,0.02,2.31,1813.5,80.86,0.0,1.0,0.0059453032104637,DLR_GWP_P1D_real_raster_proxy,0.6428571428571428,wusongkou_aoi_boundary_proxy,"Derived from DLR Global WaterPack daily real raster masks within a station-centered AOI; label denotes boundary-change proxy relative to the median reference mask, not a manual governance-zone annotation.",-0.9347548791149346,0.35529328162916896,1.4,16.4,0.0,-8.157928571428556,7.28607623515102,7.8069999999999995,27.62676668927855,4.508,1.6628594291376075,0.17699115044247787,127.0,1.0,4.5,1.0,0.0,920.04,9.085521575449054,6.3,5.021072914043773,5.388833666666668,-0.29240597695107734,0.9562942772197719,0.3544225732464594
2024-12-14,11.866166666666667,7.766333333333333,7.941666666666666,508.3765,87.80283333333334,2.6613333333333333,0.2985,0.11283333333333334,2.6385,58362,宝山,宝山区,1031.866667,3.129167,56.208333,0.0,2.525,285.312918,727.0,2.3,29.3,2.6,29.3,0,29.000000000000004,27.21428571428571,727.0,0,716.6666666666666,708.7142857142857,0.0,2.603333333333333,-0.04,2.32,1672.1,76.18,0.0,1.0,0.0059453032104637,DLR_GWP_P1D_real_raster_proxy,0.6428571428571428,wusongkou_aoi_boundary_proxy,"Derived from DLR Global WaterPack daily real raster masks within a station-centered AOI; label denotes boundary-change proxy relative to the median reference mask, not a manual governance-zone annotation.",-0.9644979006939637,0.2640905139472771,0.0,16.4,0.0,-20.338095238095264,5.94890235648176,2.5389999999999997,26.128346219249323,4.065333333333333,1.765741227627953,0.28368794326241137,-48.0,0.0,-1.8000000000000007,0.0,0.0,806.0,8.070313071842676,0.0,4.279940282858714,8.736999666666666,-0.27591294500296043,0.9611826292540837,0.3328040576362974
2024-12-15,11.386333333333333,7.766166666666667,8.042666666666667,506.939,93.367,2.839,0.33116666666666666,0.12516666666666668,2.7851666666666666,58362,宝山,宝山区,1028.2125,2.475,62.208333,0.0,1.779167,271.330377,799.0,2.31,6.62,2.6,6.62,0,22.340000000000003,24.21714285714285,799.0,0,767.0,739.0,0.0,2.6,0.0100000000000002,2.3166666666666664,1845.69,17.212,0.0,1.0,0.0059453032104637,DLR_GWP_P1D_real_raster_proxy,0.6428571428571428,wusongkou_aoi_boundary_proxy,"Derived from DLR Global WaterPack daily real raster masks within a station-centered AOI; label denotes boundary-change proxy relative to the median reference mask, not a manual governance-zone annotation.",-0.9997304404744619,0.023217372563197308,0.0,16.4,3.654166999999916,-18.18549999999999,4.560546167737815,1.782667,27.074691906028765,4.368,1.6793892049953467,0.15544039839996074,72.0,1.0,-22.68,0.0,0.0,879.7100000000002,8.127841300454607,0.0,4.598659050872833,8.911333333333333,-0.2593382659754056,0.9657865518844574,0.32248877646711627
2024-12-16,11.208333333333334,7.752166666666667,8.1455,504.87083333333334,91.22483333333334,2.8665,0.246,0.11133333333333334,2.5803333333333334,58362,宝山,宝山区,1025.558333,3.916667,65.916667,0.0,1.066667,118.257294,720.0,2.25,6.07,2.63,6.07,0,13.99666666666667,21.37,720.0,0,748.6666666666666,718.1428571428571,0.0299999999999998,2.61,-0.06,2.286666666666666,1620.0,15.9641,0.0,1.0,0.0059453032104637,DLR_GWP_P1D_real_raster_proxy,0.6428571428571428,wusongkou_aoi_boundary_proxy,"Derived from DLR Global WaterPack daily real raster masks within a station-centered AOI; label denotes boundary-change proxy relative to the median reference mask, not a manual governance-zone annotation.",0.8808304754312092,-0.47343180454172057,0.0,16.4,2.654167000000143,-13.82730952380956,2.993315671329524,1.087667,27.616507581127745,3.9396666666666667,1.7637630538555091,0.21182697802972308,-79.0,0.0,-0.5499999999999998,0.0,0.0,846.94,8.117842446629522,0.0,3.930613162581617,7.291666333333334,-0.2426868445825954,0.9701046827361175,0.3263862301187158
2024-12-17,11.347999999999999,7.7875000000000005,8.298333333333334,495.37416666666667,101.27016666666667,2.8106666666666666,0.25066666666666665,0.11333333333333334,2.7328333333333337,58362,宝山,宝山区,1026.675,7.695833,59.625,0.0,1.25,322.948181,589.0,2.26,2.88,2.64,2.88,0,5.190000000000002,18.42428571428571,589.0,0,702.6666666666666,709.4285714285714,0.0100000000000002,2.623333333333333,0.0099999999999997,2.273333333333333,1331.14,7.6032,0.0,1.0,0.0071343638525564,DLR_GWP_P1D_real_raster_proxy,0.5714285714285714,wusongkou_aoi_boundary_proxy,"Derived from DLR Global WaterPack daily real raster masks within a station-centered AOI; label denotes boundary-change proxy relative to the median reference mask, not a manual governance-zone annotation.",-0.602537072593639,0.7980908946669469,0.0,1.4,0.0,-18.206357142857144,2.9601897212770134,1.2534999999999998,2.5081902630044755,4.116833333333334,1.8072475539764778,0.4444444444444444,-131.0,0.0,-3.1900000000000004,0.0,0.0,727.1999999999998,6.870690540252045,0.0,3.4252119268272843,3.6521669999999986,-0.22596360824801906,0.974135744004672,0.3088375774701311
2024-12-18,11.443666666666667,7.7636666666666665,8.378666666666666,492.18966666666665,110.456,2.6261666666666668,0.23650000000000002,0.11516666666666668,2.767333333333333,58362,宝山,宝山区,1032.133333,5.541667,63.416667,0.0,3.1625,336.042881,455.0,2.31,3.61,2.65,3.61,0,4.186666666666668,15.168571428571424,455.0,0,588.0,673.2857142857143,0.0099999999999997,2.64,0.0500000000000002,2.273333333333333,1051.05,9.5665,0.0,1.0,0.0059453032104637,DLR_GWP_P1D_real_raster_proxy,0.6428571428571428,wusongkou_aoi_boundary_proxy,"Derived from DLR Global WaterPack daily real raster masks within a station-centered AOI; label denotes boundary-change proxy relative to the median reference mask, not a manual governance-zone annotation.",-0.40605281843640806,0.9138496094215116,0.0,0.0,0.0,-14.920714285714325,5.365015959732299,3.18,0.24691368451232043,4.1555,1.8886222231902179,0.24024024024024027,-134.0,0.0,0.73,1.0,0.0,618.4500000000002,5.275624461670973,0.0,4.476897590481395,5.901999666666667,-0.20917350564635637,0.9778785428342386,0.2942383543411844
2024-12-19,10.79175,7.83325,8.354,494.60299999999995,114.97800000000001,2.44975,0.19325,0.1085,2.57275,58362,宝山,宝山区,1029.190476,4.428571,70.047619,0.0,1.666667,321.703647,670.0,2.4,3.87,2.67,3.87,0,3.453333333333336,11.921428571428564,670.0,0,571.3333333333334,676.4285714285714,0.02,2.6533333333333338,0.0899999999999998,2.3233333333333333,1608.0,10.3329,0.0,1.0,0.0059453032104637,DLR_GWP_P1D_real_raster_proxy,0.6428571428571428,wusongkou_aoi_boundary_proxy,"Derived from DLR Global WaterPack daily real raster masks within a station-centered AOI; label denotes boundary-change proxy relative to the median reference mask, not a manual governance-zone annotation.",-0.619729077830236,0.7848158192160026,0.0,0.0,2.9428570000000036,-8.582500000000039,3.675864373505838,1.6981669999999998,0.22404793191605857,3.851,1.9972669737655673,0.1782682452200934,215.0,1.0,0.26000000000000023,1.0,0.0,964.6499999999999,4.926221639736272,0.0,4.332269106291779,6.363179000000001,-0.19232150523909483,0.9813319716704275,0.2874878898139239
2024-12-20,10.239666666666666,7.798666666666667,8.333833333333333,514.4735,115.271,2.9363333333333332,0.25866666666666666,0.11983333333333333,2.9456666666666664,58362,宝山,宝山区,1024.633333,5.575,60.75,0.0,1.9375,283.608723,736.0,2.34,7.44,2.68,7.44,0,4.973333333333336,8.541428571428565,736.0,0,620.3333333333334,670.8571428571429,0.0100000000000002,2.6666666666666665,-0.06,2.35,1722.2399999999998,19.939200000000003,0.0,1.0,0.0059453032104637,DLR_GWP_P1D_real_raster_proxy,0.6428571428571428,wusongkou_aoi_boundary_proxy,"Derived from DLR Global WaterPack daily real raster masks within a station-centered AOI; label denotes boundary-change proxy relative to the median reference mask, not a manual governance-zone annotation.",-0.9719251900867333,0.23529008664809348,0.0,0.0,4.557142999999996,12.069690476190374,4.810993239621446,1.9585,0.2680957678318013,4.402666666666667,1.7463979090121664,0.13342863696109347,66.0,1.0,3.5700000000000003,1.0,0.0,850.12,5.335236932109756,0.0,4.848369800861391,4.664666666666666,-0.17541259380427843,0.9844950085880858,0.2870596221834072
2024-12-21,10.3096,7.870399999999999,8.656,506.94579999999996,102.09299999999999,2.744,0.2206,0.1068,2.7736,58362,宝山,宝山区,1030.241667,4.470833,49.291667,0.0,3.475,304.579845,649.0,2.27,7.92,2.65,7.92,0,6.410000000000003,5.48714285714285,649.0,0,685.0,659.7142857142857,-0.0300000000000002,2.6666666666666665,-0.0699999999999998,2.3366666666666664,1473.23,20.988,0.0,1.0,0.0047562425683709,DLR_GWP_P1D_real_raster_proxy,0.7142857142857143,wusongkou_aoi_boundary_proxy,"Derived from DLR Global WaterPack daily real raster masks within a station-centered AOI; label denotes boundary-change proxy relative to the median reference mask, not a manual governance-zone annotation.",-0.8233360686266005,0.5675541543311032,0.0,0.0,0.0,4.746376190476155,7.3076386929108885,3.4995,0.3004245658961994,4.062200000000001,1.9433540949477979,0.223463687150838,-87.0,0.0,0.47999999999999954,1.0,0.0,787.5199999999999,6.644486046579303,0.0,4.805626755507692,5.838767,-0.15845177496083632,0.9873667175937016,0.3074774083808337
2024-12-22,9.301833333333333,7.777166666666666,8.499,567.976,89.32866666666666,2.9499999999999997,0.3056666666666667,0.111,3.0076666666666667,58362,宝山,宝山区,1031.004167,5.516667,59.5,0.0,2.620833,14.406409,842.0,2.34,24.5,2.64,24.5,0,13.286666666666669,8.041428571428565,842.0,0,742.3333333333334,665.8571428571429,-0.0099999999999997,2.6566666666666667,0.0699999999999998,2.3166666666666664,1970.28,64.68,0.0,1.0,0.0035671819262782,DLR_GWP_P1D_real_raster_proxy,0.7857142857142857,wusongkou_aoi_boundary_proxy,"Derived from DLR Global WaterPack daily real raster masks within a station-centered AOI; label denotes boundary-change proxy relative to the median reference mask, not a manual governance-zone annotation.",0.24879822953102432,0.9685553370779739,0.0,0.0,0.0,57.05700476190475,4.283436653996762,2.645333,0.3988990052065982,4.423333333333334,1.7899561114535887,0.27617954211088996,193.0,1.0,16.58,1.0,0.0,1107.4499999999998,8.21813673031079,0.0,4.401707293040153,3.7851663333333327,-0.14144406768794202,0.9899462489023779,0.3299123998695873
2024-12-23,8.605333333333334,7.7505,8.462166666666667,579.695,78.9455,3.015333333333333,0.32583333333333336,0.105,2.9741666666666666,58362,宝山,宝山区,1029.95,7.0875,67.333333,0.0,2.008333,43.58525,843.0,2.26,24.5,2.57,24.5,0,18.973333333333336,10.674285714285707,843.0,0,778.0,683.4285714285714,-0.0700000000000002,2.62,-0.08,2.29,1905.18,62.965,0.0,1.0,0.0059453032104637,DLR_GWP_P1D_real_raster_proxy,0.6428571428571428,wusongkou_aoi_boundary_proxy,"Derived from DLR Global WaterPack daily real raster masks within a station-centered AOI; label denotes boundary-change proxy relative to the median reference mask, not a manual governance-zone annotation.",0.6894330929318856,0.7243493703803255,0.0,0.0,1.0541670000000067,58.086838095238136,4.403667106016566,2.036333,0.44915970758112816,4.35,1.7745854700874157,0.24615384615384572,1.0,1.0,0.0,0.0,0.0,911.5200000000001,9.731629672714538,0.0,4.241299801404491,1.5178333333333338,-0.12439450483979998,0.9922328391893008,0.3506386857743041
2024-12-24,8.7125,7.8051666666666675,8.640500000000001,590.3535,74.28733333333334,2.715666666666667,0.2548333333333333,0.09516666666666666,2.7091666666666665,58362,宝山,宝山区,1028.6625,7.370833,72.0,0.0,1.2625,86.383865,698.0,2.17,27.1,2.52,27.1,0,25.36666666666667,14.13428571428571,698.0,0,794.3333333333334,699.0,-0.0499999999999998,2.5766666666666667,-0.0899999999999998,2.2566666666666664,1514.66,68.292,0.0,1.0,0.0071343638525564,DLR_GWP_P1D_real_raster_proxy,0.5714285714285714,wusongkou_aoi_boundary_proxy,"Derived from DLR Global WaterPack daily real raster masks within a station-centered AOI; label denotes boundary-change proxy relative to the median reference mask, not a manual governance-zone annotation.",0.9980090064874167,0.06307157021986518,0.0,0.0,1.2875000000001364,55.17686190476195,3.504933982025435,1.2939999999999998,0.4908150879158248,3.9156666666666666,1.9854248859307588,0.28169014084505956,-145.0,0.0,2.6000000000000014,1.0,0.0,918.8699999999999,10.55069024448557,0.0,3.7599536255548873,1.3416670000000002,-0.10730813165636247,0.9942258118156161,0.36082842563665796
2024-12-25,8.9768,7.8078,8.6948,607.581,67.9352,2.5782,0.22480000000000003,0.0888,2.5878,58362,宝山,宝山区,1027.483333,8.391667,76.333333,0.0,1.545833,294.306952,851.0,2.24,26.1,2.49,26.1,0,25.90000000000001,17.347142857142853,851.0,0,797.3333333333334,755.5714285714286,-0.0299999999999998,2.526666666666667,0.0700000000000002,2.223333333333333,1906.24,64.989,0.0,1.0,0.0083234244946492,DLR_GWP_P1D_real_raster_proxy,0.5,wusongkou_aoi_boundary_proxy,"Derived from DLR Global WaterPack daily real raster masks within a station-centered AOI; label denotes boundary-change proxy relative to the median reference mask, not a manual governance-zone annotation.",-0.9113533387127377,0.4116249409561402,0.0,0.0,1.1791670000000067,55.91988571428567,3.9667710446667246,1.570333,0.493818942991169,3.7006,2.099237108114913,0.2684563758389257,153.0,1.0,-1.0,0.0,0.0,1074.2800000000002,11.566417930655652,0.0,3.9902416991781493,0.5851330000000008,-0.09019000427034513,0.9959245770286599,0.37578970732144157
2024-12-26,9.214833333333333,7.7875000000000005,8.915833333333333,613.4866666666667,167.778,2.625833333333333,0.22066666666666668,0.08016666666666666,2.2624999999999997,58362,宝山,宝山区,1030.870833,6.829167,65.958333,0.0,2.341667,5.626075,613.0,2.16,27.1,2.48,27.1,0,26.76666666666667,20.66571428571428,613.0,0,720.6666666666666,747.4285714285714,-0.0100000000000002,2.4966666666666666,-0.08,2.19,1324.0800000000002,67.208,0.0,1.0,0.0083234244946492,DLR_GWP_P1D_real_raster_proxy,0.5,wusongkou_aoi_boundary_proxy,"Derived from DLR Global WaterPack daily real raster masks within a station-centered AOI; label denotes boundary-change proxy relative to the median reference mask, not a manual governance-zone annotation.",0.09803581225621429,0.995182887471074,0.0,0.0,0.0,44.84217142857142,3.534233465600644,2.369667,0.4985754390757031,3.2848333333333333,2.17202381859158,0.29925184047363185,-238.0,0.0,1.0,1.0,0.0,919.08,4.2699087953801245,0.0,4.096383149130212,2.385666333333333,-0.07304518821104743,0.9973286321364752,0.2238061020978368
2024-12-27,8.927666666666665,7.800666666666667,9.035166666666667,586.4531666666667,64.2265,2.941333333333333,0.2253333333333333,0.08950000000000001,1.161,58362,宝山,宝山区,1031.791667,5.383333,54.208333,0.0,2.3625,306.815633,784.0,2.2,26.8,2.46,26.8,0,26.66666666666667,23.431428571428565,784.0,0,749.3333333333334,754.2857142857143,-0.02,2.4766666666666666,0.04,2.2000000000000006,1724.8000000000002,65.928,0.0,1.0,0.0118906064209274,DLR_GWP_P1D_real_raster_proxy,0.2857142857142857,wusongkou_aoi_boundary_proxy,"Derived from DLR Global WaterPack daily real raster masks within a station-centered AOI; label denotes boundary-change proxy relative to the median reference mask, not a manual governance-zone annotation.",-0.8005678991606251,0.5992420536256974,0.0,0.0,0.0,7.525861904761882,5.253694219434338,2.3764999999999996,0.4980342478692732,2.2813333333333334,2.021607841334437,0.29739776951672864,171.0,1.0,-0.3000000000000007,0.0,0.0,993.2,11.488173262912058,0.0,4.205937827956733,3.544333666666665,-0.05587875690537313,0.9984375616565666,0.3851762371550772
2024-12-28,8.663166666666667,7.8053333333333335,9.045499999999999,570.063,74.37666666666667,2.7758333333333334,0.23816666666666667,0.09100000000000001,1.4100000000000001,58362,宝山,宝山区,1031.433333,0.879167,51.166667,0.0,1.9625,286.240452,818.0,2.14,26.8,2.46,26.8,0,26.90000000000001,26.128571428571423,818.0,0,738.3333333333334,778.4285714285714,0.0,2.466666666666667,-0.06,2.166666666666667,1750.5200000000002,65.928,0.0,1.0,0.0118906064209274,DLR_GWP_P1D_real_raster_proxy,0.2857142857142857,wusongkou_aoi_boundary_proxy,"Derived from DLR Global WaterPack daily real raster masks within a station-centered AOI; label denotes boundary-change proxy relative to the median reference mask, not a manual governance-zone annotation.",-0.9600964728918702,0.2796690235628365,0.0,0.0,0.3583340000000135,-17.88104761904765,4.852901940628255,1.9834999999999998,0.499294003324098,2.5581666666666667,2.081661307806694,0.30112917417732893,34.0,1.0,0.0,0.0,0.0,903.12,9.795250519612614,0.0,4.052423710166707,7.783999666666667,-0.03869579017652689,0.9992510374388481,0.36062714344648417
2024-12-29,8.712333333333333,7.825500000000001,9.0985,557.1705000000001,85.79416666666667,3.2434999999999996,0.24266666666666667,0.09833333333333333,3.0541666666666667,58362,宝山,宝山区,1025.954167,4.945833,55.625,0.0,1.541667,180.522558,691.0,2.08,24.5,2.45,24.5,0,26.03333333333333,26.128571428571423,691.0,0,764.3333333333334,756.8571428571429,-0.0099999999999997,2.4566666666666666,-0.06,2.14,1437.28,60.025000000000006,0.0,1.0,0.0107015457788347,DLR_GWP_P1D_real_raster_proxy,0.3571428571428571,wusongkou_aoi_boundary_proxy,"Derived from DLR Global WaterPack daily real raster masks within a station-centered AOI; label denotes boundary-change proxy relative to the median reference mask, not a manual governance-zone annotation.",-0.009120231193200856,-0.99995840982662,0.0,0.0,5.47916599999985,-29.229904761904663,2.5366652528055784,1.5626669999999998,0.49456060086798864,4.280166666666666,1.8840938216136072,0.12467532985663941,-127.0,0.0,-2.3000000000000007,0.0,0.0,867.08,8.806275383330293,0.0,4.75241037403563,3.766500333333333,-0.021501372740813793,0.999768818762748,0.3366874473614494
2024-12-30,8.923499999999999,7.792333333333333,8.945,547.9986666666667,99.94066666666667,3.1766666666666663,0.22833333333333336,0.10166666666666667,3.124833333333333,58362,宝山,宝山区,1022.9625,7.454167,48.541667,0.0,2.595833,273.947444,586.0,2.09,3.72,2.45,3.72,0,18.340000000000003,23.16,586.0,0,698.3333333333334,720.1428571428571,0.0,2.4533333333333336,0.0099999999999997,2.103333333333333,1224.74,9.114,0.0,1.0,0.0118906064209274,DLR_GWP_P1D_real_raster_proxy,0.2857142857142857,wusongkou_aoi_boundary_proxy,"Derived from DLR Global WaterPack daily real raster masks within a station-centered AOI; label denotes boundary-change proxy relative to the median reference mask, not a manual governance-zone annotation.",-0.9976276164650552,0.06884140372081979,0.0,0.0,2.9916670000001204,-33.873690476190404,6.141761411505547,2.5993329999999997,0.4443263235037722,4.369833333333333,1.8670110885242825,0.15180265654648678,-105.0,0.0,-20.78,0.0,0.0,697.9099999999999,6.918255608905562,0.0,4.81728440829119,1.469332999999999,-0.004300592702981974,0.9999907524084426,0.3110585793904497
2024-12-31,9.440000000000001,7.8374,9.0592,516.8525999999999,119.64680000000001,2.7706,0.1836,0.10500000000000001,3.0578,58362,宝山,宝山区,1025.004167,5.1375,67.75,0.0,1.4625,123.966557,385.0,2.14,0.192,2.5,0.192,0,9.470666666666668,19.315999999999995,385.0,0,554.0,675.4285714285714,0.0499999999999998,2.466666666666667,0.0500000000000002,2.103333333333333,823.9000000000001,0.48,0.0,1.0,0.0142687277051129,DLR_GWP_P1D_real_raster_proxy,0.15,wusongkou_aoi_boundary_proxy,"Derived from DLR Global WaterPack daily real raster masks within a station-centered AOI; label denotes boundary-change proxy relative to the median reference mask, not a manual governance-zone annotation.",0.8293638268762499,-0.5587089069177096,0.0,0.0,0.0,-54.51962857142871,3.56882020222624,1.48,0.3522866545266778,4.2914,2.0462700845649353,0.40609137055837563,-201.0,0.0,-3.528,0.0,0.0,615.3000000000002,4.591916238143075,0.0,3.37874866739621,4.302500000000001,0.012901459949419653,0.9999167727021953,0.2807890031513729
