date,water_temp,ph,dissolved_oxygen,conductivity,turbidity,codmn,nh3_n,tp,tn,station_id,weather_station_name,district,pressure,air_temp,humidity,precipitation,wind_speed,wind_dir,wind_dir_sin,wind_dir_cos,precipitation_3d,precipitation_7d,pressure_drop,conductivity_anomaly,mixing_proxy,resuspension_index,runoff_proxy,nutrient_risk_index,self_purification_index,settling_index,hydrodynamic_intensity,water_air_temp_gap,dayofyear_sin,dayofyear_cos,clearness_proxy,songpu_flow_m3s,songpu_water_level_m,huangdu_flow_m3s,huangdu_water_level_m,huangdu_flow_m3s_abs,huangdu_flow_m3s_reverse_flag,huangdu_flow_m3s_3d_mean,huangdu_flow_m3s_7d_mean,songpu_flow_m3s_abs,songpu_flow_m3s_reverse_flag,songpu_flow_m3s_3d_mean,songpu_flow_m3s_7d_mean,huangdu_water_level_m_1d_diff,huangdu_water_level_m_3d_mean,songpu_water_level_m_1d_diff,songpu_water_level_m_3d_mean,songpu_flow_level_coupling,huangdu_flow_level_coupling,turbidity_songpu_flow_interaction,turbidity_songpu_level_jump_interaction,conductivity_backflow_interaction
2022-01-01,13.543333333333337,7.656666666666666,8.111666666666666,486.73333333333335,105.83333333333331,3.638333333333333,0.2283333333333333,0.11,2.19,58362,宝山,宝山区,1027.533333,7.9875,69.416667,0.0,1.929167,220.026741,-0.6431450667753911,-0.7657443588316388,0.0,0.0,4.591666999999916,-10.235714285714266,3.169901239035881,1.929167,0.0,3.518333333333333,1.3594972067039106,0.1329639771333885,2.0758335999999837,5.555833333333335,0.0172015754182605,0.9998520419557736,0.3014283106226222,602.0,2.12,26.4,2.48,26.4,0,26.4,26.4,602.0,0,602.0,602.0,0.0,2.48,0.0,2.12,1276.24,65.472,63711.66666666666,0.0,0.0
2022-01-02,14.115,7.746666666666667,8.423333333333334,449.3,155.24,3.5133333333333336,0.2166666666666666,0.0933333333333333,2.245,58362,宝山,宝山区,1027.808333,5.945833,77.416667,0.0,1.504167,29.531563,0.4929029454037373,0.8700842984517767,0.0,0.0,0.0,-49.32857142857142,2.245575344679103,1.504167,0.0,3.395,1.487345497351383,0.3993343894396819,0.9025002,8.169167,0.034398060613608,0.9994082116062598,0.2369081044447519,413.0,2.14,10.9,2.48,10.9,0,18.65,18.65,413.0,0,507.5,507.5,0.0,2.48,0.02,2.13,883.82,27.032,64114.12,3.1048000000000004,0.0
2022-01-03,14.311666666666667,7.761666666666667,8.441666666666666,426.6333333333334,127.925,3.18,0.155,0.0,2.145,58362,宝山,宝山区,1025.466667,6.925,83.541667,0.0,0.875,53.943164,0.8084335279563852,0.5885874878690444,0.0,0.0,2.341666000000032,-58.55714285714282,1.582379336961837,0.875,0.0,2.3,1.9473279507881585,0.2371541876923598,0.9933332000000064,7.386666666666668,0.0515843668694083,0.9986686402879996,0.2695247862239783,352.0,2.21,3.8,2.56,3.8,0,13.7,13.7,352.0,0,455.6666666666667,455.6666666666667,0.08,2.5066666666666664,0.0699999999999998,2.1566666666666667,777.92,9.728,45029.6,8.954749999999974,0.0
2022-01-04,14.501666666666669,7.763333333333333,8.49,422.26666666666665,149.46833333333333,3.4683333333333337,0.1933333333333333,0.0,2.228333333333333,58362,宝山,宝山区,1023.995833,10.533333,79.375,0.3,3.683333,81.322774,0.9885539320653772,0.1508679004894075,0.3,0.2999999999999858,1.470833999999968,-49.56428571428575,7.324506320256162,4.7883329,0.5381249999999744,2.421666666666667,1.821237039685377,0.1549386621077522,2.5641665999999934,3.968333666666666,0.0687554084811394,0.9976335468520452,0.2432970353273442,279.0,2.27,5.8,2.64,5.8,0,6.833333333333333,11.725,279.0,0,348.0,411.5,0.08,2.56,0.06,2.2066666666666666,633.33,15.312,41701.665,8.9681,0.0
2022-01-05,14.395,7.81,8.61,404.55,138.625,3.275,0.15,0.0,1.81,58362,宝山,宝山区,1024.35,7.791667,92.666667,12.5,3.475,32.536333,0.5378343205010699,0.8430505582058245,12.8,12.799999999999986,0.0,-51.37857142857143,5.3439742637412175,47.955000000000005,24.661333375999973,1.96,1.9457627118644063,0.0578871201157742,4.6450000000000005,6.603332999999999,0.0859061042613327,0.9963032375991964,0.2559919181580634,160.0,2.3,4.3,2.67,4.3,0,4.633333333333333,10.239999999999998,160.0,0,263.6666666666667,361.2,0.0299999999999998,2.623333333333333,0.0299999999999998,2.26,368.0,11.481,22180.0,4.158749999999973,0.0
2022-01-06,12.55,7.743333333333333,9.193333333333332,425.9333333333333,180.16,3.6966666666666663,0.2699999999999999,0.1566666666666666,2.9,58362,宝山,宝山区,1031.108333,7.129167,65.666667,0.0,2.683333,6.625343,0.1153765266770642,0.9933218295657942,12.8,12.799999999999986,0.0,-17.821428571428555,2.9929266414579474,37.0299954,21.205333375999977,4.736666666666666,1.4071428571428573,0.0606673419750726,4.1699998,5.420832999999999,0.1030313790431787,0.9946781061893646,0.2117894831755293,300.0,2.43,3.9,2.73,3.9,0,4.666666666666666,9.183333333333334,300.0,0,246.33333333333331,351.0,0.06,2.68,0.1300000000000003,2.333333333333333,729.0,10.647,54048.0,23.420800000000057,0.0
2022-01-07,12.491666666666667,7.728333333333333,9.123333333333331,426.55,146.655,3.055,0.1683333333333333,0.1333333333333333,2.7116666666666664,58362,宝山,宝山区,1029.045833,7.083333,69.833333,0.0,1.908333,40.983242,0.6558382617563009,0.75490143357691,12.5,12.799999999999986,2.0625,-8.016666666666708,3.159890797572187,25.7624955,21.73866662399998,4.213333333333333,1.641871625674865,0.0572382553253184,4.0574998,5.408333666666668,0.1201261651823505,0.9927586335250792,0.246500643318709,568.0,2.44,4.6,2.76,4.6,0,4.266666666666667,8.528571428571428,568.0,0,342.6666666666667,382.0,0.0299999999999998,2.72,0.0099999999999997,2.39,1385.92,12.695999999999998,83300.04,1.466549999999956,0.0
2022-01-08,12.426666666666668,7.698333333333333,8.785,454.6833333333334,119.87,3.301666666666667,0.2133333333333333,0.1333333333333333,2.958333333333333,58362,宝山,宝山区,1025.683333,6.683333,68.25,0.0,1.454167,51.407135,0.7815981576122495,0.6237822697200821,0.0,12.799999999999986,3.3624999999999545,24.695238095238096,2.590741248060532,1.454167,21.53599999999998,4.505,1.5021373610715305,0.171919760921505,1.545000199999991,5.7433336666666674,0.1371854040566005,0.9905453876091832,0.2804752788067899,687.0,2.36,9.9,2.77,9.9,0,6.133333333333333,6.171428571428572,687.0,0,518.3333333333334,394.1428571428572,0.0100000000000002,2.7533333333333334,-0.08,2.41,1621.32,27.423,82350.69,9.5896,0.0
2022-01-09,13.603333333333332,7.746666666666666,8.235,467.26666666666665,108.07333333333334,3.2883333333333336,0.235,0.1183333333333333,2.3183333333333334,58362,宝山,宝山区,1023.383333,6.541667,71.125,0.0,1.141667,312.980013,-0.7315915647126418,0.681743193909047,0.0,12.799999999999986,2.2999999999999545,34.71190476190475,1.976900946910788,1.141667,21.90399999999998,3.7366666666666655,1.4430490654205603,0.225140696049481,1.1450001999999908,7.061666333333333,0.1542040475626894,0.988039023376751,0.2979062339877686,724.0,2.29,27.5,2.73,27.5,0,14.0,8.542857142857143,724.0,0,659.6666666666666,438.57142857142856,-0.04,2.7533333333333334,-0.0699999999999998,2.3633333333333333,1657.96,75.075,78245.09333333334,7.5651333333333115,0.0
2022-01-10,13.353333333333332,7.676666666666667,8.135,508.7,113.37833333333332,3.5516666666666663,0.2983333333333333,0.1166666666666666,2.285,58362,宝山,宝山区,1023.229167,6.35,75.208333,0.0,3.104167,299.084333,-0.8739051742712549,0.4860964373269233,0.0,12.799999999999986,0.154166000000032,64.42142857142858,5.816914603102078,3.104167,22.426666623999974,3.75,1.35207756232687,0.2348336778734759,1.8933334000000064,7.003333333333334,0.1711770596101998,0.985240282501282,0.2898453131154702,799.0,2.28,31.0,2.67,31.0,0,22.8,12.428571428571429,799.0,0,736.6666666666666,502.4285714285714,-0.06,2.723333333333333,-0.0100000000000002,2.31,1821.72,82.77,90589.28833333332,1.1337833333333558,0.0
2022-01-11,13.031666666666666,7.711666666666666,8.436666666666666,500.0833333333333,109.23333333333332,3.356666666666667,0.25,0.1066666666666666,2.023333333333333,58362,宝山,宝山区,1027.779167,2.333333,60.708333,0.0,2.504167,353.917034,-0.1059684505853521,0.9943694924325364,0.0,12.499999999999986,0.0,44.68809523809517,2.7695296969969694,2.504167,20.088541624999976,3.34,1.4870740305522911,0.2853745269560497,1.5025001999999998,10.698333666666668,0.1880994176117975,0.9821499931752292,0.2961106262917461,672.0,2.26,28.7,2.62,28.7,0,29.066666666666663,15.7,672.0,0,731.6666666666666,558.5714285714286,-0.0499999999999998,2.6733333333333333,-0.02,2.276666666666667,1518.7199999999998,75.194,73404.79999999999,2.1846666666666663,0.0
2022-01-12,12.64,7.623333333333334,8.135,557.7166666666666,88.04,3.635,0.3466666666666667,0.1033333333333333,2.3966666666666665,58362,宝山,宝山区,1024.379167,3.508333,62.583333,0.0,1.433333,278.341443,-0.989421114958831,0.1450719038050569,0.0,0.0,3.399999999999864,80.44047619047609,2.8515029349672862,1.433333,0.0,3.7766666666666655,1.3524522028262678,0.1714285812244943,1.5399997999999728,9.131667,0.2049661139694953,0.9787690698649216,0.3323513489881433,1140.0,2.3,32.2,2.6,32.2,0,30.633333333333336,19.685714285714287,1140.0,0,870.3333333333334,698.5714285714286,-0.02,2.63,0.04,2.28,2622.0,83.72000000000001,100365.6,3.5216000000000003,0.0
2022-01-13,12.878333333333332,7.711666666666666,8.378333333333332,508.6833333333334,82.27499999999999,3.275,0.2483333333333333,0.0949999999999999,2.16,58362,宝山,宝山区,1028.854167,2.75,59.416667,0.0,2.466667,350.823858,-0.1594701296575359,0.9872027541224796,0.0,0.0,0.0,19.585714285714342,2.8600267063119658,2.466667,0.0,3.358333333333333,1.5307551766138852,0.2884615107248547,1.4800002,10.128333333333332,0.2217721575564818,0.975098513039961,0.3437129516220039,727.0,2.09,30.8,2.55,30.8,0,30.566666666666663,23.52857142857143,727.0,0,846.3333333333334,759.5714285714286,-0.0500000000000002,2.5900000000000003,-0.2099999999999999,2.2166666666666663,1519.4299999999998,78.53999999999999,59813.924999999996,17.27774999999999,0.0
2022-01-14,12.981666666666667,7.691666666666666,8.42,516.2833333333333,74.28166666666667,3.0066666666666664,0.26,0.0983333333333333,2.333333333333333,58362,宝山,宝山区,1024.666667,5.425,63.583333,0.0,1.970833,190.584235,-0.1836808878546649,-0.982985926367678,0.0,0.0,4.1875,14.366666666666674,2.332837355253273,1.970833,0.0,3.576666666666667,1.603809523809524,0.1396973289731003,2.0199998,7.5566666666666675,0.2385125751940764,0.9711394088771652,0.3608412015910681,719.0,2.14,30.9,2.51,30.9,0,31.3,27.285714285714285,719.0,0,862.0,781.1428571428571,-0.04,2.553333333333333,0.0500000000000002,2.1766666666666663,1538.66,77.55899999999998,53408.51833333333,3.714083333333348,0.0
2022-01-15,12.906666666666666,7.7,8.335,527.2333333333333,80.21499999999999,3.178333333333333,0.2783333333333333,0.165,2.313333333333333,58362,宝山,宝山区,1024.891667,6.125,76.916667,0.0,1.133333,123.5138485,0.8337523934808619,-0.5521385209935402,0.0,0.0,0.0,14.952380952381075,2.078252101360845,1.133333,0.0,4.241666666666666,1.364901746724891,0.468750073242199,0.6799997999999999,6.781666666666666,0.2551824131233728,0.966892928939152,0.3479645445769725,725.0,2.14,30.4,2.52,30.4,0,30.7,30.214285714285715,725.0,0,723.6666666666666,786.5714285714286,0.0100000000000002,2.526666666666667,0.0,2.123333333333333,1551.5,76.60799999999999,58155.87499999999,0.0,0.0
2022-01-16,14.568333333333332,7.73,8.881666666666666,417.5333333333333,63.73666666666667,3.0483333333333333,0.28,0.1033333333333333,2.341666666666667,58362,宝山,宝山区,1028.2875,7.3375,74.291667,0.0,2.166667,60.121397,0.8670828477803652,0.4981639640571085,0.0,0.0,0.0,-87.64285714285722,4.04534679255174,2.166667,0.0,3.655,1.6565122785203603,0.3157894404432168,1.3000002,7.230833333333333,0.2717767384711357,0.9623603298276544,0.3864557108454354,355.0,2.1,29.4,2.5,29.4,0,30.23333333333333,30.485714285714288,355.0,0,599.6666666666666,733.8571428571429,-0.02,2.51,-0.04,2.126666666666667,745.5,73.5,22626.51666666667,2.549466666666667,0.0
2022-01-17,13.876666666666669,7.72,8.603333333333333,485.8666666666666,74.94166666666666,2.8516666666666666,0.2383333333333333,0.105,1.9983333333333333,58362,宝山,宝山区,1028.9,7.679167,75.125,0.0,2.054167,61.779033,0.8811304663276114,0.4728732402127298,0.0,0.0,0.0,-16.047619047619094,3.864156126624791,2.054167,0.0,3.286666666666667,1.6738002594033723,0.327421519517433,1.2325002,6.197499666666667,0.2882906407095177,0.957542952811672,0.3593596078356398,562.0,2.24,9.6,2.51,9.6,0,23.13333333333333,27.428571428571427,562.0,0,547.3333333333334,700.0,0.0099999999999997,2.51,0.1400000000000001,2.16,1258.88,24.096,42117.21666666667,10.49183333333334,0.0
2022-01-18,14.188333333333333,7.728333333333333,8.536666666666667,474.3666666666666,82.845,2.8683333333333336,0.2633333333333333,0.1066666666666666,2.13,58362,宝山,宝山区,1025.566667,5.825,81.125,0.0,1.654167,93.815373,0.9977836504615948,-0.0665416175903004,0.0,0.0,3.3333330000000387,-23.8738095238096,3.3046677877331048,1.654167,0.0,3.46,1.6421930105803144,0.1670146137787045,1.6591668000000075,8.363333333333333,0.3047192331091634,0.9524422234305676,0.3425551094458537,433.0,2.22,12.3,2.59,12.3,0,17.1,25.085714285714285,433.0,0,450.0,665.8571428571429,0.08,2.533333333333333,-0.02,2.186666666666667,961.26,31.857,35871.885,1.6569,0.0
2022-01-19,14.395,7.731666666666666,8.486666666666666,474.95,87.15333333333335,2.803333333333333,0.21,0.11,2.0016666666666665,58362,宝山,宝山区,1025.383333,8.533333,80.833333,0.0,2.170833,48.17793,0.7452191999654475,0.6668195738000335,0.0,0.0,0.1833340000000589,-11.46666666666664,3.788579431518592,2.170833,0.0,3.3116666666666665,1.6597131681877444,0.298136616334244,1.3391666000000118,5.861667000000001,0.321057654185271,0.9470596510722284,0.3340500536603071,509.0,2.23,10.1,2.61,10.1,0,10.666666666666666,21.928571428571427,509.0,0,501.3333333333333,575.7142857142857,0.02,2.57,0.0099999999999997,2.2300000000000004,1135.07,26.361,44361.046666666676,0.8715333333333074,0.0
2022-01-20,12.896666666666668,7.753333333333333,8.626666666666667,460.06666666666666,104.23666666666666,2.7716666666666665,0.2033333333333333,0.1149999999999999,2.0883333333333334,58362,宝山,宝山区,1029.104167,5.425,65.0,0.0,2.441667,48.162026,0.7450340773722436,0.6670264039407209,0.0,0.0,0.0,-19.40476190476187,4.260792120595254,2.441667,0.0,3.4416666666666664,1.6832520325203253,0.2905568725852908,1.4650001999999998,7.471666666666667,0.3373010691361842,0.9413968285264122,0.3039842142900175,263.0,2.25,4.6,2.65,4.6,0,9.0,18.185714285714287,263.0,0,401.6666666666667,509.4285714285714,0.04,2.6166666666666667,0.02,2.233333333333334,591.75,12.19,27414.243333333332,2.0847333333333333,0.0
2022-01-21,10.15,7.785,8.666666666666666,468.3166666666666,99.89666666666666,2.8233333333333337,0.2083333333333333,0.1183333333333333,2.185,58362,宝山,宝山区,1025.466667,7.425,75.333333,0.7,2.566667,68.524453,0.930573900600194,0.3661041047594797,0.7,0.6999999999999857,3.6375000000000455,-4.302380952380986,4.955140321731798,4.3633339,1.2273333309999748,3.576666666666667,1.6618728028123997,0.126515545534399,2.407500200000009,2.7250000000000005,0.3534446712740877,0.9354554315134164,0.3111325829204551,439.0,2.36,4.8,2.66,4.8,0,6.5,14.457142857142856,439.0,0,403.6666666666667,469.4285714285714,0.0100000000000002,2.64,0.1099999999999998,2.28,1036.04,12.768,43854.636666666665,10.988633333333313,0.0
2022-01-22,12.161666666666669,7.791666666666667,8.521666666666667,397.1666666666667,84.20666666666666,2.8833333333333333,0.2433333333333333,0.1233333333333333,2.066666666666667,58362,宝山,宝山区,1018.26087,9.982609,98.73913,12.4,1.630435,44.770485,0.7042685925266303,0.7099336233624657,13.1,13.099999999999984,7.205796999999961,-56.87142857142851,2.778699162656157,22.9891335,26.034826029999973,3.543333333333333,1.5898631840796018,0.0435991404342265,5.039420399999992,2.179057666666667,0.3694836834473831,0.9292372181882051,0.3398207097669959,352.0,2.33,5.4,2.68,5.4,0,4.933333333333334,10.885714285714284,352.0,0,351.3333333333333,416.1428571428572,0.02,2.6633333333333336,-0.0299999999999998,2.313333333333333,820.1600000000001,14.472,29640.746666666666,2.5261999999999833,0.0
2022-01-23,10.945,7.763333333333333,7.94,475.4,92.17333333333332,2.79,0.2366666666666666,0.205,1.8683333333333332,58362,宝山,宝山区,1018.6875,8.941667,98.958333,12.9,3.458333,31.977296,0.529583175477784,0.8482580151409514,26.0,25.999999999999982,0.0,13.09523809523813,5.289807971999611,93.374991,51.72916657999997,4.154999999999999,1.306637410861218,0.0328317377054089,7.2749998,2.003333,0.3854133594543256,0.9227440286201428,0.3246494815820488,236.0,2.36,5.1,2.69,5.1,0,5.1000000000000005,7.4142857142857155,236.0,0,342.3333333333333,399.1428571428572,0.0099999999999997,2.6766666666666663,0.0299999999999998,2.35,556.9599999999999,13.719,21752.906666666662,2.765199999999981,0.0
2022-01-24,10.816666666666668,7.728333333333333,8.29,462.5833333333333,75.00500000000001,2.6333333333333333,0.2616666666666666,0.12,1.975,58362,宝山,宝山区,1022.9,5.9,83.5,0.0,2.3625,11.479084,0.199010196622673,0.979997419200788,25.3,25.999999999999982,0.0,3.604761904761915,2.832661589521065,62.13375,47.70999999999997,3.4366666666666665,1.6270853778213934,0.0348887919755778,6.4775,4.916666666666668,0.4012289854475009,0.9159777842484876,0.3592181123947273,396.0,2.51,28.0,2.76,28.0,0,12.833333333333334,10.042857142857144,396.0,0,328.0,375.4285714285714,0.0699999999999998,2.7099999999999995,0.1499999999999999,2.4,993.96,77.28,29701.980000000003,11.250749999999995,0.0
2022-01-25,11.095,7.718333333333334,7.978333333333334,498.9166666666667,69.82833333333333,2.72,0.2433333333333333,0.1083333333333333,2.025,58362,宝山,宝山区,1024.158333,6.1625,83.541667,1.2,1.470833,46.596798,0.7265362716467033,0.6871281146785566,14.1,27.199999999999985,0.0,36.43095238095248,2.5394465240349358,22.2095783,49.92333342399998,3.3516666666666666,1.5809114927344785,0.0603469964364495,3.702499800000001,4.932499999999999,0.4169258813287287,0.908940487313808,0.371191218381719,615.0,2.53,32.8,2.75,32.8,0,21.96666666666667,12.97142857142857,615.0,0,415.6666666666667,401.4285714285714,-0.0099999999999997,2.733333333333333,0.02,2.4666666666666663,1555.9499999999998,90.2,42944.425,1.3965666666666667,0.0
2022-01-26,10.765,7.68,7.538333333333334,527.6833333333333,55.17166666666666,2.9033333333333338,0.3316666666666666,0.1033333333333333,2.145,58362,宝山,宝山区,1023.870833,6.770833,96.291667,21.4,3.245833,54.19311,0.8109934701013908,0.5850552037653409,22.6,48.59999999999998,0.2875000000001364,57.66428571428565,5.878182368039608,76.6016588,95.39775016199997,3.51,1.4308763049667828,0.0368550373078012,6.524999800000027,3.994167000000001,0.4324994021339788,0.901634220265486,0.4105436929085904,626.0,2.44,32.0,2.75,32.0,0,30.933333333333334,16.099999999999998,626.0,0,545.6666666666666,418.1428571428572,0.0,2.7533333333333334,-0.0899999999999998,2.4933333333333327,1527.44,88.0,34537.463333333326,4.965449999999988,0.0
2022-01-27,10.948333333333332,7.678333333333334,7.108333333333333,532.3166666666667,51.93666666666667,2.91,0.3916666666666666,0.1066666666666666,2.231666666666667,58362,宝山,宝山区,1026.816667,5.9125,87.291667,2.9,3.183333,27.380089,0.4598912300514959,0.8879752567057947,25.5,51.49999999999999,0.0,51.97619047619054,4.647319929033519,84.3583245,96.45520850499996,3.69,1.3241229431853463,0.0336889391767427,7.009999799999999,5.035833333333333,0.4479449394078911,0.8940611451454876,0.4206117327482368,733.0,2.44,36.6,2.72,36.6,0,33.800000000000004,20.67142857142857,733.0,0,658.0,485.2857142857143,-0.0299999999999998,2.74,0.0,2.47,1788.52,99.552,38069.57666666667,0.0,0.0
2022-01-28,11.896666666666668,7.774999999999999,7.618333333333333,535.9333333333333,41.208333333333336,2.91,0.3516666666666666,0.1016666666666666,2.223333333333333,58362,宝山,宝山区,1026.283333,4.083333,83.541667,7.8,2.825,15.402712,0.2656017510345688,0.9640828334989536,32.099999999999994,58.59999999999998,0.533333999999968,45.93333333333328,3.575324946672657,93.5075,107.55541686199996,3.5916666666666663,1.4433217556046731,0.0274285709270204,8.221666799999992,7.813333666666667,0.4632579225674917,0.88622350294858,0.4590530574629469,779.0,2.46,37.6,2.76,37.6,0,35.4,25.357142857142858,779.0,0,712.6666666666666,533.8571428571429,0.0399999999999995,2.7433333333333336,0.02,2.4466666666666668,1916.34,103.776,32101.291666666668,0.8241666666666667,0.0
2022-02-07,15.303999999999998,7.438,8.828,308.32000000000005,30.32,2.968,0.4479999999999999,0.192,2.254,58362,宝山,宝山区,1025.2875,4.495833,96.958333,21.5,2.4375,53.138252,0.8000853347987452,0.5998862034085963,32.2,67.69999999999999,0.9958330000001752,-168.98761904761898,4.387708003571942,80.92500000000001,133.34079144099996,4.622,1.3933080808080809,0.0272975434694952,8.101666600000037,10.808166999999996,0.6081214998935418,0.7938439653781019,0.5096953110884727,699.0,2.44,32.6,2.84,32.6,0,18.700000000000003,13.428571428571429,699.0,0,710.6666666666666,609.7142857142857,-0.02,2.853333333333333,-0.08,2.5033333333333334,1705.56,92.584,21193.68,2.4256,0.0
2022-02-08,13.51,7.72,8.381666666666666,439.06666666666666,35.35333333333333,2.8183333333333334,0.515,0.235,2.2716666666666665,58362,宝山,宝山区,1028.016667,5.225,80.416667,0.0,1.904167,39.655123,0.6381649883555743,0.7698996347817874,29.3,54.79999999999998,0.0,-33.05047619047616,3.119339711382069,57.6962601,98.86833351599998,5.136666666666667,1.2541147132169574,0.0310518821989713,7.0025002,8.285,0.6216868902665479,0.7832658619336791,0.4843998773393874,832.0,2.47,41.2,2.82,41.2,0,28.566666666666677,17.74285714285714,832.0,0,766.0,651.8571428571429,-0.02,2.84,0.0300000000000002,2.4766666666666666,2055.04,116.184,29413.97333333333,1.060600000000007,0.0
2022-02-09,13.223333333333334,7.56,8.098333333333333,456.7166666666667,29.216666666666665,3.056666666666666,0.5650000000000001,0.0999999999999999,2.7466666666666666,58362,宝山,宝山区,1024.779167,4.95,90.0,3.3,1.175,34.661939,0.568733255991798,0.8225220261664534,24.8,58.09999999999998,3.237500000000182,-14.56238095238092,1.8432615757903623,30.315,110.38999999999996,4.3116666666666665,1.4405573673287873,0.0330988829127014,6.312500000000037,8.273333333333333,0.6350683134867438,0.7724559775191742,0.5157825531032172,1110.0,2.56,45.4,2.82,45.4,0,39.73333333333333,22.957142857142856,1110.0,0,880.3333333333334,735.4285714285714,0.0,2.8266666666666667,0.0899999999999998,2.49,2841.6,128.028,32430.499999999996,2.629499999999994,0.0
2022-02-10,13.815,7.5566666666666675,8.123333333333333,458.4166666666667,31.661666666666665,3.1333333333333333,0.5683333333333334,0.0966666666666666,3.216666666666667,58362,宝山,宝山区,1024.729167,6.2625,72.416667,0.0,2.279167,50.907209,0.7761257530492528,0.6305781596707345,3.3,56.89999999999998,0.0499999999999545,-7.076666666666711,4.048087204200006,9.8004181,98.10508352299996,4.751666666666667,1.4331079094384005,0.1508485153564553,2.037500199999991,7.552499999999999,0.6482618097757122,0.7614175109532997,0.5025757371916508,1190.0,2.43,41.1,2.79,41.1,0,42.56666666666667,27.514285714285712,1190.0,0,1044.0,834.5714285714286,-0.0299999999999998,2.81,-0.1299999999999999,2.486666666666667,2891.7000000000003,114.669,37677.38333333333,4.116016666666663,0.0
2022-02-11,12.615,7.666666666666667,8.176666666666668,529.2166666666667,35.41833333333333,2.965,0.4716666666666667,0.225,2.715,58362,宝山,宝山区,1023.758333,6.845833,87.125,3.2,2.395833,63.39165,0.8940889731769411,0.4478893926444374,6.5,38.69999999999999,0.970833999999968,63.50428571428574,4.537920866873431,17.9687475,72.41737499999998,5.4366666666666665,1.2228315054835497,0.0920245370544623,2.9316665999999936,5.769167,0.6612634749656386,0.7501537286959042,0.4840966611376747,956.0,2.33,41.1,2.72,41.1,0,42.53333333333334,32.128571428571426,956.0,0,1085.3333333333333,888.5714285714286,-0.0699999999999998,2.776666666666667,-0.1,2.44,2227.48,111.79200000000002,33859.926666666666,3.541833333333333,0.0
2022-02-12,12.746666666666668,7.578333333333333,7.966666666666666,521.3333333333334,38.406666666666666,2.9566666666666666,0.4783333333333333,0.0933333333333333,2.6766666666666663,58362,宝山,宝山区,1021.75,7.891667,85.916667,0.0,1.575,28.339251,0.4746912768516424,0.880152368445917,3.2,35.79999999999998,2.0083329999999933,57.19,2.322638761041337,6.615,66.55816678599997,4.088333333333333,1.4840111766532131,0.1284796628899214,1.9866665999999984,4.854999666666668,0.6740694616546161,0.7386679638813748,0.4707109060082199,808.0,2.32,39.9,2.69,39.9,0,40.70000000000001,36.17142857142857,808.0,0,984.6666666666666,908.8571428571428,-0.0300000000000002,2.733333333333333,-0.0100000000000002,2.36,1874.56,107.331,31032.586666666666,0.38406666666667433,0.0
2022-02-13,14.331666666666669,7.6,8.231666666666667,421.5833333333333,40.068333333333335,3.19,0.4366666666666667,0.1949999999999999,2.9766666666666666,58362,宝山,宝山区,1021.816667,5.879167,84.333333,0.3,1.795833,0.800941,0.0139786022846211,0.9999022945659084,3.5,28.299999999999983,0.0,-26.22428571428577,1.820936235276598,8.081248500000001,52.166333238999975,5.363333333333333,1.2516472377090726,0.1588352168807527,1.7774998000000002,8.452499666666668,0.6866759803451553,0.726963615332308,0.4637004558336599,680.0,2.33,38.5,2.67,38.5,0,39.833333333333336,39.971428571428575,680.0,0,814.6666666666666,896.4285714285714,-0.02,2.6933333333333334,0.0100000000000002,2.3266666666666667,1584.4,102.795,27246.466666666667,0.40068333333334133,0.0
2022-02-14,14.308333333333335,7.66,8.365,421.23333333333335,37.915,3.3000000000000003,0.7066666666666667,0.395,2.7566666666666664,58362,宝山,宝山区,1024.433333,8.2125,68.166667,0.0,2.358333,20.043528,0.3427339355414377,0.9394325145683844,0.3,6.799999999999986,0.0,-42.70476190476188,3.166613750407245,3.0658329,11.435333355999976,7.413333333333333,0.933941198362486,0.27334854426866,1.4749998,6.095833333333335,0.6990793005655562,0.7150441465537444,0.4728419666218763,620.0,2.4,35.9,2.67,35.9,0,38.1,40.44285714285714,620.0,0,702.6666666666666,885.1428571428571,0.0,2.6766666666666663,0.0699999999999998,2.35,1488.0,95.853,23507.3,2.6540499999999922,0.0
2022-02-15,14.126666666666663,7.603333333333334,8.75,385.7000000000001,36.13,2.515,0.305,0.0933333333333333,1.9983333333333333,58362,宝山,宝山区,1025.2875,4.8625,74.333333,0.0,2.025,60.827193,0.87315352074366,0.4874453089454762,0.3,6.799999999999986,0.0,-70.6142857142857,3.793135879505912,2.6325,11.854666643999977,3.2366666666666664,1.840813464235624,0.3007518796992481,1.275,9.264166666666664,0.7112757519738152,0.7029130847082615,0.4808117880417361,511.0,2.38,9.8,2.67,9.8,0,28.066666666666663,35.95714285714286,511.0,0,603.6666666666666,839.2857142857143,0.0,2.67,-0.02,2.37,1216.1799999999998,26.166,18462.43,0.7226,0.0
2022-02-16,11.751666666666669,7.481666666666666,8.876666666666667,496.0,55.69833333333333,2.623333333333333,0.345,0.19,2.335,58362,宝山,宝山区,1026.525,4.829167,67.5,0.0,3.429167,55.812486,0.8272030448618987,0.5619031256108152,0.0,3.499999999999986,0.0,34.07380952380947,6.265784383739942,3.429167,5.862499999999977,4.58,1.5126384549843792,0.2257760883705672,2.0575002,6.922499666666667,0.7232617254437388,0.6905740195722293,0.4089596690751871,582.0,2.48,15.7,2.74,15.7,0,20.46666666666667,31.714285714285715,582.0,0,571.0,763.8571428571429,0.0700000000000002,2.6933333333333334,0.1,2.42,1443.36,43.018,32416.429999999997,5.569833333333333,0.0
2022-02-17,10.828,7.486,9.816,398.08,49.598,2.616,0.352,0.104,3.674,58362,宝山,宝山区,1027.679167,4.041667,70.416667,0.7,3.483333,61.87197,0.8818963340169722,0.4714433752291201,0.7,4.199999999999986,0.0,-55.22666666666663,6.5552716028603415,5.9216661,7.157500013999976,5.066000000000001,1.960063897763578,0.1929260574228976,2.2299998,6.786332999999999,0.7350336741329413,0.6780306024735382,0.4282810670381851,369.0,2.41,7.3,2.75,7.3,0,10.933333333333335,26.885714285714283,369.0,0,487.3333333333333,646.5714285714286,0.0099999999999997,2.72,-0.0699999999999998,2.4233333333333333,889.2900000000001,20.075,18301.662,3.4718599999999897,0.0
2022-02-18,11.601666666666668,7.538333333333333,8.834999999999999,472.4333333333333,72.70666666666666,2.518333333333333,0.355,0.2083333333333333,2.518333333333333,58362,宝山,宝山区,1025.829167,4.808333,87.375,4.7,3.404167,27.761555,0.4657929887856319,0.8848937176848687,5.4,5.699999999999986,1.849999999999909,27.23857142857139,4.9898041212554185,21.7866688,10.680374999999971,4.956666666666667,1.4832120872971457,0.0858062184967838,3.492500199999982,6.793333666666666,0.746588114532413,0.6652865452111116,0.3644299724304412,430.0,2.52,3.4,2.77,3.4,0,8.800000000000002,21.5,430.0,0,460.3333333333333,571.4285714285714,0.02,2.753333333333334,0.1099999999999998,2.47,1083.6,9.418,31263.866666666665,7.9977333333333185,0.0
2022-02-19,10.936666666666667,7.451666666666667,9.071666666666667,478.65,87.59166666666665,2.7566666666666664,0.4416666666666666,0.1233333333333333,2.273333333333333,58362,宝山,宝山区,1030.0,3.129167,59.791667,0.0,4.325,337.086496,-0.3893410528389667,0.9210936676442004,5.4,5.699999999999986,0.0,39.552857142857135,6.008900053528532,27.680000000000003,9.108125018999978,3.948333333333333,1.670144216017183,0.0932400932400932,3.675,7.807499666666668,0.7579216274973472,0.6523456189565257,0.3332081556088812,440.0,2.55,1.8,2.81,1.8,0,4.166666666666669,16.057142857142857,440.0,0,413.0,518.8571428571429,0.04,2.776666666666667,0.0299999999999998,2.493333333333333,1122.0,5.058,38540.33333333333,2.627749999999982,0.0
2022-02-20,10.226666666666668,7.456666666666667,9.401666666666666,485.8833333333334,84.24833333333333,2.8266666666666667,0.3983333333333334,0.18,2.3266666666666667,58362,宝山,宝山区,1032.566667,1.445833,56.625,0.0,2.095833,18.45622,0.3165799448598754,0.9485658324610464,4.7,5.399999999999986,0.0,37.60047619047623,2.759331695575507,11.9462481,8.45774999999998,4.525,1.560442600276625,0.1282736559390125,2.1974998,8.780833666666666,0.7690308592589181,0.6392116531380588,0.3397377284593105,533.0,2.65,7.9,2.83,7.9,0,4.36666666666667,11.685714285714283,533.0,0,467.6666666666667,497.8571428571428,0.02,2.803333333333333,0.1,2.5733333333333337,1412.45,22.357000000000003,44904.361666666664,8.424833333333334,0.0
2022-02-21,10.372,7.431999999999999,9.136,522.8199999999999,101.578,3.116,0.43,0.122,2.64,58362,宝山,宝山区,1032.004167,3.875,54.041667,0.0,1.329167,112.223406,0.9257161551521784,-0.3782189843070652,0.0,5.399999999999986,0.5625,60.02476190476176,2.5595983647951552,1.329167,8.318250017999977,4.29,1.584460631286854,0.3458212857842898,0.9100002,6.497,0.7799125224167177,0.6258885343075018,0.3083274424444364,898.0,2.68,6.2,2.83,6.2,0,5.3000000000000025,7.442857142857142,898.0,0,623.6666666666666,537.5714285714286,0.0,2.8233333333333337,0.0300000000000002,2.6266666666666665,2406.6400000000003,17.546,91217.04400000001,3.0473400000000206,0.0
2022-04-03,16.5,7.647,10.181,0.668,1.343,3.1340000000000003,0.025,0.503,4.195,58362,宝山,宝山区,1028.8375,10.554167,68.333333,0.0,1.908333,89.46066,0.9999556956066482,0.0094131197710554,0.0,5.399999999999986,3.1666669999999613,-407.12266666666665,3.816581452464122,1.908333,9.089999981999975,9.25,1.681420313790256,0.1646090534979434,1.778333199999992,5.945833,0.9995786855478958,-0.0290250133219752,0.9497882637437322,653.0,2.61,11.9,2.89,11.9,0,12.66666666666667,25.985714285714284,653.0,0,628.6666666666666,674.4285714285714,0.02,2.876666666666667,-0.06,2.6466666666666665,1704.33,34.391000000000005,876.9789999999999,0.08058,0.0
2022-04-30,20.32,7.374,9.275,0.538,0.899,3.152,0.0296666666666666,0.005,4.195,58362,宝山,宝山区,1019.245833,14.445833,73.208333,0.0,2.279167,19.023239,0.3259516272262439,0.9453864483419274,0.0,5.399999999999986,9.591667000000143,-336.4723809523809,3.022065192370357,2.279167,9.353249981999976,4.245,8.833333333333334,0.0776950429164099,3.285833600000029,5.874167,0.8806828564301475,-0.47370635037968,0.9854503775629868,580.0,2.71,11.0,2.74,11.0,0,20.933333333333337,24.2,580.0,0,492.6666666666667,649.0,0.06,2.69,0.1499999999999999,2.6,1571.8,30.14,521.42,0.13484999999999991,0.0
2022-05-20,20.81,7.08,9.285,0.479,0.888,3.17,0.0343333333333333,0.005,4.195,58362,宝山,宝山区,1011.066667,19.366667,95.833333,0.1,1.458333,68.442211,0.930047438605058,0.367439467047527,0.1,4.799999999999986,8.179165999999896,-279.7312380952381,2.8146518712832305,1.6041663000000002,9.39999998399997,4.245,8.842857142857143,0.0931315569854776,2.530832999999979,1.443332999999999,0.6692903895412567,-0.7430009249440493,0.9864364296440986,371.0,2.59,9.2,2.77,9.2,0,8.000000000000004,9.914285714285713,371.0,0,330.6666666666667,400.8571428571428,0.0100000000000002,2.766666666666667,0.0499999999999998,2.57,960.89,25.484,329.448,0.04439999999999982,0.0
2022-06-04,24.79,7.19,5.96,406.857,56.053,3.188,0.039,0.097,2.766,58362,宝山,宝山区,1001.008333,26.170833,92.375,22.4,1.566667,144.644968,0.5786412493770452,-0.8155821874706266,22.5,22.499999999999982,10.05833400000006,136.01480952380956,2.473205150237787,36.8166745,43.284374999999976,3.775,1.146815470463729,0.0284697500791529,7.451667000000012,-1.380832999999999,0.4575313760742512,-0.8891934772070711,0.4079012283608536,298.0,2.59,10.3,2.76,10.3,0,6.200000000000003,7.999999999999998,298.0,0,287.6666666666667,378.2857142857143,0.0099999999999997,2.7433333333333336,0.0,2.5933333333333333,771.8199999999999,28.428,16703.793999999998,0.0,0.0
2022-06-10,24.88,6.902333333333334,4.707,380.2058333333334,42.745666666666665,3.4036,0.184,0.2671666666666666,2.4431666666666665,58362,宝山,宝山区,1009.747826,21.534783,89.478261,1.0,2.0,108.9628,0.9457297554846248,-0.3249541961430744,23.5,23.499999999999982,0.0,123.42709523809526,3.89145951096925,49.0,44.527391334999976,5.2988333333333335,0.6484126036606085,0.0377358490566037,5.9,3.345216999999998,0.3634816124829063,-0.9316013725767188,0.4529808091899678,563.0,2.62,41.6,2.75,41.6,0,43.03333333333334,34.22857142857142,563.0,0,602.6666666666666,627.7142857142857,-0.02,2.763333333333333,-0.04,2.676666666666667,1475.0600000000002,114.4,24065.81033333333,1.7098266666666666,0.0
2022-06-11,25.381666666666664,6.976666666666667,4.3295,421.8115,55.30783333333333,3.1315000000000004,0.1468333333333333,0.1246666666666666,2.1945,58362,宝山,宝山区,1011.233333,23.4,79.5,0.0,2.633333,83.783079,0.9941190254754864,0.1082929507755191,23.4,23.499999999999982,0.0,174.18588095238096,5.251179435712439,64.25332519999999,42.182499999999976,3.588,0.7836199095022625,0.0369913691367616,6.259999799999999,1.9816666666666656,0.3474028211842774,-0.9377159910299092,0.4101327335321363,411.0,2.6,38.3,2.75,38.3,0,41.2,38.22857142857142,411.0,0,519.0,643.8571428571429,0.0,2.7566666666666664,-0.02,2.626666666666667,1068.6,105.325,22731.5195,1.1061566666666667,0.0
2022-06-12,25.42,6.996166666666666,4.541666666666667,404.2293333333334,62.548333333333325,3.205,0.0991666666666666,0.1276666666666666,2.2006666666666668,58362,宝山,宝山区,1007.8625,21.5625,89.791667,9.0,1.895833,126.821262,0.8005090230111489,-0.5993207021935216,10.0,32.499999999999986,3.370833000000061,173.54523809523812,3.413464422622296,20.854163,61.682291774999975,3.5765,0.8137972226370015,0.0614754123555494,3.811666400000013,3.8575000000000017,0.3312212278016865,-0.9435531242349544,0.3896003880743568,465.0,2.64,41.3,2.75,41.3,0,40.400000000000006,41.42857142857143,465.0,0,479.6666666666667,618.7142857142857,0.0,2.75,0.04,2.62,1227.6,113.575,29084.974999999995,2.501933333333333,0.0
2022-06-13,25.185,6.9995,4.525333333333333,395.61266666666666,75.086,3.432166666666667,0.1011666666666666,0.1308333333333333,2.1148333333333333,58362,宝山,宝山区,1004.683333,21.516667,97.375,3.9,1.245833,106.095463,0.9608011104692848,-0.2772385725706096,12.9,36.399999999999984,3.1791670000000067,108.50790476190474,2.4428307298592804,17.3170787,71.84449999999997,3.5243333333333338,0.7746647646219684,0.0545702592087312,3.9633332000000014,3.668333000000001,0.3149416207289519,-0.9491110448902284,0.3590373189010805,430.0,2.64,25.0,2.74,25.0,0,34.86666666666667,39.42857142857143,430.0,0,435.3333333333333,544.7142857142857,-0.0099999999999997,2.7466666666666666,0.0,2.626666666666667,1135.2,68.5,32286.98,0.0,0.0
2022-06-14,25.331666666666667,7.022833333333334,4.700833333333334,378.3373333333333,87.78399999999999,3.1670000000000003,0.0856666666666666,0.1326666666666666,2.0585,58362,宝山,宝山区,1005.441667,25.166667,82.083333,0.0,1.7125,232.187395,-0.790020154468217,-0.61308087193617,12.9,36.399999999999984,0.0,37.26123809523807,3.0654095145268214,23.80375,66.27833321199996,3.470833333333333,0.8425439120563987,0.0640512409927942,3.6075,0.1649996666666666,0.2985688173637202,-0.9543881083175908,0.3328400588949207,301.0,2.71,18.0,2.83,18.0,0,28.100000000000005,35.95714285714285,301.0,0,398.6666666666667,487.8571428571428,0.0899999999999998,2.773333333333333,0.0699999999999998,2.6633333333333336,815.71,50.94,26422.983999999997,6.144879999999982,0.0
2022-06-15,25.9,6.997833333333333,4.452,407.51066666666674,98.578,3.2896666666666667,0.1631666666666666,0.144,2.1598333333333333,58362,宝山,宝山区,1007.470833,27.966667,62.333333,0.0,2.033333,140.297093,0.6388068535042539,-0.7693671450718407,3.9,36.29999999999998,0.0,8.287190476190517,3.332240055856365,9.9633317,58.92699987899997,3.763,0.755493961591764,0.1442307761649411,1.9999998,-2.066666999999999,0.2821076626819194,-0.9593827529490744,0.3133655537224205,297.0,2.73,10.6,2.88,10.6,0,17.86666666666667,31.21428571428571,297.0,0,342.6666666666667,435.7142857142857,0.0499999999999998,2.8166666666666664,0.02,2.6933333333333334,810.81,30.528,29277.666,1.9715600000000002,0.0
2022-06-16,26.371666666666663,6.990833333333334,4.599166666666666,435.96583333333336,97.60083333333334,3.348333333333333,0.193,0.1465,2.2358333333333333,58362,宝山,宝山区,1005.641667,28.891667,65.25,0.0,2.470833,165.082374,0.2574300689317687,-0.9662969313879584,0.0,13.899999999999986,1.8291659999999863,32.58395238095238,3.106899709508889,2.470833,22.969749999999976,3.893833333333333,0.7657195182862535,0.1886792808828836,1.848332999999997,-2.520000333333336,0.2655630278040559,-0.9640935007889756,0.3150394022266575,240.0,2.77,10.7,2.88,10.7,0,13.1,26.5,240.0,0,279.3333333333333,386.7142857142857,0.0,2.8633333333333333,0.04,2.7366666666666664,664.8,30.815999999999995,23424.2,3.904033333333334,0.0
2022-06-17,26.801666666666662,6.979833333333333,4.315333333333333,454.5118333333333,97.92483333333332,3.3673333333333333,0.1856666666666666,0.1516666666666666,2.2685,58362,宝山,宝山区,1004.570833,28.333333,71.125,0.0,2.595833,133.21581,0.7287797081016477,-0.6847482289566561,0.0,12.899999999999986,1.0708339999999907,40.51480952380945,4.487623416020624,2.595833,22.07512499999998,3.970833333333333,0.7109671041792521,0.2142856989795933,1.771666599999998,-1.5316663333333338,0.2489398085537665,-0.9685189578512204,0.314482571597658,385.0,2.72,7.3,2.87,7.3,0,9.533333333333337,21.599999999999994,385.0,0,307.3333333333333,361.2857142857143,-0.0099999999999997,2.8766666666666665,-0.0499999999999998,2.74,1047.2,20.951,37701.06083333333,4.896241666666647,0.0
2022-06-18,27.006666666666664,7.006,4.4718333333333335,447.4655,100.05983333333334,3.3156666666666665,0.1075,0.1371666666666666,2.1653333333333333,58362,宝山,宝山区,1003.775,26.920833,85.666667,0.0,2.320833,80.936618,0.987514684645764,0.1575269742265669,0.0,12.899999999999986,0.795833000000016,29.803619047619065,4.612689668110482,2.320833,23.951000042999976,3.6445,0.7716931749547011,0.2429150190955487,1.551666400000003,0.0858336666666659,0.2322429240090701,-0.9726578145718654,0.3108583150383341,241.0,2.68,10.8,2.89,10.8,0,9.600000000000003,17.67142857142857,241.0,0,288.6666666666667,337.0,0.02,2.8800000000000003,-0.04,2.723333333333333,645.88,31.212000000000003,24114.419833333337,4.002393333333334,0.0
2022-06-19,27.156666666666663,7.051833333333334,5.011833333333333,430.7935,83.83783333333334,3.0005,0.0653333333333333,0.1231666666666666,2.0158333333333336,58362,宝山,宝山区,1002.583333,27.129167,88.458333,3.2,1.6625,110.026885,0.9395320306247428,-0.3424610392878978,3.2,7.099999999999985,1.1916669999999383,9.336738095238047,3.2244720009136354,6.982500000000001,13.380541642999972,3.3128333333333337,0.9460751927009594,0.1417601823149365,1.875833399999988,0.0274996666666673,0.2154773150467301,-0.976508846196619,0.3405570347020239,335.0,2.66,13.2,2.84,13.2,0,10.433333333333335,13.657142857142857,335.0,0,320.3333333333333,318.42857142857144,-0.0500000000000002,2.8666666666666667,-0.02,2.686666666666667,891.1,37.488,28085.674166666668,1.6767566666666667,0.0
2022-06-20,27.30666666666667,7.014833333333333,4.552166666666667,439.51383333333337,76.693,3.1300000000000003,0.0891666666666666,0.125,2.053333333333333,58362,宝山,宝山区,1001.4,26.758333,86.916667,0.0,2.6625,70.206582,0.940919676135413,0.3386298319127087,3.2,3.199999999999986,1.1833330000000617,11.785476190476231,5.167698637710537,11.1825,5.981333343999974,3.3925,0.8323327746457413,0.1242879388622647,2.474166600000012,0.548333666666668,0.1986479428801711,-0.9800709131432666,0.3554897086060194,357.0,2.68,37.9,2.88,37.9,0,20.633333333333336,15.499999999999998,357.0,0,311.0,308.0,0.04,2.87,0.02,2.6733333333333333,956.76,109.152,27379.400999999998,1.53386,0.0
2022-06-21,27.52833333333333,7.026,4.583833333333334,462.9076666666666,68.07766666666667,2.923,0.0658333333333333,0.1191666666666666,1.9725,58362,宝山,宝山区,1003.929167,27.145833,87.75,0.0,2.066667,114.779295,0.9079289968328088,-0.4191240111353313,3.2,3.199999999999986,0.0,23.09783333333337,3.94305389609747,8.6800014,6.007999999999973,3.2300000000000004,0.8848245021394331,0.1595744595971032,1.8800002,0.3825003333333328,0.1817597875913753,-0.9833429613388902,0.375439282312373,413.0,2.62,38.5,2.76,38.5,0,29.86666666666667,18.428571428571423,413.0,0,368.3333333333333,324.0,-0.1200000000000001,2.826666666666666,-0.06,2.6533333333333338,1082.06,106.26,28116.076333333334,4.08466,0.0
2022-06-22,28.02,7.018666666666667,4.483666666666667,486.8488333333333,60.74783333333334,2.948833333333333,0.0441666666666666,0.1115,2.045666666666667,58362,宝山,宝山区,1004.170833,31.370833,66.041667,0.0,3.679167,212.652746,-0.5395461110003306,-0.8419560523592778,0.0,3.199999999999986,0.0,35.704976190476145,5.664247246570754,3.679167,5.313333343999977,3.204833333333333,0.8777734273035762,0.2137132528076044,2.2075002,-3.350833000000001,0.1648178466571979,-0.9863240225317866,0.3944788901033239,522.0,2.6,42.3,2.73,42.3,0,39.56666666666667,22.957142857142856,522.0,0,430.6666666666667,356.1428571428572,-0.0299999999999998,2.79,-0.02,2.6333333333333333,1357.2,115.47899999999998,31710.369000000002,1.214956666666667,0.0
2022-06-23,28.49833333333333,6.971,3.9333333333333336,539.0506666666666,77.89766666666667,3.458,0.0511666666666666,0.1315,2.273,58362,宝山,宝山区,1002.220833,31.745833,61.041667,24.0,4.158333,242.186015,-0.8844671112110899,-0.46660253876925,24.0,27.199999999999985,1.9500000000000453,73.18040476190475,7.836241775963745,103.958325,43.80333342399997,3.639166666666666,0.6753469738159966,0.0321457276415293,7.684999800000011,-3.2474996666666662,0.1478271334705304,-0.9890132145779884,0.3528780834635926,768.0,2.54,46.3,2.72,46.3,0,42.36666666666667,28.04285714285714,768.0,0,567.6666666666666,431.57142857142856,-0.0099999999999997,2.736666666666667,-0.06,2.5866666666666664,1950.72,125.936,59825.407999999996,4.6738599999999995,0.0
2022-07-24,32.8,7.03,3.19,580.1,80.6,3.73,0.02,0.14,1.91,58362,宝山,宝山区,1006.554167,28.975,70.875,0.0,2.058333,93.888392,0.9976980381096846,-0.0678131606112444,24.0,27.199999999999985,0.0,96.28857142857146,4.111927795876421,51.458325,46.47799999999997,3.33,0.5186991869918699,0.0369571917087427,6.0349998000000005,3.824999999999996,-0.3754703786876202,-0.9268343944460494,0.3471618166396105,573.0,2.42,42.2,2.66,42.2,0,43.56666666666667,30.685714285714287,573.0,0,756.3333333333334,580.8571428571429,-0.0499999999999998,2.703333333333333,-0.08,2.5,1386.66,112.252,46183.799999999996,6.4479999999999995,0.0
2022-08-13,33.4,7.17,5.05,391.5,122.9,3.58,0.21,0.16,2.1,58362,宝山,宝山区,1004.4,32.975,67.25,0.0,1.879167,149.475943,0.5079000937719677,-0.8614159824071216,24.0,27.199999999999985,2.154167000000029,-84.31635714285716,2.833596095513188,46.979175,45.49199999999997,3.91,0.7902973395931141,0.034443167980639,6.358333600000007,0.4249999999999971,-0.666088855860977,-0.7458723993404063,0.2762727772953077,-31.1,2.46,2.5,2.72,2.5,0,16.566666666666674,29.914285714285715,31.1,1,73.03333333333333,386.3,0.08,2.66,0.0899999999999998,2.3800000000000003,-76.506,6.800000000000001,3822.1900000000005,11.060999999999977,391.5
2022-09-08,28.0,7.0,6.0,919.0,169.0,4.0,0.07,0.0,2.0,58362,宝山,宝山区,1016.429167,26.483333,63.041667,0.0,2.795833,70.203102,0.940899106884698,0.338686980357346,0.0,23.999999999999982,0.0,373.43985714285714,5.426429772698766,2.795833,39.13000007999997,2.07,1.1834319526627215,0.2634467849349536,1.6774998,1.5166670000000018,-0.923157872964704,-0.3844210472688554,0.2225816011031568,428.0,2.39,31.7,2.72,31.7,0,38.26666666666667,36.04285714285714,428.0,0,720.0,492.3571428571428,-0.0099999999999997,2.78,-0.2399999999999997,2.6,1022.92,86.224,72332.0,40.55999999999995,0.0
2022-09-09,27.375,7.25125,5.11825,1069.70125,290.22225000000003,4.566,0.1505,0.22225,2.298,58362,宝山,宝山区,1015.654167,24.7125,66.708333,0.0,2.2,53.5734,0.8046182114075466,0.593792500686326,0.0,23.999999999999982,0.7749999999999773,434.1143333333336,3.970160065096603,2.2,40.00999991999998,4.671,0.6446970651215518,0.2515723270440266,1.4749999999999956,2.6625000000000014,-0.9296339319682696,-0.3684843993077793,0.1312152702568364,374.0,2.52,30.7,2.71,30.7,0,33.333333333333336,37.25714285714286,374.0,0,600.6666666666666,544.4285714285714,-0.0100000000000002,2.72,0.1299999999999999,2.513333333333333,942.48,83.197,108543.12150000001,37.72889249999997,0.0
2022-09-10,26.581666666666667,7.375166666666666,6.441166666666667,1239.5791666666669,327.998,4.6526,0.0785,0.2486666666666666,2.184,58362,宝山,宝山区,1013.408333,25.595833,71.458333,0.0,2.304167,66.696225,0.9184203183677347,0.3956060146273164,0.0,23.999999999999982,2.245834000000059,493.0391785714286,4.420360789712428,2.304167,41.14999991999998,4.749166666666667,0.7838098753513729,0.1801801477152868,1.831667000000012,0.985833666666668,-0.935834897334994,-0.3524387108846032,0.1105135564543453,242.0,2.53,16.3,2.75,16.3,0,26.23333333333333,33.71428571428571,242.0,0,348.0,539.0,0.04,2.7266666666666666,0.0099999999999997,2.48,612.26,44.825,79375.516,3.2799799999999015,0.0
2022-09-11,27.21166666666667,7.368166666666667,6.847,1413.4326666666666,314.1948333333333,3.925666666666667,0.0956666666666666,0.1836666666666666,2.136,58362,宝山,宝山区,1011.6125,25.766667,75.291667,0.0,2.3125,37.735915,0.6120228866160689,0.7908400509952278,0.0,23.999999999999982,1.795833000000016,534.5235595238095,3.727802925299659,2.3125,42.07000007999998,4.068333333333333,0.9983960338291048,0.1957585772109995,1.7466666000000033,1.4449996666666678,-0.9417589340994617,-0.3362887301766828,0.1177885158400836,105.0,2.55,10.4,2.78,10.4,0,19.133333333333336,28.65714285714285,105.0,0,240.33333333333331,499.57142857142856,0.0299999999999998,2.746666666666666,0.02,2.533333333333333,267.75,28.912,32990.4575,6.283896666666666,0.0
2022-09-12,26.361666666666665,7.4845,7.0875,761.9135,293.48616666666663,4.07075,0.0763333333333333,0.3146666666666667,2.1165,58362,宝山,宝山区,1010.445833,24.15,88.625,14.6,2.55,39.998562,0.6427683834273319,0.7660605754548491,14.6,14.599999999999984,1.1666669999999613,-148.83315476190478,4.189059377739696,39.78,27.53924999999997,5.3395,0.8545591559909569,0.0517687652844045,4.683333399999992,2.211666666666666,-0.9474042892438844,-0.3200392362231385,0.1293235219880995,53.3,2.63,10.6,2.82,10.6,0,12.433333333333335,26.11428571428571,53.3,0,133.43333333333334,419.1857142857143,0.04,2.783333333333333,0.08,2.57,140.17899999999997,29.892,15642.81268333333,23.478893333333332,0.0
2022-09-13,27.17833333333333,7.406166666666667,6.1955,1091.3010000000002,438.8335,4.721666666666667,0.1343333333333333,0.2123333333333333,2.5825,58362,宝山,宝山区,1008.570833,24.0125,90.291667,5.6,3.554167,16.427379,0.2827998363181863,0.9591789471096658,20.2,20.199999999999985,1.875,107.525630952381,4.5592848458475,75.3483404,38.43891673399997,4.840166666666667,0.7764433118890467,0.0375528081670748,6.5475002,3.165833333333332,-0.9527692922168512,-0.3036950375106588,0.0612319368747671,-80.7,2.78,25.5,2.86,25.5,0,15.500000000000002,23.257142857142856,80.7,1,25.866666666666664,303.0857142857143,0.04,2.8200000000000003,0.1499999999999999,2.6533333333333333,-224.346,72.92999999999999,35413.863450000004,65.82502499999997,1091.3010000000002
2022-09-14,26.953333333333333,7.338166666666666,5.722833333333334,978.9348333333334,352.77849999999995,4.5648333333333335,0.1438333333333333,0.2058333333333333,2.459,58362,宝山,宝山区,998.1375,24.95,93.458333,95.1,5.216667,18.770521,0.3217785962423371,0.9468149423199398,115.3,115.29999999999998,10.433332999999948,-88.75979761904762,6.895278784323724,606.6983721,223.057457949,4.6611666666666665,0.7368138706493285,0.0075786282682834,28.276666799999997,2.003333333333334,-0.9578523554276668,-0.2872609705505963,0.0981875170821083,-0.5,2.9,23.8,2.83,23.8,0,19.96666666666667,21.285714285714285,0.5,1,-9.300000000000002,160.15714285714284,-0.0299999999999998,2.8366666666666664,0.1200000000000001,2.77,-1.45,67.354,176.38924999999998,42.33342000000003,978.9348333333334
2022-09-15,26.464,7.2176,5.1208,645.0626,308.5366,5.069333333333334,0.3456666666666666,0.235,3.0046666666666666,58362,宝山,宝山区,1004.279167,23.779167,84.083333,0.5,3.341667,230.926645,-0.7763396144965422,-0.6303148443146174,101.2,115.79999999999998,0.0,-383.49811666666665,5.935935470555817,341.51836740000005,213.168499614,5.700333333333333,0.5842327438676554,0.0094749308820373,22.245000200000003,2.6848329999999976,-0.9626519747161488,-0.2707418984477642,0.1208632007965972,732.0,2.96,-7.1,2.87,7.1,1,14.06666666666667,15.742857142857142,732.0,0,216.9333333333333,203.58571428571423,0.04,2.853333333333333,0.06,2.8799999999999994,2166.72,-20.377,225848.7912,18.512196,0.0
2022-09-16,26.058333333333334,7.149,4.112666666666667,1203.694166666667,233.61666666666667,4.987833333333334,0.3573333333333333,0.2226666666666666,2.9593333333333334,58362,宝山,宝山区,1006.395833,25.1125,79.5,0.0,1.379167,283.390326,-0.9728149933897164,0.2315836536462929,95.6,115.79999999999998,0.0,155.99160476190468,2.720841335988315,133.22753219999998,207.861,5.543333333333333,0.4797884544340961,0.0102062512942164,19.9475002,0.9458333333333327,-0.9671667297977312,-0.2541427094613622,0.1679007189400898,897.0,3.27,41.6,3.4,41.6,0,19.433333333333337,17.3,897.0,0,542.8333333333334,278.3,0.5299999999999998,3.033333333333333,0.31,3.043333333333333,2933.19,141.44,209554.15,72.42116666666666,0.0
2022-09-17,26.36,7.140666666666667,4.412333333333334,1376.8770000000002,179.76933333333332,4.5875,0.1156666666666666,0.1965,2.313,58362,宝山,宝山区,1006.483333,25.825,77.083333,0.0,2.579167,5.587617,0.0973678048345037,0.9952484667567744,0.5,115.79999999999998,0.0,309.56046190476195,2.8302948290915926,3.8687505,205.062499614,4.393666666666667,0.5754091590775718,0.2451480902841193,1.6475002,0.5350000000000001,-0.97139528468375,-0.2374683155584684,0.2121559072464538,726.0,2.81,48.9,2.88,48.9,0,27.8,21.957142857142856,726.0,0,785.0,347.4428571428571,-0.52,3.0500000000000003,-0.4599999999999999,3.013333333333333,2040.06,140.832,130512.536,82.6938933333333,0.0
2022-09-18,26.37833333333333,7.088666666666668,4.322166666666667,805.7226,107.281,4.067833333333334,0.0948333333333333,0.1636666666666666,2.3198333333333334,58362,宝山,宝山区,1005.841667,25.291667,72.666667,0.0,4.445833,312.815824,-0.733542187810837,0.6796439205213938,0.0,115.79999999999998,0.6416659999999865,-174.77821428571428,7.707039065461617,4.445833,199.948000386,4.051333333333333,0.6356750661829592,0.1642710742129078,2.795832999999998,1.0866663333333335,-0.9753363880767836,-0.2207236509605022,0.2991437271283166,719.0,2.72,44.2,2.8,44.2,0,44.900000000000006,26.78571428571428,719.0,0,780.6666666666666,435.1571428571429,-0.08,3.026666666666667,-0.0899999999999998,2.9333333333333336,1955.68,123.76,77135.039,9.65528999999998,0.0
2022-09-19,26.30333333333333,7.143833333333333,4.814,1106.0246666666667,87.49233333333332,3.72,0.11,0.1483333333333333,2.3626666666666667,58362,宝山,宝山区,1011.05,23.641667,60.333333,0.0,4.045833,348.689651,-0.1961232637091407,0.9805792499497809,0.0,101.2,0.0,76.3651142857143,4.8393149723821445,4.045833,162.25733299599997,3.956,0.7625131995776134,0.198183332662813,2.4274998,2.661666333333329,-0.978988873740932,-0.2039136706831147,0.3333985775483449,463.0,2.62,37.6,2.81,37.6,0,43.56666666666667,30.642857142857142,463.0,0,636.0,493.6857142857143,0.0100000000000002,2.83,-0.1,2.716666666666667,1213.06,105.656,40508.95033333333,8.749233333333333,0.0
2022-09-20,25.75333333333333,7.201333333333333,5.4446666666666665,1034.9636666666668,82.09316666666666,3.266833333333333,0.123,0.1381666666666666,2.2081666666666666,58362,宝山,宝山区,1015.2625,22.083333,63.5,0.0,3.429167,13.770784,0.2380382302698345,0.9712557855323206,0.0,95.59999999999998,0.0,13.352304761904747,4.245439843979717,3.429167,156.30599999999995,3.712833333333333,0.943371162898149,0.2257760883705672,2.0575002,3.670000333333334,-0.9823516608469236,-0.1870433490699165,0.3440839779215416,933.0,2.73,41.4,2.81,41.4,0,41.06666666666667,32.91428571428571,933.0,0,705.0,638.5,0.0,2.806666666666666,0.1099999999999998,2.69,2547.09,116.334,76592.9245,9.030248333333317,0.0
2022-09-21,25.151666666666667,7.061166666666666,4.8758333333333335,583.8185,79.24,4.126666666666666,0.0893333333333333,0.1676666666666666,2.723333333333333,58362,宝山,宝山区,1015.0625,20.920833,71.958333,0.0,1.479167,59.781555,0.8641128219818196,0.5032981530729237,0.0,0.4999999999999858,0.2000000000000454,-381.3476714285716,2.7573341705523817,1.479167,0.8597916649999755,4.489333333333333,0.7073943321404392,0.3732503423638702,0.9275002000000092,4.230833666666669,-0.9854237542919524,-0.1701176783204905,0.3500145718962228,786.0,2.62,42.3,2.81,42.3,0,40.43333333333334,35.55714285714286,786.0,0,727.3333333333334,750.8571428571429,0.0,2.81,-0.1099999999999998,2.6566666666666667,2059.32,118.863,62282.64,8.716399999999984,0.0
2022-09-22,25.33333333333333,7.224666666666667,5.657333333333334,1291.1968333333334,101.90083333333332,4.072,0.0658333333333333,0.1593333333333333,2.3395,58362,宝山,宝山区,1012.922727,23.177273,73.454545,0.0,1.518182,145.547931,0.5657166129485115,-0.8245997294651897,0.0,0.0,2.139772999999991,233.72577142857156,2.3770427788793973,1.518182,0.0,3.9986666666666655,0.8404684675762003,0.2146864879544783,1.3388637999999982,2.1560603333333326,-0.9882042449941422,-0.15314166701312,0.3077940917203366,640.0,2.5,39.1,2.72,39.1,0,40.93333333333334,42.15714285714286,640.0,0,786.3333333333334,737.7142857142857,-0.0899999999999998,2.78,-0.1200000000000001,2.6166666666666667,1600.0,106.35200000000002,65216.533333333326,12.22810000000001,0.0
2022-09-23,25.915000000000003,7.328333333333333,6.165,1171.893,134.3775,4.267666666666666,0.0698333333333333,0.169,2.3141666666666665,58362,宝山,宝山区,1017.241667,21.95,61.333333,0.0,2.941667,8.127194,0.1413711058665791,0.9899566709841702,0.0,0.0,0.0,118.96496190476182,3.357533716881222,2.941667,0.0,4.074,0.8772678762006404,0.2536997671289838,1.7650001999999998,3.9650000000000034,-0.9906923101615608,-0.136120338622667,0.261235554159144,543.0,2.51,37.8,2.75,37.8,0,39.73333333333333,41.61428571428571,543.0,0,656.3333333333334,687.1428571428571,0.0299999999999998,2.76,0.0099999999999997,2.543333333333333,1362.9299999999998,103.95,72966.9825,1.3437749999999598,0.0
2022-09-24,25.72,7.416,6.726333333333334,1140.183,233.2528333333333,4.968333333333334,0.0756666666666666,0.1716666666666666,2.220166666666667,58362,宝山,宝山区,1016.830435,21.743478,61.478261,0.0,2.634783,57.310699,0.8416116478484579,0.5400831734148022,0.0,0.0,0.4112320000000409,121.0683904761903,4.852247062353103,2.634783,0.0,4.0125,0.866721072072846,0.2471567703036172,1.6631162000000084,3.9765219999999992,-0.9928872135356962,-0.1190587300340498,0.1681641408185129,392.0,2.5,34.9,2.71,34.9,0,37.26666666666667,39.614285714285714,392.0,0,525.0,639.4285714285714,-0.04,2.7266666666666666,-0.0099999999999997,2.5033333333333334,980.0,94.579,91435.11066666666,2.332528333333263,0.0
2022-09-25,25.576666666666668,7.430833333333333,6.7825,1686.265,311.6946666666667,5.646166666666667,0.0943333333333333,0.2006666666666666,2.3195,58362,宝山,宝山区,1015.63,21.815,71.5,0.0,1.81,50.262075,0.7689765758135317,0.6392769555130983,0.0,0.0,1.2004349999999704,541.358619047619,3.2018476022224927,1.81,0.0,4.4205000000000005,0.7753939370843892,0.2493495094671793,1.3260869999999942,3.7616666666666663,-0.994788305609327,-0.1019618900517457,0.1191402437717402,425.0,2.53,14.7,2.73,14.7,0,29.133333333333336,35.4,425.0,0,453.3333333333333,597.4285714285714,0.02,2.73,0.0299999999999998,2.513333333333333,1075.25,40.131,132470.23333333334,9.35083999999994,0.0
2022-09-26,25.57166666666667,7.425833333333333,6.958333333333333,1782.1419999999998,328.34250000000003,5.854499999999999,0.0944999999999999,0.2023333333333333,2.3601666666666667,58362,宝山,宝山区,1015.427778,22.661111,78.388889,0.0,2.094444,64.037073,0.8990775043902086,0.4377894940487658,0.0,0.0,0.2022220000000061,533.4103619047619,3.977511484605047,2.094444,0.0,4.478,0.7755321915518075,0.3033367650832684,1.2971108000000011,2.9105556666666708,-0.9963950238187232,-0.0848348779057653,0.1103359167893449,229.0,2.5,7.8,2.78,7.8,0,19.133333333333336,31.14285714285714,229.0,0,348.6666666666667,564.0,0.0499999999999998,2.74,-0.0299999999999998,2.51,572.5,21.684,75190.43250000001,9.850274999999936,0.0
2022-09-27,25.611666666666668,7.476166666666667,7.264666666666667,1878.019,333.338,5.8385,0.0934999999999999,0.1829999999999999,2.020833333333333,58362,宝山,宝山区,1013.942857,23.3,66.571429,0.0,2.261905,62.702633,0.8886383087364024,0.4586087180223533,0.0,0.0,1.4849209999999855,525.4621047619047,4.271920433722412,2.261905,0.0,3.944333333333333,0.8291105531461616,0.2106670857537232,1.6541271999999971,2.3116666666666674,-0.9977068927101168,-0.0676827617545516,0.1077806905401248,171.0,2.55,-1.1,2.81,1.1,1,7.133333333333336,25.07142857142857,171.0,0,275.0,455.1428571428572,0.0300000000000002,2.773333333333333,0.0499999999999998,2.5266666666666664,436.05,-3.091,57000.798,16.666899999999934,0.0
2022-09-28,25.4,7.476666666666667,7.096,1973.896,421.6735000000001,6.271999999999999,0.1091666666666666,0.1931666666666666,2.25,58362,宝山,宝山区,1013.483333,20.529167,85.666667,2.4,1.7625,43.64391,0.6901743277046227,0.723643142285942,2.4,2.3999999999999857,0.4595239999999876,517.5138476190476,2.9789322525793978,5.9925,4.4560000079999735,4.2908333333333335,0.7619593034701219,0.177871883862467,1.6294047999999974,4.870833000000001,-0.9987235240803972,-0.0505106171852228,0.0679867481530343,256.0,2.6,-9.6,2.83,9.6,1,-0.9666666666666645,17.657142857142855,256.0,0,218.66666666666663,379.4285714285714,0.02,2.806666666666666,0.0500000000000002,2.5500000000000003,665.6,-27.168,107948.41600000003,21.08367500000009,0.0
2022-09-29,25.52833333333333,7.485166666666667,6.6803333333333335,2069.773,556.7913333333333,6.861166666666667,0.1333333333333333,0.2081666666666667,2.747333333333333,58362,宝山,宝山区,1014.308333,23.279167,79.125,0.0,1.966667,85.512204,0.9969340229044052,0.0782467505755913,2.4,2.3999999999999857,0.0,509.5655904761905,3.927304244023338,6.6866678,4.298999999999975,4.9623333333333335,0.6629836081843293,0.1863353921530812,1.6600001999999998,2.2491663333333314,-0.9994446170919858,-0.0333235257116313,0.0209048340235299,286.0,2.59,-8.3,2.85,8.3,1,-6.333333333333331,10.885714285714284,286.0,0,237.66666666666663,328.85714285714283,0.02,2.83,-0.0100000000000002,2.58,740.74,-23.655,159242.32133333333,5.567913333333444,0.0
2022-09-30,25.451666666666668,7.481166666666667,6.420833333333333,2165.65,610.4828333333334,6.9235,0.1326666666666666,0.2321666666666666,2.654166666666667,58362,宝山,宝山区,1014.017391,24.152174,87.043478,0.0,1.73913,107.038372,0.9561087349983955,-0.2930120933677784,2.4,2.3999999999999857,0.2909419999999727,501.61733333333336,3.40192738429776,5.913042,4.489043471999973,5.1085,0.6187065379735655,0.1841596207195788,1.5816663999999945,1.2994926666666693,-0.9998699583618592,-0.0161265732706577,0.0053058628933602,317.0,2.59,-7.6,2.81,7.6,1,-8.499999999999998,4.399999999999998,317.0,0,286.3333333333333,296.57142857142856,-0.04,2.83,0.0,2.5933333333333333,821.03,-21.356,193523.05816666668,0.0,0.0
2022-10-01,25.756666666666664,7.511666666666667,6.366166666666667,1871.665,604.0363333333333,6.854833333333333,0.1285,0.1778333333333333,2.8285,58362,宝山,宝山区,1012.669565,27.121739,78.391304,0.0,2.682609,130.751022,0.7575533408148768,-0.6527732652462255,0.0,2.3999999999999857,1.347825999999941,-36.194999999999936,4.714828410050056,2.682609,4.281391295999975,4.735333333333333,0.652159808775824,0.1987899654801248,1.879130599999988,-1.3650723333333374,-0.9999994220246924,0.0010751512827982,0.0071047766750292,439.0,2.58,-3.9,2.81,3.9,1,-6.599999999999998,-1.1428571428571452,439.0,0,347.3333333333333,303.2857142857143,0.0,2.8233333333333337,-0.0099999999999997,2.5866666666666664,1132.62,-10.959,265171.95033333334,6.040363333333152,0.0
2022-10-02,25.68,7.467333333333333,6.096,2002.8,476.9753333333333,14.9185,0.136,0.2076666666666666,2.792666666666667,58362,宝山,宝山区,1011.463158,29.6,66.631579,0.0,3.063158,169.56043,0.181198382948593,-0.9834465649016296,0.0,2.3999999999999857,1.2064070000000129,-10.571666666666488,3.6181972763160464,3.063158,3.999157895999976,5.005333333333334,0.336216643532775,0.1897689847264428,2.0791762000000027,-3.920000000000005,-0.999832969770105,0.0182765576816912,0.0471162900637415,637.0,2.54,2.9,2.8,2.9,0,-2.866666666666664,-2.8285714285714314,637.0,0,464.3333333333333,333.57142857142856,-0.0100000000000002,2.806666666666666,-0.04,2.5700000000000003,1617.98,8.12,303833.28733333334,19.079013333333332,0.0
2022-10-05,24.73,7.3725,6.394500000000001,1250.9075,166.312,3.9075,0.049,0.1395,2.2455,58362,宝山,宝山区,1022.73913,16.943478,74.173913,2.0,3.104348,24.97049,0.4221514149060212,0.9065253349426282,2.0,4.399999999999986,0.0,-571.848125,4.414852900560677,9.313044,7.663652171999976,3.6895,1.006770054317878,0.163817659150494,2.2626088,7.7865220000000015,-0.9975590477788612,0.0698279757298708,0.2252868542979079,865.0,2.55,6.5,2.75,6.5,0,5.000000000000003,-0.2714285714285735,865.0,0,611.6666666666666,502.0,-0.0099999999999997,2.763333333333333,0.1599999999999997,2.4599999999999995,2205.75,17.875,143859.88,26.609919999999953,0.0
2022-10-06,24.27,7.387666666666667,6.535333333333333,1086.536,181.91316666666668,4.144666666666667,0.077,0.1523333333333333,2.2191666666666667,58362,宝山,宝山区,1022.317391,15.643478,85.565217,15.4,2.678261,19.663788,0.3365001642140371,0.9416834072467912,17.4,19.799999999999983,0.4217390000000023,-588.9757000000002,3.579496266308051,49.2800024,36.74191296599997,3.8195,0.9689152458611316,0.0465116279069767,5.1713044,8.626522,-0.9962102997023295,0.0869772313136861,0.2101547791091318,597.0,2.45,17.5,2.73,17.5,0,8.533333333333337,3.414285714285712,597.0,0,591.0,546.4285714285714,-0.02,2.7466666666666666,-0.0999999999999996,2.4633333333333334,1462.65,47.775,108602.16050000001,18.191316666666594,0.0
2022-10-07,23.95,7.442166666666666,6.9435,1593.4202,279.2846666666667,4.679666666666667,0.087,0.1738333333333333,2.33,58362,宝山,宝山区,1023.413636,16.972727,70.909091,2.6,1.954545,33.561509,0.5528318723500394,0.8332928182301523,20.0,19.99999999999999,0.0,-68.40958333333333,3.035079771942408,41.045445,34.18181819999998,4.155333333333333,0.9251832111925384,0.0435643572983041,5.172727,6.977273,-0.9945667569706336,0.1041007489354256,0.1377128881474628,488.0,2.43,26.2,2.72,26.2,0,16.733333333333334,8.242857142857142,488.0,0,650.0,570.8571428571429,-0.0099999999999997,2.733333333333333,-0.02,2.4766666666666666,1185.84,71.26400000000001,136290.91733333335,5.585693333333333,0.0
2022-10-08,24.24,7.619,7.216333333333334,1613.1886,391.5536666666667,5.318833333333333,0.1063333333333333,0.1946666666666666,2.7298333333333336,58362,宝山,宝山区,1021.566667,17.195833,71.166667,1.3,1.65,62.384967,0.8860819912713934,0.4635285371414819,19.3,21.299999999999983,1.8469689999999448,-41.69244285714308,3.112035285597799,33.495,36.458500070999975,4.7828333333333335,0.8619776631960344,0.0420221583681519,5.219393799999989,7.044166999999998,-0.9926289059345096,0.121193461470736,0.0805347016689407,558.0,2.53,28.5,2.75,28.5,0,24.066666666666663,12.871428571428568,558.0,0,547.6666666666666,587.8571428571429,0.0299999999999998,2.733333333333333,0.0999999999999996,2.47,1411.7399999999998,78.375,218486.946,39.15536666666652,0.0
2022-10-09,23.385,7.641333333333333,7.419333333333333,1823.369333333333,595.4676666666666,6.033166666666666,0.13,0.2029999999999999,3.548833333333333,58362,宝山,宝山区,1022.5625,16.595833,59.041667,0.0,3.1375,285.198981,-0.9650211573293472,0.2621720158726469,3.9,21.299999999999983,0.0,217.3855285714285,6.165253881120827,15.37375,33.875875070999975,5.708833333333333,0.8070487137185228,0.124416796267496,2.6625,6.789167000000003,-0.9903973200352558,0.1382503109109819,0.009525787007779,449.0,2.48,25.8,2.78,25.8,0,26.83333333333333,16.14285714285714,449.0,0,498.3333333333333,561.0,0.0299999999999998,2.75,-0.0499999999999998,2.48,1113.52,71.724,267364.9823333333,29.77338333333321,0.0
2022-10-10,22.38,7.495999999999999,7.198,1633.264,629.8995,6.231833333333333,0.1306666666666666,0.2061666666666667,4.018,58362,宝山,宝山区,1024.908333,14.404167,40.458333,0.0,2.85,299.255353,-0.8724503526162327,0.4887027544630898,1.3,21.299999999999983,0.0,61.33748095238093,5.336483504956264,6.555,29.917624928999977,6.210333333333333,0.7637810593332744,0.1941747572815534,1.97,7.975833,-0.9878726596350428,0.1552662498599956,0.0,411.0,2.54,23.5,2.79,23.5,0,25.933333333333337,18.514285714285712,411.0,0,472.6666666666667,525.5714285714286,0.0100000000000002,2.773333333333333,0.06,2.5166666666666666,1043.94,65.565,258888.69449999998,37.793969999999995,0.0
2022-10-11,21.996666666666663,7.446666666666666,6.971,1317.889,556.7621666666666,5.780166666666666,0.1135,0.2101666666666667,3.6645,58362,宝山,宝山区,1024.95,16.783333,56.041667,0.0,1.933333,15.915762,0.2742237821995609,0.9616659073067776,0.0,21.299999999999983,0.0,-156.19309047619072,2.463498887511224,1.933333,33.23687507099998,5.879666666666667,0.774957385310902,0.3409091296487647,1.1599998,5.213333666666667,-0.9850556718215012,0.172236243027682,0.0209137096220254,588.0,2.59,-8.8,2.79,8.8,1,13.5,17.028571428571425,588.0,0,482.6666666666667,565.1428571428571,0.0,2.786666666666666,0.0499999999999998,2.536666666666666,1522.9199999999998,-24.552000000000003,327376.154,27.83810833333322,0.0
2022-10-12,21.996666666666663,7.433666666666667,6.944,1332.5739999999998,479.4696666666666,5.517333333333333,0.105,0.18,3.4535,58362,宝山,宝山区,1024.554167,17.5875,60.291667,0.0,2.4375,48.056362,0.7438026912438239,0.6683992493251656,0.0,19.299999999999983,0.3958330000000387,-153.1747333333335,4.250519059906821,2.4375,30.936291730999976,5.3585,0.8244746111528871,0.2608695879017007,1.5416666000000077,4.409166666666668,-0.981947190186646,0.1891552687200409,0.0462328247003973,464.0,2.49,-10.4,2.82,10.4,1,1.4333333333333351,14.614285714285712,464.0,0,487.6666666666667,507.8571428571428,0.0299999999999998,2.8000000000000003,-0.0999999999999996,2.54,1155.36,-29.328,222473.92533333332,47.94696666666647,0.0
2022-10-13,22.008333333333336,7.475166666666666,7.192833333333334,1629.945,435.0385,5.261,0.0926666666666666,0.187,2.773333333333333,58362,宝山,宝山区,1021.1375,18.35,73.708333,0.0,2.2125,37.149823,0.6039013189551372,0.7970590925171394,0.0,3.899999999999986,3.4166669999999613,66.56640952380963,3.548631668188241,2.2125,6.774624986999975,4.736000000000001,0.874650399254185,0.1508485153564551,2.010833399999992,3.658333333333335,-0.9785481345802032,0.2060183203251708,0.0627028096432907,339.0,2.52,-13.4,2.78,13.4,1,-10.866666666666664,10.199999999999998,339.0,0,463.6666666666667,471.0,-0.04,2.7966666666666664,0.0299999999999998,2.533333333333333,854.28,-37.252,147478.0515,13.051154999999913,0.0
2022-10-14,21.973333333333333,7.486666666666667,7.141333333333333,1927.5026666666663,410.0046666666667,5.0841666666666665,0.0948333333333333,0.1776666666666666,2.470833333333333,58362,宝山,宝山区,1018.6,18.883333,77.208333,0.0,1.979167,43.409391,0.6872065899752219,0.7264620449098682,0.0,1.2999999999999858,2.5375000000000227,316.3980095238094,3.3392636050614897,1.979167,2.303708328999975,4.342333333333333,0.8976410943981229,0.1812688712224239,1.6950002000000044,3.0900003333333323,-0.9748595108374124,0.2228204077947995,0.0727385533147645,466.0,2.56,-9.0,2.79,9.0,1,-10.933333333333332,5.17142857142857,466.0,0,423.0,467.8571428571428,0.0100000000000002,2.796666666666667,0.04,2.523333333333333,1192.96,-25.11,191062.1746666667,16.40018666666667,0.0
2022-10-15,21.988333333333333,7.478833333333333,7.057666666666667,1703.623,352.3078333333333,5.137166666666666,0.0836666666666666,0.1713333333333333,2.2276666666666665,58362,宝山,宝山区,1018.3625,19.291667,75.125,0.0,2.095833,40.796962,0.6533804648450341,0.7570297009753892,0.0,0.0,0.2375000000000682,79.59914285714308,3.465209339777562,2.095833,0.0,4.024666666666667,0.88952841088121,0.3000000299999968,1.3049998000000136,2.696666333333333,-0.9708824104813836,0.239556559120927,0.098413482675029,662.0,2.53,-2.4,2.81,2.4,1,-8.266666666666666,0.757142857142855,662.0,0,489.0,482.7142857142857,0.02,2.793333333333333,-0.0300000000000002,2.536666666666666,1674.86,-6.744,233227.78566666663,10.56923500000007,0.0
2022-10-16,21.918333333333333,7.412166666666667,7.012833333333333,1206.73825,266.1996666666667,4.7185,0.0685,0.1833333333333333,1.9523333333333333,58362,宝山,宝山区,1019.820833,19.291667,75.458333,0.1,3.120833,19.093393,0.3271089310559503,0.9449866386480994,0.1,0.0999999999999858,0.0,-329.1954523809527,4.141685346634135,3.4329163000000005,0.175458332999975,3.854166666666667,0.9202790779056036,0.2369200581970431,1.8924998,2.6266663333333327,-0.9666180104000972,0.2562218218071163,0.1458278409206967,691.0,2.46,1.8,2.79,1.8,0,-3.199999999999998,-2.671428571428573,691.0,0,606.3333333333334,517.2857142857143,-0.02,2.796666666666667,-0.0699999999999998,2.516666666666667,1699.86,5.022,183943.9696666667,18.633976666666616,0.0
2022-10-17,21.51333333333333,7.416833333333333,7.055499999999999,1276.1044,195.76200000000003,4.226666666666667,0.0448333333333333,0.1126666666666666,1.8495,58362,宝山,宝山区,1024.441667,17.05,49.666667,0.0,4.2625,3.032511,0.0529025941454871,0.9985996773145271,0.1,0.0999999999999858,0.0,-208.80650238095225,4.48799730754514,4.688750000000001,0.1496666669999787,3.021,1.1027377634218134,0.1864801864801865,2.5775,4.463333333333331,-0.9620675724981452,0.2728112643340191,0.1977669568904907,379.0,2.42,2.6,2.77,2.6,0,0.6666666666666684,-5.657142857142859,379.0,0,577.3333333333334,512.7142857142857,-0.02,2.79,-0.04,2.47,917.18,7.202,74193.79800000001,7.830480000000001,0.0
2022-10-18,20.76333333333333,7.279666666666666,6.832833333333333,764.898,143.02966666666666,3.874333333333333,0.0553333333333333,0.122,2.1568333333333336,58362,宝山,宝山区,1025.704348,15.817391,52.043478,0.0,2.691304,17.609813,0.3025331384794339,0.9531388671761232,0.1,0.0999999999999858,0.0,-641.0141880952382,3.5055126457222543,2.9604344000000005,0.1520434779999784,3.4321666666666677,1.1110900319800532,0.2637614920882102,1.6347824,4.945942333333331,-0.957232443323312,0.2893199776186952,0.2507201138849073,1130.0,2.55,9.4,2.75,9.4,0,4.600000000000002,-3.05714285714286,1130.0,0,733.3333333333334,590.1428571428571,-0.02,2.77,0.1299999999999999,2.4766666666666666,2881.5,25.85,161623.52333333332,18.59385666666665,0.0
2022-10-19,20.05333333333333,7.216,6.5986666666666665,612.23,157.46633333333332,4.231333333333334,0.0543333333333333,0.122,2.361666666666667,58362,宝山,宝山区,1026.591667,15.895833,60.041667,0.0,2.229167,54.805845,0.8172036985345389,0.5763489525465197,0.0,0.0999999999999858,0.0,-690.7759023809522,4.050850517051142,2.229167,0.1600416669999772,3.636,1.014295229799662,0.3096773873881406,1.3375001999999998,4.157500333333331,-0.9521140536681102,0.3057430764672831,0.2345065457609721,1060.0,2.36,12.6,2.72,12.6,0,8.200000000000001,0.2285714285714262,1060.0,0,856.3333333333334,675.2857142857143,-0.0299999999999998,2.7466666666666666,-0.1899999999999999,2.443333333333333,2501.6,34.272,166914.31333333332,29.918603333333316,0.0
2022-10-31,20.715,7.44975,7.480499999999999,1176.4345,381.828,4.426,0.08325,0.1785,2.6015,58362,宝山,宝山区,1021.933333,18.579167,69.75,0.0,2.529167,51.493028,0.7825324007662123,0.6226098631977075,0.0,0.0999999999999858,4.658333999999968,-61.78418809523782,4.50832212444868,2.529167,0.1697499999999759,4.46975,1.0255338108784315,0.1221373896626093,2.449166999999994,2.135832999999998,-0.8692328164574792,0.4944029842076181,0.0847929195788045,486.0,2.49,-5.7,2.76,5.7,1,-0.6666666666666649,2.971428571428569,486.0,0,453.6666666666667,329.57142857142856,-0.0100000000000002,2.763333333333333,0.0100000000000002,2.5033333333333334,1210.14,-15.732,185568.408,3.818280000000076,0.0
2022-11-01,20.50333333333333,7.3435,7.229666666666667,1102.6516666666666,286.47700000000003,4.311166666666667,0.0756666666666666,0.1533333333333333,2.468,58362,宝山,宝山区,1022.0125,17.766667,70.458333,0.0,2.6125,36.270283,0.5915950968349969,0.8062352270899547,0.0,0.0999999999999858,0.0,-17.731164285714385,4.158042190481429,2.6125,0.1704583329999758,4.077,1.044724356349799,0.2768166089965398,1.5675,2.736666333333332,-0.8605996962501181,0.5092820071573356,0.133412296321796,590.0,2.49,-1.9,2.78,1.9,1,-2.199999999999998,1.557142857142855,590.0,0,502.3333333333333,367.7142857142857,0.02,2.77,0.0,2.486666666666667,1469.1,-5.281999999999999,169021.43000000002,0.0,0.0
2022-11-02,20.39,7.309666666666666,7.157666666666667,1063.4213333333337,203.544,3.9515,0.0458333333333333,0.1281666666666666,2.1165,58362,宝山,宝山区,1019.725,15.325,70.291667,0.0,1.85,64.644895,0.9036711143175836,0.428227179366299,0.0,0.0999999999999858,2.2875000000000227,34.49588333333327,3.52179156148753,1.85,0.1702916669999758,3.444,1.1399373573286615,0.1946472019464711,1.5675000000000048,5.065000000000001,-0.8517119107469189,0.5240103253675756,0.1911832381106883,900.0,2.46,-4.8,2.77,4.8,1,-4.133333333333332,0.0285714285714264,900.0,0,658.6666666666666,460.1428571428572,-0.0099999999999997,2.77,-0.0300000000000002,2.48,2214.0,-13.296,183189.6,6.106320000000041,0.0
2022-11-03,20.38,7.231166666666667,6.909666666666666,931.254,209.2503333333333,4.148166666666667,0.0665,0.1303333333333333,2.3821666666666665,58362,宝山,宝山区,1021.520833,16.933333,63.583333,0.0,2.704167,11.506931,0.1994864732448455,0.9799005801571572,0.0,0.0,0.0,-58.31655714285728,3.2436117378950944,2.704167,0.0,3.752,1.0600900071596606,0.2699662299242987,1.6225002,3.446666999999998,-0.8425720899866032,0.5385835804920232,0.1865128499695204,886.0,2.33,-0.9,2.77,0.9,1,-2.533333333333332,-0.7714285714285737,886.0,0,792.0,567.2857142857143,0.0,2.773333333333333,-0.1299999999999999,2.4266666666666667,2064.38,-2.493,185395.79533333328,27.202543333333306,0.0
2022-11-04,20.24833333333333,7.310166666666667,7.140499999999999,1407.4761666666666,214.46633333333327,4.157,0.0676666666666666,0.1341666666666666,2.2901666666666665,58362,宝山,宝山区,1026.7875,14.470833,56.25,0.0,3.154167,15.223937,0.2625923198208243,0.964906873004394,0.0,0.0,0.0,399.1382142857142,3.98242702963229,3.154167,0.0,3.6995,1.0874409868521244,0.2407221471837795,1.8925002,5.777500333333331,-0.8331829385891785,0.5529974600700271,0.1823533615875306,444.0,2.28,-4.1,2.74,4.1,1,-3.2666666666666653,-1.9571428571428595,444.0,0,743.3333333333334,597.2857142857143,-0.0299999999999998,2.76,-0.0500000000000002,2.356666666666667,1012.32,-11.234,95223.05199999997,10.723316666666706,0.0
2022-11-05,19.776666666666667,7.2895,7.1735,1269.5891666666666,263.21416666666664,4.595666666666666,0.0763333333333333,0.1505,2.710833333333333,58362,宝山,宝山区,1026.504167,13.175,64.375,0.0,1.6375,47.801769,0.7408253352225307,0.6716977167539169,0.0,0.0,0.2833329999998568,189.1524761904761,2.850601486426894,1.6375,0.0,4.292166666666667,0.999512331057545,0.3423680847210535,1.0391665999999713,6.601666666666667,-0.8235472349556007,0.5672476988027229,0.1477350137103181,786.0,2.46,-1.5,2.73,1.5,1,-2.1666666666666647,-2.55714285714286,786.0,0,705.3333333333334,646.1428571428571,-0.0100000000000002,2.7466666666666666,0.1800000000000001,2.356666666666667,1933.56,-4.095,206886.335,47.378550000000025,0.0
2022-11-06,19.781666666666663,7.3105,7.185666666666666,1303.5206666666666,306.88466666666665,4.7245,0.0718333333333333,0.1655,2.6566666666666667,58362,宝山,宝山区,1022.941667,13.7,69.166667,0.0,1.708333,100.69774,0.9826201192950812,-0.1856278566285787,0.0,0.0,3.5625,124.32816666666668,3.386975376255724,1.708333,0.0,4.3835,0.9643464256956248,0.159468447014934,1.7374998,6.081666666666667,-0.8136678304455991,0.5813300798152042,0.1217714671395738,622.0,2.33,-4.4,2.72,4.4,1,-3.333333333333332,-3.3285714285714314,622.0,0,617.3333333333334,673.4285714285714,-0.0099999999999997,2.7300000000000004,-0.1299999999999999,2.356666666666667,1449.26,-11.968000000000002,190882.26266666665,39.89500666666663,0.0
2022-11-07,19.935,7.312,7.200166666666667,1320.1356666666668,401.5553333333333,5.144666666666667,0.082,0.1878333333333333,2.7976666666666667,58362,宝山,宝山区,1021.9125,16.120833,75.166667,0.0,1.275,129.741731,0.7689341087187704,-0.6393280350875208,0.0,0.0,1.0291670000000297,120.41442857142874,2.255390988616432,1.275,0.0,4.758,0.8883610939749126,0.302648140968659,0.9708334000000058,3.8141669999999976,-0.8035476485339116,0.5952404359043674,0.076264288777705,514.0,2.35,-4.6,2.72,4.6,1,-3.4999999999999982,-3.171428571428573,514.0,0,640.6666666666666,677.4285714285714,0.0,2.723333333333334,0.02,2.3800000000000003,1207.9,-12.512,206399.44133333332,8.031106666666666,0.0
2022-11-08,19.996666666666663,7.330000000000001,7.202000000000001,1198.3456666666666,443.47316666666666,4.983333333333333,0.0964999999999999,0.183,2.876,58362,宝山,宝山区,1022.916667,17.120833,77.583333,0.0,2.025,88.187906,0.9994999079125776,0.0316217343412504,0.0,0.0,0.0,-15.046142857142968,4.04898731352297,2.025,0.0,4.8025,0.9105122316104428,0.3305785123966942,1.215,2.875833666666665,-0.7931896839451843,0.6089746507720486,0.0594508335322669,445.0,2.38,-10.2,2.72,10.2,1,-6.399999999999999,-4.357142857142859,445.0,0,527.0,656.7142857142857,0.0,2.72,0.0299999999999998,2.353333333333333,1059.1,-27.744,197345.55916666667,13.304194999999911,0.0
2022-11-09,20.075,7.335166666666667,7.433833333333333,1091.9188333333334,428.116,4.688666666666667,0.0913333333333333,0.1921666666666666,2.6671666666666667,58362,宝山,宝山区,1020.266667,19.295833,84.833333,0.0,1.566667,115.489922,0.902660994827291,-0.430352330558817,0.0,0.0,2.6499999999999773,-125.54404761904745,2.980836192783088,1.566667,0.0,4.680166666666667,0.9652239774940488,0.1916932784860533,1.4700001999999954,0.779167000000001,-0.7825970017677834,0.6225286602431057,0.0654191226584022,453.0,2.41,-11.3,2.74,11.3,1,-8.699999999999998,-5.285714285714287,453.0,0,470.6666666666667,592.8571428571429,0.02,2.7266666666666666,0.0300000000000002,2.3800000000000003,1091.73,-30.962000000000003,193936.54799999998,12.843480000000085,0.0
2022-11-10,20.35833333333333,7.408166666666666,7.3755,969.599,350.8126666666667,4.302666666666666,0.0928333333333333,0.1656666666666666,2.4918333333333336,58362,宝山,宝山区,1020.104167,20.6125,87.291667,0.0,1.891667,76.31941,0.9716292975283156,0.2365090023331707,0.0,0.0,0.1625000000000227,-253.34173809523796,3.729666078367496,1.891667,0.0,4.241333333333333,1.0458487935149956,0.3274215195174306,1.1675002000000043,-0.2541666666666664,-0.7717727365467836,0.6358984534680745,0.0991333097348321,458.0,2.43,-7.5,2.75,7.5,1,-9.666666666666664,-6.228571428571432,458.0,0,452.0,531.7142857142857,0.0099999999999997,2.736666666666667,0.02,2.4066666666666667,1112.94,-20.625,160672.20133333336,7.016253333333334,0.0
2022-11-11,20.808333333333334,7.319,7.046666666666667,867.6246666666667,344.66900000000004,4.406166666666667,0.1103333333333333,0.162,2.6198333333333337,58362,宝山,宝山区,1018.545833,20.475,93.791667,24.8,1.9375,115.911708,0.8994685027219325,-0.4369855977159488,24.8,24.799999999999983,1.5583339999999453,-278.1944285714286,3.680220224023744,49.9875,48.06033341599997,4.3501666666666665,0.9874121301291484,0.0341345462293376,6.434166799999989,0.3333333333333321,-0.7607200913564104,0.6490800741100398,0.1021235585887943,468.0,2.43,0.4,2.76,0.4,0,-6.133333333333333,-5.585714285714288,468.0,0,459.6666666666667,535.1428571428571,0.0099999999999997,2.75,0.0,2.4233333333333333,1137.24,1.104,161305.092,0.0,0.0
2022-11-12,21.765,7.3035,6.667333333333333,869.015,394.2025,4.732833333333333,0.2023333333333333,0.1603333333333333,3.140833333333333,58362,宝山,宝山区,1015.9125,21.5875,80.25,0.1,3.179167,232.026298,-0.788293251012852,-0.6152997240431599,24.9,24.899999999999988,2.6333329999999933,-219.57921428571436,5.685282889942775,82.3404253,44.88224999999998,4.9465,0.8844376644336848,0.0315333070555774,7.4141667999999985,0.177500000000002,-0.7494423368521954,0.6620696215153815,0.0793932284915225,573.0,2.43,17.6,2.75,17.6,0,3.5000000000000018,-2.85714285714286,573.0,0,499.6666666666667,504.7142857142857,-0.0099999999999997,2.7533333333333334,0.0,2.43,1392.39,48.400000000000006,225878.0325,0.0,0.0
2022-11-13,20.473333333333333,7.315166666666666,7.003,1017.9365,358.19716666666665,4.850333333333333,0.1088333333333333,0.1641666666666666,2.786833333333333,58362,宝山,宝山区,1023.445833,13.304167,72.791667,0.0,2.554167,323.533712,-0.5943497061771781,0.8042067064922438,24.9,24.899999999999988,0.0,-29.85997619047623,4.072235405977445,66.1529253,43.02512508299998,4.537333333333334,0.9213463436026752,0.0351442373976366,6.512500200000001,7.169166333333333,-0.7379428103031386,0.6748632518680403,0.0956074717155468,424.0,2.4,19.3,2.71,19.3,0,12.433333333333335,0.5285714285714265,424.0,0,488.3333333333333,476.4285714285714,-0.04,2.74,-0.0300000000000002,2.4200000000000004,1017.6,52.303,151875.59866666666,10.745915000000071,0.0
2022-11-14,19.445,7.240833333333334,7.1113333333333335,1213.183,286.48266666666666,4.565166666666666,0.0968333333333333,0.1551666666666666,2.503833333333333,58362,宝山,宝山区,1021.383333,11.158333,77.166667,1.7,1.920833,282.483215,-0.976359371970982,0.2161535953076645,1.8,26.599999999999987,2.0625,180.66547619047608,3.7962563015411375,5.3783324,47.12633342199998,4.152333333333333,0.9858139642345548,0.147420154664381,1.9249998,8.286667,-0.7262249146041543,0.6874571793269664,0.1334089505867989,1030.0,2.5,20.8,2.71,20.8,0,19.233333333333334,4.157142857142856,1030.0,0,675.6666666666666,550.1428571428571,0.0,2.723333333333333,0.1,2.4433333333333334,2575.0,56.368,295077.14666666667,28.648266666666668,0.0
2022-11-15,19.188333333333333,7.215833333333333,6.942,1140.5835,277.98066666666665,4.9065,0.0773333333333333,0.1646666666666666,2.750666666666667,58362,宝山,宝山区,1021.0875,10.070833,77.125,0.0,1.0,270.84634,-0.9998909045653218,0.0147708824226076,1.7,26.599999999999987,0.295833000000016,116.31771428571436,1.999890904565322,2.7,47.115249999999975,4.474666666666667,0.9097700019657952,0.2502607090936973,0.9991666000000032,9.117500333333332,-0.7142921172691032,0.699847677146407,0.1385044078522682,807.0,2.3,32.3,2.69,32.3,0,24.133333333333336,10.228571428571426,807.0,0,753.6666666666666,601.8571428571429,-0.02,2.703333333333333,-0.2000000000000001,2.4,1856.1,86.88699999999999,224330.398,55.596133333333356,0.0
2022-11-16,19.216666666666665,7.174499999999999,6.738666666666667,977.4391666666668,189.67816666666667,4.321166666666667,0.0636666666666666,0.1291666666666666,2.5421666666666667,58362,宝山,宝山区,1019.6875,14.995833,75.166667,34.9,2.104167,105.674303,0.9628130131577928,-0.2701686541662665,36.6,61.49999999999999,1.3999999999999773,-30.472380952380945,4.130086369457193,79.1166792,107.72750020499998,3.8975,1.009311265882823,0.0243284336597795,8.862500199999996,4.220833666666666,-0.7021479494046978,0.7120310787787131,0.2030979683571846,879.0,2.31,36.1,2.63,36.1,0,29.73333333333333,16.999999999999996,879.0,0,905.3333333333334,662.7142857142857,-0.06,2.676666666666667,0.0100000000000002,2.37,2030.49,94.943,166727.1085,1.8967816666667046,0.0
2022-11-17,19.121666666666663,7.1405,6.586333333333333,833.7995000000001,148.41883333333334,3.977,0.0723333333333333,0.1101666666666666,2.3905,58362,宝山,宝山区,1019.629167,15.625,88.5,5.6,3.241667,65.206248,0.90782321361809,0.419353088478103,40.5,67.09999999999998,0.0583329999999477,-154.712119047619,6.184527553419713,134.5291805,126.48349999999996,3.5645,1.0707743998265864,0.0223214285714285,10.05666679999999,3.496666666666666,-0.6897960046655887,0.7240037789593305,0.2444850658196803,694.0,2.3,27.3,2.59,27.3,0,31.9,21.971428571428568,694.0,0,793.3333333333334,696.4285714285714,-0.04,2.6366666666666663,-0.0100000000000002,2.303333333333333,1596.1999999999998,70.707,103002.67033333334,1.484188333333363,0.0
2022-11-18,19.991666666666667,7.101833333333334,6.364,801.0591666666666,126.89566666666668,3.907166666666667,0.1293333333333333,0.1031666666666666,2.342333333333333,58362,宝山,宝山区,1020.233333,18.3,85.458333,0.0,2.091667,79.506581,0.9832758326719182,0.1821225875155138,40.5,42.29999999999999,0.0,-177.94309523809534,4.148352611097374,86.8041805,78.44887485899999,3.503333333333333,1.0487516822763605,0.0229401642290945,9.3550002,1.6916666666666664,-0.6772399381909491,0.7357622347736527,0.2708853836531827,789.0,2.37,36.6,2.63,36.6,0,33.333333333333336,27.14285714285714,789.0,0,787.3333333333334,742.2857142857143,0.04,2.6166666666666667,0.0700000000000002,2.3266666666666667,1869.93,96.258,100120.68100000001,8.882696666666693,0.0
2022-11-19,20.68,7.0915,6.182333333333333,850.63,115.85266666666666,3.8211666666666666,0.1683333333333333,0.1081666666666666,2.297833333333333,58362,宝山,宝山区,1017.6375,17.945833,87.166667,3.4,2.041667,279.581862,-0.9860487812822828,0.1664566037492205,9.0,45.59999999999999,2.5958329999999705,-125.7458333333334,4.054850257134254,20.41667,85.34800015199998,3.547833333333333,1.0183105937903203,0.0683176771989753,3.544166799999994,2.734167,-0.6644834655228552,0.7473029667054296,0.286212609399499,838.0,2.4,38.0,2.62,38.0,0,33.96666666666667,30.057142857142853,838.0,0,773.6666666666666,780.1428571428571,-0.0099999999999997,2.6133333333333333,0.0299999999999998,2.3566666666666665,2011.2,99.56,97084.53466666666,3.475579999999977,0.0
2022-11-20,20.366666666666664,7.120333333333334,6.364666666666667,1098.8578333333332,137.1925,3.880333333333333,0.2005,0.1138333333333333,2.3971666666666667,58362,宝山,宝山区,1018.616667,16.358333,80.833333,0.0,1.891667,272.11773,-0.9993170066511105,0.0369529459970994,3.4,45.59999999999999,0.0,110.92180952380944,3.782042004020686,8.323334800000001,82.45999984799998,3.736,1.0233954173924698,0.1589403889303105,1.8150002,4.008333666666665,-0.6515303615068021,0.75862255966641,0.257742329558556,804.0,2.35,32.7,2.62,32.7,0,35.76666666666667,31.97142857142857,804.0,0,810.3333333333334,834.4285714285714,0.0,2.623333333333333,-0.0499999999999998,2.373333333333333,1889.4,85.674,110302.76999999999,6.859624999999973,0.0
2022-11-21,20.425,7.121833333333334,6.4145,1186.1386666666667,191.157,4.216333333333333,0.2163333333333333,0.1316666666666666,2.5668333333333333,58362,宝山,宝山区,1017.891667,17.945833,83.208333,11.5,1.5625,79.939751,0.9846246099746908,0.1746836495845795,14.9,55.399999999999984,0.7250000000000227,202.0661190476192,3.100975953085454,24.84375,101.49741648199998,4.099833333333334,0.950390161991308,0.0549828178694157,4.062500000000005,2.4791670000000003,-0.6383844591746642,0.7697176640069211,0.2017866419129801,636.0,2.33,31.5,2.63,31.5,0,34.06666666666667,33.5,636.0,0,759.3333333333334,778.1428571428571,0.0099999999999997,2.623333333333333,-0.02,2.36,1481.88,82.845,121575.85200000001,3.8231400000000004,0.0
2022-11-22,20.086666666666662,7.128166666666666,6.535833333333333,1192.4478333333334,268.1426666666667,4.5995,0.186,0.1486666666666666,2.8058333333333336,58362,宝山,宝山区,1016.191304,16.304348,85.782609,1.2,3.130435,277.845613,-0.9906394837651314,0.1365042607597066,12.7,56.59999999999999,1.7003630000000385,200.96609523809525,6.231567512360298,42.8869595,105.15295669399998,4.4785,0.8987463616987141,0.0539642167595803,4.758333600000007,3.782318666666665,-0.6250496486104377,0.7805849965070866,0.1445980426556344,573.0,2.36,28.5,2.64,28.5,0,30.90000000000001,32.957142857142856,573.0,0,671.0,744.7142857142857,0.0100000000000002,2.6300000000000003,0.0299999999999998,2.3466666666666667,1352.28,75.24000000000001,153645.74800000002,8.044279999999947,0.0
2022-11-23,19.88,7.154333333333334,6.6575,1067.9185,336.938,4.88,0.1711666666666666,0.1726666666666666,3.1016666666666666,58362,宝山,宝山区,1020.675,14.775,80.708333,0.0,1.525,40.383017,0.6478941455836029,0.7617303828248505,12.7,21.699999999999985,0.0,63.511142857142886,2.5130385720149944,20.8925,39.21370826099997,4.999499999999999,0.8559581717273449,0.0656814449917898,3.455,5.104999999999999,-0.6115298757991053,0.7912213413483807,0.1059628311108995,537.0,2.42,9.9,2.71,9.9,0,23.3,29.21428571428571,537.0,0,582.0,695.8571428571429,0.0699999999999998,2.66,0.06,2.37,1299.54,26.829,180935.706,20.216279999999998,0.0
2022-11-24,19.68166666666667,7.179166666666667,6.685,875.0341666666667,322.3516666666667,4.385333333333333,0.2096666666666666,0.1615,2.996166666666667,58362,宝山,宝山区,1020.254167,13.891667,79.125,0.0,1.333333,114.277819,0.911562518498363,-0.4111614948763095,1.2,16.099999999999987,0.4208329999999023,-135.26385714285698,2.548749387476978,2.9333326000000004,28.839124999999974,4.820833333333334,0.9271844660194176,0.2528978297825697,1.1241663999999805,5.789999666666668,-0.5978291414589552,0.801623551065242,0.1134518701985466,506.0,2.48,3.7,2.75,3.7,0,14.033333333333337,25.842857142857145,506.0,0,538.6666666666666,669.0,0.04,2.7,0.06,2.42,1254.88,10.175,163109.94333333336,19.3411,0.0
2022-11-25,20.023333333333333,7.245833333333334,6.724833333333334,762.3323333333333,359.212,4.390833333333333,0.1793333333333333,0.1701666666666666,3.1135,58362,宝山,宝山区,1015.9375,16.6625,81.791667,0.0,1.316667,246.009596,-0.9136135658128214,-0.4065836351389238,0.0,16.099999999999987,4.316667000000052,-242.43328571428583,2.51959183285807,1.316667,29.268458386999978,4.9945,0.9247782539937202,0.1507537536930889,1.6533336000000105,3.360833333333332,-0.5839514998576998,0.8117885474764613,0.0951285987752165,487.0,2.46,3.4,2.8,3.4,0,5.666666666666669,21.1,487.0,0,510.0,625.8571428571429,0.0499999999999998,2.7533333333333334,-0.02,2.453333333333333,1198.02,9.52,174936.244,7.18424,0.0
2022-11-26,20.32166666666667,7.289166666666667,6.9623333333333335,744.0581666666667,365.5393333333333,4.402333333333334,0.1455,0.1745,2.9635,58362,宝山,宝山区,1017.7,15.7625,81.791667,0.0,1.708333,79.361162,0.982810431736244,0.1846175919852101,0.0,12.699999999999983,0.0,-245.4829047619048,3.387300493279273,1.708333,23.08754170899997,4.854,0.9546815366684188,0.3692308146745618,1.0249998,4.55916666666667,-0.5699010576127624,0.8217133225960589,0.0921729889386993,405.0,2.47,2.3,2.8,2.3,0,3.133333333333336,15.999999999999998,405.0,0,466.0,564.0,0.0,2.783333333333333,0.0100000000000002,2.47,1000.35,6.44,148043.42999999996,3.655393333333406,0.0
2022-11-27,19.861666666666668,7.278333333333333,6.891666666666667,744.1013333333334,454.0268333333333,4.497,0.1605,0.162,3.1793333333333336,58362,宝山,宝山区,1012.895833,18.825,76.791667,0.0,3.5,156.241809,0.402877538597659,-0.9152538931321144,0.0,12.699999999999983,4.804167000000007,-194.76023809523804,4.910071385091807,3.5,22.452541708999973,4.959833333333334,0.9469827092637124,0.1074787243178244,3.0608334000000017,1.0366666666666688,-0.5556819724760489,0.8313949395234058,0.0554677135629592,576.0,2.52,2.2,2.81,2.2,0,2.633333333333336,11.64285714285714,576.0,0,489.3333333333333,531.4285714285714,0.0100000000000002,2.803333333333333,0.0499999999999998,2.483333333333333,1451.52,6.182,261519.45599999998,22.701341666666575,0.0
2022-11-28,20.321666666666665,7.218166666666666,6.433166666666668,795.619,481.3721666666667,5.087833333333333,0.1653333333333333,0.1563333333333333,3.67,58362,宝山,宝山区,1010.679167,19.1375,88.875,9.3,3.583333,234.936467,-0.8185155248302319,-0.5744844085019976,9.3,10.499999999999986,2.216666000000032,-87.45404761904763,6.516346691136489,36.908329900000005,19.83187499999997,5.398666666666666,0.8230239450734558,0.0621118051001119,4.453333000000007,1.184166666666666,-0.5412984521036173,0.8408305333122887,0.0455620579416529,631.0,2.47,10.9,2.82,10.9,0,5.133333333333336,8.699999999999998,631.0,0,537.3333333333334,530.7142857142857,0.0099999999999997,2.81,-0.0499999999999998,2.486666666666667,1558.5700000000002,30.738,303745.8371666667,24.06860833333324,0.0
2022-11-29,18.896666666666665,7.244666666666667,7.084666666666667,1072.5415,306.13616666666667,4.669666666666667,0.1325,0.1686666666666666,2.7710000000000004,58362,宝山,宝山区,1025.8125,9.541667,84.291667,21.2,5.220833,352.829975,-0.1248141792850355,0.992180135181814,30.5,30.499999999999982,0.0,206.59792857142872,5.872466986079229,164.45623949999998,56.20895843499998,4.590166666666667,0.9460307569047248,0.0272324976941563,9.2324998,9.354999666666664,-0.5267547528105542,0.8500173118187018,0.1221846130367692,55.6,2.45,19.2,2.8,19.2,0,10.766666666666673,7.371428571428569,55.6,0,420.8666666666666,456.8,-0.02,2.81,-0.02,2.48,136.22000000000003,53.76,17021.170866666667,6.122723333333333,0.0
2022-11-30,17.24,7.294666666666667,7.729999999999999,1317.9626666666666,236.5615,3.811833333333334,0.2103333333333333,0.1466666666666666,2.3926666666666665,58362,宝山,宝山区,1034.083333,4.004167,72.875,0.0,3.945833,296.972502,-0.8912243055157726,0.4535628261420118,30.5,30.499999999999982,0.0,416.2984999999999,7.462455275106217,124.2937395,52.72687499999998,4.0696666666666665,1.1912773225798163,0.0282120609212372,8.4674998,13.235833,-0.5120551783114646,0.8589525565270845,0.165783519832433,969.0,2.73,40.4,2.8,40.4,0,23.5,11.728571428571428,969.0,0,551.8666666666667,518.5142857142857,0.0,2.806666666666666,0.2799999999999998,2.5500000000000003,2645.37,113.12,229228.0935,66.23721999999995,0.0
2022-12-01,17.955,7.1835,6.297000000000001,865.6840000000001,240.16333333333333,4.6113333333333335,0.2313333333333333,0.1491666666666666,3.0163333333333333,58362,宝山,宝山区,1032.495833,3.808333,61.333333,0.0,2.791667,284.527244,-0.968028475868203,0.2508403275159001,21.2,30.499999999999982,1.587500000000091,-34.64442857142865,5.494080151141558,61.9750074,49.20666656499998,4.739333333333333,0.8585647411716585,0.037623451479875,6.232500200000018,14.146666999999995,-0.4972040784469378,0.8676336233547726,0.1632293656860937,1390.0,2.65,39.7,2.83,39.7,0,33.1,16.87142857142857,1390.0,0,804.8666666666667,644.8000000000001,0.0300000000000002,2.81,-0.08,2.61,3683.5,112.351,333827.0333333333,19.213066666666666,0.0
2022-12-02,17.933333333333334,7.233,6.6465,931.5483333333332,281.6261666666667,4.659666666666666,0.238,0.1548333333333333,3.045666666666667,58362,宝山,宝山区,1026.566667,7.1625,72.333333,0.8,1.316667,286.871237,-0.9569593986195478,0.2902218279070568,0.8,31.299999999999983,5.929165999999896,7.046190476190418,2.5766638605022045,2.3700006,53.940333228999975,4.832000000000001,0.8926269137792103,0.1105481385738617,2.1358333999999792,10.770833333333334,-0.4822058478963526,0.8760579434344281,0.1363008113639202,1170.0,2.32,41.3,2.75,41.3,0,40.46666666666666,22.28571428571428,1170.0,0,1176.3333333333333,742.3714285714286,-0.08,2.793333333333333,-0.33,2.5666666666666664,2714.4,113.575,329502.615,92.93663500000001,0.0
2022-12-03,17.478333333333335,7.223166666666667,6.698166666666666,892.6771666666667,198.8826666666667,4.315833333333333,0.2965,0.1328333333333333,2.7598333333333334,58362,宝山,宝山区,1024.466667,9.833333,91.333333,13.8,2.920833,357.126444,-0.0501319908984796,0.9987426012184294,14.6,45.09999999999999,2.1000000000001364,-53.05626190476187,3.067260173371979,45.5649948,86.29133318299998,4.384666666666667,0.96506099318029,0.0484946461668155,5.092499800000028,7.645000333333336,-0.4670649248774303,0.8842230238742036,0.1950960670460334,1100.0,2.35,39.2,2.68,39.2,0,40.06666666666667,27.557142857142857,1100.0,0,1220.0,841.657142857143,-0.0699999999999998,2.7533333333333334,0.0300000000000002,2.44,2585.0,105.056,218770.93333333335,5.966480000000041,0.0
2022-12-04,15.236666666666666,7.2895,7.795666666666666,1339.1503333333333,169.03666666666666,3.8373333333333335,0.2631666666666666,0.1183333333333333,3.083,58362,宝山,宝山区,1029.025,8.933333,79.625,2.9,3.566667,13.276948,0.2296581763127861,0.9732713506790824,17.5,47.99999999999999,0.0,308.4099047619045,4.385781238734996,65.9833395,86.21999999999998,4.5295000000000005,1.2405909344084023,0.0453172198592565,5.640000199999999,6.303333666666667,-0.451785789832884,0.8921264484954345,0.2225449955533269,540.0,2.34,36.0,2.67,36.0,0,38.833333333333336,32.385714285714286,540.0,0,936.6666666666666,836.5142857142857,-0.0100000000000002,2.7,-0.0100000000000002,2.3366666666666664,1263.6,96.12,91279.8,1.6903666666667003,0.0
2022-12-05,15.198333333333332,7.315,7.828333333333333,1343.351,182.67166666666665,3.896,0.3313333333333333,0.1253333333333333,3.934,58362,宝山,宝山区,1028.8875,7.9625,69.208333,0.1,2.908333,3.565214,0.0621845757932541,0.9980646665088456,16.8,38.79999999999999,0.1375000000000454,234.36314285714275,3.0891864538705223,51.7683274,65.65283320399999,5.518666666666666,1.2079518568048553,0.0479712180367173,5.132499800000009,7.235833333333332,-0.4363729641045924,0.8997658785476209,0.2094523815972553,947.0,2.58,29.2,2.72,29.2,0,34.800000000000004,34.99999999999999,947.0,0,862.3333333333334,881.657142857143,0.0500000000000002,2.69,0.2400000000000002,2.4233333333333333,2443.26,79.424,172990.06833333333,43.841200000000036,0.0
2022-12-06,16.39,7.327666666666666,7.463,1052.9366666666667,235.4255,4.24,0.356,0.1421666666666666,2.853666666666667,58362,宝山,宝山区,1026.795833,6.820833,74.083333,0.0,0.916667,63.349502,0.8937592542835208,0.448546982358108,3.0,17.599999999999987,2.091667000000143,-53.250499999999874,1.735946614346312,3.666668,30.63866660799998,4.631333333333333,1.0634588894694343,0.1426872634780219,1.5683336000000287,9.569167,-0.4208310085956556,0.9071390534005044,0.1665971255371259,1070.0,2.5,35.5,2.79,35.5,0,33.56666666666667,37.32857142857142,1070.0,0,852.3333333333334,1026.571428571429,0.0699999999999998,2.7266666666666666,-0.08,2.473333333333333,2675.0,99.045,251905.285,18.83404,0.0
2022-12-07,16.075,7.279,7.509166666666666,851.6301666666667,263.2138333333333,4.765000000000001,0.3635,0.1443333333333333,2.9523333333333333,58362,宝山,宝山区,1025.545833,10.516667,67.166667,0.0,1.545833,77.832363,0.977535103249257,0.2107726782945658,0.1,17.599999999999987,1.25,-187.93807142857133,3.0569390212611087,1.7004163,29.42133339199998,4.759166666666667,0.9917237128832734,0.2566845139409209,1.1974998,5.558332999999999,-0.4051645224207563,0.9142437912130223,0.1477352278485322,980.0,2.4,37.0,2.77,37.0,0,33.9,36.84285714285714,980.0,0,999.0,1028.142857142857,-0.02,2.76,-0.1,2.4933333333333336,2352.0,102.49,257949.55666666664,26.32138333333333,0.0
2022-12-08,16.293333333333333,7.287833333333332,7.520500000000001,866.841,210.1755,4.200333333333334,0.4221666666666666,0.1348333333333333,2.860666666666667,58362,宝山,宝山区,1022.379167,13.579167,78.125,0.5,1.416667,66.624557,0.9179247591699986,0.3967545040736149,0.5,18.099999999999987,3.16666599999985,-172.89252380952382,2.7170607147990844,2.1250005,32.24062499999998,4.631166666666667,1.0788523610280931,0.1643835706511586,1.58333339999997,2.714166333333333,-0.3893781415452015,0.9210779895789526,0.1857676020488758,953.0,2.38,36.3,2.79,36.3,0,36.266666666666666,36.35714285714285,953.0,0,1001.0,965.7142857142856,0.02,2.783333333333333,-0.02,2.4266666666666663,2268.14,101.277,200297.2515,4.20351,0.0
2022-12-09,16.773333333333333,7.386833333333333,8.212166666666667,820.1803333333334,178.124,3.7541666666666655,0.3818333333333333,0.1268333333333333,2.7415000000000003,58362,宝山,宝山区,1019.875,12.391667,94.375,6.8,1.591667,288.795084,-0.94667690715224,0.3221844711724468,7.3,24.099999999999987,2.504167000000052,-203.6434761904761,3.0984613927762843,13.2108361,46.84437499999998,4.391666666666667,1.282282829334305,0.0806722645688862,2.9158336000000102,4.381666333333333,-0.3734765374130707,0.9276396261490468,0.2137078810014547,781.0,2.4,38.0,2.76,38.0,0,37.1,35.885714285714286,781.0,0,904.6666666666666,910.1428571428572,-0.0300000000000002,2.773333333333333,0.02,2.393333333333333,1874.4,104.88,139114.84399999998,3.56248,0.0
2022-12-10,16.691666666666666,7.435333333333333,8.211166666666667,682.9671666666667,200.36,3.6156666666666673,0.206,0.1166666666666666,2.499,58362,宝山,宝山区,1022.316667,10.391667,81.791667,0.4,3.870833,316.267508,-0.6912922891229861,0.7225752355285239,7.7,10.699999999999983,0.0,-310.8980714285715,6.5467100053827965,33.6762471,19.451708368999974,3.8716666666666666,1.3711939883106037,0.0795492231899031,3.8624998,6.299999666666666,-0.3574644155648614,0.9339267592294762,0.1938461689571817,855.0,2.47,33.0,2.78,33.0,0,35.766666666666666,35.0,855.0,0,863.0,875.1428571428571,0.02,2.776666666666667,0.0700000000000002,2.4166666666666665,2111.8500000000004,91.74,171307.80000000002,14.02520000000004,0.0
2022-12-11,16.171666666666667,7.451833333333333,8.049666666666667,583.4133333333333,206.45016666666663,3.674833333333333,0.2425,0.116,2.6076666666666664,58362,宝山,宝山区,1025.733333,8.070833,59.458333,0.0,3.0,350.973581,-0.1568898700411498,0.9876161038979018,7.2,7.799999999999986,0.0,-302.48947619047635,3.470669610123449,24.6,12.437749973999978,4.010166666666667,1.3245392716103557,0.0892857142857142,3.24,8.100833666666666,-0.3413465142450361,0.9399375283564132,0.1887886109392954,711.0,2.47,17.1,2.83,17.1,0,29.366666666666664,32.3,711.0,0,782.3333333333334,899.5714285714286,0.0500000000000002,2.79,0.0,2.4466666666666668,1756.17,48.39300000000001,146786.06849999996,0.0,0.0
2022-12-12,15.601666666666668,7.441666666666666,8.009500000000001,573.5706666666666,203.74183333333332,3.8311666666666655,0.3288333333333333,0.1164999999999999,2.7901666666666665,58362,宝山,宝山区,1024.879167,5.508333,65.708333,0.0,2.304167,272.380592,-0.9991369574655224,0.041537214958862,0.4,7.699999999999986,0.8541659999998501,-202.36352380952383,4.60634540587246,3.2258338,12.759541640999975,4.284,1.266324110671937,0.2193784438302407,1.63333339999997,10.093333666666666,-0.3251276029999093,0.9456701548465688,0.1910191511607557,1080.0,2.53,15.5,2.84,15.5,0,21.866666666666664,30.342857142857135,1080.0,0,882.0,918.5714285714286,0.0099999999999997,2.8166666666666664,0.0599999999999996,2.49,2732.4,44.02,220041.18,12.224509999999919,0.0
2022-12-13,15.28,7.409666666666666,7.964833333333334,589.7044999999999,174.24316666666667,3.782666666666666,0.3361666666666666,0.1196666666666666,2.8083333333333336,58362,宝山,宝山区,1028.325,7.779167,42.75,0.0,3.054167,318.263511,-0.6657057186282305,0.7462143768285835,0.0,7.699999999999986,0.0,-120.05366666666669,5.087343437545627,3.054167,10.99174999999998,4.341166666666667,1.261156414113425,0.2466597947247856,1.8325002,7.500833000000001,-0.3088124812662537,0.9511229423235356,0.2174257161712944,1060.0,2.39,13.5,2.82,13.5,0,15.366666666666667,27.2,1060.0,0,950.3333333333334,917.1428571428572,-0.02,2.83,-0.1399999999999996,2.4633333333333334,2533.4,38.07,184697.75666666665,24.394043333333265,0.0
2022-12-14,14.431666666666668,7.436166666666666,8.219666666666667,589.5543333333334,182.4808333333333,3.659,0.3006666666666667,0.106,2.7419999999999995,58362,宝山,宝山区,1029.0,2.670833,63.541667,0.0,1.258333,123.5138485,0.8337523934808619,-0.5521385209935402,0.0,7.699999999999986,0.0,-82.76442857142854,2.307471150545953,1.258333,12.592708358999978,4.102666666666666,1.3654687413478042,0.4428044934028772,0.7549997999999999,11.760833666666668,-0.2924059769510773,0.956294277219772,0.2096288264681317,986.0,2.35,28.1,2.77,28.1,0,19.03333333333333,25.928571428571423,986.0,0,1042.0,918.0,-0.0499999999999998,2.81,-0.04,2.4233333333333333,2317.1,77.837,179926.10166666663,7.299233333333332,0.0
2022-12-15,12.163333333333334,7.367333333333334,7.795999999999999,634.0983333333332,169.621,3.771,0.3761666666666667,0.1088333333333333,2.865333333333333,58362,宝山,宝山区,1024.420833,8.85,59.791667,0.0,1.7625,94.19795,0.9973170969938392,-0.0732025139170851,0.0,7.199999999999986,4.579167000000098,-4.97147619047621,3.5202713834516417,1.7625,11.505000023999978,4.329833333333333,1.250260604602678,0.1362088473911969,1.97333340000002,3.3133333333333344,-0.2759129450029604,0.9611826292540836,0.2219626990629806,1340.0,2.36,30.2,2.71,30.2,0,23.933333333333334,25.057142857142853,1340.0,0,1128.6666666666667,973.2857142857144,-0.06,2.766666666666667,0.0099999999999997,2.3666666666666667,3162.4,81.842,227292.14,1.6962099999999491,0.0
2022-12-16,12.083333333333334,7.330166666666667,8.039333333333333,640.4766666666667,145.82216666666667,3.711833333333333,0.3555,0.1023333333333333,2.7655,58362,宝山,宝山区,1030.104167,6.741667,78.166667,5.0,3.479167,349.450726,-0.1830810508626155,0.9830978226072116,5.0,5.399999999999986,0.0,27.078809523809586,4.116136550486534,20.875002,9.621000017999975,4.144333333333334,1.319943082311734,0.1054945017848087,3.0875002,5.341666333333334,-0.2593382659754056,0.9657865518844574,0.247460726548417,735.0,2.12,35.9,2.64,35.9,0,31.4,24.757142857142856,735.0,0,1020.3333333333334,966.7142857142856,-0.0699999999999998,2.706666666666667,-0.2399999999999997,2.276666666666667,1558.2,94.776,107179.29250000001,34.99731999999996,0.0
2022-12-17,11.013333333333334,7.317166666666666,8.4315,651.541,131.3325,3.611333333333333,0.4098333333333333,0.0953333333333333,2.8266666666666667,58362,宝山,宝山区,1034.3875,0.120833,43.25,0.0,4.316667,283.84296,-0.9709551561220124,0.2392615405786697,5.0,4.999999999999986,0.0,42.63259523809529,8.507957080911739,25.900002,7.16249999999998,4.1898333333333335,1.4112478031634448,0.0969305299860895,3.5900002,10.892500333333334,-0.2426868445825954,0.9701046827361176,0.2650969354257351,1440.0,2.36,39.3,2.57,39.3,0,35.13333333333333,25.65714285714285,1440.0,0,1171.6666666666667,1050.2857142857142,-0.0700000000000002,2.64,0.2399999999999997,2.28,3398.4,101.001,189118.80000000002,31.519799999999965,0.0
2022-12-18,10.071666666666667,7.314666666666667,8.432833333333333,677.9876666666667,135.75483333333332,3.593666666666667,0.4693333333333333,0.0933333333333333,3.081833333333333,58362,宝山,宝山区,1028.833333,-1.075,56.291667,0.0,1.658333,123.5138485,0.8337523934808619,-0.5521385209935402,5.0,4.999999999999986,5.554167000000007,55.56864285714289,3.0409721079382983,9.949998,7.814583349999977,4.4845,1.4063316471176828,0.075685903500473,3.105833200000001,11.146666666666668,-0.225963608248019,0.974135744004672,0.259517393092758,1450.0,2.18,34.9,2.56,34.9,0,36.7,28.2,1450.0,0,1208.3333333333333,1155.857142857143,-0.0099999999999997,2.59,-0.1799999999999997,2.22,3161.0000000000005,89.344,196844.50833333333,24.435869999999955,0.0
2022-12-19,10.266666666666666,7.3715,9.031,629.2451666666667,164.55933333333334,3.8061666666666665,0.4323333333333333,0.1073333333333333,3.063833333333333,58362,宝山,宝山区,1026.366667,2.325,62.583333,0.0,1.070833,123.5138485,0.8337523934808619,-0.5521385209935402,0.0,4.999999999999986,2.466666000000032,-1.1273571428571358,1.963642576768292,1.070833,8.129166649999977,4.5695,1.4308045734202954,0.2203857235009843,1.1358330000000063,7.9416666666666655,-0.2091735056463563,0.9778785428342386,0.227074280818688,1250.0,2.03,32.6,2.52,32.6,0,35.6,30.642857142857142,1250.0,0,1380.0,1180.142857142857,-0.04,2.5500000000000003,-0.1500000000000003,2.19,2537.4999999999995,82.152,205699.1666666667,24.68390000000005,0.0
2022-12-20,10.675,7.411166666666666,8.794833333333333,595.7861666666666,168.443,3.8586666666666662,0.3566666666666667,0.103,2.839833333333333,58362,宝山,宝山区,1020.3875,9.383333,61.041667,0.1,2.3125,166.317782,0.2365366100739051,-0.971622576978708,0.1,5.099999999999985,5.979166999999961,-35.45516666666674,2.859490910795905,2.54375,8.213125016999976,4.226500000000001,1.408224807856533,0.1064773697789757,2.6033333999999924,1.2916669999999986,-0.1923215052390948,0.9813319716704276,0.2231386457184965,700.0,1.93,30.5,2.48,30.5,0,32.666666666666664,33.07142857142857,700.0,0,1133.3333333333333,1128.7142857142858,-0.04,2.52,-0.0999999999999998,2.046666666666667,1351.0,75.64,117910.1,16.84429999999997,0.0
2022-12-21,10.725,7.402,8.7675,592.0981666666667,172.42966666666666,3.9355,0.3526666666666667,0.108,2.937333333333333,58362,宝山,宝山区,1016.220833,5.725,51.875,0.0,2.5625,268.481579,-0.9996488572352284,-0.0264983438784784,0.1,5.099999999999985,4.166667000000075,-39.50657142857142,5.124100196665272,2.81875,7.745624999999978,4.37,1.3767698709728076,0.1277275091973374,2.390833400000015,5.0,-0.1754125938042784,0.9844950085880858,0.2191913661676621,882.0,2.13,31.7,2.5,31.7,0,31.6,33.58571428571428,882.0,0,944.0,1113.857142857143,0.02,2.5,0.1999999999999999,2.03,1878.66,79.25,152082.966,34.485933333333314,0.0
2022-12-22,10.46,7.415166666666667,9.038833333333336,567.2056666666666,202.522,3.795,0.3278333333333333,0.1136666666666666,2.8793333333333333,58362,宝山,宝山区,1022.229167,1.720833,34.958333,0.0,4.75,291.516342,-0.9303129960327764,0.3667665870993695,0.1,5.099999999999985,0.0,-54.84297619047629,9.16898673115569,5.2250000000000005,6.88287498299998,4.343833333333333,1.4440184253268369,0.1709401709401709,2.87,8.739166999999998,-0.1584517749608363,0.9873667175937016,0.1920334411350202,784.0,2.14,12.7,2.54,12.7,0,24.96666666666667,31.08571428571428,784.0,0,788.6666666666666,1034.428571428571,0.04,2.506666666666667,0.0100000000000002,2.066666666666667,1677.76,32.258,158777.248,2.0252200000000404,0.0
2022-12-23,9.785,7.449333333333333,9.445,540.6471666666666,196.8513333333333,3.8005,0.2811666666666666,0.1208333333333333,2.982166666666666,58362,宝山,宝山区,1025.775,1.5625,31.708333,0.0,3.391667,291.843016,-0.9282067530949076,0.3720648108985974,0.0,0.0999999999999858,0.0,-67.14011904761912,6.539835213649146,3.391667,0.1317083329999813,4.471666666666667,1.5015898251192372,0.2277039675367007,2.0350002,8.2225,-0.141444067687942,0.989946248902378,0.1968298451182305,787.0,2.22,5.6,2.6,5.6,0,16.666666666666668,26.757142857142856,787.0,0,817.6666666666666,1041.857142857143,0.06,2.546666666666667,0.08,2.1633333333333336,1747.14,14.56,154921.99933333328,15.748106666666663,0.0
2022-12-24,12.078,7.5894,9.8714,190.7602,80.6238,3.515,0.2486,0.13025,3.4344,58362,宝山,宝山区,1027.845833,1.7125,48.708333,0.0,3.520833,293.332294,-0.9182232915324646,0.3960631097278391,0.0,0.0999999999999858,0.0,-351.2012571428572,6.753743866196122,3.520833,0.1487083329999788,4.9855,1.627305847249468,0.2211981729915703,2.1124998,10.3655,-0.1243945048397999,0.9922328391893008,0.3471123178330162,803.0,2.21,6.5,2.63,6.5,0,8.266666666666666,22.07142857142857,803.0,0,791.3333333333334,950.8571428571428,0.0299999999999998,2.59,-0.0100000000000002,2.19,1774.63,17.095,64740.911400000005,0.8062380000000161,0.0
2022-12-25,8.948333333333332,7.503333333333334,9.554166666666667,529.1151666666666,267.639,3.973833333333333,0.2685,0.1361666666666666,3.2366666666666664,58362,宝山,宝山区,1028.9375,1.554167,73.416667,0.0,1.3625,276.437331,-0.993695080774545,0.1121163968582223,0.0,0.0999999999999858,0.0,8.421209523809466,2.7164095475553176,1.3625,0.1734166669999753,4.866833333333333,1.4467242075509792,0.4232804232804233,0.8175,7.394166333333333,-0.1073081316563624,0.994225811815616,0.1449159778433452,648.0,2.18,6.9,2.63,6.9,0,6.333333333333333,18.07142857142857,648.0,0,746.0,836.2857142857143,0.0,2.62,-0.0299999999999998,2.203333333333333,1412.64,18.147,173430.07200000001,8.029169999999947,0.0
2022-12-26,12.958333333333334,7.710166666666667,9.986333333333333,160.3803333333333,111.96816666666666,4.129,0.09,0.1475,3.1745,58362,宝山,宝山区,1029.5125,4.775,57.666667,0.0,1.925,314.302398,-0.7156635023051422,0.6984452387040359,0.0,0.0999999999999858,0.0,-293.33293333333336,3.3026522419373987,1.925,0.1576666669999775,4.7395,1.4918334827208446,0.3418803418803419,1.155,8.183333333333334,-0.0901900042703451,0.99592457702866,0.2919509767382156,575.0,2.24,7.2,2.64,7.2,0,6.866666666666667,14.44285714285714,575.0,0,675.3333333333334,739.8571428571429,0.0100000000000002,2.6333333333333333,0.06,2.2100000000000004,1288.0000000000002,19.008000000000003,64381.69583333333,6.718089999999999,0.0
2022-12-27,8.865,7.482166666666667,9.813,534.1906666666667,305.87816666666663,4.227666666666667,0.2925,0.143,3.109833333333333,58362,宝山,宝山区,1030.804167,6.3625,62.083333,0.0,1.4875,27.405446,0.4602841701174841,0.8877716388459698,0.0,0.0,0.0,89.27675714285732,2.1721727030497577,1.4875,0.0,4.832333333333333,1.411908587324045,0.4020100502512563,0.8925,2.5025000000000004,-0.0730451882110474,0.9973286321364752,0.1223272534127253,655.0,2.3,9.3,2.66,9.3,0,7.800000000000001,11.414285714285713,655.0,0,626.0,733.4285714285714,0.02,2.643333333333333,0.0599999999999996,2.24,1506.4999999999998,24.738000000000003,200350.19916666663,18.352689999999875,0.0
2022-12-28,8.983333333333333,7.437166666666666,9.735833333333334,545.5525,271.1115,4.03,0.268,0.1348333333333333,2.859,58362,宝山,宝山区,1033.083333,5.804167,63.0,0.0,2.004167,12.222763,0.2117130966416837,0.9773318600712806,0.0,0.0,0.0,107.2879714285715,2.428475401757073,2.004167,0.0,4.475333333333333,1.464842770449872,0.3328709755482967,1.2025001999999998,3.179166333333333,-0.0558787569053731,0.9984375616565666,0.1427359976530481,721.0,2.3,8.3,2.67,8.3,0,8.266666666666667,8.07142857142857,721.0,0,650.3333333333334,710.4285714285714,0.0099999999999997,2.6566666666666667,0.0,2.28,1658.3,22.161,195471.3915,0.0,0.0
2022-12-29,8.688333333333334,7.3905,9.662666666666668,610.1486666666666,243.7973333333333,4.070333333333333,0.3115,0.1263333333333333,2.953666666666667,58362,宝山,宝山区,1034.141667,5.216667,63.75,0.0,1.695833,37.660887,0.6109867684948398,0.7916408078947377,0.0,0.0,0.0,165.74942380952376,2.731964524576909,1.695833,0.0,4.5285,1.4540894384389658,0.3709428588491943,1.0174998,3.471666333333334,-0.0386957901765268,0.999251037438848,0.1606907722555391,887.0,2.29,21.8,2.66,21.8,0,13.133333333333336,9.37142857142857,887.0,0,754.3333333333334,725.1428571428571,-0.0099999999999997,2.6633333333333336,-0.0099999999999997,2.296666666666667,2031.23,57.98800000000001,216248.23466666666,2.43797333333326,0.0
2022-12-30,7.941666666666666,7.409,9.670166666666669,671.0308333333334,219.92433333333332,3.9888333333333335,0.3561666666666667,0.1138333333333333,3.1343333333333336,58362,宝山,宝山区,1033.708333,1.920833,77.0,0.0,0.695833,123.5138485,0.8337523934808619,-0.5521385209935402,0.0,0.0,0.4333340000000589,208.00535238095244,1.2759854292129686,0.695833,0.0,4.628833333333334,1.491542416452442,0.4696672454532558,0.5041666000000118,6.020833666666666,-0.0215013727408137,0.999768818762748,0.1781073421564104,927.0,2.25,24.1,2.62,24.1,0,18.066666666666663,12.014285714285714,927.0,0,845.0,745.1428571428571,-0.04,2.65,-0.04,2.28,2085.75,63.142,203869.857,8.796973333333334,0.0
2022-12-31,7.460000000000001,7.412,9.745,674.2203333333333,191.427,3.9441666666666655,0.3793333333333333,0.1043333333333333,3.639333333333333,58362,宝山,宝山区,1032.75,3.920833,65.708333,0.0,0.895833,76.133975,0.9708587602789808,0.2396523890754287,0.0,0.0,0.9583330000000388,142.12911904761904,1.765560315797,0.895833,0.0,5.061999999999999,1.5305882044972643,0.3503650453407357,0.7291664000000078,3.539167000000001,-0.0043005927029819,0.9999907524084426,0.2015483145674144,979.0,2.2,23.0,2.59,23.0,0,22.96666666666667,14.37142857142857,979.0,0,931.0,770.2857142857143,-0.0300000000000002,2.623333333333333,-0.0499999999999998,2.2466666666666666,2153.8,59.56999999999999,187407.033,9.571349999999962,0.0
2023-01-01,7.260000000000001,7.391999999999999,9.750166666666669,675.4746666666666,150.50016666666667,3.8471666666666655,0.4014999999999999,0.0953333333333333,3.8796666666666666,58362,宝山,宝山区,1032.270833,7.0375,53.375,0.0,0.954167,69.36947,0.9358719243832848,0.3523403768391118,0.0,0.0,0.4791669999999612,122.47495238095236,1.847145106473025,0.954167,0.0,5.2345,1.5721003977211652,0.4109587915181458,0.6683335999999923,0.222500000000001,0.0172015754182605,0.9998520419557736,0.2421370543831233,964.0,2.16,20.3,2.56,20.3,0,22.46666666666667,16.285714285714285,964.0,0,956.6666666666666,815.4285714285714,-0.0299999999999998,2.59,-0.04,2.203333333333333,2082.24,51.968,145082.16066666666,6.020006666666667,0.0
2023-01-02,7.658333333333334,7.388000000000001,9.643833333333331,688.5011666666666,123.0135,3.789333333333333,0.3893333333333333,0.0818333333333333,3.024,58362,宝山,宝山区,1033.095833,7.054167,67.916667,0.0,2.195833,35.427678,0.5796748703395084,0.8148478659828926,0.0,0.0,0.0,60.05561904761896,3.4687022095622133,2.195833,0.0,4.2316666666666665,1.608109610360736,0.312907464188523,1.3174998,0.6041663333333345,0.034398060613608,0.9994082116062598,0.2761173608513468,818.0,2.11,21.4,2.55,21.4,0,21.566666666666663,18.314285714285717,818.0,0,920.3333333333334,850.1428571428571,-0.0100000000000002,2.5666666666666664,-0.0500000000000002,2.1566666666666667,1725.9799999999998,54.56999999999999,100625.04299999999,6.150675000000024,0.0
2023-01-03,7.896666666666667,7.372166666666666,9.625666666666666,694.7203333333333,123.9425,3.7855,0.3863333333333333,0.0865,3.089,58362,宝山,宝山区,1032.25,4.1,69.0,0.0,1.0625,123.5138485,0.8337523934808619,-0.5521385209935402,0.0,0.0,0.8458330000000842,43.34197619047609,1.948361918073416,1.0625,0.0,4.340333333333334,1.5944893846111368,0.3438395809558159,0.8066666000000168,3.796666666666668,0.0515843668694083,0.9986686402879996,0.2748505948907335,857.0,2.15,20.2,2.54,20.2,0,20.633333333333333,19.871428571428567,857.0,0,879.6666666666666,879.0,-0.0099999999999997,2.5500000000000003,0.04,2.14,1842.55,51.308,106218.72249999999,4.9577,0.0
2023-01-04,7.94,7.368666666666667,9.623333333333331,692.7698333333333,143.78533333333334,3.878833333333333,0.3833333333333333,0.0964999999999999,3.071333333333333,58362,宝山,宝山区,1030.504167,6.0625,65.208333,0.0,1.345833,99.938264,0.9849942865937684,-0.1725869501950633,0.0,0.0,1.7458329999999478,20.360428571428542,2.6714708157093514,1.345833,0.0,4.419666666666666,1.5453791183791454,0.2443992251566996,1.1566663999999895,1.8775000000000004,0.0687554084811394,0.9976335468520452,0.2498319098047565,822.0,2.11,20.8,2.55,20.8,0,20.8,21.65714285714285,822.0,0,832.3333333333334,893.4285714285714,0.0099999999999997,2.5466666666666664,-0.04,2.123333333333333,1734.4199999999998,53.04,118191.54400000001,5.751413333333334,0.0
2023-01-05,8.266666666666667,7.375333333333334,9.692833333333333,699.4001666666667,150.17016666666666,3.9361666666666655,0.3581666666666667,0.0981666666666666,3.0325,58362,宝山,宝山区,1028.304167,9.479167,78.333333,0.0,1.279167,110.502683,0.936655788996022,-0.350251242596282,0.0,0.0,2.200000000000045,14.24054761904756,2.477306175642674,1.279167,0.0,4.372333333333334,1.544428510728702,0.2232557973391011,1.207500200000009,-1.2125003333333328,0.0859061042613327,0.9963032375991964,0.2425071769023437,696.0,2.1,21.3,2.54,21.3,0,20.76666666666667,21.585714285714285,696.0,0,791.6666666666666,866.1428571428571,-0.0099999999999997,2.543333333333333,-0.0099999999999997,2.12,1461.6,54.102,104518.436,1.5017016666666216,0.0
2023-01-06,8.88,7.380166666666667,9.812166666666666,703.7705,153.40933333333334,3.502,0.2936666666666667,0.1001666666666666,2.357666666666667,58362,宝山,宝山区,1024.758333,8.716667,57.833333,0.0,2.391667,263.743171,-0.9940433554783324,-0.1089853541966885,0.0,0.0,3.545834000000013,13.933785714285818,4.769087689866797,2.391667,0.0,3.653000000000001,1.6925310487580494,0.1441441233666125,2.1441670000000026,0.1633330000000015,0.1030313790431787,0.9946781061893646,0.2389086347187755,644.0,2.15,10.8,2.53,10.8,0,17.633333333333336,19.685714285714283,644.0,0,720.6666666666666,825.7142857142857,-0.0100000000000002,2.54,0.0499999999999998,2.12,1384.6,27.324,98795.61066666667,7.670466666666637,0.0
2023-01-07,9.273333333333332,7.403833333333334,10.0545,646.4281666666667,152.7515,3.3645,0.2903333333333333,0.0915,3.1641666666666666,58362,宝山,宝山区,1023.9625,7.795833,48.708333,0.0,1.366667,133.55432,0.7247214417178052,-0.6890419667295061,0.0,0.0,0.795833000000016,-39.43823809523815,2.357119878588148,1.366667,0.0,4.3695,1.805170711272031,0.3162055335968363,0.9791668000000032,1.4775003333333334,0.1201261651823505,0.9927586335250792,0.2396333048284363,574.0,2.17,7.7,2.59,7.7,0,13.266666666666667,17.5,574.0,0,638.0,767.8571428571429,0.06,2.553333333333333,0.02,2.14,1245.58,19.943,87679.36099999999,3.05503,0.0
2023-01-08,10.42,7.393333333333333,9.760833333333332,646.0523333333333,139.561,3.525,0.2115,0.10525,2.8688333333333333,58362,宝山,宝山区,1022.1625,9.1875,64.375,0.0,1.470833,153.916353,0.4396828425740229,-0.8981531038447883,0.0,0.0,1.7999999999999543,-35.61088095238097,2.117533034391678,1.470833,0.0,4.132833333333334,1.6861000748546089,0.2341463597382549,1.242499799999991,1.2325,0.1371854040566005,0.9905453876091832,0.2548578679418884,695.0,2.2,7.05,2.62,7.05,0,8.516666666666667,15.607142857142856,695.0,0,637.6666666666666,729.4285714285714,0.0300000000000002,2.58,0.0300000000000002,2.1733333333333333,1529.0000000000002,18.471,96994.895,4.186830000000028,0.0
2023-01-09,9.65,7.467,9.768833333333331,586.9101666666667,207.9188333333333,3.6681666666666666,0.2763333333333333,0.1118333333333333,2.6828333333333334,58362,宝山,宝山区,1026.85,10.008333,70.208333,0.0,2.904167,28.939456,0.4838851459775024,0.8751315132609105,0.0,0.0,0.0,-80.24004761904757,4.3094502727380455,2.904167,0.0,4.0775,1.6112653599802074,0.2561365843213161,1.7425002,-0.358333,0.1542040475626894,0.988039023376751,0.1875911870883189,440.0,2.17,2.29,2.63,2.29,0,5.68,12.877142857142855,440.0,0,569.6666666666666,675.4285714285714,0.0099999999999997,2.6133333333333333,-0.0300000000000002,2.18,954.8,6.0227,91484.28666666665,6.237565000000041,0.0
2023-01-10,10.188333333333334,7.4621666666666675,9.896,546.8213333333333,201.59316666666663,3.3481666666666663,0.2218333333333333,0.1063333333333333,2.4785,58362,宝山,宝山区,1026.554167,6.904167,79.0,0.0,1.579167,66.317614,0.9157861177764282,0.4016662625712771,0.0,0.0,0.2958329999999023,-99.20045238095248,3.025346216250649,1.579167,0.0,3.7636666666666665,1.7566863905325445,0.3478260869565335,1.0066667999999803,3.284166333333334,0.1711770596101998,0.985240282501282,0.1928098501934182,427.0,2.27,8.51,2.64,8.51,0,5.95,11.207142857142856,427.0,0,520.6666666666666,614.0,0.0100000000000002,2.6300000000000003,0.1,2.2133333333333334,969.29,22.4664,86080.28216666666,20.159316666666665,0.0
2023-01-11,9.908333333333331,7.444833333333332,9.719166666666666,571.1113333333333,195.67766666666668,3.470333333333333,0.3105,0.1011666666666666,3.004833333333333,58362,宝山,宝山区,1021.079167,12.179167,81.958333,0.0,1.966667,117.047076,0.8906332107224942,-0.4547224251762179,0.0,0.0,5.475000000000023,-57.53066666666666,3.718245944631976,1.966667,0.0,4.327,1.6778880736584665,0.1184600150657443,2.2750002000000045,-2.2708336666666664,0.1880994176117975,0.9821499931752292,0.1978397218651184,634.0,2.36,5.57,2.64,5.57,0,5.456666666666667,9.03142857142857,634.0,0,500.3333333333333,587.1428571428571,0.0,2.6366666666666667,0.0899999999999998,2.2666666666666666,1496.24,14.704800000000002,124059.64066666667,17.610989999999962,0.0
2023-01-12,10.248333333333331,7.4745,9.622833333333334,532.3351666666666,179.91366666666667,3.4555,0.2763333333333333,0.1076,3.0205,58362,宝山,宝山区,1012.7375,16.745833,88.5,22.3,1.833333,140.309458,0.6386408015353173,-0.7695049880373275,22.3,22.299999999999983,8.34166700000003,-72.4404047619048,3.004174256601148,42.716658900000006,42.03549999999998,4.372833333333334,1.6568714666972764,0.0298730395817774,7.228333200000006,-6.497499666666668,0.2049661139694953,0.9787690698649216,0.2120204382788952,501.0,2.25,6.34,2.65,6.34,0,6.806666666666668,6.894285714285713,501.0,0,520.6666666666666,559.2857142857143,0.0099999999999997,2.643333333333333,-0.1099999999999998,2.293333333333333,1127.25,16.801,90136.747,19.790503333333298,0.0
2023-01-13,10.803333333333333,7.437833333333334,9.4105,540.8784999999999,146.95866666666666,3.5701666666666667,0.3683333333333333,0.1173333333333333,3.0375,58362,宝山,宝山区,1011.095833,14.608333,96.375,15.0,1.9,53.17483,0.8004681430019752,0.5993753014922866,37.3,37.29999999999998,1.641666999999984,-40.6267857142858,3.4208894717037523,72.77,73.24787499999996,4.579166666666667,1.539718033323335,0.0238996213989275,8.928333399999996,-3.8049996666666672,0.2217721575564818,0.975098513039961,0.2461519255964388,709.0,2.28,10.7,2.66,10.7,0,7.536666666666666,6.879999999999998,709.0,0,614.6666666666666,568.5714285714286,0.0100000000000002,2.65,0.0299999999999998,2.2966666666666664,1616.5199999999998,28.462,104193.69466666666,4.408759999999971,0.0
2023-01-14,10.906666666666666,7.450333333333333,9.5005,497.1395,132.59283333333337,3.093166666666667,0.2706666666666666,0.104,2.6995,58362,宝山,宝山区,1020.841667,5.283333,87.75,13.4,4.629167,340.880802,-0.327534503039518,0.9448392187661644,50.7,50.69999999999999,0.0,-63.03883333333329,6.145378912831936,239.3279339,95.18924999999996,4.010166666666667,1.7581038151929185,0.0177527922612454,12.9175002,5.6233336666666665,0.2385125751940764,0.9711394088771652,0.2634880311171872,307.0,2.3,24.8,2.72,24.8,0,13.946666666666667,9.322857142857142,307.0,0,505.6666666666667,530.4285714285714,0.06,2.676666666666667,0.02,2.276666666666667,706.0999999999999,67.456,40705.99983333334,2.6518566666666676,0.0
2023-01-15,10.071666666666667,7.393,9.3985,555.2243333333333,110.06366666666666,3.16,0.359,0.1048333333333333,3.0675000000000003,58362,宝山,宝山区,1028.854167,-0.8375,66.791667,0.5,3.979167,287.627136,-0.9530473547200168,0.3028212998802739,28.9,51.19999999999999,0.0,8.0214285714286,7.771501583339185,118.9770933,85.39733350399997,4.474833333333334,1.688151119626392,0.0295166643264871,8.1675002,10.909166666666668,0.2551824131233728,0.966892928939152,0.2948368879060925,922.0,2.55,35.4,2.66,35.4,0,23.63333333333333,13.37285714285714,922.0,0,646.0,562.8571428571429,-0.06,2.68,0.25,2.3766666666666665,2351.1,94.164,101478.70066666666,27.515916666666666,0.0
2023-01-16,9.585,7.3691666666666675,9.076333333333332,611.1018333333333,98.85566666666666,3.3415,0.4285,0.1003333333333333,3.353166666666666,58362,宝山,宝山区,1030.3125,0.9625,54.458333,0.0,2.508333,283.186462,-0.9736328310496764,0.2281208239117861,13.9,51.19999999999999,0.0,60.4429761904762,4.950528360005328,37.3741617,79.08266649599999,4.785,1.5721131639722865,0.0574437540917904,4.2849998000000005,8.6225,0.2717767384711357,0.9623603298276544,0.3128929177139837,1160.0,2.48,31.9,2.67,31.9,0,30.7,17.60285714285714,1160.0,0,796.3333333333334,665.7142857142857,0.0099999999999997,2.6833333333333336,-0.0699999999999998,2.4433333333333334,2876.8,85.17299999999999,114672.57333333333,6.919896666666647,0.0
2023-01-17,9.963333333333331,7.3785,9.057,610.0688333333334,82.596,3.2932,0.3301666666666666,0.158,3.128833333333333,58362,宝山,宝山区,1029.545833,2.670833,52.666667,0.0,1.75,276.255843,-0.9940452308542618,0.1089682477417041,0.5,51.19999999999999,0.7666670000000977,50.37461904761915,3.489579153994958,2.625,78.16533350399999,5.039,1.4600136485026949,0.2489626349408541,1.3033334000000196,7.292500333333333,0.2882906407095177,0.957542952811672,0.3430599324195815,1110.0,2.3,29.4,2.66,29.4,0,32.23333333333333,20.58714285714285,1110.0,0,1064.0,763.2857142857143,-0.0099999999999997,2.6633333333333336,-0.1800000000000001,2.443333333333333,2553.0,78.204,91681.56,14.86728000000001,0.0
2023-01-18,10.338333333333331,7.352,8.620666666666667,631.4481666666667,60.8565,3.4735,0.3979999999999999,0.1531666666666666,3.056833333333333,58362,宝山,宝山区,1028.4125,2.5125,59.5,0.0,1.716667,269.389901,-0.9999433080673804,-0.0106480350893321,0.0,51.19999999999999,1.1333329999999933,63.13440476190476,3.433236678830106,1.716667,81.66399999999999,4.9865,1.3463130222025563,0.2597402597402601,1.2566667999999983,7.825833333333333,0.3047192331091634,0.9524422234305676,0.3941804453054052,974.0,2.23,28.4,2.61,28.4,0,29.899999999999995,23.848571428571425,974.0,0,1081.3333333333333,811.8571428571429,-0.0500000000000002,2.6466666666666665,-0.0699999999999998,2.3366666666666664,2172.02,74.124,59274.231,4.259954999999987,0.0
2023-01-19,10.396666666666668,7.343166666666666,8.5925,632.9731666666667,63.76266666666667,3.308,0.381,0.086,3.0996666666666663,58362,宝山,宝山区,1026.779167,3.983333,57.708333,0.0,1.554167,261.458578,-0.9889087460575784,-0.1485243817385811,0.0,28.899999999999984,1.6333329999999933,50.28254761904759,3.0910963391340687,1.554167,45.577708236999975,4.3406666666666665,1.5484772030996574,0.2388059701492541,1.2591667999999987,6.4133336666666665,0.321057654185271,0.9470596510722284,0.3863875543778479,941.0,2.23,28.8,2.59,28.8,0,28.866666666666664,27.057142857142853,941.0,0,1008.3333333333334,874.7142857142857,-0.02,2.62,0.0,2.2533333333333334,2098.43,74.592,60000.66933333333,0.0,0.0
2023-01-20,10.173333333333334,7.357500000000001,8.728333333333333,658.1096666666666,90.89616666666666,3.299,0.3118333333333333,0.0896666666666666,2.8795,58362,宝山,宝山区,1030.508333,5.7125,62.333333,0.0,2.4625,48.668344,0.7508993669933991,0.6604166417110585,0.0,13.899999999999986,0.0,58.67173809523808,4.311589691221245,2.4625,22.56433328699997,4.088,1.5848085943410504,0.2888086642599278,1.4774999999999998,4.460833333333333,0.3373010691361842,0.9413968285264122,0.3269922042002733,647.0,2.19,27.3,2.57,27.3,0,28.166666666666668,29.428571428571423,647.0,0,854.0,865.8571428571429,-0.02,2.59,-0.04,2.216666666666667,1416.93,70.161,58809.81983333333,3.6358466666666662,0.0
2023-01-21,10.035,7.383666666666667,8.9705,800.4508333333333,124.6065,3.2596,0.249,0.1668333333333333,2.8666666666666667,58362,宝山,宝山区,1024.341667,7.608333,66.875,7.4,2.758333,101.089389,0.9813283016327752,-0.1923402308788601,7.4,7.899999999999986,6.1666660000000775,157.68271428571427,5.465163238227637,23.1699972,13.183124999999976,4.784,1.4522578625855334,0.0577200610516627,4.368333000000016,2.426667,0.3534446712740877,0.9354554315134164,0.2739509364167097,634.0,2.26,6.12,2.57,6.12,0,20.74,26.76,634.0,0,740.6666666666666,912.5714285714286,0.0,2.5766666666666667,0.0699999999999998,2.2266666666666666,1432.84,15.7284,79000.521,8.722454999999975,0.0
2023-01-22,10.011666666666668,7.412,9.275333333333334,902.6788333333334,185.55816666666664,3.3393333333333337,0.2908333333333333,0.1185,2.9235,58362,宝山,宝山区,1021.045833,7.666667,93.666667,0.7,1.683333,0.093005,0.0016232427579648,0.9999986825406064,8.1,8.099999999999985,3.2958339999999,210.2743571428572,1.686065458101493,15.3183303,15.687000026999971,4.399333333333334,1.5950245048866467,0.07102692936308,3.28916659999998,2.3449996666666664,0.3694836834473831,0.9292372181882051,0.2068056481678735,424.0,2.28,5.83,2.64,5.83,0,13.08333333333333,22.53571428571428,424.0,0,568.3333333333334,841.4285714285714,0.0700000000000002,2.5933333333333333,0.02,2.243333333333333,966.72,15.3912,78676.66266666666,3.711163333333333,0.0
2023-01-23,10.09,7.449000000000001,9.552,825.4478333333333,231.0775,3.3535,0.2551666666666667,0.1328333333333333,2.8766666666666665,58362,宝山,宝山区,1027.7375,5.0125,78.083333,3.2,4.004167,355.158099,-0.0844065664926186,0.9964313983074436,11.3,11.299999999999986,0.0,102.4225,4.3421449881330485,49.2512541,20.123416628999976,4.460166666666667,1.6088933804951997,0.0613340135684331,4.6625002,5.0775,0.3854133594543256,0.9227440286201428,0.169747708214864,233.0,2.38,-0.036,2.67,0.036,1,3.9713333333333303,17.973428571428567,233.0,0,430.3333333333333,709.0,0.0299999999999998,2.6266666666666665,0.1,2.306666666666666,554.54,-0.09612,53841.057499999995,23.10775,0.0
2023-01-24,9.448333333333332,7.484166666666667,9.9725,694.5386666666667,293.056,3.4135000000000004,0.2365,0.1515,3.072,58362,宝山,宝山区,1037.175,-3.004167,43.583333,0.0,4.704167,311.425902,-0.7498120303073673,0.6616509043342597,3.9,11.299999999999986,0.0,-40.55378571428571,8.231408009174917,23.0504183,16.22491662899998,4.823499999999999,1.6175993511759932,0.1041214714404695,3.6025002,12.452500333333331,0.4012289854475009,0.9159777842484876,0.1295716412613016,241.0,2.51,0.666,2.72,0.666,0,2.153333333333331,13.868571428571428,241.0,0,299.3333333333333,584.8571428571429,0.0500000000000002,2.676666666666667,0.1299999999999999,2.39,604.91,1.81152,70626.496,38.09727999999997,0.0
2023-01-25,8.755,7.532333333333334,9.635166666666668,602.8961666666667,270.60383333333334,3.415666666666666,0.2505,0.146,3.3476666666666666,58362,宝山,宝山区,1027.608333,-1.566667,68.25,0.0,1.329167,116.537725,0.8946403796349703,-0.4467869639174762,3.2,11.299999999999986,9.566667000000052,-128.1174285714286,2.518293469478275,5.5825014,19.012249999999977,5.058166666666667,1.5727888565443318,0.0662434417336595,3.3508336000000107,10.321667,0.4169258813287287,0.908940487313808,0.1430529605639703,899.0,2.61,0.108,2.76,0.108,0,0.2459999999999976,9.82685714285714,899.0,0,457.6666666666667,574.1428571428571,0.0399999999999995,2.716666666666667,0.1,2.5,2346.39,0.2980799999999999,243272.84616666668,27.060383333333334,0.0
2023-01-26,8.69,7.4775,9.177833333333334,589.9701666666666,258.06350000000003,3.790333333333333,0.316,0.1438333333333333,3.33,58362,宝山,宝山区,1025.9375,3.679167,54.0,0.0,3.508333,302.036026,-0.8477147299752816,0.5304523886108303,0.0,11.299999999999986,1.6708329999999023,-134.900142857143,6.4823985617583695,3.508333,17.40199999999998,5.084333333333333,1.4023377813996132,0.161834137487165,2.4391663999999804,5.010833,0.4324994021339788,0.901634220265486,0.1510765526320612,697.0,2.32,5.16,2.75,5.16,0,1.9779999999999975,6.449714285714284,697.0,0,612.3333333333334,539.2857142857143,-0.0099999999999997,2.7433333333333336,-0.29,2.48,1617.04,14.19,179870.25950000001,74.838415,0.0
2023-01-27,8.411666666666667,7.477333333333333,9.724166666666669,619.3891666666667,218.7665,3.3976666666666664,0.2749999999999999,0.1326666666666666,3.130333333333333,58362,宝山,宝山区,1031.225,0.154167,45.083333,0.0,3.733333,285.308596,-0.9645178191240148,0.2640177581001978,0.0,11.299999999999986,0.0,-99.94964285714276,7.334199203223715,3.733333,16.39441662899998,4.732,1.620874541615735,0.2112676205118042,2.2399998,8.257499666666668,0.4479449394078911,0.8940611451454876,0.1789992382943839,587.0,2.33,1.39,2.7,1.39,0,2.219333333333331,2.748285714285712,587.0,0,727.6666666666666,530.7142857142857,-0.0499999999999998,2.7366666666666664,0.0100000000000002,2.42,1367.71,3.753,128415.9355,2.187665000000044,0.0
2023-01-28,7.953333333333333,7.454333333333333,9.4685,657.624,168.14466666666667,3.4331666666666667,0.3053333333333333,0.1143333333333333,3.2153333333333336,58362,宝山,宝山区,1027.8625,-0.083333,52.291667,0.0,1.870833,279.705261,-0.9856879939401392,0.168579887893735,0.0,3.899999999999986,3.3624999999999545,-41.31097619047614,3.714890626767012,1.870833,5.939375012999978,4.664000000000001,1.6097871978691451,0.1604278160656597,1.794999799999991,8.036666333333333,0.4632579225674917,0.88622350294858,0.2234377564610921,1020.0,2.43,26.5,2.72,26.5,0,11.016666666666664,5.659714285714283,1020.0,0,768.0,585.8571428571429,0.02,2.723333333333333,0.1,2.36,2478.6000000000004,72.08,171507.56,16.814466666666668,0.0
2023-01-29,8.018333333333333,7.446833333333333,9.452833333333333,674.6966666666667,110.86566666666666,3.1048333333333336,0.282,0.0875,2.953,58362,宝山,宝山区,1025.204167,2.733333,52.541667,0.0,1.791667,258.129596,-0.978615368839884,-0.2056987113969788,0.0,3.199999999999986,2.658332999999857,8.330571428571488,3.5450198620432483,1.791667,4.8813333439999775,4.11,1.7964904500966077,0.1834862385321149,1.6066667999999713,5.285000333333333,0.4784338202547012,0.8781236129591848,0.2936156218760473,1100.0,2.27,28.2,2.66,28.2,0,18.696666666666665,8.85542857142857,1100.0,0,902.3333333333334,682.4285714285714,-0.06,2.6933333333333334,-0.1600000000000001,2.3433333333333333,2497.0,75.012,121952.23333333332,17.738506666666673,0.0
2023-01-30,8.858333333333333,7.499166666666666,9.592666666666666,735.7946666666667,99.53216666666668,3.24025,0.1778333333333333,0.2013333333333333,2.831833333333333,58362,宝山,宝山区,1022.066667,5.333333,55.583333,0.0,1.279167,112.450415,0.9242103689718896,-0.3818837439389685,0.0,0.0,3.137500000000045,82.23616666666669,2.4613864050466647,1.279167,0.0,5.023,1.4915324513780015,0.184615373254437,1.395000200000009,3.525000333333333,0.4934681416772373,0.8697638720650646,0.3117468788278713,922.0,2.15,28.3,2.59,28.3,0,27.666666666666668,12.903428571428568,922.0,0,1014.0,780.8571428571429,-0.0700000000000002,2.6566666666666667,-0.1200000000000001,2.283333333333333,1982.3,73.297,91768.65766666668,11.943860000000013,0.0
2023-01-31,11.041666666666666,7.474333333333334,9.193333333333332,745.459,67.13466666666666,3.300333333333333,0.2728333333333333,0.0866666666666666,2.896333333333333,58362,宝山,宝山区,1015.808333,8.4125,57.458333,0.0,1.229167,117.208499,0.8893485596417391,-0.4572298540812532,0.0,0.0,6.258334000000104,84.62616666666668,2.3223249010091576,1.229167,0.0,4.035833333333333,1.6900027574374217,0.1178203101242624,1.989167000000021,2.6291666666666664,0.5083564379375122,0.8611467540480452,0.3777723462098066,1030.0,2.19,29.2,2.55,29.2,0,28.566666666666663,16.979714285714284,1030.0,0,1017.3333333333334,893.5714285714286,-0.04,2.6,0.04,2.2033333333333336,2255.7,74.46,69148.70666666667,2.6853866666666666,0.0
2023-02-01,10.891666666666667,7.532,9.477666666666666,778.9523333333333,62.1505,3.1300000000000003,0.2586666666666666,0.0831666666666666,2.811666666666667,58362,宝山,宝山区,1024.6,7.645833,59.25,0.0,3.775,20.147922,0.3444450296074048,0.9388064878231052,0.0,0.0,0.0,92.96861904761909,5.075279986767954,3.775,0.0,3.902,1.815529021135304,0.2094240837696334,2.265,3.245833666666668,0.5230943033491326,0.8522748088519838,0.3906663243265597,461.0,2.08,31.9,2.51,31.9,0,29.8,21.52142857142857,461.0,0,804.3333333333334,831.0,-0.04,2.55,-0.1099999999999998,2.14,958.88,80.06899999999999,28651.3805,6.836554999999988,0.0
2023-02-02,8.548333333333334,7.574333333333333,9.697166666666666,991.807,71.88883333333332,2.919333333333333,0.2236666666666666,0.0853333333333333,2.760333333333333,58362,宝山,宝山区,1027.483333,4.845833,68.208333,0.0,2.408333,19.664758,0.3365161065775022,0.9416777102671164,0.0,0.0,0.0,248.4180238095239,3.2187758445021157,2.408333,0.0,3.8373333333333335,1.9408566281940087,0.2933985617015708,1.4449998,3.702500333333334,0.5376773767406141,0.8431506618282,0.3663238413930636,479.0,2.24,33.9,2.51,33.9,0,31.66666666666666,25.627142857142854,479.0,0,656.6666666666666,799.8571428571429,0.0,2.523333333333333,0.1600000000000001,2.17,1072.96,85.08899999999998,34434.75116666666,11.502213333333337,0.0
2023-02-03,8.121666666666668,7.507666666666666,9.483,715.0913333333333,96.1785,3.4376666666666664,0.2708333333333333,0.0966666666666666,3.095333333333333,58362,宝山,宝山区,1025.729167,4.120833,69.166667,0.0,1.3875,77.528665,0.9764041693749478,0.2159511473162816,0.0,0.0,1.754165999999941,-41.969380952381016,2.74226078500774,1.3875,0.0,4.332833333333333,1.6709641420222603,0.2414487310179078,1.183333199999988,4.000833666666668,0.5521013427459208,0.8337770129585915,0.3175056882188894,731.0,2.31,28.0,2.56,28.0,0,31.266666666666666,29.428571428571423,731.0,0,557.0,820.4285714285714,0.0500000000000002,2.526666666666667,0.0699999999999998,2.2100000000000004,1688.61,71.68,70306.4835,6.732494999999981,0.0
2023-02-04,8.290000000000001,7.521666666666667,9.551166666666669,750.8795,129.65866666666668,3.5628333333333333,0.271,0.1076666666666666,3.2275000000000005,58362,宝山,宝山区,1025.5125,5.420833,69.75,0.0,1.879167,74.139935,0.9619320247427404,0.2732888211660542,0.0,0.0,0.2166669999999158,-19.503428571428454,3.686797917139741,1.879167,0.0,4.575166666666667,1.6159659363280037,0.3230147352862031,1.1708335999999833,2.869167000000001,0.5663619330814524,0.8241566360566663,0.267257554309405,522.0,2.16,25.0,2.56,25.0,0,28.966666666666665,29.21428571428571,522.0,0,577.3333333333334,749.2857142857143,0.0,2.543333333333333,-0.1499999999999999,2.236666666666667,1127.52,64.0,67681.82400000001,19.44879999999999,0.0
2023-02-05,9.041666666666666,7.514833333333333,9.556666666666668,770.2708333333334,150.85083333333333,3.5831666666666666,0.2653333333333333,0.1158333333333333,3.232333333333333,58362,宝山,宝山区,1020.891304,8.943478,78.26087,1.2,2.2,99.684159,0.985750014955174,-0.168216848192665,1.2,1.1999999999999855,4.621196000000055,-13.765547619047538,4.368650032901384,4.840000000000001,2.1391304399999744,4.656000000000001,1.5909658444549262,0.1108500469339092,2.484239200000011,0.0981886666666653,0.580454927809098,0.8142923779467267,0.2417446349553097,491.0,2.24,5.9,2.56,5.9,0,19.63333333333333,26.02857142857143,491.0,0,581.3333333333334,662.2857142857143,0.0,2.56,0.08,2.236666666666667,1099.84,15.104,74067.75916666667,12.068066666666667,0.0
2023-02-06,11.135,7.439666666666667,9.72,814.7721666666666,184.70583333333332,3.433666666666667,0.2371666666666666,0.1231666666666666,3.1023333333333336,58362,宝山,宝山区,1018.141667,8.645833,93.958333,2.8,2.366667,53.575073,0.8046355494245688,0.5937690060976761,4.0,3.999999999999986,2.749637000000007,19.4532857142857,4.270971401849996,11.833335,7.758333319999973,4.571166666666667,1.6467598475222365,0.098850331109069,2.7699276000000017,2.489167,0.5943761565849831,0.804187157621448,0.2075828976569508,406.0,2.24,7.03,2.63,7.03,0,12.643333333333327,22.99,406.0,0,473.0,588.5714285714286,0.0699999999999998,2.583333333333333,0.0,2.2133333333333334,909.44,18.4889,74990.56833333333,0.0,0.0
2023-02-07,11.421666666666669,7.474666666666667,9.776166666666668,783.084,243.96216666666663,3.5185,0.3033333333333333,0.1441666666666666,3.242833333333333,58362,宝山,宝山区,1023.5,8.466667,77.125,0.0,2.329167,34.722613,0.5696039557459307,0.8219192987140451,4.0,3.999999999999986,0.0,-17.60988095238099,3.6558697367928814,11.645835,7.084999999999975,4.987833333333334,1.5608153056065566,0.1364411535444614,2.1975002,2.954999666666668,0.6081214998935418,0.7938439653781019,0.1605765203528459,422.0,2.33,-0.666,2.69,0.666,1,4.087999999999996,18.72342857142857,422.0,0,439.6666666666667,501.7142857142857,0.06,2.6266666666666665,0.0899999999999998,2.27,983.26,-1.79154,102952.03433333331,21.95659499999995,0.0
2023-02-08,11.443333333333332,7.476333333333333,9.765833333333331,700.3463333333333,258.03616666666665,3.5726666666666667,0.2498333333333333,0.1463333333333333,3.014,58362,宝山,宝山区,1025.725,8.279167,76.125,0.0,3.033333,66.358199,0.9160704050399462,0.401017472200338,2.8,3.999999999999986,0.0,-89.11811904761907,5.8120795899310345,11.5266654,7.044999999999975,4.727166666666667,1.5536258782977597,0.1463414705532424,2.3799998,3.164166333333334,0.6216868902665479,0.7832658619336791,0.1510944620115003,483.0,2.43,2.61,2.74,2.61,0,2.9913333333333285,14.539142857142853,483.0,0,437.0,504.8571428571428,0.0500000000000002,2.686666666666667,0.1,2.333333333333333,1173.69,7.151400000000001,124631.46849999999,25.803616666666667,0.0
2023-02-09,11.418333333333331,7.456833333333333,9.557666666666668,656.1853333333333,280.095,3.722833333333333,0.2408333333333333,0.1486666666666666,3.189666666666666,58362,宝山,宝山区,1019.508333,7.7,92.375,15.3,2.675,31.686841,0.5252762332347632,0.8509317709421236,15.3,19.299999999999983,6.216666999999916,-85.33316666666667,4.080113923902991,43.6025,37.12837499999998,4.917166666666667,1.481732210221694,0.0396956660311524,5.908333399999983,3.718333333333331,0.6350683134867438,0.7724559775191742,0.1372228740439213,494.0,2.43,0.23,2.73,0.23,0,0.7246666666666619,9.729142857142856,494.0,0,466.3333333333333,507.0,-0.0100000000000002,2.72,0.0,2.3966666666666665,1200.42,0.6279,138366.93000000002,0.0,0.0
2023-02-10,11.513333333333334,7.475,9.208166666666669,599.0414999999999,264.08,3.813333333333333,0.3625,0.1576666666666666,3.4615,58362,宝山,宝山区,1021.670833,7.295833,84.125,8.7,2.1,47.046594,0.7319080735546639,0.6814033841018846,24.0,27.999999999999982,0.0,-125.89845238095243,3.6370069544647934,52.5,51.55499999999998,5.400666666666666,1.363667777366408,0.03690036900369,6.0600000000000005,4.217500333333334,0.6482618097757122,0.7614175109532997,0.1471796994402472,627.0,2.45,3.6,2.75,3.6,0,2.1466666666666616,6.243428571428569,627.0,0,534.6666666666666,492.1428571428572,0.02,2.74,0.02,2.436666666666667,1536.15,9.9,165578.16,5.2816,0.0
2023-02-11,11.706666666666663,7.48,9.161166666666666,559.9965000000001,230.1555,3.5595,0.2716666666666666,0.1476666666666666,3.0583333333333336,58362,宝山,宝山区,1018.756522,8.495652,94.913043,6.9,2.617391,82.85325,0.9922307560039372,0.1244111202419437,30.9,34.899999999999984,2.914310999999998,-137.6744523809523,5.214446850687901,83.4947729,68.02465200699996,4.806666666666667,1.4523476101144082,0.0267153227496842,8.3332968,3.211014666666665,0.6612634749656386,0.7501537286959042,0.170423376068396,658.0,2.46,-2.34,2.77,2.34,1,0.496666666666662,2.337714285714284,658.0,0,593.0,511.57142857142856,0.02,2.75,0.0099999999999997,2.4466666666666668,1618.68,-6.4818,151442.319,2.3015549999999307,0.0
2023-02-12,11.968333333333334,7.467833333333334,8.9415,555.6136666666666,215.35466666666665,3.6646666666666663,0.2948333333333333,0.1443333333333333,3.0973333333333333,58362,宝山,宝山区,1014.5375,10.720833,93.333333,30.5,2.879167,18.147705,0.3114677301095426,0.950256730100034,46.1,64.19999999999999,4.219021999999995,-111.39197619047616,3.775934610096301,135.60876569999996,124.11999978599998,4.8355,1.3964911367363406,0.0184508010037014,11.791304599999998,1.247500333333333,0.6740694616546161,0.7386679638813748,0.1816550100959494,856.0,2.47,17.4,2.78,17.4,0,6.219999999999995,3.980571428571426,856.0,0,713.6666666666666,563.7142857142857,0.0099999999999997,2.766666666666666,0.0100000000000002,2.4600000000000004,2114.32,48.37199999999999,184343.59466666664,2.1535466666667094,0.0
2023-02-13,11.756666666666668,7.426166666666667,8.769,581.5585,224.707,4.0615,0.3919999999999999,0.1478333333333333,3.5668333333333333,58362,宝山,宝山区,1025.195833,4.945833,73.333333,1.6,4.391667,335.383509,-0.4165424733940058,0.9091162565144262,38.99999999999999,62.99999999999999,0.0,-52.13090476190473,6.220982834502833,175.66667999999996,109.19999978999998,5.437166666666666,1.2650333004736602,0.0225267503470865,10.4350002,6.810833666666667,0.6866759803451553,0.726963615332308,0.1744720545241279,759.0,2.49,23.3,2.78,23.3,0,12.786666666666662,6.3048571428571405,759.0,0,757.6666666666666,614.1428571428571,0.0,2.776666666666666,0.02,2.473333333333333,1889.91,64.774,170552.61299999998,4.49414,0.0
2023-02-14,11.62,7.327833333333333,8.082166666666668,614.6171666666667,204.15033333333332,3.914333333333333,0.5011666666666666,0.1433333333333333,3.764,58362,宝山,宝山区,1028.945833,4.041667,62.833333,0.0,3.058333,328.004912,-0.5298465586368177,0.8480935233219985,32.099999999999994,62.99999999999999,0.0,4.994452380952339,4.678780215215415,101.2308223,102.58499978999998,5.6985,1.180079332246368,0.0276561422231495,8.254999799999998,7.578332999999999,0.6990793005655562,0.7150441465537444,0.1906808341471692,1190.0,2.69,41.6,2.88,41.6,0,27.433333333333326,12.34285714285714,1190.0,0,935.0,723.8571428571429,0.1,2.813333333333333,0.1999999999999997,2.5500000000000003,3201.1,119.808,242938.89666666664,40.8300666666666,0.0
2023-02-15,11.82,7.331666666666667,8.017999999999999,624.6206666666667,178.84400000000002,4.113,0.5576666666666666,0.1378333333333333,3.968666666666666,58362,宝山,宝山区,1032.491304,3.934783,66.869565,0.0,2.086957,5.43246,0.0946723177636172,0.9955084892904053,1.5999999999999963,62.99999999999999,0.0,25.81590476190479,2.284534056263005,5.426088199999993,105.12782595,5.904666666666666,1.1374663072776277,0.2133580487296983,1.5721741999999994,7.885217000000001,0.7112757519738152,0.7029130847082615,0.2130269884299983,1410.0,2.56,36.4,2.79,36.4,0,33.766666666666666,17.169999999999998,1410.0,0,1119.6666666666667,856.2857142857143,-0.0899999999999998,2.8166666666666664,-0.1299999999999999,2.58,3609.6,101.556,252170.04000000004,23.249719999999982,0.0
2023-02-16,11.921666666666669,7.318,8.154666666666666,625.7893333333333,143.96416666666667,3.9285,0.4708333333333334,0.1263333333333333,3.7463333333333337,58362,宝山,宝山区,1029.170833,6.583333,65.791667,0.0,2.258333,102.779699,0.9752277919994408,-0.2212029694915854,0.0,47.69999999999999,3.3204709999999977,31.32685714285708,4.460722105189474,2.258333,79.08262515899999,5.480500000000001,1.2239343606163695,0.1520033124561851,2.0190939999999995,5.338333666666667,0.7232617254437388,0.6905740195722293,0.2496223890334846,1150.0,2.36,33.5,2.73,33.5,0,37.16666666666666,21.92285714285714,1150.0,0,1250.0,950.0,-0.06,2.8000000000000003,-0.2000000000000001,2.536666666666666,2714.0,91.455,165558.79166666666,28.79283333333335,0.0
2023-02-17,11.96,7.2426666666666675,7.658166666666666,625.0376666666667,128.5615,4.0136666666666665,0.651,0.1343333333333333,4.0845,58362,宝山,宝山区,1022.041667,10.0625,72.416667,0.0,1.225,98.63579,0.9886627803991496,-0.1501529442049769,0.0,38.99999999999999,7.129165999999941,26.86145238095241,2.4361119059889584,1.225,67.24250012999998,6.078833333333334,1.0927749238964994,0.1069042392448462,2.1608331999999884,1.897499999999999,0.7350336741329413,0.6780306024735382,0.2686888701580077,1050.0,2.31,36.6,2.65,36.6,0,35.5,26.63714285714285,1050.0,0,1203.3333333333333,1010.4285714285714,-0.08,2.723333333333333,-0.0499999999999998,2.41,2425.5,96.99,134989.57499999998,6.428074999999974,0.0
2023-02-18,11.82,7.3,7.9585,612.2851666666667,140.03983333333335,4.1605,0.6038333333333333,0.1363333333333333,4.055666666666666,58362,宝山,宝山区,1020.8625,13.666667,69.75,0.1,2.5375,275.325375,-0.9956836916988954,0.0928115622369276,0.0999999999999964,32.19999999999999,1.1791670000000067,6.639142857142815,5.064047367685947,2.791249999999992,54.65949999999998,6.022833333333333,1.116564560632278,0.2076124423797616,1.7783334000000006,-1.846667,0.746588114532413,0.6652865452111116,0.2542806336663776,881.0,2.28,34.0,2.6,34.0,0,34.7,31.828571428571426,881.0,0,1027.0,1042.2857142857142,-0.0499999999999998,2.66,-0.0300000000000002,2.3166666666666664,2008.68,88.4,123375.09316666667,4.201195000000029,0.0
2023-02-19,12.079999999999998,7.337166666666666,8.409666666666666,589.2888333333334,179.9896666666667,4.246166666666666,0.5861666666666666,0.1461666666666666,3.986333333333333,58362,宝山,宝山区,1027.504167,6.1875,60.833333,0.0,2.154167,17.68166,0.3037281047170002,0.952758751418752,0.0999999999999964,1.699999999999986,0.0,-21.167928571428547,2.808448060153906,2.3695836999999926,2.734166660999977,6.034166666666667,1.152956768119916,0.3072983039899307,1.3125001999999997,5.892499999999998,0.7579216274973472,0.6523456189565257,0.2119491493207035,669.0,2.31,13.3,2.6,13.3,0,27.966666666666665,31.24285714285714,669.0,0,866.6666666666666,1015.5714285714286,0.0,2.6166666666666667,0.0300000000000002,2.3000000000000003,1545.39,34.580000000000005,120413.08700000001,5.399690000000037,0.0
2023-02-20,11.991666666666667,7.369666666666667,8.754,556.5948333333333,185.8223333333333,3.640333333333333,0.4121666666666666,0.1366666666666667,3.3343333333333334,58362,宝山,宝山区,1032.0625,7.341667,51.75,0.0,2.529167,41.620549,0.6641943660178811,0.7475599267952403,0.0999999999999964,0.0999999999999858,0.0,-50.29569047619054,4.209025472118347,2.7820836999999914,0.1517499999999784,5.113166666666667,1.363728417499675,0.275545324863805,1.537500199999999,4.649999666666667,0.7690308592589181,0.6392116531380588,0.206565473218249,612.0,2.39,5.72,2.67,5.72,0,17.673333333333332,28.73142857142857,612.0,0,720.6666666666666,994.5714285714286,0.0699999999999998,2.623333333333333,0.08,2.3266666666666667,1462.68,15.2724,113723.26799999997,14.865786666666663,0.0
2023-02-21,11.813333333333333,7.391333333333333,9.023833333333334,531.4416666666667,195.06883333333332,3.4921666666666664,0.4028333333333333,0.1334999999999999,3.3075,58362,宝山,宝山区,1034.3875,5.070833,58.916667,0.0,2.475,43.452525,0.6877532978386189,0.725944489139565,0.0,0.0999999999999858,0.0,-63.56664285714282,4.177189412150582,2.475,0.1589166669999774,5.045333333333333,1.4484483681112896,0.2877697841726618,1.485,6.742500333333332,0.7799125224167177,0.6258885343075018,0.1983659665213784,365.0,2.42,5.31,2.72,5.31,0,8.109999999999998,23.547142857142852,365.0,0,548.6666666666666,876.7142857142857,0.0500000000000002,2.6633333333333336,0.0299999999999998,2.373333333333333,883.3,14.4432,71200.12416666666,5.8520649999999605,0.0
2023-02-22,11.666666666666666,7.387666666666667,8.990833333333333,536.5148333333333,234.71733333333336,3.44,0.2765,0.2183333333333333,3.092833333333333,58362,宝山,宝山区,1027.85,6.0125,66.541667,0.2,1.8,61.755864,0.8809391760172189,0.4732295089680093,0.1999999999999964,0.2999999999999858,6.537500000000136,-45.90692857142858,3.3856905168309943,2.159999999999993,0.4996250009999763,5.552666666666667,1.3030507983284618,0.1048492791612043,2.427500000000027,5.654166666666666,0.7905633969115482,0.612380204990065,0.1671062965333312,558.0,2.53,5.25,2.74,5.25,0,5.426666666666665,19.097142857142853,558.0,0,511.6666666666667,755.0,0.02,2.7100000000000004,0.1099999999999998,2.4466666666666668,1411.7399999999998,14.385000000000002,130972.27200000001,25.818906666666624,0.0
2023-02-23,12.161666666666669,7.357,8.452166666666667,561.4885,252.09333333333333,3.2955,0.4068333333333333,0.1183333333333333,3.722,58362,宝山,宝山区,1024.6875,5.116667,82.791667,5.7,2.004167,49.437548,0.7596976201844402,0.6502764995646836,5.899999999999997,5.999999999999986,3.162499999999909,-11.747428571428486,3.526727900352189,13.828752299999993,10.967500019999974,5.312166666666667,1.436059353231013,0.0828729258874888,3.0150001999999807,7.044999666666667,0.8009803309782905,0.5986906625177214,0.1550339021434758,593.0,2.47,5.95,2.78,5.95,0,5.503333333333331,15.161428571428567,593.0,0,505.3333333333333,675.4285714285714,0.0399999999999995,2.7466666666666666,-0.0599999999999996,2.473333333333333,1464.71,16.541,149491.34666666668,15.1255999999999,0.0
2023-02-24,12.2,7.349666666666667,8.324,568.9203333333334,258.7658333333333,4.085999999999999,0.4006666666666666,0.1795,3.909166666666666,58362,宝山,宝山区,1030.5375,7.058333,73.375,0.0,2.516667,2.97324,0.0518695405198347,0.998653869349266,5.899999999999997,5.999999999999986,0.0,3.7011666666667216,2.647205360931431,17.365002299999993,10.402499999999977,6.104833333333333,1.143144884412909,0.1061946865063828,2.690000199999999,5.141667000000001,0.8111602420785621,0.5848239578463322,0.1506170158521503,676.0,2.48,1.83,2.78,1.83,0,4.343333333333331,10.194285714285712,676.0,0,609.0,622.0,0.0,2.766666666666666,0.0099999999999997,2.493333333333333,1676.48,5.0874,174925.7033333333,2.5876583333332555,0.0
2023-02-25,12.318333333333332,7.365166666666667,8.43,580.7408333333333,231.6545,3.869,0.38,0.1576666666666666,3.605166666666667,58362,宝山,宝山区,1039.095833,4.65,55.333333,0.0,3.216667,5.625418,0.0980244006735131,0.9951840115639914,5.699999999999997,5.899999999999986,0.0,20.027999999999903,3.531978854841268,21.55166889999999,9.16466664699998,5.561833333333333,1.2350441959271377,0.1008403327448628,3.0700001999999995,7.668333333333333,0.8211001178128892,0.5707841943569036,0.1693262304083226,671.0,2.47,5.93,2.79,5.93,0,4.569999999999998,6.184285714285712,671.0,0,646.6666666666666,592.0,0.0100000000000002,2.783333333333333,-0.0099999999999997,2.473333333333333,1657.37,16.5447,155440.16950000002,2.316544999999931,0.0
2023-02-26,12.333333333333334,7.3105,8.140666666666666,620.7366666666667,241.81933333333333,4.006666666666667,0.4049999999999999,0.1545,3.9675,58362,宝山,宝山区,1037.845833,4.233333,66.041667,0.0,1.579167,78.533992,0.9800428116376984,0.1987865371630454,0.0,5.899999999999986,1.25,55.53128571428567,3.1268182667254694,1.579167,9.796458352999975,5.9175,1.1701964542405363,0.2611534049050354,1.1975002,8.100000333333334,0.8307970168121247,0.5565755266413303,0.1620678275541598,1050.0,2.48,30.4,2.75,30.4,0,12.719999999999995,8.627142857142854,1050.0,0,799.0,646.4285714285714,-0.04,2.773333333333333,0.0099999999999997,2.4766666666666666,2604.0,83.6,253910.3,2.4181933333332606,0.0
2023-02-27,11.741666666666667,7.297166666666667,8.0595,629.2656666666667,222.81166666666664,4.614833333333333,0.4795,0.157,4.711166666666666,58362,宝山,宝山区,1031.1125,7.341667,70.458333,0.0,2.633333,126.063818,0.8083617973371274,-0.5886859983097007,0.0,5.899999999999986,6.73333300000013,53.67873809523815,4.76201879686717,2.633333,10.057041646999975,6.760666666666666,1.051559170182229,0.0964630287114475,2.926666400000026,4.399999666666667,0.8402480696078469,0.5422021592729844,0.175903390858383,1130.0,2.35,31.3,2.68,31.3,0,22.543333333333333,12.281428571428568,1130.0,0,950.3333333333334,720.4285714285714,-0.0699999999999998,2.74,-0.1299999999999999,2.4333333333333336,2655.5,83.884,251777.1833333333,28.96551666666664,0.0
2023-02-28,11.196666666666667,7.32,8.102666666666666,627.2476666666666,142.068,4.117666666666667,0.4115,0.118,4.136333333333334,58362,宝山,宝山区,1024.116667,13.483333,62.5,1.7,1.908333,246.387042,-0.9162721632849312,-0.4005562666956444,1.6999999999999964,7.599999999999986,6.995832999999948,37.97416666666663,3.656885406178023,5.152499099999994,12.349999999999978,5.727833333333334,1.207700906719662,0.0861759475002343,2.884166399999989,-2.286666333333333,0.8494504794814806,0.527668345562516,0.251857211573564,1290.0,2.25,32.9,2.62,32.9,0,31.53333333333333,16.22285714285714,1290.0,0,1156.6666666666667,852.5714285714286,-0.06,2.6833333333333336,-0.1,2.36,2902.5,86.198,183267.72,14.206800000000001,0.0
2023-03-01,11.32,7.347166666666666,8.262333333333332,623.692,96.707,3.846666666666667,0.3823333333333333,0.1046666666666666,3.86,58362,宝山,宝山区,1027.8125,10.058333,65.916667,0.0,2.704167,13.100361,0.2266574441029308,0.9739745392117428,1.6999999999999964,7.399999999999986,0.0,21.964619047618957,3.31708658064749,7.3012508999999906,12.277833357999976,5.289,1.3165666330270354,0.185042394137709,1.9625001999999991,1.261667000000001,0.8584015232918917,0.512978386299228,0.3165850949795369,1140.0,2.15,30.2,2.57,30.2,0,31.466666666666665,19.78714285714285,1140.0,0,1186.6666666666667,935.7142857142856,-0.0500000000000002,2.623333333333333,-0.1,2.25,2451.0,77.61399999999999,110245.98,9.6707,0.0
2023-03-02,10.991666666666667,7.325500000000001,8.655833333333334,641.321,71.9165,3.612833333333333,0.3798333333333333,0.1016666666666666,3.9415,58362,宝山,宝山区,1031.275,6.3875,61.333333,0.0,1.975,61.258045,0.8767942835339095,0.4808656614505325,1.6999999999999964,1.6999999999999855,0.0,28.188976190476183,3.7066687099794713,5.332499999999993,2.742666660999977,5.338,1.4403982693587756,0.2139037433155081,1.5249999999999997,4.604166666666667,0.8670985522812081,0.4981366284784055,0.3662594267380221,883.0,2.09,22.4,2.53,22.4,0,28.5,22.13714285714285,883.0,0,1104.3333333333333,977.1428571428572,-0.04,2.5733333333333333,-0.06,2.1633333333333336,1845.47,56.67199999999999,63502.2695,4.31499,0.0
2023-03-03,11.161666666666669,7.307333333333333,8.533333333333333,644.6595,78.0355,3.653833333333333,0.4105,0.1004999999999999,4.1265,58362,宝山,宝山区,1027.370833,7.8625,64.041667,0.0,1.895833,101.374621,0.9803586302010696,-0.1972231127182668,0.0,1.6999999999999855,3.904167000000143,20.707595238095223,3.754429242969985,1.895833,2.7887083389999767,5.542,1.40597539543058,0.1470588235294087,1.9183332000000288,3.2991666666666672,0.8755389928586302,0.4831474640149687,0.3525818171465767,985.0,2.13,27.9,2.55,27.9,0,26.83333333333333,25.86142857142857,985.0,0,1002.6666666666666,1021.2857142857144,0.02,2.55,0.04,2.123333333333333,2098.05,71.145,76864.9675,3.12142,0.0
2023-03-04,11.48,7.36,8.7225,634.6973333333333,85.62016666666666,3.614,0.347,0.0998333333333333,3.8775,58362,宝山,宝山区,1027.175,10.2125,65.25,0.0,1.870833,105.179851,0.965108637921186,-0.2618497985676387,0.0,1.6999999999999855,0.1958329999999932,3.037357142857104,3.676390088408006,1.870833,2.809249999999976,5.222833333333333,1.4636704329343326,0.326087027410224,1.1616663999999983,1.2674999999999983,0.8837203473619977,0.4680153284438345,0.337028063840986,690.0,2.01,28.5,2.52,28.5,0,26.266666666666666,29.08571428571428,690.0,0,852.6666666666666,1024.0,-0.0299999999999998,2.533333333333333,-0.1200000000000001,2.0766666666666667,1386.9,71.82000000000001,59077.91499999999,10.274420000000008,0.0
2023-03-05,12.186666666666667,7.361666666666667,8.488833333333334,630.6819999999999,107.01983333333334,3.7113333333333336,0.3373333333333333,0.1071666666666666,3.6865,58362,宝山,宝山区,1024.358333,11.233333,65.375,0.0,1.933333,103.021273,0.9742864769249402,-0.2253128067402918,0.0,1.6999999999999855,2.816667000000052,-2.3987380952381727,3.8169531972927255,1.933333,2.8113749999999764,5.0955,1.3869887261042424,0.1739130434782592,1.7233332000000106,0.9533336666666674,0.8916401947968874,0.452744699607371,0.2995536111767501,595.0,2.12,27.0,2.51,27.0,0,27.8,28.6,595.0,0,756.6666666666666,959.0,-0.0100000000000002,2.526666666666667,0.1100000000000003,2.0866666666666664,1261.4,67.77,63676.800833333335,11.7721816666667,0.0
2023-03-06,12.698333333333332,7.384166666666666,8.364166666666668,616.4318333333333,126.02816666666666,3.7595,0.3393333333333333,0.1133333333333333,3.4296666666666664,58362,宝山,宝山区,1020.995833,15.8875,43.833333,0.0,1.8,166.711558,0.2298534178498241,-0.9732252597948504,0.0,1.6999999999999855,3.3624999999999545,-14.815500000000045,2.2137361521296834,1.8,2.44516666099998,4.902333333333333,1.3420961142459822,0.1622718052738348,1.752499999999991,-3.189166666666667,0.8992961915530253,0.4373400963303323,0.2720405963992659,639.0,2.17,8.84,2.53,8.84,0,21.44666666666667,25.39142857142857,639.0,0,641.3333333333334,888.8571428571429,0.02,2.52,0.0499999999999998,2.1,1386.63,22.3652,80531.9985,6.301408333333308,0.0
2023-03-07,13.101666666666668,7.363333333333333,8.176,603.8006666666666,150.37316666666666,3.891,0.3156666666666666,0.12,3.482666666666667,58362,宝山,宝山区,1018.8,16.745455,50.545455,0.0,2.095455,155.616227,0.4128464943719012,-0.9108006214780664,0.0,0.0,2.1958329999999933,-24.09709523809522,2.960556250864072,2.095455,0.0,4.998333333333333,1.2761706555671175,0.1889899018915624,1.6964395999999986,-3.643788333333333,0.9066860720977984,0.4218060770826634,0.2422793999550516,634.0,2.19,8.13,2.61,8.13,0,14.656666666666666,21.85285714285714,634.0,0,622.6666666666666,795.1428571428571,0.08,2.5499999999999994,0.02,2.16,1388.46,21.2193,95336.58766666666,3.0074633333333334,0.0
2023-03-08,13.534999999999998,7.371833333333334,8.1605,588.6206666666667,183.5283333333333,3.9466666666666663,0.2893333333333333,0.1316666666666666,3.5218333333333334,58362,宝山,宝山区,1017.2,19.066667,58.041667,0.0,2.333333,231.429568,-0.7818423269901169,-0.6234762030155434,0.0,0.0,1.599999999999909,-34.2669047619047,4.157631502362831,2.333333,0.0,5.127833333333333,1.2453708413877302,0.2027027163988359,1.719999799999982,-5.5316670000000006,0.9138076496466616,0.4061472386305789,0.2086625579712,559.0,2.19,5.43,2.61,5.43,0,7.466666666666666,18.314285714285717,559.0,0,610.6666666666666,712.1428571428571,0.0,2.583333333333333,0.0,2.183333333333333,1224.21,14.172299999999998,102592.33833333332,0.0,0.0
2023-03-09,13.9,7.370166666666667,8.168833333333334,574.4513333333333,222.8033333333333,4.0305,0.2476666666666666,0.1389999999999999,3.044666666666666,58362,宝山,宝山区,1017.929167,17.233333,65.25,0.0,1.616667,120.903393,0.8580344928086346,-0.513592064921791,0.0,0.0,0.0,-38.88342857142857,3.003823049385457,1.616667,0.0,4.682333333333333,1.225049363893124,0.382165556412031,0.9700002,-3.333332999999998,0.9206588168102428,0.3903682146763026,0.1759097108335946,444.0,2.24,-0.552,2.64,0.552,1,4.336,15.035428571428568,444.0,0,545.6666666666666,649.4285714285714,0.0300000000000002,2.62,0.0500000000000002,2.2066666666666666,994.56,-1.45728,98924.68,11.14016666666671,0.0
2023-03-10,14.126666666666669,7.351166666666667,8.0635,564.722,234.9123333333333,3.7883333333333336,0.2113333333333333,0.1436666666666666,3.6313333333333335,58362,宝山,宝山区,1017.870833,20.8375,39.541667,0.0,2.5375,155.317954,0.4175823664255724,-0.908639074248086,0.0,0.0,0.0583340000000589,-37.19311904761901,3.59711525480489,2.5375,0.0,5.279333333333334,1.2528095706665283,0.2780996008158284,1.5341668000000117,-6.710833333333332,0.9272375462179536,0.374473674486883,0.1669659393083231,533.0,2.3,2.31,2.69,2.31,0,2.396,11.379714285714284,533.0,0,512.0,584.8571428571429,0.0499999999999998,2.646666666666667,0.0599999999999996,2.243333333333333,1225.9,6.2139,125208.27366666665,14.094739999999904,0.0
2023-03-11,14.38,7.340833333333333,7.904666666666667,569.2976666666667,260.8438333333333,3.9885,0.1975,0.151,3.729833333333333,58362,宝山,宝山区,1019.145833,18.3125,62.625,0.0,2.733333,145.825086,0.5617212005745523,-0.8273265938098954,0.0,0.0,0.0,-23.274642857142908,4.268704094330043,2.733333,0.0,5.437333333333333,1.1805057745917962,0.2678571667729613,1.6399998,-3.932499999999999,0.9335418911179212,0.3584683215124808,0.1492646211460795,414.0,2.32,1.63,2.7,1.63,0,1.1293333333333333,7.541142857142854,414.0,0,463.6666666666667,545.4285714285714,0.0100000000000002,2.676666666666667,0.02,2.286666666666666,960.48,4.401,107989.34699999998,5.216876666666666,0.0
2023-03-12,13.796666666666669,7.3685,8.344166666666666,550.9443333333334,307.38383333333337,4.2215,0.1598333333333333,0.1545,3.915666666666666,58362,宝山,宝山区,1029.345833,8.379167,59.166667,0.7,3.495833,14.052623,0.2428129563210407,0.970073125203784,0.6999999999999964,0.6999999999999857,0.0,-30.236880952380943,4.344666545534653,5.942916099999988,1.1141666689999772,5.6205,1.2047018624572887,0.1924619209277897,2.2374997999999997,5.417499666666666,0.9395699859530622,0.342356891994542,0.121496502432267,346.0,2.35,4.4,2.7,4.4,0,2.78,4.312571428571426,346.0,0,431.0,509.8571428571428,0.0,2.6966666666666668,0.0300000000000002,2.3233333333333333,813.1,11.880000000000004,106354.80633333334,9.221515000000062,0.0
2023-03-13,13.638333333333334,7.341666666666666,8.251,563.655,245.85,3.9685,0.1423333333333333,0.1466666666666666,4.014166666666667,58362,宝山,宝山区,1021.695833,10.104167,44.541667,0.0,2.566667,138.627776,0.6609481467946449,-0.7504315739950742,0.6999999999999964,0.6999999999999857,7.650000000000091,-9.98666666666668,4.2631007970889705,4.363333899999991,1.0117916689999793,5.623166666666667,1.2544279741543138,0.0839160815687803,3.2100002000000174,3.5341663333333333,0.945320046913132,0.3261441535642696,0.1592734502895431,804.0,2.44,26.1,2.72,26.1,0,10.71,6.778285714285711,804.0,0,521.3333333333334,533.4285714285714,0.02,2.706666666666667,0.0899999999999998,2.37,1961.76,70.992,197663.4,22.12649999999995,0.0
2023-03-14,14.268333333333333,7.310833333333334,7.5595,599.7996666666667,276.6335,4.533333333333334,0.1706666666666666,0.1495,4.571000000000001,58362,宝山,宝山区,1014.708333,14.65,48.833333,0.0,3.4125,160.83533,0.3282842583398579,-0.9445789780247332,0.6999999999999964,0.6999999999999857,6.9874999999999545,26.72957142857149,4.532770031584765,5.801249999999988,1.0418333309999788,6.236666666666667,1.0500763994999305,0.0826446280991738,3.58499999999999,-0.3816666666666677,0.9507903724625832,0.3098349038318025,0.1393260243921622,1080.0,2.33,26.3,2.68,26.3,0,18.933333333333334,9.373999999999995,1080.0,0,743.3333333333334,597.1428571428571,-0.04,2.7000000000000006,-0.1099999999999998,2.373333333333333,2516.4,70.48400000000001,298764.18000000005,30.42968499999995,0.0
2023-03-15,14.765,7.3385,7.627833333333334,598.9723333333333,229.35833333333332,4.1985,0.1889999999999999,0.1346666666666666,4.241833333333333,58362,宝山,宝山区,1022.4125,13.604167,61.375,0.0,3.3125,35.442589,0.5798869116412109,0.8146969802983306,0.0,0.6999999999999857,0.0,24.42342857142853,5.233375394811511,3.3125,1.129624999999977,5.7775,1.1327063482242297,0.2318840579710145,1.9875,1.1608330000000002,0.9559793438440766,0.2934339689665273,0.171009738438976,641.0,2.11,26.4,2.58,26.4,0,26.26666666666667,12.369714285714284,641.0,0,841.6666666666666,608.8571428571429,-0.1,2.66,-0.2200000000000002,2.293333333333333,1352.51,68.112,147018.69166666665,50.458833333333374,0.0
2023-03-16,14.731666666666667,7.3475,7.949666666666666,613.0548333333334,152.76283333333333,3.5865,0.1833333333333333,0.1078333333333333,3.857333333333333,58362,宝山,宝山区,1025.241667,10.2125,60.75,7.7,4.5875,66.342724,0.915962060938845,0.4012648787530046,7.699999999999997,8.399999999999986,0.0,32.991142857142904,8.789475954556952,39.91124999999998,13.502999999999975,5.119,1.3593433839664857,0.0752587017873941,4.2925,4.519166666666667,0.9608854255574976,0.2769462022689364,0.2396207937844227,654.0,2.25,25.4,2.54,25.4,0,26.03333333333333,16.077142857142857,654.0,0,791.6666666666666,638.8571428571429,-0.04,2.6,0.1400000000000001,2.23,1471.5,64.51599999999999,99906.893,21.386796666666683,0.0
2023-03-17,14.61,7.347333333333334,8.112833333333333,665.8183333333333,122.56016666666666,3.5171666666666668,0.2746666666666666,0.1108333333333333,3.9475,58362,宝山,宝山区,1021.720833,7.7375,86.125,20.5,2.908333,347.732897,-0.2124693697629976,0.9771677271136796,28.2,28.899999999999984,3.520834000000036,71.3123095238094,3.526264679570928,84.92332359999999,53.790124999999975,5.3305,1.3750176548685065,0.028066892498497,8.089166600000006,6.8725,0.9655071658143364,0.2603764827344581,0.2767389664864133,720.0,2.31,21.4,2.52,21.4,0,24.4,18.804285714285715,720.0,0,671.6666666666666,665.5714285714286,-0.02,2.546666666666667,0.06,2.223333333333333,1663.2,53.928,88243.31999999999,7.35361,0.0
2023-03-18,14.591666666666669,7.3235,7.601333333333334,669.9413333333333,118.26783333333331,3.605833333333333,0.3348333333333333,0.1191666666666666,3.92,58362,宝山,宝山区,1022.879167,9.266667,71.083333,0.0,1.85,47.370539,0.7357489459887196,0.6772543750146529,28.2,28.899999999999984,0.0,61.05764285714292,3.211135550079132,54.02,49.44308323699997,5.4465,1.2395499266184704,0.0322061191626409,6.75,5.324999666666667,0.969843196967294,0.2437297136096838,0.282740208893252,803.0,2.27,33.1,2.57,33.1,0,26.633333333333336,23.3,803.0,0,725.6666666666666,721.1428571428571,0.0499999999999998,2.543333333333333,-0.04,2.276666666666667,1822.81,85.067,94969.07016666666,4.730713333333333,0.0
2023-03-19,14.386666666666663,7.346166666666666,7.570666666666667,666.5151666666667,139.84233333333333,3.584,0.2781666666666667,0.1273333333333333,3.671666666666667,58362,宝山,宝山区,1018.104167,10.9125,66.333333,0.0,2.495833,108.828923,0.9464864592758436,-0.3227435241913877,20.5,28.199999999999985,4.775000000000091,41.12135714285728,4.858105139113808,53.66040949999999,46.90599990599998,5.223166666666667,1.2339119332844375,0.0347574225605493,6.552499800000017,3.4741666666666653,0.9738922359149924,0.2270108209414184,0.2545184823885855,759.0,2.26,33.1,2.57,33.1,0,29.200000000000003,27.4,759.0,0,760.6666666666666,780.1428571428571,0.0,2.553333333333333,-0.0100000000000002,2.28,1715.34,85.067,106140.33099999999,1.398423333333361,0.0
2023-03-20,14.31,7.3455,7.381,665.564,219.9621666666667,4.006833333333334,0.2746666666666666,0.1455,3.789,58362,宝山,宝山区,1010.920833,12.779167,86.916667,25.6,1.75,104.647395,0.9675003279540706,-0.2528697597751969,25.6,53.79999999999998,7.183333999999945,25.611761904761806,3.443125573919624,46.55,100.56116684599996,5.518666666666666,1.095672827135753,0.0281425885901953,7.606666799999989,1.5308330000000012,0.977653084481664,0.2102247521189836,0.1780782775044526,619.0,2.24,28.0,2.58,28.0,0,31.4,27.67142857142857,619.0,0,727.0,753.7142857142857,0.0100000000000002,2.5733333333333337,-0.0199999999999995,2.2566666666666664,1386.5600000000002,72.24000000000001,136156.58116666667,4.399243333333224,0.0
2023-03-21,14.339999999999998,7.311166666666666,6.998666666666668,654.6068333333334,273.81916666666666,4.3196666666666665,0.4151666666666667,0.1845,4.064166666666667,58362,宝山,宝山区,1007.6125,13.1875,93.583333,0.0,1.566667,67.919897,0.9266592257098556,0.3759024865664108,25.6,53.79999999999998,3.308333000000061,6.8250000000000455,3.0184334291651824,41.6733422,104.14783315399995,6.324333333333334,0.9233272499395326,0.0317712470214455,6.721666800000013,1.152499999999998,0.981124629771712,0.1933764744102058,0.1410553846320763,493.0,2.27,0.708,2.58,0.708,0,20.602666666666668,24.01542857142857,493.0,0,623.6666666666666,669.8571428571429,0.0,2.5766666666666667,0.0299999999999998,2.2566666666666664,1119.11,1.82664,134992.84916666665,8.214574999999945,0.0
2023-03-22,14.476666666666668,7.289833333333333,6.628666666666667,637.8183333333333,270.2815,4.396333333333334,0.4546666666666667,0.2031666666666666,4.144333333333333,58362,宝山,宝山区,1006.391667,14.433333,90.0,1.2,2.408333,341.383971,-0.3192244433904532,0.9476791412403542,26.8,54.99999999999999,1.2208329999999703,-15.512928571428574,3.17713176142386,66.95165739999999,104.49999999999996,6.630666666666666,0.8409167794316644,0.0318175798874205,7.049166399999994,0.0433336666666672,0.984305844499033,0.1764709734915216,0.1432545178092462,467.0,2.45,5.27,2.77,5.27,0,11.326000000000002,20.99685714285714,467.0,0,526.3333333333334,645.0,0.1899999999999999,2.643333333333333,0.1800000000000001,2.3200000000000003,1144.15,14.5979,126221.4605,48.65067000000003,0.0
2023-03-23,14.656666666666666,7.254,6.700333333333333,645.9973333333334,301.66283333333337,4.3133333333333335,0.3361666666666667,0.178,4.0405,58362,宝山,宝山区,1014.9875,11.316667,69.583333,0.0,3.366667,0.516396,0.0090126884250624,0.9999593848988833,1.1999999999999964,47.29999999999998,0.0,-12.040000000000076,3.397009720701939,7.406667399999989,80.21291650899997,6.156666666666667,0.9018552168158468,0.1796407078059457,2.2600001999999995,3.3399996666666656,0.9871957872910084,0.1595132519726365,0.124674924090646,494.0,2.52,9.44,2.79,9.44,0,5.139333333333336,18.71685714285714,494.0,0,484.6666666666667,622.1428571428571,0.02,2.7133333333333334,0.0699999999999998,2.4133333333333336,1244.88,26.3376,149021.43966666667,21.116398333333276,0.0
2023-03-24,14.338333333333331,7.284,7.031333333333333,682.2835,316.081,4.107833333333333,0.3061666666666666,0.1783333333333333,3.893166666666666,58362,宝山,宝山区,1021.4375,8.408333,64.958333,1.3,2.525,12.469466,0.2159192966984749,0.9764112132258804,2.4999999999999964,28.099999999999984,0.0,21.894000000000005,3.0701962241636496,8.837499999999991,46.35329157299997,5.982666666666666,0.9769359021859948,0.1659751037344399,2.0149999999999992,5.930000333333332,0.9897936029670716,0.1425083279161708,0.1167758270007397,431.0,2.56,7.52,2.82,7.52,0,7.410000000000001,16.733999999999998,431.0,0,464.0,580.8571428571429,0.0299999999999998,2.793333333333333,0.04,2.51,1103.36,21.2064,136230.91100000002,12.64324,0.0
2023-03-25,14.216666666666669,7.249666666666666,6.363,715.8993333333333,309.9891666666667,4.115166666666666,0.1889999999999999,0.173,3.744,58362,宝山,宝山区,1019.925,8.8625,66.041667,0.0,1.979167,345.600949,-0.2486738443187286,0.9685872800897938,1.2999999999999965,28.099999999999984,1.5125000000000457,48.94440476190482,2.471334066438765,4.552084099999992,46.65770842699997,5.663,0.9045847648382892,0.1726618605662226,1.7500002000000083,5.354166666666666,0.992098522791769,0.1254612333527364,0.1200685463830444,717.0,2.61,7.93,2.84,7.93,0,8.296666666666669,13.138285714285711,717.0,0,547.3333333333334,568.5714285714286,0.02,2.8166666666666664,0.0499999999999998,2.563333333333333,1871.37,22.5212,222262.2325,15.499458333333273,0.0
2023-03-26,14.186666666666667,7.269166666666667,6.502333333333333,872.0396666666667,288.4096666666667,4.3933333333333335,0.2245,0.1795,3.903,58362,宝山,宝山区,1022.220833,10.779167,60.958333,0.0,1.9625,56.206689,0.8310494083838774,0.5561985983664535,1.2999999999999965,28.099999999999984,0.0,175.7240952380953,3.5934344639533595,4.513749999999993,45.229291572999976,5.9225,0.8771724711648716,0.2346041055718477,1.4374999999999991,3.407499666666668,0.9941098647022418,0.108377012791876,0.1322750112664685,700.0,2.51,7.91,2.83,7.91,0,7.786666666666669,9.539714285714282,700.0,0,616.0,560.1428571428571,-0.0099999999999997,2.83,-0.1,2.56,1756.9999999999998,22.3853,201886.76666666666,28.84096666666667,0.0
2023-03-27,14.168333333333337,7.308666666666667,7.084833333333333,1147.6381666666666,282.41283333333337,4.196333333333333,0.166,0.1601666666666666,3.5481666666666665,58362,宝山,宝山区,1023.170833,11.2625,58.333333,0.0,1.625,105.831988,0.9620658306269106,-0.272817406959586,0.0,2.4999999999999822,0.0,382.4548571428571,3.18835697476873,1.625,3.958333324999972,5.315833333333333,1.0173511391920351,0.3809523809523809,0.975,2.9058333333333355,0.9958270335100596,0.0912607217293118,0.1358290244121605,953.0,2.49,12.8,2.81,12.8,0,9.546666666666669,7.368285714285711,953.0,0,790.0,607.8571428571429,-0.02,2.8266666666666667,-0.0199999999999995,2.536666666666666,2372.9700000000003,35.968,269139.4301666667,5.648256666666526,0.0
2023-03-28,14.338333333333331,7.303333333333334,7.0921666666666665,1198.9896666666666,247.38066666666663,4.521666666666667,0.1846666666666666,0.1591666666666666,3.7131666666666665,58362,宝山,宝山区,1023.204167,14.283333,48.833333,0.0,2.495833,104.331418,0.9688801444273052,-0.2475303329584562,0.0,2.4999999999999822,0.0,356.037380952381,4.913996037506434,2.495833,3.720833324999974,5.4895,0.9717959258244266,0.2860548544509992,1.4974998000000002,0.0550003333333322,0.9972495210773452,0.0741174251509443,0.1582242081360573,1060.0,2.4,31.2,2.78,31.2,0,17.303333333333338,11.724285714285712,1060.0,0,904.3333333333334,688.8571428571429,-0.0300000000000002,2.806666666666666,-0.0900000000000003,2.466666666666667,2544.0,86.73599999999999,262223.50666666665,22.26426000000007,0.0
2023-03-29,14.563333333333333,7.338333333333334,7.277166666666666,1145.7843333333333,171.98216666666667,4.269666666666667,0.2226666666666666,0.1351666666666666,3.482166666666666,58362,宝山,宝山区,1019.929167,13.979167,69.625,5.1,2.195833,104.622527,0.967609989498487,-0.252449813275308,5.099999999999996,6.399999999999982,3.2749999999999773,230.2654761904762,4.320542946070431,13.394581299999992,10.85599999999997,5.0565,1.0632914474965909,0.0864242012653715,2.9924997999999947,0.5841663333333322,0.998376906467142,0.0569521960340397,0.219629898697987,1050.0,2.29,33.9,2.68,33.9,0,25.96666666666667,15.814285714285711,1050.0,0,1021.0,772.1428571428571,-0.0999999999999996,2.7566666666666664,-0.1099999999999998,2.393333333333333,2404.5,90.852,180581.275,18.9180383333333,0.0
2023-03-30,14.615,7.303166666666667,7.020166666666667,739.2991666666667,122.36883333333331,3.928,0.3401666666666667,0.1143333333333333,3.554,58362,宝山,宝山区,1018.275,12.791667,71.208333,0.9,1.566667,76.635165,0.9729179291107442,0.2311508235219184,5.9999999999999964,7.299999999999982,1.6541670000000297,-189.5485238095237,3.0909054132461424,10.966668999999994,12.498208308999969,5.0375,1.0949335828849205,0.097839373968895,2.470833600000005,1.823333,0.9992088560679752,0.0397701138460557,0.2770020053257634,1090.0,2.25,25.9,2.61,25.9,0,30.33333333333333,18.165714285714284,1090.0,0,1066.6666666666667,857.2857142857143,-0.0700000000000002,2.69,-0.04,2.313333333333333,2452.5,67.59899999999999,133382.02833333332,4.894753333333333,0.0
2023-03-31,14.823333333333332,7.283833333333334,7.0395,624.648,93.628,3.7876666666666665,0.3758333333333333,0.0994999999999999,3.4133333333333336,58362,宝山,宝山区,1016.979167,14.5125,70.458333,0.0,2.104167,67.266096,0.9223095732916536,0.3864518741247971,5.9999999999999964,5.999999999999982,1.295833000000016,-295.9660476190476,4.044860367904379,14.729168999999992,10.227499979999967,4.784166666666667,1.1430543151741497,0.096153846153846,2.721666800000002,0.3108333333333331,0.9997451236925734,0.0225762630415454,0.3220199720216384,939.0,2.19,24.1,2.58,24.1,0,27.96666666666667,20.534285714285712,939.0,0,1026.3333333333333,929.8571428571428,-0.0299999999999998,2.623333333333333,-0.06,2.243333333333333,2056.41,62.178,87916.692,5.61768,0.0
2023-04-01,15.261666666666663,7.2575,7.144333333333333,640.128,82.96733333333333,3.6506666666666665,0.3541666666666667,0.0918333333333333,3.3095,58362,宝山,宝山区,1015.336842,13.221053,68.894737,0.0,1.168421,123.5138485,0.8337523934808619,-0.5521385209935402,0.8999999999999965,5.999999999999982,1.6423249999999143,-269.6615714285714,2.142594805343302,2.2199998999999955,10.13368421999997,4.582,1.2061678719153606,0.2122806026901087,1.209517599999982,2.040613666666665,0.9999855506507186,0.0053757315575838,0.3423076396141336,801.0,2.18,34.7,2.55,34.7,0,28.23333333333333,24.358571428571423,801.0,0,943.3333333333334,941.8571428571428,-0.0300000000000002,2.58,-0.0099999999999997,2.2066666666666666,1746.18,88.485,66456.834,0.8296733333333084,0.0
2023-04-02,15.721666666666666,7.297166666666667,7.118333333333333,646.5806666666666,96.62816666666669,3.691833333333333,0.3533333333333333,0.0963333333333333,3.2905,58362,宝山,宝山区,1016.404348,15.652174,76.652174,0.0,2.891304,96.527458,0.9935174909251022,-0.1136793526806407,0.0,5.999999999999982,0.0,-231.00047619047632,5.763865095581712,2.891304,10.599130439999968,4.607166666666667,1.1847105489445509,0.2569832631940347,1.7347823999999998,0.0694926666666653,0.9999300657962056,-0.0118263906918325,0.3167220981852018,557.0,2.2,25.5,2.49,25.5,0,28.100000000000005,26.871428571428567,557.0,0,765.6666666666666,921.4285714285714,-0.0599999999999996,2.5400000000000005,0.02,2.19,1225.4,63.495000000000005,53821.888833333345,1.9325633333333339,0.0
2023-04-03,15.956666666666663,7.384,7.508833333333333,634.3035,110.615,3.6606666666666654,0.3138333333333333,0.1021666666666666,3.160833333333333,58362,宝山,宝山区,1012.8,17.475,75.416667,19.2,4.979167,129.259638,0.7742862027051147,-0.6328355839398524,19.2,25.19999999999998,3.6043480000000727,-169.9441190476191,8.83446730906462,100.5791734,44.20500008399997,4.496333333333333,1.2522722850710175,0.034742108460346,7.548369800000014,-1.5183333333333362,0.9995786855478958,-0.0290250133219752,0.2939963877889547,290.0,2.26,23.5,2.5,23.5,0,27.9,28.4,290.0,0,549.3333333333334,826.7142857142857,0.0099999999999997,2.5133333333333336,0.0599999999999996,2.2133333333333334,655.4,58.75,32078.35,6.636899999999955,0.0
2023-04-04,16.82,7.4762,7.7918,493.2443999999999,95.9446,3.5865,0.3736,0.189,3.3948,58362,宝山,宝山区,1007.991667,17.9625,85.166667,2.7,4.3375,205.366102,-0.4284006165607792,-0.903588906378528,21.899999999999995,27.89999999999998,4.808332999999948,-210.1824666666668,6.1956876743323805,99.32875,51.66150009299997,5.6584,1.137472445657728,0.0312053052264237,7.944166599999988,-1.1424999999999983,0.9989315138848576,-0.0462150469837083,0.3179147175636919,425.0,2.26,17.6,2.54,17.6,0,22.2,26.457142857142856,425.0,0,424.0,736.0,0.04,2.51,0.0,2.24,960.5,44.70400000000001,40776.454999999994,0.0,0.0
2023-04-05,16.505,7.4045,7.4515,591.7068333333333,163.569,5.358833333333333,0.2888333333333333,0.1305,3.0935,58362,宝山,宝山区,1014.991667,13.141667,68.625,0.0,3.345833,285.75297,-0.9624411646977624,0.2714903395983261,21.899999999999995,22.799999999999983,0.0,-32.56610476190474,6.566000409404209,76.61957569999998,38.44649999999997,4.687333333333333,0.93698130606086,0.0381012864023024,6.387499799999999,3.363332999999999,0.9979887423155984,-0.0633914048695103,0.2280926403982172,653.0,2.38,10.6,2.58,10.6,0,17.233333333333334,23.12857142857143,653.0,0,456.0,679.2857142857143,0.04,2.54,0.1200000000000001,2.2999999999999994,1554.14,27.348,106810.55699999999,19.628280000000014,0.0
2023-04-06,16.341666666666665,7.426333333333333,7.549333333333334,553.0063333333334,184.043,3.828,0.1981666666666666,0.1313333333333333,2.965,58362,宝山,宝山区,1016.845833,11.125,81.25,3.1,1.9,284.928726,-0.9662470409292936,0.2576172662990271,5.799999999999997,24.999999999999982,0.0,-44.65334285714289,3.735869377765658,12.919999999999996,45.312499999999964,4.4765,1.1908404974104163,0.1149425287356322,2.2999999999999994,5.216666666666665,0.9967506498213928,-0.0805490042187416,0.2081898104091947,372.0,2.35,2.17,2.63,2.17,0,10.123333333333331,19.738571428571426,372.0,0,483.3333333333333,576.7142857142857,0.0499999999999998,2.583333333333333,-0.0299999999999998,2.33,874.2,5.7071,68463.996,5.521289999999963,0.0
2023-04-07,16.313333333333333,7.389833333333333,7.212499999999999,549.4975000000001,198.19766666666663,3.7095,0.2041666666666667,0.1351666666666666,2.823166666666667,58362,宝山,宝山区,1022.883333,12.454167,69.541667,0.0,2.495833,322.602747,-0.6073377514561079,0.7944437397677944,3.0999999999999965,24.999999999999982,0.0,-37.42639047619036,4.011646602229952,10.232915299999991,42.385416749999976,4.379,1.1511757820812938,0.1516108731073088,2.1174998,3.8591663333333326,0.9952176027737294,-0.0976827678217159,0.1956787494781382,560.0,2.43,0.358,2.71,0.358,0,4.376,16.34685714285714,560.0,0,528.3333333333334,522.5714285714286,0.08,2.64,0.08,2.3866666666666667,1360.8000000000002,0.97018,110990.69333333331,15.855813333333332,0.0
2023-04-08,16.52,7.367,7.174833333333333,543.9963333333334,177.90833333333333,3.5231666666666666,0.1431666666666666,0.1275,2.7961666666666667,58362,宝山,宝山区,1023.9875,13.208333,43.0,0.0,1.9875,105.792545,0.9622534129367264,-0.2721550464195394,3.0999999999999965,24.999999999999982,0.0,-29.19446190476185,3.899978658211744,8.148749999999993,35.74999999999997,4.214333333333333,1.2076133303411132,0.1642710472279261,1.8124999999999991,3.311667,0.9933900548258936,-0.114787625522127,0.2139123662963772,477.0,2.42,4.08,2.74,4.08,0,2.2026666666666666,11.972571428571426,477.0,0,469.6666666666667,476.2857142857143,0.0300000000000002,2.6933333333333334,-0.0100000000000002,2.4,1154.34,11.179200000000002,84862.275,1.7790833333333689,0.0
2023-04-09,16.683333333333334,7.296500000000001,6.590833333333333,579.2955000000001,172.302,3.8245,0.1178333333333333,0.1283333333333333,2.9765,58362,宝山,宝山区,1017.352174,15.895652,50.0,0.0,2.878261,158.195877,0.3714346483591846,-0.9284591008753638,0.0,24.999999999999982,6.635325999999964,15.716871428571494,3.947346862420955,2.878261,37.49999999999997,4.377666666666666,1.0586550302511109,0.095115016406865,3.054021799999993,0.7876813333333335,0.9912685467787256,-0.1318585157173911,0.2193163590503712,613.0,2.45,4.73,2.74,4.73,0,3.056,9.005428571428569,613.0,0,550.0,484.2857142857143,0.0,2.73,0.0300000000000002,2.4333333333333336,1501.85,12.960200000000002,105621.12599999999,5.169060000000035,0.0
2023-04-10,17.05666666666667,7.286333333333334,6.552166666666667,588.567,187.7495,3.9621666666666666,0.1396666666666666,0.129,3.1308333333333334,58362,宝山,宝山区,1010.709091,21.177273,56.863636,0.0,3.759091,167.795888,0.2113949430352243,-0.9774007254238838,0.0,5.799999999999983,6.643083000000047,31.522157142857168,4.553743827809225,3.759091,9.098090887999971,4.5605,1.025084091679487,0.0877025732110381,3.5840712000000097,-4.120606333333331,0.9888537064205885,-0.1488903868564548,0.2048235407047491,633.0,2.38,3.83,2.73,3.83,0,4.213333333333334,6.195428571428569,633.0,0,574.3333333333334,533.2857142857143,-0.0100000000000002,2.736666666666667,-0.0700000000000002,2.4166666666666665,1506.54,10.4559,118845.43350000001,13.142465000000039,0.0
2023-04-11,17.58,7.298999999999999,6.4623333333333335,588.3246666666666,195.97083333333333,4.075,0.0991666666666666,0.1311666666666666,3.2695000000000003,58362,宝山,宝山区,1014.116667,19.191667,56.0,0.0,2.9625,6.562391,0.1142850750227583,0.9934479964381844,0.0,3.0999999999999823,0.0,17.696928571428543,3.3010695347549217,2.9625,4.835999999999973,4.6803333333333335,0.9963767184890144,0.252365930599369,1.7775,-1.6116670000000006,0.986146248341595,-0.1658781989346314,0.1975869042553349,653.0,2.35,2.44,2.72,2.44,0,3.6666666666666674,4.029714285714283,653.0,0,633.0,565.8571428571429,-0.0099999999999997,2.7300000000000004,-0.0299999999999998,2.393333333333333,1534.55,6.6368,127968.95416666666,5.879124999999961,0.0
2023-04-12,17.448333333333334,7.286666666666666,6.5735,591.5906666666666,151.84683333333334,3.812333333333333,0.0596666666666666,0.1206666666666666,3.0305,58362,宝山,宝山区,1019.152632,15.831579,37.631579,0.0,2.736842,100.365757,0.9836791829724068,-0.1799312785113758,0.0,3.0999999999999823,0.0,20.979523809523695,5.4290165024845685,2.736842,4.266578948999976,4.296833333333334,1.0814049133581929,0.2676056413410039,1.6421052,1.6167543333333343,0.98314697372215,-0.1828169249850199,0.2406349670904303,526.0,2.35,27.0,2.71,27.0,0,11.090000000000002,6.372571428571425,526.0,0,604.0,547.7142857142857,-0.0100000000000002,2.72,0.0,2.36,1236.1,73.17,79871.43433333334,0.0,0.0
2023-04-13,17.509999999999998,7.26525,6.5325,597.073,131.522,3.7025,0.06,0.1085,3.03575,58362,宝山,宝山区,1011.873913,18.73913,65.0,0.0,2.578261,140.996456,0.6293684597964659,-0.7771070336919003,0.0,0.0,7.278719000000024,20.166619047619065,4.200937154523296,2.578261,0.0,4.18075,1.1171440786660969,0.0921066447575659,3.0027004000000046,-1.2291300000000014,0.9798567700958664,-0.1997015525660636,0.2648540490330731,885.0,2.42,34.8,2.63,34.8,0,21.413333333333338,11.033999999999995,885.0,0,688.0,621.0,-0.08,2.686666666666667,0.0699999999999998,2.373333333333333,2141.7,91.524,116396.96999999999,9.206539999999974,0.0
2023-04-14,18.03333333333333,7.25,6.349,613.7586666666666,92.249,3.682,0.134,0.104,2.9850000000000003,58362,宝山,宝山区,1008.5125,19.1375,76.125,0.0,2.395833,314.912508,-0.7081857250011092,0.7060261885402364,0.0,0.0,3.3614129999999705,27.67211904761905,4.092527730086583,2.395833,0.0,4.159000000000001,1.0841871584699452,0.1479892843918964,2.109782399999994,-1.104166666666668,0.976276611086932,-0.2165270852448143,0.3245116946788209,799.0,2.24,34.8,2.61,34.8,0,32.2,15.954285714285712,799.0,0,736.6666666666666,655.1428571428571,-0.02,2.65,-0.1799999999999997,2.3366666666666664,1789.7600000000002,90.828,73706.951,16.60481999999997,0.0
2023-04-15,18.148333333333333,7.238499999999999,6.509666666666667,624.2011666666666,80.18016666666666,3.6485,0.17,0.0968333333333333,2.9375,58362,宝山,宝山区,1007.491667,17.6,70.125,0.0,2.8375,190.038204,-0.1743047946321209,-0.9846917479943936,0.0,0.0,1.0208330000000387,26.65678571428566,3.3320898547686437,2.8375,0.0,4.075833333333334,1.1249099968318883,0.2058319180673683,1.906666600000008,0.548333333333332,0.9724075561219968,-0.2332885440754551,0.348037359969614,728.0,2.24,36.9,2.62,36.9,0,35.5,20.64285714285714,728.0,0,804.0,691.0,0.0100000000000002,2.62,0.0,2.3000000000000003,1630.7200000000005,96.678,58371.16133333333,0.0,0.0
2023-04-16,18.46333333333333,7.275833333333334,6.807166666666667,625.4895,82.94816666666667,3.661,0.1718333333333333,0.0963333333333333,2.901,58362,宝山,宝山区,1009.541667,18.695833,61.875,0.0,2.85,102.529617,0.9761839959894312,-0.2169442462341562,0.0,0.0,0.0,21.34597619047622,5.632124388569879,2.85,0.0,4.0361666666666665,1.174425626132214,0.2597402597402597,1.71,-0.2324996666666656,0.9682507501166718,-0.2499809690726521,0.3423463883070616,673.0,2.31,40.6,2.58,40.6,0,37.43333333333333,25.76714285714285,673.0,0,733.3333333333334,699.5714285714286,-0.04,2.603333333333333,0.0699999999999998,2.2633333333333336,1554.63,104.748,55824.11616666667,5.80637166666665,0.0
2023-04-17,18.851666666666667,7.294833333333333,6.897166666666667,604.048,99.52083333333331,3.789,0.2195,0.1073333333333333,2.872,58362,宝山,宝山区,1008.5375,23.454167,60.041667,0.0,3.858333,167.557524,0.2154593202308156,-0.976512816774913,0.0,0.0,1.0041669999999383,-2.3070952380952576,4.689646805404124,3.858333,0.0,4.164833333333333,1.1340604532624483,0.1705756929637544,2.5158331999999874,-4.602500333333335,0.9638074231367308,-0.2665994206792935,0.3117660147042894,457.0,2.29,31.4,2.54,31.4,0,36.3,29.705714285714283,457.0,0,619.3333333333334,674.4285714285714,-0.04,2.58,-0.02,2.28,1046.53,79.756,45481.02083333332,1.9904166666666663,0.0
2023-04-18,19.265,7.333833333333334,6.996666666666667,578.4243333333334,131.97466666666665,3.823166666666667,0.1366666666666667,0.1145,2.819333333333333,58362,宝山,宝山区,1007.275,25.995833,59.541667,0.0,2.241667,171.868494,0.1414456082166477,-0.9899460287895612,0.0,0.0,1.2625000000000457,-26.51642857142849,2.558740952234188,2.241667,0.0,4.101,1.1460864342460892,0.2220166348183782,1.5975002000000091,-6.7308330000000005,0.9590788900341132,-0.2831389812281835,0.2642752589041059,500.0,2.31,32.0,2.57,32.0,0,34.666666666666664,33.92857142857142,500.0,0,543.3333333333334,652.5714285714286,0.0299999999999998,2.563333333333333,0.02,2.303333333333333,1155.0,82.24,65987.33333333333,2.6394933333333332,0.0
2023-04-19,19.466666666666665,7.319,7.021833333333333,537.8883333333333,161.49366666666666,3.7746666666666666,0.0633333333333333,0.1231666666666666,2.691333333333333,58362,宝山,宝山区,1007.0375,19.595833,82.208333,0.0,2.345833,92.056465,0.9993559482555762,-0.0358843794177652,0.0,0.0,0.2374999999999545,-59.38066666666669,4.690155162164223,2.345833,0.0,3.9863333333333335,1.1568729749025208,0.2790697934018448,1.4549997999999909,-0.1291663333333339,0.9540665500578388,-0.2995947563972602,0.2302467310187114,245.0,2.32,13.0,2.57,13.0,0,25.46666666666667,31.928571428571423,245.0,0,400.6666666666667,612.4285714285714,0.0,2.56,0.0099999999999997,2.306666666666666,568.4,33.41,39565.948333333334,1.614936666666618,0.0
2023-04-20,19.763333333333332,7.317,6.9165,529.8083333333333,173.968,3.727833333333333,0.0628333333333333,0.1235,2.699666666666667,58362,宝山,宝山区,1009.626087,18.486957,82.956522,0.0,2.465217,60.372923,0.8692614039886807,0.4943527197615359,0.0,0.0,0.0,-57.85142857142864,4.608134990556764,2.465217,0.0,3.9975,1.1478397964263982,0.2885822157746542,1.4791302,1.2763763333333351,0.9487718864399473,-0.3159618766579029,0.2176924432909813,337.0,2.45,6.7,2.65,6.7,0,17.233333333333334,27.91428571428571,337.0,0,360.6666666666667,534.1428571428571,0.08,2.5966666666666662,0.1300000000000003,2.36,825.6500000000001,17.755,58627.21599999999,22.615840000000052,0.0
2023-04-21,19.69833333333333,7.362999999999999,7.366499999999999,472.2413333333333,173.9755,3.5893333333333337,0.0541666666666666,0.123,2.621833333333333,58362,宝山,宝山区,1016.091667,14.916667,57.208333,0.0,3.408333,25.944974,0.4375077565512701,0.8992146367566948,0.0,0.0,0.0,-95.20166666666664,4.89950512440966,3.408333,0.0,3.906,1.2541925598025028,0.2268431173416346,2.0449998,4.781666333333334,0.9431964659565866,-0.3322354987159043,0.2176851677618345,97.9,2.45,4.7,2.7,4.7,0,8.133333333333333,23.61428571428571,97.9,0,226.63333333333333,433.9857142857143,0.0500000000000002,2.64,0.0,2.4066666666666667,239.855,12.69,17032.20145,0.0,0.0
2023-04-22,19.543333333333333,7.384333333333333,7.395500000000001,478.25466666666665,178.01633333333334,3.4363333333333337,0.0623333333333333,0.1221666666666666,2.491,58362,宝山,宝山区,1017.558333,16.783333,61.875,0.0,3.429167,67.636602,0.9247892823835944,0.3804796751318482,0.0,0.0,0.0,-68.33883333333341,6.600423889103503,3.429167,0.0,3.775,1.292844239846163,0.2257760883705672,2.0575002,2.760000333333334,0.9373419384643772,-0.3484108069446808,0.2138099348295061,229.0,2.57,2.51,2.72,2.51,0,4.636666666666667,18.70142857142857,229.0,0,221.3,362.7,0.02,2.69,0.1199999999999996,2.49,588.53,6.8272,40765.740333333335,21.36195999999993,0.0
2023-04-23,19.42333333333333,7.362333333333333,7.263666666666666,487.34,153.77783333333332,3.776666666666667,0.0626666666666666,0.129,2.6641666666666666,58362,宝山,宝山区,1020.154167,14.304167,80.208333,7.0,3.904167,61.178788,0.8761282655140974,0.4820780666730849,6.9999999999999964,6.999999999999982,0.0,-39.51785714285717,7.324718061987378,31.233335999999987,12.614583309999968,4.0168333333333335,1.1850663476180117,0.0840041978577753,3.7425002,5.119166333333332,0.9312100364121948,-0.3644830148102912,0.2385040425327256,150.0,2.57,0.924,2.72,0.924,0,2.7113333333333336,13.033428571428567,150.0,0,158.96666666666667,287.9857142857143,0.0,2.7133333333333334,0.0,2.53,385.5,2.5132800000000004,23066.675,0.0,0.0
2023-04-24,18.790000000000003,7.392333333333333,7.492,471.14183333333335,150.91566666666668,3.423166666666667,0.1033333333333333,0.1205,2.5868333333333333,58362,宝山,宝山区,1020.333333,13.620833,73.375,0.2,3.170833,45.620368,0.7147213568676289,0.6994093093727702,7.199999999999997,7.199999999999982,0.0,-36.72942857142857,5.437095064160655,26.000830599999983,12.48299999999997,3.895166666666667,1.307162173950973,0.0879443045201701,3.3424998,5.169167000000003,0.9248025743285088,-0.3804473662878516,0.2416721813947261,149.0,2.57,0.379,2.73,0.379,0,1.271,8.60185714285714,149.0,0,176.0,243.9857142857143,0.0099999999999997,2.723333333333334,0.0,2.57,382.93,1.03467,22486.434333333335,0.0,0.0
2023-04-25,18.69333333333333,7.333166666666667,6.8085,523.3163333333333,142.9466666666667,3.604333333333333,0.1318333333333333,0.1256666666666666,2.682166666666667,58362,宝山,宝山区,1016.145833,15.05,65.541667,0.0,2.004167,278.59357,-0.9887731563752918,0.1494243796428234,7.199999999999997,7.199999999999982,4.1875,23.317642857142857,3.9858335304932,16.43416939999999,11.919000023999972,4.070666666666667,1.1361070167144087,0.0694846538625442,3.480000199999999,3.643333333333331,0.9181214482844364,-0.3962991372689181,0.2508179552625841,758.0,2.64,8.35,2.76,8.35,0,3.2176666666666662,5.223285714285711,758.0,0,352.3333333333333,280.8428571428572,0.0299999999999998,2.736666666666667,0.0700000000000002,2.5933333333333333,2001.12,23.046,108353.57333333335,10.006266666666697,0.0
2023-04-26,18.94333333333333,7.317,6.608666666666667,580.5573333333333,127.02466666666668,3.7495,0.1093333333333333,0.1215,2.6991666666666667,58362,宝山,宝山区,1018.608333,16.804167,67.583333,0.0,2.366667,99.82832,0.9853236474322408,-0.1706965430547004,0.1999999999999964,7.199999999999982,0.0,74.46307142857142,4.69859996069752,2.840000399999992,12.065999975999972,4.0235,1.0880553192657028,0.2803738055725417,1.4600001999999994,2.139166333333332,0.9111686353326632,-0.4120336369594263,0.2707142693918194,770.0,2.46,32.2,2.74,32.2,0,13.643,7.966142857142855,770.0,0,559.0,355.8428571428572,-0.0199999999999995,2.7433333333333336,-0.1800000000000001,2.556666666666666,1894.2,88.22800000000001,97808.99333333335,22.864440000000016,0.0
2023-04-27,19.31833333333333,7.294666666666667,6.453166666666667,599.9953333333333,113.23516666666669,3.7776666666666663,0.0761666666666666,0.1116666666666666,2.772333333333333,58362,宝山,宝山区,1016.229167,18.5125,60.75,0.0,3.691667,146.326364,0.5544615545152419,-0.8322093393879579,0.0,7.199999999999982,2.3791660000000547,83.8743571428571,5.738554423572619,3.691667,11.573999999999971,3.9651666666666663,1.080841917204031,0.1414260526305729,2.690833400000011,0.8058333333333323,0.9039461929224012,-0.4276462092677746,0.2900579023901516,940.0,2.4,24.6,2.65,24.6,0,21.71666666666667,10.523285714285713,940.0,0,822.6666666666666,441.9857142857143,-0.0900000000000003,2.716666666666667,-0.06,2.5,2256.0,65.19,106441.05666666669,6.794110000000001,0.0
2023-04-28,19.73333333333333,7.317166666666666,6.463333333333334,612.8126666666666,104.88533333333334,3.8403333333333336,0.1063333333333333,0.1065,2.750166666666667,58362,宝山,宝山区,1011.133333,23.245833,63.0,0.3,2.491667,228.239472,-0.745935007867738,-0.6660187415060912,0.2999999999999964,7.499999999999982,5.095833999999968,76.61007142857136,4.350288643248783,3.2391670999999915,12.22499999999997,3.9215,1.0751316883836983,0.1125175682118071,2.574166999999993,-3.512499666666667,0.8964562582905575,-0.4431322341826345,0.3029411989182812,919.0,2.27,18.8,2.6,18.8,0,25.200000000000003,12.537571428571423,919.0,0,876.3333333333334,559.2857142857143,-0.0499999999999998,2.6633333333333336,-0.1299999999999999,2.3766666666666665,2086.13,48.88,96389.62133333333,13.635093333333323,0.0
2023-04-29,20.12333333333333,7.257000000000001,6.158166666666666,622.5615,96.49533333333332,3.8285,0.0821666666666666,0.0968333333333333,2.6468333333333334,58362,宝山,宝山区,1014.3625,14.945833,74.416667,4.2,1.879167,279.884576,-0.985155573701802,0.1716639030322716,4.4999999999999964,11.699999999999982,0.0,65.74364285714296,3.7304388439664944,10.335418499999994,20.406750038999967,3.697333333333333,1.0474854000113398,0.1355166511341999,2.0275001999999995,5.177500333333331,0.8887010478292915,-0.4584871291400876,0.3169531975826968,769.0,2.21,17.7,2.57,17.7,0,20.366666666666667,14.707571428571429,769.0,0,876.0,636.4285714285714,-0.0300000000000002,2.606666666666667,-0.06,2.293333333333333,1699.49,45.489,74204.91133333332,5.789719999999999,0.0
2023-04-30,19.88833333333333,7.289000000000001,6.329666666666667,622.9998333333333,90.5475,3.9376666666666655,0.066,0.0883333333333333,2.4845,58362,宝山,宝山区,1014.529167,17.5,56.166667,0.0,1.6,229.398649,-0.7592559622594057,-0.6507921202454312,4.4999999999999964,4.699999999999982,0.0,46.80199999999991,2.814809539615049,8.799999999999995,7.339833348999972,3.4338333333333333,1.0751939301285318,0.1408450704225353,1.8599999999999997,2.388333333333332,0.8806828564301475,-0.47370635037968,0.3276374266695721,847.0,2.25,16.2,2.56,16.2,0,17.566666666666666,16.889857142857142,847.0,0,845.0,736.0,-0.0099999999999997,2.5766666666666667,0.04,2.2433333333333336,1905.75,41.472,76693.7325,3.6219,0.0
2023-05-01,20.03833333333333,7.217,6.666833333333334,602.724,79.49016666666667,3.5556666666666668,0.1139999999999999,0.0924999999999999,2.5126666666666666,58362,宝山,宝山区,1017.741667,21.791667,35.583333,0.0,2.904167,145.593009,0.5650676762413112,-0.825044557140549,4.199999999999997,4.499999999999982,0.0,7.728714285714432,4.5452178981067,15.10166839999999,6.101249984999976,3.5516666666666663,1.1916408484270735,0.1233933111200695,2.5825001999999992,-1.75333366666667,0.8724040568049612,-0.4887853942889926,0.3494862073721858,620.0,2.19,23.0,2.54,23.0,0,18.96666666666667,20.12142857142857,620.0,0,745.3333333333334,803.2857142857143,-0.02,2.556666666666666,-0.06,2.216666666666667,1357.8,58.42,49283.903333333335,4.76941,0.0
2023-05-02,20.2,7.178999999999999,7.3066666666666675,553.5478333333334,79.4675,3.300333333333333,0.1158333333333333,0.0963333333333333,2.5345,58362,宝山,宝山区,1016.033333,22.183333,59.208333,0.0,5.470833,155.608197,0.4129741389683994,-0.9107427521223044,0.0,4.499999999999982,1.7083340000000362,-45.76623809523812,7.730145547614905,5.470833,7.164374984999971,3.6136666666666666,1.358242711528333,0.1222618391334955,3.624166600000007,-1.9833330000000016,0.8638670987837349,-0.503719798736334,0.3495340128040424,438.0,2.17,25.3,2.49,25.3,0,21.5,22.542857142857144,438.0,0,635.0,757.5714285714286,-0.0499999999999998,2.53,-0.02,2.203333333333333,950.46,62.99700000000001,34806.765,1.58935,0.0
2023-05-03,20.541666666666668,7.245166666666667,7.651499999999999,514.496,84.718,3.144666666666667,0.0693333333333333,0.0938333333333333,2.412,58362,宝山,宝山区,1009.745833,24.116667,79.833333,0.7,3.520833,161.732919,0.3134469165719377,-0.9496057237040776,0.6999999999999964,5.199999999999982,6.287500000000023,-75.38073809523803,4.624427247614726,5.985416099999988,9.351333315999968,3.419666666666666,1.4850553147441283,0.0868935579114714,3.509999800000004,-3.575000333333332,0.8550745085896932,-0.518505144391157,0.3388051583617613,395.0,2.21,24.3,2.47,24.3,0,24.2,21.41428571428571,395.0,0,484.3333333333333,704.0,-0.02,2.5,0.04,2.19,872.9499999999999,60.02100000000001,33463.61,3.38872,0.0
2023-05-04,21.091666666666665,7.208666666666667,7.314166666666666,517.6028333333334,113.21816666666666,3.509,0.1493333333333333,0.1119999999999999,2.513666666666667,58362,宝山,宝山区,1002.320833,25.108333,78.583333,8.0,2.5375,151.303166,0.4801750281356308,-0.8771726981358609,8.699999999999996,13.199999999999982,7.424999999999954,-60.5035476190476,3.7559441338941633,24.61374999999999,23.57299995599997,3.783,1.2657917507931928,0.0508582326764146,4.74749999999999,-4.016666333333333,0.8460288880917339,-0.533137056031809,0.2900831635144371,386.0,2.25,5.8,2.47,5.8,0,18.466666666666665,18.728571428571428,386.0,0,406.3333333333333,624.8571428571429,0.0,2.476666666666667,0.04,2.2100000000000004,868.5,14.326,43702.21233333333,4.528726666666667,0.0
2023-05-05,21.558333333333334,7.173166666666667,6.901833333333333,504.6761666666666,132.68716666666668,3.6136666666666666,0.1273333333333333,0.1223333333333333,2.543,58362,宝山,宝山区,1002.55,21.6625,88.375,11.2,2.275,310.252382,-0.7632056073308251,0.6461557095149638,19.899999999999995,24.09999999999998,0.0,-57.98214285714289,4.011292756677627,47.54749999999999,45.398374999999966,3.8936666666666655,1.1571843737774548,0.0431499460625674,5.344999999999999,-0.1041666666666678,0.8367329140344921,-0.5476112038402312,0.263368219207959,348.0,2.29,-7.46,2.57,7.46,1,7.546666666666667,14.977142857142852,348.0,0,376.3333333333333,543.2857142857143,0.0999999999999996,2.5033333333333334,0.04,2.25,796.92,-19.1722,46175.134000000005,5.307486666666668,0.0
2023-05-06,21.391666666666666,7.139833333333333,6.8745,450.5556666666666,144.04999999999998,3.455166666666667,0.1575,0.1288333333333333,2.5386666666666664,58362,宝山,宝山区,1007.47619,17.285714,80.142857,1.8,3.185714,356.274657,-0.0649736987569485,0.9978869768014016,21.0,21.69999999999998,0.0,-87.53038095238105,3.3927016217617934,70.08570799999998,39.09099996899997,3.9845,1.164972038637519,0.0397050486636988,6.111428399999999,4.105952666666667,0.8271893372462497,-0.5619233046832195,0.2495219186566873,175.0,2.39,-0.344,2.66,0.344,1,-0.668,12.39942857142857,175.0,0,303.0,458.4285714285714,0.0900000000000003,2.5666666666666664,0.1,2.31,418.25,-0.91504,25208.749999999996,14.405,0.0
2023-05-07,21.19833333333333,7.114666666666667,6.590166666666666,440.70116666666667,144.2185,3.0933333333333337,0.1615,0.127,2.5276666666666667,58362,宝山,宝山区,1013.395833,15.020833,85.791667,1.1,3.558333,354.649199,-0.0932534050623888,0.9956424069133808,14.099999999999996,22.79999999999998,0.0,-71.3422142857143,3.890159668595865,53.73082829999999,42.360500075999965,3.959166666666667,1.1928263296027029,0.0535953560267147,4.9549998,6.177500333333335,0.8174009818249189,-0.5760691233798758,0.2493248573773573,283.0,2.5,-2.41,2.67,2.41,1,-3.404666666666667,9.74085714285714,283.0,0,268.6666666666667,377.8571428571428,0.0099999999999997,2.6333333333333333,0.1099999999999998,2.393333333333333,707.5,-6.4347,40813.8355,15.864034999999973,0.0
2023-05-08,21.23333333333333,7.149166666666666,6.854,428.6235,133.4175,2.950833333333333,0.1328333333333333,0.1138333333333333,2.397666666666667,58362,宝山,宝山区,1018.8625,15.35,66.5,0.0,2.220833,30.7684,0.5115690499826343,0.8592421702290135,2.899999999999997,22.79999999999998,0.0,-58.54838095238097,3.356942427980083,8.661248699999993,37.96199999999997,3.6688333333333336,1.3125239371888164,0.1633764554595756,1.9124997999999995,5.883333333333335,0.8073707443023492,-0.5900444739548627,0.2624434804161052,165.0,2.55,1.73,2.71,1.73,0,-0.3413333333333332,6.702285714285712,165.0,0,207.66666666666663,312.85714285714283,0.04,2.68,0.0499999999999998,2.48,420.75,4.6883,22013.887499999997,6.670874999999973,0.0
2023-05-09,21.368333333333336,7.0935,6.339166666666666,469.8016666666667,136.31116666666665,3.0853333333333333,0.1676666666666666,0.1208333333333333,2.4975,58362,宝山,宝山区,1017.9625,17.2375,56.75,0.0,1.854167,83.37656,0.9933256610895188,0.1153435348039525,1.0999999999999963,22.79999999999998,0.8999999999999773,-5.406476190476155,3.6959586610453696,3.893750699999993,35.73899999999997,3.8735,1.1607360839843752,0.206008569544477,1.5125001999999947,4.130833333333335,0.7971015927871943,-0.6038452208771035,0.2588282938546183,463.0,2.61,12.6,2.73,12.6,0,3.973333333333333,4.887999999999997,463.0,0,303.6666666666667,316.42857142857144,0.02,2.703333333333333,0.06,2.553333333333333,1208.4299999999998,34.398,63112.07016666666,8.178669999999999,0.0
2023-05-10,21.363333333333333,7.083833333333334,6.010166666666667,527.5148333333333,135.77783333333335,3.4120000000000004,0.1946666666666666,0.1273333333333333,3.399,58362,宝山,宝山区,1017.979167,18.445833,53.625,0.2,2.004167,81.075181,0.9878927566780664,0.1551383295739996,0.1999999999999964,22.299999999999983,0.0,50.44685714285714,3.98406906247321,2.4050003999999925,34.25837499999997,4.866999999999999,1.0221371882086163,0.3120935956209527,1.2425001999999992,2.917500333333333,0.7865965660866021,-0.6174672802835514,0.2594888487603517,587.0,2.51,10.5,2.73,10.5,0,8.276666666666666,2.9165714285714257,587.0,0,405.0,343.85714285714283,0.0,2.723333333333333,-0.1,2.556666666666666,1473.37,28.665,79701.58816666667,13.577783333333336,0.0
2023-05-11,21.275,7.0605,5.719333333333334,574.1666666666666,114.4535,3.4446666666666665,0.164,0.111,2.58,58362,宝山,宝山区,1017.475,18.620833,53.416667,0.0,0.975,95.655396,0.9951325875311632,-0.0985450822392048,0.1999999999999964,14.29999999999998,0.5041669999999385,89.01814285714283,1.945254272842884,1.1699999999999964,21.93858338099997,3.854,1.000116577290744,0.3732503423638855,0.725833399999987,2.654167000000001,0.7758587728069828,-0.6309066211876704,0.2882572416923326,588.0,2.42,31.4,2.71,31.4,0,18.166666666666668,6.573714285714282,588.0,0,546.0,372.7142857142857,-0.02,2.723333333333333,-0.0899999999999998,2.513333333333333,1422.96,85.094,67298.65800000001,10.300814999999979,0.0
2023-05-12,21.35166666666667,7.013833333333333,5.333666666666667,598.9055,93.97066666666667,3.485333333333333,0.1641666666666666,0.1016666666666666,2.624,58362,宝山,宝山区,1014.608333,18.941667,61.625,0.0,1.375,142.214515,0.6127068604301026,-0.7903102575456595,0.1999999999999964,3.0999999999999823,2.8666670000000067,100.29564285714288,2.217471933091391,1.649999999999995,5.010374999999971,3.804833333333333,0.9413183516192606,0.1837672169208442,1.4383334000000003,2.409999666666671,0.7648913904341225,-0.6441592666722685,0.3214064384855223,641.0,2.4,33.1,2.64,33.1,0,25.0,12.367999999999997,641.0,0,605.3333333333334,414.57142857142856,-0.0699999999999998,2.6933333333333334,-0.02,2.4433333333333334,1538.4,87.38400000000001,60235.19733333334,1.8794133333333336,0.0
2023-05-13,21.7,7.015999999999999,5.472166666666666,615.4605,83.03,3.462,0.1075,0.0971666666666666,2.5605,58362,宝山,宝山区,1010.7625,22.4375,59.791667,0.0,1.320833,198.604871,-0.3190398826652015,-0.947741290262788,0.0,1.2999999999999825,3.8458329999999705,93.29280952380952,1.7422314053403258,1.320833,2.077291670999972,3.6396666666666655,0.9875477486690528,0.1621621796932093,1.5616663999999942,-0.7375000000000007,0.753697664392914,-0.6572212950663319,0.3421810099429454,696.0,2.38,34.6,2.61,34.6,0,33.03333333333333,17.359999999999996,696.0,0,641.6666666666666,489.0,-0.0300000000000002,2.653333333333333,-0.02,2.4,1656.48,90.306,57788.88,1.6606,0.0
2023-05-14,22.205,7.001666666666666,5.2796666666666665,617.5108333333334,91.36416666666666,3.613666666666667,0.0913333333333333,0.0934999999999999,2.5435000000000003,58362,宝山,宝山区,1007.716667,25.854167,52.583333,0.0,1.958333,250.89669,-0.9449300070723604,-0.3272724885080147,0.0,0.1999999999999822,3.045833000000016,70.08461904761907,3.808820615540037,1.958333,0.3051666659999729,3.5698333333333334,0.9361111111111112,0.1665510247384894,1.7841664000000033,-3.649167000000002,0.742280907086982,-0.6700888411055113,0.3261299879831959,645.0,2.33,37.7,2.56,37.7,0,35.13333333333333,23.09,645.0,0,660.6666666666666,540.7142857142857,-0.0499999999999998,2.603333333333333,-0.0499999999999998,2.37,1502.85,96.512,58929.8875,4.568208333333315,0.0
2023-05-15,22.82166666666667,7.0275,5.257833333333333,618.3273333333333,94.95366666666666,3.700833333333333,0.0728333333333333,0.1011666666666666,2.5365,58362,宝山,宝山区,1007.941667,28.325,33.958333,0.0,3.0,186.959455,-0.12116694387409,-0.992632143199188,0.0,0.1999999999999822,0.0,43.8005714285714,3.3635008316222703,3.0,0.2679166659999762,3.621,0.9088211569486055,0.25,1.7999999999999998,-5.50333333333333,0.7306444969184916,-0.6827580970759147,0.3196586159881253,569.0,2.33,31.8,2.52,31.8,0,34.7,27.38571428571428,569.0,0,636.6666666666666,598.4285714285714,-0.04,2.563333333333333,0.0,2.3466666666666667,1325.77,80.136,54028.63633333333,0.0,0.0
2023-05-16,22.911666666666665,7.052333333333333,5.618833333333334,598.4548333333333,98.924,3.78,0.0691666666666666,0.1091666666666666,2.513666666666667,58362,宝山,宝山区,1008.229167,26.075,59.416667,0.3,5.191667,163.747877,0.279864586892579,-0.9600394851272764,0.2999999999999964,0.4999999999999822,0.0,5.549047619047542,6.644630740238835,6.7491670999999815,0.7970833349999716,3.674500000000001,0.9457988497685512,0.1540436377898004,3.175000199999999,-3.163333333333334,0.7187918772884232,-0.6952253139408722,0.3127768042472624,460.0,2.31,27.2,2.52,27.2,0,32.233333333333334,29.471428571428568,460.0,0,558.0,598.0,0.0,2.5333333333333337,-0.02,2.3233333333333337,1062.6,68.544,45505.04,1.9784800000000002,0.0
2023-05-17,22.953333333333333,7.087833333333333,5.9750000000000005,561.774,104.05733333333336,3.811166666666667,0.0728333333333333,0.1139999999999999,2.467833333333333,58362,宝山,宝山区,1004.508333,21.333333,90.833333,14.5,2.904167,184.854963,-0.0846337256524948,-0.9964121298349284,14.799999999999995,14.799999999999985,3.720833999999968,-36.02595238095228,3.1499574731270297,45.88583859999999,28.243333283999966,3.6806666666666654,0.9918658698539178,0.0445930860828055,5.446666999999993,1.6200003333333337,0.7067265555776158,-0.7074868024503348,0.3042737055770091,386.0,2.32,21.2,2.53,21.2,0,26.73333333333333,31.0,386.0,0,471.6666666666667,569.2857142857143,0.0099999999999997,2.523333333333333,0.0099999999999997,2.32,895.52,53.636,40166.13066666668,1.0405733333333025,0.0
2023-05-18,23.50333333333333,7.096166666666666,5.702166666666667,551.2591666666666,140.16016666666667,3.9695,0.1473333333333333,0.1306666666666666,2.6503333333333337,58362,宝山,宝山区,1007.616667,19.716667,84.416667,0.2,3.35,320.440431,-0.6368801152862694,0.7709628517334335,14.999999999999996,14.999999999999982,0.0,-43.26828571428575,5.483548386209003,53.59999999999999,27.662500049999966,4.104333333333334,0.8877040035287097,0.0516795865633075,5.01,3.786666333333333,0.6944521021088763,-0.719538934232584,0.2541358797852967,476.0,2.41,18.5,2.56,18.5,0,22.3,29.15714285714285,476.0,0,440.6666666666667,553.2857142857143,0.0300000000000002,2.536666666666666,0.0900000000000003,2.3466666666666667,1147.16,47.36,66716.23933333333,12.614415000000042,0.0
2023-05-19,23.325,7.084499999999999,5.633,518.8756666666667,142.6555,3.8885,0.151,0.1334999999999999,2.5973333333333333,58362,宝山,宝山区,1011.045833,19.854167,80.083333,0.0,1.9,100.03022,0.9847160272996,-0.1741675790131258,14.699999999999996,14.999999999999982,0.0,-64.21895238095237,3.77096045186924,29.82999999999999,27.01249994999997,4.083333333333333,0.8836771511491097,0.0568181818181818,4.079999999999999,3.470832999999999,0.6819721490904629,-0.7313781428679254,0.2511616326055305,332.0,2.48,12.3,2.65,12.3,0,17.333333333333332,26.185714285714283,332.0,0,398.0,509.1428571428572,0.0899999999999998,2.58,0.0699999999999998,2.4033333333333338,823.36,32.595,47361.626,9.985884999999971,0.0
2023-05-20,23.391666666666666,7.093166666666666,5.750333333333334,494.28316666666666,131.65033333333332,3.766,0.2293333333333333,0.1389999999999999,2.649,58362,宝山,宝山区,1009.886957,20.886957,80.130435,0.0,1.930435,120.293788,0.8634502463429915,-0.5044340116310826,0.1999999999999964,14.999999999999982,1.1588759999999638,-71.50040476190469,3.5972695762991327,2.316521999999993,27.01956524999997,4.2683333333333335,0.9005533514303614,0.2331376764240245,1.4300361999999922,2.504709666666667,0.6692903895412567,-0.7430009249440493,0.2646897584953136,406.0,2.55,13.2,2.7,13.2,0,14.666666666666664,23.128571428571423,406.0,0,404.6666666666667,467.7142857142857,0.0500000000000002,2.6366666666666667,0.0699999999999998,2.48,1035.3,35.64,53450.035333333326,9.215523333333307,0.0
2023-05-21,23.601666666666663,7.111166666666667,5.863166666666667,493.62433333333337,120.30583333333334,3.544666666666666,0.1921666666666666,0.127,2.605833333333333,58362,宝山,宝山区,1007.8875,21.195833,88.083333,9.9,3.108333,77.042129,0.9745352055801412,0.2242345492667705,9.899999999999997,24.899999999999984,1.9994570000000067,-54.46116666666666,6.1375129391665375,33.88082969999999,46.83274991699997,4.068,0.9760827945950448,0.0624695851207443,4.2448912000000005,2.4058336666666627,0.6564105761979381,-0.7544038410927472,0.2798643489340254,328.0,2.49,11.4,2.73,11.4,0,12.299999999999995,19.371428571428567,328.0,0,355.3333333333333,422.4285714285714,0.0299999999999998,2.6933333333333334,-0.0599999999999996,2.5066666666666664,816.72,31.122,39460.31333333334,7.218349999999952,0.0
2023-05-22,23.206666666666667,7.1065,5.8806666666666665,492.5131666666666,102.5385,3.415666666666666,0.152,0.118,2.4065,58362,宝山,宝山区,1012.741667,16.616667,78.375,1.9,2.3125,314.217006,-0.7167036500178016,0.6973778588764922,11.799999999999995,26.799999999999983,0.0,-37.59888095238102,3.9698771906661663,29.599999999999994,47.80449999999997,3.7385,1.0231398248564636,0.0661703887510339,3.7475,6.589999666666667,0.6433365204044917,-0.765583517007675,0.3067455060916592,408.0,2.52,9.03,2.74,9.03,0,11.21,16.118571428571425,408.0,0,380.6666666666667,399.4285714285714,0.0100000000000002,2.723333333333333,0.0299999999999998,2.52,1028.16,24.7422,41835.708,3.0761549999999795,0.0
2023-05-23,23.13,7.094666666666666,5.587166666666666,523.1225,99.11166666666666,3.597,0.1865,0.1216666666666666,2.4628333333333337,58362,宝山,宝山区,1013.466667,20.9125,51.75,0.0,1.4375,87.735792,0.9992192700113882,0.0395075997487623,11.799999999999995,26.499999999999982,0.0,3.7722142857143126,2.8738777006413705,18.399999999999995,40.213749999999976,3.866000000000001,0.931168578650593,0.0702370500438981,3.2224999999999997,2.2174999999999976,0.6300720909843687,-0.7765366444428655,0.3124583250410011,646.0,2.59,11.1,2.79,11.1,0,10.509999999999998,13.818571428571426,646.0,0,460.6666666666667,426.0,0.0499999999999998,2.753333333333334,0.0699999999999998,2.533333333333333,1673.14,30.969,64026.136666666665,6.937816666666647,0.0
2023-05-24,22.43166666666667,7.071666666666666,5.400666666666667,560.4678333333333,99.654,3.6631666666666662,0.1531666666666666,0.1246666666666666,2.488833333333333,58362,宝山,宝山区,1013.079167,19.408333,64.75,0.2,2.379167,138.32112,0.6649550885242002,-0.7468833444693844,2.0999999999999965,12.199999999999982,0.3875000000000455,41.30414285714278,3.9612062030988553,7.375417699999991,20.09949999999997,3.888666666666667,0.8907581505305404,0.1704545357696274,1.925000200000008,3.023333666666669,0.6166212130956382,-0.7872599821916922,0.3115413042929376,611.0,2.53,11.4,2.78,11.4,0,10.509999999999998,12.418571428571424,611.0,0,555.0,458.1428571428572,-0.0100000000000002,2.77,-0.06,2.5466666666666664,1545.83,31.692,60888.594,5.97924,0.0
2023-05-25,22.655,7.073,5.3806666666666665,582.0981666666667,90.74,3.6261666666666654,0.09,0.1146666666666666,2.423833333333333,58362,宝山,宝山区,1013.133333,22.345833,72.041667,0.0,2.595833,132.618871,0.7358741105958005,-0.6771183746988702,0.1999999999999964,11.999999999999982,0.0,58.52890476190476,4.506039300130229,3.1149995999999907,20.64500003999997,3.6605,0.9177587628279844,0.2634467849349539,1.5974997999999991,0.3091670000000022,0.6029878670694714,-0.7977503570459932,0.3272808940266537,652.0,2.49,26.1,2.75,26.1,0,16.2,13.504285714285713,652.0,0,636.3333333333334,483.2857142857143,-0.0299999999999998,2.773333333333333,-0.0399999999999995,2.536666666666666,1623.4800000000002,71.775,59162.479999999996,3.6295999999999546,0.0
2023-05-26,23.065,7.042999999999999,5.3981666666666674,589.0373333333333,83.41566666666667,3.8365,0.1399999999999999,0.1158333333333333,2.4921666666666664,58362,宝山,宝山区,1012.225,23.975,83.0,96.6,2.145833,106.393669,0.959345166509663,-0.2822354539999308,96.8,108.59999999999998,0.9083329999999704,55.44497619047616,4.20442751668693,209.8624674,198.738,3.7905,0.8799206715748868,0.0099153068203449,20.82916639999999,-0.91,0.5891760872322963,-0.8080046647350754,0.3414037715007846,713.0,2.45,27.2,2.7,27.2,0,21.566666666666663,15.63285714285714,713.0,0,658.6666666666666,537.7142857142857,-0.0499999999999998,2.7433333333333336,-0.04,2.49,1746.85,73.44,59475.37033333333,3.3366266666666666,0.0
2023-05-27,23.808333333333334,7.037333333333333,4.775666666666667,570.4395000000001,100.72566666666668,4.233,0.2931666666666666,0.1344999999999999,2.591,58362,宝山,宝山区,1010.25,24.775,80.0,0.0,3.870833,159.674372,0.3473551279905137,-0.9377336589131766,96.6,108.59999999999998,1.9750000000000227,25.967666666666787,5.215386692144905,377.7933008,195.48,4.229166666666666,0.6950299560967328,0.0096668949439461,22.037499800000003,-0.966666666666665,0.5751899607119775,-0.8180198708443174,0.3097436831882946,963.0,2.4,12.8,2.66,12.8,0,22.03333333333333,15.575714285714282,963.0,0,776.0,617.2857142857143,-0.04,2.7033333333333336,-0.0500000000000002,2.4466666666666668,2311.2,34.048,96998.81700000001,5.036283333333354,0.0
2023-05-28,24.02,6.9543333333333335,4.059166666666667,601.8294999999999,80.46366666666667,4.394166666666666,0.2776666666666667,0.1398333333333333,2.5645,58362,宝山,宝山区,1008.791667,28.479167,68.166667,0.0,2.645833,152.636575,0.4596329504007788,-0.8881089746792762,96.6,98.69999999999996,1.4583330000000387,41.89978571428571,3.861945028057744,258.2333008,165.98050032899997,4.240500000000001,0.5741260224888617,0.0098324389189721,21.199166400000006,-4.459167000000001,0.5610336262283677,-0.8277930117131022,0.3474456387358915,893.0,2.4,31.4,2.81,31.4,0,23.8,18.432857142857134,893.0,0,856.3333333333334,698.0,0.1499999999999999,2.723333333333334,0.0,2.4166666666666665,2143.2,88.234,71854.05433333333,0.0,0.0
2023-05-29,24.433333333333334,6.952333333333333,3.9453333333333336,612.1891666666667,67.62650000000001,4.199333333333334,0.1525,0.1168333333333333,2.3753333333333333,58362,宝山,宝山区,1008.691667,26.466667,79.708333,0.0,2.5,42.599185,0.6768654990501889,0.7361067152224184,0.0,96.79999999999998,0.099999999999909,35.16288095238099,4.1921637476254725,2.5,173.95766634399996,3.6961666666666666,0.6050970067227321,0.2777777777777848,1.5199999999999818,-2.0333336666666675,0.5467112728685939,-0.8373211953118121,0.3765515075118273,719.0,2.32,39.0,2.64,39.0,0,27.73333333333333,22.714285714285715,719.0,0,858.3333333333334,742.4285714285714,-0.1699999999999999,2.703333333333333,-0.08,2.373333333333333,1668.08,102.96,48623.4535,5.410120000000001,0.0
2023-05-30,24.60333333333333,6.995666666666666,4.645166666666666,586.5224999999999,70.54666666666667,4.284,0.1235,0.1149999999999999,2.2355,58362,宝山,宝山区,1007.826087,23.46087,83.608696,0.0,2.156522,41.945006,0.6684170082451831,0.7437867322617141,0.0,96.79999999999998,0.8655800000000227,0.4390714285714239,3.597977983454918,2.156522,177.73321772799994,3.509,0.7083746346422671,0.2486262158443506,1.4670292000000045,1.1424633333333354,0.5322271388474397,-0.8466016020976267,0.369478455587293,636.0,2.38,38.2,2.57,38.2,0,36.2,26.585714285714285,636.0,0,749.3333333333334,741.0,-0.0700000000000002,2.6733333333333333,0.06,2.3666666666666667,1513.6799999999998,98.174,44867.68,4.2328,0.0
2023-05-31,24.676666666666662,7.016333333333333,4.929666666666667,553.3233333333334,71.29,3.832666666666667,0.0751666666666666,0.1066666666666666,2.141166666666667,58362,宝山,宝山区,1006.75,23.583333,82.916667,0.0,1.720833,66.030109,0.9137590720820034,0.4062565177173606,0.0,96.59999999999998,1.0760870000000295,-31.739452380952343,3.29325976528809,1.720833,176.69750032199997,3.2830000000000004,0.8251178620247162,0.2633713641583157,1.247717200000006,1.0933336666666662,0.5175855102531889,-0.8556314858488706,0.3677240939693516,472.0,2.4,35.8,2.56,35.8,0,37.66666666666666,30.071428571428573,472.0,0,609.0,721.1428571428571,-0.0099999999999997,2.59,0.02,2.3666666666666667,1132.8,91.648,33648.880000000005,1.4258000000000002,0.0
2023-06-01,25.023333333333337,7.045333333333333,4.960333333333334,533.19,80.67866666666667,3.722,0.0968333333333333,0.114,2.2426666666666666,58362,宝山,宝山区,1003.566667,24.2125,80.041667,0.0,1.695833,29.320838,0.48969958374066,0.8718912304205292,0.0,96.59999999999998,3.183332999999948,-44.885904761904726,2.526281714193675,1.695833,173.920250322,3.4795000000000003,0.8324336419321458,0.1700921525263972,1.6541663999999896,0.8108333333333384,0.5027907197793043,-0.8644081744776648,0.3469982621051642,424.0,2.44,36.2,2.58,36.2,0,36.73333333333333,31.514285714285712,424.0,0,510.6666666666667,688.5714285714286,0.02,2.57,0.04,2.4066666666666667,1034.56,93.39600000000002,34207.75466666667,3.227146666666667,0.0
2023-06-02,25.38833333333333,7.064,4.953833333333333,520.6833333333334,97.66716666666667,3.893166666666666,0.0718333333333333,0.1203333333333333,2.3005,58362,宝山,宝山区,1006.95,26.591667,66.583333,0.0,2.645833,28.074929,0.4706258425665828,0.8823328829350598,0.0,0.0,0.0,-47.627714285714205,3.8910303849154695,2.645833,0.0,3.5756666666666668,0.8031072683058633,0.2742857393632676,1.5874998,-1.2033336666666692,0.4878471454423119,-0.8729290708206411,0.3149252520864816,433.0,2.48,14.0,2.62,14.0,0,28.666666666666668,29.628571428571423,433.0,0,443.0,648.5714285714286,0.04,2.5866666666666664,0.04,2.44,1073.84,36.68,42289.88316666667,3.906686666666667,0.0
2023-06-03,25.281666666666663,7.083166666666667,5.048166666666667,514.0745000000001,125.33,4.118666666666667,0.0748333333333333,0.1345,2.498833333333333,58362,宝山,宝山区,1012.6625,22.833333,59.375,0.0,2.070833,86.848627,0.9984877803723228,0.0549741070609783,0.0,0.0,0.0,-46.18440476190472,4.138534445691758,2.070833,0.0,3.9186666666666663,0.7720680074430935,0.3256445400971007,1.2424997999999998,2.448333666666666,0.4727592092862775,-0.881191653407483,0.2729760592687315,385.0,2.48,10.3,2.7,10.3,0,20.166666666666668,29.27142857142857,385.0,0,414.0,566.0,0.08,2.6333333333333333,0.0,2.4666666666666663,954.8,27.81,48252.05,0.0,0.0
2023-06-04,25.05666666666667,7.086666666666666,5.016666666666667,507.8635,155.05683333333334,3.632,0.103,0.1491666666666666,2.667,58362,宝山,宝山区,1010.679167,22.679167,65.625,0.0,2.691667,107.076962,0.9559111678975104,-0.2936559876604214,0.0,0.0,1.983333000000016,-38.97169047619053,5.2646615455611885,2.691667,0.0,4.261666666666667,0.8056745182012848,0.1762114537444929,2.011666800000003,2.377499666666669,0.4575313760742512,-0.8891934772070711,0.2371072085267218,387.0,2.5,5.23,2.73,5.23,0,9.843333333333332,25.532857142857143,387.0,0,401.6666666666667,493.7142857142857,0.0299999999999998,2.6833333333333336,0.02,2.486666666666667,967.5,14.2779,60006.9945,3.101136666666667,0.0
2023-06-05,24.691666666666663,7.121166666666666,5.309666666666667,485.239,154.5865,3.4621666666666666,0.1516666666666666,0.1473333333333333,2.6285000000000003,58362,宝山,宝山区,1008.079167,21.029167,90.291667,19.4,2.670833,287.031657,-0.956143069115062,0.2929000365026096,19.4,19.399999999999984,2.6000000000000227,-43.46045238095235,5.224531461713788,54.4849932,36.91658339799997,4.253500000000001,0.8722722667907894,0.0389547156494687,6.002499800000004,3.662499666666666,0.442168151967072,-0.8969321743510065,0.2376195381884732,258.0,2.47,2.58,2.74,2.58,0,6.036666666666664,20.33,258.0,0,343.3333333333333,427.8571428571428,0.0100000000000002,2.723333333333334,-0.0299999999999998,2.483333333333334,637.2600000000001,7.0692,39883.317,4.637594999999969,0.0
2023-06-06,24.555000000000003,7.0795,4.977666666666667,502.64900000000006,151.47583333333333,3.5861666666666667,0.1846666666666666,0.1448333333333333,2.6405,58362,宝山,宝山区,1009.6125,20.35,84.541667,0.0,1.341667,75.240213,0.9670024348789972,0.2547671308039772,19.4,19.399999999999984,0.0,-14.06852380952381,2.6390622557967998,27.370006799999995,35.801083397999975,4.2735,0.8003751842422618,0.0459946332542026,4.6850002,4.205000000000002,0.4266740831899246,-0.9044054548343,0.2410474598493202,356.0,2.57,1.68,2.8,1.68,0,3.163333333333331,15.11285714285714,356.0,0,333.6666666666667,387.8571428571428,0.0599999999999996,2.7566666666666664,0.0999999999999996,2.513333333333333,914.92,4.704,53925.39666666667,15.147583333333273,0.0
2023-06-07,24.761666666666667,7.070333333333333,4.703166666666667,518.4003333333334,130.3705,3.4440000000000004,0.1921666666666666,0.131,2.6043333333333334,58362,宝山,宝山区,1007.0875,23.7375,83.375,3.4,1.841667,162.245213,0.3049438695960578,-0.9523703252389704,22.8,22.799999999999983,2.5249999999999773,6.671809523809543,2.403272061487363,43.83167459999999,41.80949999999997,4.1065000000000005,0.7909577599013369,0.0355029581597283,6.170000199999995,1.024166666666666,0.4110537546870351,-0.911611107193024,0.266335341805509,364.0,2.54,10.0,2.78,10.0,0,4.753333333333331,11.427142857142856,364.0,0,326.0,372.4285714285714,-0.02,2.773333333333333,-0.0299999999999998,2.526666666666667,924.56,27.8,47454.861999999994,3.911114999999974,0.0
2023-06-08,25.35,7.054166666666667,4.430499999999999,531.4216666666666,141.49533333333332,3.4965,0.1865,0.1283333333333333,2.582333333333333,58362,宝山,宝山区,1004.258333,26.7,72.291667,0.0,1.983333,225.176807,-0.709285446558997,-0.7049213823538085,3.4,22.799999999999983,2.829166999999984,19.94576190476181,3.3900822325801947,8.726665200000001,39.28250007599997,4.0521666666666665,0.7425833845466228,0.1085481682496609,2.4358331999999967,-1.3500000000000014,0.3953117887649151,-0.9185469991587164,0.2525379829650148,517.0,2.52,9.28,2.77,9.28,0,6.986666666666665,7.581428571428569,517.0,0,412.3333333333333,385.7142857142857,-0.0099999999999997,2.783333333333333,-0.02,2.543333333333333,1302.84,25.7056,73153.08733333333,2.8299066666666666,0.0
2023-06-09,25.941666666666663,7.0765,4.620833333333333,528.9823333333334,128.47866666666667,3.4873333333333334,0.1911666666666666,0.1356666666666666,2.5805,58362,宝山,宝山区,1002.375,28.583333,60.25,0.0,2.466667,163.931307,0.2767896323728303,-0.9609305382861518,3.4,22.799999999999983,1.8833329999999933,16.320857142857108,3.1494148521161924,10.8533348,36.53699999999997,4.128333333333334,0.7656513214216673,0.1142857142857143,2.536666799999999,-2.641666333333333,0.3794528437245443,-0.925211078289358,0.2687974225242976,444.0,2.51,13.6,2.76,13.6,0,10.96,7.524285714285712,444.0,0,441.6666666666667,387.2857142857143,-0.0100000000000002,2.77,-0.0100000000000002,2.523333333333333,1114.4399999999998,37.536,57044.528,1.2847866666666923,0.0
2023-06-10,26.236666666666668,7.0855,4.882000000000001,525.4406666666667,106.8585,3.294333333333333,0.1195,0.1266666666666666,2.3748333333333336,58362,宝山,宝山区,1001.275,27.416667,71.208333,3.0,2.283333,132.734471,0.7345064593078761,-0.6786016955733366,3.0,25.799999999999983,1.1000000000000227,11.155452380952395,3.96045583725083,9.133332,44.171749913999975,3.761,0.8594313880820352,0.1354401867015881,2.1899998000000043,-1.1800003333333322,0.3634816124829063,-0.9316013725767188,0.2998073087914165,434.0,2.52,15.4,2.74,15.4,0,12.759999999999998,8.252857142857142,434.0,0,465.0,394.2857142857143,-0.0199999999999995,2.7566666666666664,0.0100000000000002,2.5166666666666666,1093.68,42.196000000000005,46376.589,1.0685850000000214,0.0
2023-06-11,26.271666666666665,7.1018333333333326,5.040666666666667,532.9748333333333,97.31916666666666,3.1163333333333334,0.1018333333333333,0.1201666666666666,2.3078333333333334,58362,宝山,宝山区,1004.720833,24.145833,81.291667,0.0,2.345833,53.25906,0.8013484138458906,0.5981978933652936,3.0,25.799999999999983,0.0,15.1022857142857,4.225662553697346,9.383332,46.77325008599997,3.6113333333333335,0.9300408991666412,0.1575837246268535,2.0074998,2.125833666666665,0.3474028211842774,-0.9377159910299092,0.3155249670042466,340.0,2.48,29.9,2.72,29.9,0,19.63333333333333,11.777142857142854,340.0,0,406.0,387.57142857142856,-0.02,2.74,-0.04,2.5033333333333334,843.2,81.328,33088.51666666666,3.8927666666666667,0.0
2023-06-12,26.368333333333336,7.128,5.0680000000000005,552.8276666666667,106.29283333333332,3.112833333333333,0.0601666666666666,0.1155,2.2326666666666664,58362,宝山,宝山区,1004.966667,23.775,83.166667,0.0,2.445833,88.141423,0.999473924866446,0.0324325995267414,3.0,6.399999999999986,0.0,25.299595238095208,4.890379308077874,9.783332,11.722666687999975,3.4478333333333326,0.9512012012012014,0.1551389866910917,2.0674998,2.5933333333333373,0.3312212278016865,-0.9435531242349544,0.3006998305223828,520.0,2.52,38.7,2.67,38.7,0,28.0,16.937142857142856,520.0,0,431.3333333333333,425.0,-0.0500000000000002,2.7100000000000004,0.04,2.5066666666666664,1310.4,103.329,55272.27333333332,4.251713333333333,0.0
2023-06-13,26.33833333333333,7.058,4.644,580.4546666666666,97.26466666666666,3.432166666666667,0.1526666666666666,0.1291666666666666,2.3793333333333333,58362,宝山,宝山区,1004.979167,22.495833,90.125,0.2,1.6,89.837057,0.999995956142318,0.0028438880096448,0.2,6.599999999999985,0.0,41.81149999999991,3.199993529827709,1.92,12.548249999999973,3.823666666666667,0.7902663149834084,0.3571428571428571,1.0,3.8425003333333336,0.3149416207289519,-0.9491110448902284,0.3156190800798957,588.0,2.48,38.9,2.64,38.9,0,35.833333333333336,22.25428571428571,588.0,0,482.6666666666667,458.1428571428572,-0.0299999999999998,2.676666666666667,-0.04,2.4933333333333336,1458.24,102.696,57191.623999999996,3.890586666666666,0.0
2023-06-14,26.57333333333333,7.020333333333333,4.1905,572.8725,102.19683333333334,3.4843333333333333,0.1615,0.1356666666666666,2.498,58362,宝山,宝山区,1006.4875,23.325,83.708333,4.6,1.304167,240.855824,-0.8733969906824293,-0.4870089287342447,4.8,7.799999999999985,0.0,26.44759523809512,2.443222533147332,7.5641686,14.329249973999971,4.016166666666667,0.6981257809246146,0.1407624567384184,1.7425001999999998,3.248333333333335,0.2985688173637202,-0.9543881083175908,0.3073065405679197,584.0,2.43,37.4,2.64,37.4,0,38.33333333333333,26.168571428571425,584.0,0,564.0,489.57142857142856,0.0,2.65,-0.0499999999999998,2.4766666666666666,1419.12,98.736,59682.95066666667,5.109841666666647,0.0
2023-06-15,26.790000000000003,7.029333333333334,4.112333333333333,542.9581666666667,107.71616666666668,3.4571666666666663,0.2635,0.1468333333333333,2.6555,58362,宝山,宝山区,1009.658333,24.7875,72.0,0.0,1.85,89.219404,0.9999071951517444,0.0136235488684572,4.8,7.799999999999985,0.0,-5.114809523809527,3.699828311030728,10.73,13.415999999999974,4.387333333333333,0.6644584477837023,0.130718954248366,2.0700000000000003,2.0025000000000013,0.2821076626819194,-0.9593827529490744,0.298462952451098,538.0,2.42,26.1,2.62,26.1,0,34.133333333333326,28.57142857142857,538.0,0,570.0,492.57142857142856,-0.02,2.6333333333333333,-0.0100000000000002,2.4433333333333334,1301.96,68.382,57951.29766666667,1.0771616666666883,0.0
2023-06-16,26.790000000000003,7.053166666666667,4.4065,527.4373333333333,114.91383333333332,3.442,0.1255,0.138,2.4225,58362,宝山,宝山区,1011.166667,25.258333,70.958333,3.5,2.4375,133.016999,0.7311513283499915,-0.6822153142901755,8.1,11.299999999999985,0.0,-20.414928571428614,4.2196813628531045,22.18125,19.318291628999976,3.928,0.7408995376208491,0.0866738894907909,3.0825,1.5316670000000023,0.2655630278040559,-0.9640935007889756,0.2875818243486737,536.0,2.42,25.8,2.63,25.8,0,29.766666666666666,30.314285714285717,536.0,0,552.6666666666666,505.7142857142857,0.0099999999999997,2.6300000000000003,0.0,2.4233333333333333,1297.12,67.854,61593.81466666666,0.0,0.0
2023-06-17,26.44,7.0888333333333335,4.824166666666667,504.5795,124.95116666666668,3.436666666666667,0.1146666666666666,0.1348333333333333,2.377,58362,宝山,宝山区,1008.6375,22.483333,94.958333,13.0,1.991667,113.359852,0.918032687751926,-0.3965047089493069,16.5,21.299999999999983,2.529166999999916,-40.2925952380952,3.820082409116816,34.854172500000004,41.52612492899996,3.84,0.8177015650601728,0.0454115407254786,5.000833599999983,3.956667,0.2489398085537665,-0.9685189578512204,0.2734858183056947,468.0,2.41,15.0,2.63,15.0,0,22.3,30.257142857142856,468.0,0,514.0,510.57142857142856,0.0,2.6266666666666665,-0.0099999999999997,2.4166666666666665,1127.88,39.45,58477.14600000001,1.2495116666666293,0.0
2023-06-18,26.991666666666664,7.093833333333333,4.7865,497.70266666666674,126.841,3.5805,0.1708333333333333,0.1261666666666666,2.362,58362,宝山,宝山区,1004.220833,24.266667,96.541667,70.0,1.375,105.168228,0.9651617368130964,-0.2616540116106137,86.5,91.29999999999998,4.416667000000075,-42.13054761904749,2.702097388118008,120.3125,179.442541971,3.7945,0.7960252785631132,0.0107190709755459,19.008333400000016,2.724999666666662,0.2322429240090701,-0.9726578145718654,0.2709579492635136,512.0,2.44,4.41,2.65,4.41,0,15.07,26.615714285714283,512.0,0,505.3333333333333,535.1428571428571,0.02,2.6366666666666667,0.0299999999999998,2.4233333333333333,1249.28,11.6865,64942.592,3.8052299999999746,0.0
2023-06-19,26.991666666666664,7.044666666666667,3.878,510.334,125.08033333333331,3.770166666666667,0.3073333333333333,0.1475,2.531833333333333,58362,宝山,宝山区,1002.079167,24.195833,97.166667,80.4,1.633333,119.875012,0.8671140683909218,-0.4981096188576807,163.4,171.7,2.1416659999999865,-23.42869047619041,3.0496190226671493,268.5199452,338.535167239,4.314166666666666,0.5918351774132011,0.0059461870429385,34.088333,2.795833666666663,0.2154773150467301,-0.976508846196619,0.2733118392703343,487.0,2.59,19.5,2.86,19.5,0,12.97,23.87285714285714,487.0,0,489.0,530.4285714285714,0.2099999999999999,2.713333333333333,0.1499999999999999,2.48,1261.33,55.77,60914.122333333326,18.762049999999984,0.0
2023-06-20,26.955,6.9605,2.716666666666667,500.095,107.914,3.889833333333333,0.4078333333333333,0.162,2.438,58362,宝山,宝山区,1003.1875,26.908333,83.041667,0.0,1.504167,332.739602,-0.4580352458162835,0.8889340321925001,150.4,171.5,0.0,-22.18773809523816,2.193128501593742,227.7308838,313.916458905,4.465833333333334,0.3927143063653447,0.0065400441310405,30.9825002,0.0466669999999993,0.1986479428801711,-0.9800709131432666,0.2981543625237945,1030.0,2.7,37.2,3.18,37.2,0,20.37,23.629999999999995,1030.0,0,676.3333333333334,593.5714285714286,0.3200000000000003,2.896666666666667,0.1100000000000003,2.5766666666666667,2781.0,118.29600000000002,111151.42,11.870540000000034,0.0
2023-06-21,27.001666666666665,6.9110000000000005,2.290833333333333,513.8938333333333,87.0295,3.437666666666667,0.3503333333333333,0.148,2.4595,58362,宝山,宝山区,1005.991667,27.9375,71.333333,0.0,1.775,50.978035,0.7769046471025559,0.6296182726942199,80.4,166.89999999999998,0.0,0.0366190476189558,3.154005748607037,144.485,285.955332777,4.289833333333333,0.3654807487768559,0.0120228434024646,17.145000000000003,-0.9358333333333348,0.1817597875913753,-0.9833429613388902,0.3342886563294098,763.0,2.85,39.5,3.18,39.5,0,32.06666666666667,23.93,763.0,0,760.0,619.1428571428571,0.0,3.0733333333333337,0.1499999999999999,2.7133333333333334,2174.55,125.61,66403.5085,13.054424999999991,0.0
2023-06-22,27.166666666666668,6.902666666666666,2.1195,541.605,95.77433333333332,3.6326666666666663,0.1758333333333333,0.151,2.4091666666666667,58362,宝山,宝山区,1007.595833,26.829167,70.625,0.0,0.783333,267.73498,-0.9992187100064344,-0.0395217607537573,0.0,166.89999999999998,0.0,27.941095238095272,1.5660539897654702,0.783333,284.773125,4.095,0.335443538814592,0.5607477683640689,0.4699997999999999,0.3374996666666661,0.1648178466571979,-0.9863240225317866,0.3182130901571856,723.0,2.76,23.9,2.97,23.9,0,33.53333333333333,23.615714285714283,723.0,0,838.6666666666666,645.5714285714286,-0.2099999999999999,3.1100000000000008,-0.0900000000000003,2.77,1995.48,70.983,69244.843,8.619690000000027,0.0
2023-06-23,27.141666666666666,6.918499999999999,2.521,563.1131666666666,109.775,3.637,0.1369999999999999,0.1546666666666666,2.3831666666666664,58362,宝山,宝山区,1009.25,24.375,74.041667,78.4,3.433333,168.315236,0.2025268948611667,-0.9792767008654366,78.4,241.8,0.0,44.35271428571423,4.128675271514374,272.6066402,420.832750806,4.066833333333333,0.3988503322434342,0.0120724346562271,17.7399998,2.7666666666666657,0.1478271334705304,-0.9890132145779884,0.2952786219679071,779.0,2.65,19.3,2.92,19.3,0,27.566666666666663,22.687142857142856,779.0,0,755.0,680.2857142857143,-0.0500000000000002,3.023333333333333,-0.1099999999999998,2.7533333333333334,2064.35,56.356,85514.725,12.07524999999998,0.0
2023-06-24,26.83666666666667,6.939333333333334,2.9006666666666665,532.8104999999999,112.4365,4.091,0.295,0.1731666666666666,2.5973333333333333,58362,宝山,宝山区,1006.9125,23.045833,97.291667,52.5,2.120833,153.868399,0.4404344023899054,-0.8977847944755173,130.9,281.29999999999995,2.3374999999999773,10.017047619047505,3.0549208149237903,279.7378727,554.981459271,4.624,0.4075305577670585,0.0073336185475368,27.9199998,3.7908336666666713,0.1307926758567592,-0.9914097417023038,0.2912487593693418,1140.0,2.58,-19.3,2.85,19.3,1,7.966666666666666,17.787142857142857,1140.0,0,880.6666666666666,776.2857142857143,-0.0699999999999998,2.9133333333333336,-0.0699999999999998,2.6633333333333336,2941.2000000000003,-55.005,128177.61,7.870554999999977,0.0
2023-06-25,26.63,6.861833333333333,2.206,500.5478333333333,104.963,4.578799999999999,0.2975,0.1808333333333333,2.8823333333333334,58362,宝山,宝山区,1006.179167,27.791667,80.916667,0.0,2.4,198.55173,-0.3181607293409574,-0.9480367874218965,130.9,211.3,0.733333000000016,-22.652071428571503,3.1635857504182976,316.56,382.276917371,4.988166666666666,0.287066396574983,0.0074055788876958,27.766666600000008,-1.1616670000000011,0.1137195145859496,-0.9935128947338008,0.3028167443373679,1910.0,3.11,45.3,3.61,45.3,0,15.1,23.628571428571423,1910.0,0,1276.3333333333333,976.0,0.7599999999999998,3.1266666666666665,0.5299999999999998,2.78,5940.099999999999,163.533,200479.33,55.63038999999998,0.0
2023-06-26,26.15833333333333,6.8180000000000005,2.4055,502.0268333333333,89.86983333333335,4.718333333333333,0.2118333333333333,0.176,2.794666666666666,58362,宝山,宝山区,1007.581818,27.186364,81.772727,0.0,1.940909,216.237594,-0.5911350186446033,-0.8065726190071447,52.5,130.89999999999998,0.0,-19.98633333333339,3.088248277902478,103.8386315,237.94049964299995,4.766500000000001,0.3128020632409354,0.0180372222973472,11.6645454,-1.0280306666666696,0.0966127018812031,-0.9953220513156602,0.3288985375471425,1450.0,3.02,66.9,3.41,66.9,0,30.96666666666667,30.4,1450.0,0,1500.0,1113.571428571429,-0.1999999999999997,3.2900000000000005,-0.0899999999999998,2.903333333333333,4379.0,228.129,130311.25833333335,8.088284999999983,0.0
2023-06-27,26.21666666666667,6.855666666666667,2.976833333333333,459.3016666666667,76.348,4.489833333333333,0.2915,0.1938333333333333,2.9225,58362,宝山,宝山区,1008.416667,30.158333,69.75,0.0,3.1875,200.769633,-0.3546114510827681,-0.9350137532469636,0.0,130.89999999999998,0.0,-56.883880952380935,4.317824000326323,3.1875,222.20274999999995,5.152333333333333,0.3856168228334556,0.2388059701492537,1.9125,-3.9416663333333295,0.0794772999236209,-0.9968366760893436,0.3562451042978043,1130.0,2.72,56.0,2.98,56.0,0,56.06666666666666,33.08571428571428,1130.0,0,1496.6666666666667,1127.857142857143,-0.4300000000000001,3.333333333333333,-0.2999999999999998,2.95,3073.6000000000004,166.88,86273.24,22.904399999999985,0.0
2023-06-28,26.955,6.859000000000001,3.9296666666666655,389.3158333333333,66.42533333333333,4.377166666666667,0.2678333333333333,0.1883333333333333,2.8058333333333336,58362,宝山,宝山区,1005.25,32.166667,66.25,0.0,2.829167,190.630653,-0.1844771905218094,-0.9828367952906424,0.0,130.89999999999998,3.1666669999999613,-109.07285714285706,3.351083779677016,2.829167,217.62125,4.957000000000001,0.5219836174452069,0.1429422138947272,2.330833599999992,-5.211666999999999,0.062318379354325,-0.998056320853012,0.3795486777416383,1080.0,2.55,48.2,2.81,48.2,0,57.03333333333334,34.32857142857142,1080.0,0,1220.0,1173.142857142857,-0.1699999999999999,3.0666666666666664,-0.1700000000000003,2.763333333333333,2754.0,135.442,71739.36,11.292306666666684,0.0
2023-06-29,27.683333333333334,6.843166666666666,2.9288333333333334,474.2706666666666,81.04066666666667,4.248166666666666,0.1166666666666666,0.1694999999999999,2.5225,58362,宝山,宝山区,1000.75,32.9875,62.791667,0.0,3.3,216.829545,-0.5994364220152336,-0.8004223734763882,0.0,130.89999999999998,4.5,-14.49883333333338,5.278140192650271,3.3,213.09429210299996,4.3341666666666665,0.4148587077126467,0.1136363636363636,2.88,-5.304166666666664,0.0451410177739719,-0.998980624694158,0.3462476586428609,990.0,2.47,43.4,2.7,43.4,0,49.2,37.114285714285714,990.0,0,1066.6666666666667,1211.2857142857142,-0.1099999999999998,2.83,-0.0799999999999996,2.58,2445.3,117.18,80230.26,6.483253333333301,0.0
2023-06-30,27.985,6.889166666666667,3.061666666666667,475.8326666666667,82.57333333333334,4.0485,0.0841666666666666,0.1593333333333333,2.4466666666666668,58362,宝山,宝山区,1002.558333,26.195833,92.416667,53.3,1.6,228.748461,-0.7518220967722218,-0.6593660097434656,53.3,105.79999999999998,0.0,-0.4681904761904434,2.802915354835555,86.88,203.576833686,4.1241666666666665,0.4551987312915057,0.0178890876565295,11.62,1.789166999999999,0.0279502982402103,-0.999609314096404,0.3431059615004452,792.0,2.44,33.6,2.71,33.6,0,41.73333333333333,39.15714285714285,792.0,0,954.0,1213.142857142857,0.0099999999999997,2.74,-0.0300000000000002,2.486666666666667,1932.48,91.056,65398.08,2.4772000000000167,0.0
2023-07-01,28.126666666666665,6.949666666666666,2.882,473.276,77.471,3.8058333333333336,0.2753333333333333,0.1658333333333333,2.5531666666666664,58362,宝山,宝山区,1005.05,28.7875,83.708333,0.0,1.9875,79.585005,0.9835241930814844,0.1807765516415642,53.3,53.29999999999998,0.0,5.480071428571421,3.94225433374945,107.92125,97.91654148899995,4.486833333333333,0.4276281623265821,0.0177659338218965,11.8525,-0.6608333333333363,0.0107513077635219,-0.9999422030204416,0.3537984753180531,690.0,2.49,43.5,2.69,43.5,0,40.16666666666666,48.12857142857143,690.0,0,824.0,1148.857142857143,-0.02,2.7,0.0500000000000002,2.466666666666667,1718.1,117.015,53454.990000000005,3.8735500000000154,0.0
2023-07-02,28.453333333333333,6.962166666666666,3.073333333333333,467.1623333333334,92.114,3.8095,0.2026666666666666,0.1598333333333333,2.424,58362,宝山,宝山区,1005.470833,29.054167,83.291667,11.0,1.629167,172.79891,0.125352107619847,-0.9921123167843762,64.3,64.29999999999998,0.0,4.135761904761921,1.833386517114704,106.3846051,117.85654188099996,4.225,0.4649169250939162,0.0149411690720728,13.8375002,-0.6008336666666665,-0.0064508641981051,-0.9999791929590824,0.3247576042339377,618.0,2.56,20.2,2.73,20.2,0,32.43333333333333,44.54285714285714,618.0,0,700.0,964.2857142857144,0.04,2.7099999999999995,0.0699999999999998,2.4966666666666666,1582.08,55.146,56926.452000000005,6.447979999999982,0.0
2023-07-03,28.633333333333336,6.938833333333334,2.6835,475.7988333333333,106.57416666666668,4.021166666666667,0.2693333333333333,0.1801666666666666,2.581833333333333,58362,宝山,宝山区,1003.129167,30.704167,79.958333,0.0,1.4125,187.172535,-0.1248576443586859,-0.9921746663996214,11.0,64.29999999999998,2.3416659999999183,16.51911904761903,1.588861422656644,16.950000000000003,115.71320811899996,4.652833333333334,0.3783752026884121,0.0634752737783774,3.515833199999984,-2.0708336666666654,-0.0236511272452315,-0.9997202729664084,0.3002553497564107,612.0,2.61,10.1,2.89,10.1,0,24.6,36.42857142857142,612.0,0,640.0,844.5714285714286,0.1600000000000001,2.77,0.0499999999999998,2.553333333333333,1597.32,29.189,65223.390000000014,5.328708333333313,0.0
2023-07-04,29.241666666666664,6.988666666666667,3.028833333333333,455.77116666666666,136.69183333333334,3.7155,0.1466666666666666,0.169,2.5156666666666667,58362,宝山,宝山区,999.954167,31.991667,67.541667,7.5,3.279167,249.239368,-0.9350694501345184,-0.3544645587715777,18.5,71.79999999999998,3.175000000000068,-3.0041904761904448,6.345415883589259,63.943756500000006,120.29491690599998,4.352333333333333,0.462264390913947,0.0385294584873402,6.302500200000014,-2.750000333333336,-0.0408443915432961,-0.9991655196610107,0.2583583900648695,554.0,2.66,19.1,3.01,19.1,0,16.466666666666665,31.15714285714285,554.0,0,594.6666666666666,762.2857142857143,0.1199999999999996,2.876666666666667,0.0500000000000002,2.61,1473.64,57.491,75727.27566666667,6.834591666666694,0.0
2023-07-05,29.4,7.011833333333333,2.9171666666666667,459.45416666666665,157.39133333333334,4.240666666666667,0.1246666666666666,0.1776666666666666,2.5736666666666665,58362,宝山,宝山区,1001.195833,28.433333,78.625,0.0,1.716667,227.836785,-0.7412357012078724,-0.6712448400210416,7.5,71.79999999999998,0.0,-9.340952380952444,2.9891218674854145,14.5916695,128.25274999999996,4.475,0.4084523476150472,0.0978792790251458,2.5300002,0.966667000000001,-0.0580255693287803,-0.9983150972033183,0.2345868980594632,462.0,2.66,12.1,2.86,12.1,0,13.766666666666666,26.0,462.0,0,542.6666666666666,674.0,-0.1499999999999999,2.92,0.0,2.643333333333333,1228.92,34.605999999999995,72714.796,0.0,0.0
2023-07-06,29.791666666666668,6.9945,2.722833333333333,464.393,145.7775,4.168333333333333,0.1655,0.1771666666666666,2.530333333333333,58362,宝山,宝山区,1000.0,32.220833,70.083333,0.0,2.395833,210.470443,-0.5070938094260019,-0.8618908680580307,7.5,71.79999999999998,1.1958329999999933,-2.991023809523824,3.610745082718527,20.3645805,122.11983309399996,4.4675,0.383200806886684,0.0827015896734164,3.176666399999999,-2.429166333333331,-0.0751895764147585,-0.9971692572470178,0.2475123716625357,532.0,2.77,12.1,2.88,12.1,0,14.433333333333332,21.52857142857143,532.0,0,516.0,608.5714285714286,0.02,2.9166666666666665,0.1099999999999998,2.6966666666666668,1473.64,34.848,77553.63,16.03552499999997,0.0
2023-07-07,29.96166666666667,7.0575,2.969,456.9446666666667,186.08216666666667,4.456166666666667,0.1165,0.1878333333333333,2.5463333333333336,58362,宝山,宝山区,1001.070833,29.475,86.041667,19.9,1.65,73.34083,0.9580270298850656,0.2866778854561332,19.9,38.399999999999984,0.0,-7.741071428571445,3.230744599310358,34.48499999999999,71.44000012799997,4.541166666666666,0.3984700040263051,0.0443458980044345,4.97,0.4866666666666681,-0.0923313336953912,-0.9957283388645872,0.2063295691147999,381.0,2.74,14.7,2.86,14.7,0,12.966666666666663,18.828571428571426,381.0,0,458.3333333333333,549.8571428571429,-0.02,2.8666666666666667,-0.0299999999999998,2.723333333333333,1043.94,42.042,70897.3055,5.582464999999963,0.0
2023-07-08,30.161666666666665,7.0035,2.6481666666666666,457.1398333333333,168.01133333333334,4.573,0.3221666666666666,0.2026666666666666,2.7231666666666663,58362,宝山,宝山区,1003.208333,27.9,93.958333,39.4,1.041667,239.633852,-0.8628124979984345,-0.5055240778614817,59.3,77.79999999999998,0.0,-5.2407380952381,1.940430306352535,62.81252009999999,150.89958307399996,5.071999999999999,0.334287096842061,0.0163021327737963,12.4850002,2.2616666666666667,-0.1094457686489155,-0.993992768446958,0.2235716078598815,481.0,2.79,-4.03,2.88,4.03,1,7.589999999999997,12.038571428571425,481.0,0,464.6666666666667,520.0,0.02,2.873333333333333,0.0499999999999998,2.766666666666667,1341.99,-11.6064,80813.45133333333,8.400566666666634,0.0
2023-07-09,29.93166666666667,7.009333333333333,2.6376666666666666,451.7676666666667,143.919,4.368166666666666,0.2311666666666666,0.1879999999999999,2.504,58362,宝山,宝山区,1004.15,30.0,79.125,0.0,1.945833,221.693692,-0.6651481492165521,-0.7467114165417558,59.3,66.79999999999998,0.0,-8.413666666666643,3.240100218634491,117.3337299,119.65549999999998,4.615166666666666,0.3526606649433996,0.0160653324375946,13.0274998,-0.0683333333333315,-0.1265278168386831,-0.9919630595773395,0.2496752818020294,657.0,2.81,33.6,3.07,33.6,0,14.756666666666666,13.952857142857138,657.0,0,506.3333333333333,525.5714285714286,0.1899999999999999,2.936666666666666,0.02,2.78,1846.17,103.152,94554.78300000001,2.8783800000000004,0.0
2023-07-10,30.065,6.9845,2.6333333333333333,461.1326666666667,114.5585,4.135333333333333,0.1266666666666666,0.1658333333333333,2.3408333333333333,58362,宝山,宝山区,1004.841667,27.716667,80.583333,0.5,1.941667,166.025295,0.2414935048768235,-0.9704024356432271,39.9,67.29999999999998,0.0,3.0465000000000373,2.410566969133668,79.4141803,121.53258310899996,4.125833333333333,0.3805211695005058,0.0233417621214412,9.1450002,2.3483329999999967,-0.1435724234118113,-0.9896398128792412,0.2881029452041652,856.0,2.71,55.3,2.85,55.3,0,28.29,20.41,856.0,0,664.6666666666666,560.4285714285714,-0.2199999999999997,2.9333333333333336,-0.1,2.77,2319.76,157.605,98062.076,11.45585,0.0
2023-07-11,30.335,7.021,2.902,464.35816666666665,107.72266666666668,3.926,0.0558333333333333,0.154,2.2275,58362,宝山,宝山区,1003.9125,32.708333,68.416667,0.0,2.216667,165.014572,0.2585733734193427,-0.9659916203355706,0.5,59.79999999999998,0.9291670000000068,5.045285714285683,2.7898380639373346,3.3250005,100.71316686599998,3.823333333333333,0.4449669060335794,0.2152466058838948,1.6158336000000015,-2.373333000000006,-0.1605745445949937,-0.9870237158387384,0.298452804520225,991.0,2.64,44.5,2.78,44.5,0,44.46666666666666,24.038571428571423,991.0,0,834.6666666666666,622.8571428571429,-0.0700000000000002,2.9,-0.0699999999999998,2.72,2616.24,123.71,106753.16266666669,7.540586666666646,0.0
2023-07-12,31.03833333333333,7.020333333333333,2.853,482.278,98.45916666666666,3.9278333333333335,0.0433333333333333,0.15,2.1686666666666667,58362,宝山,宝山区,1003.020833,33.970833,65.125,0.0,2.754167,183.892886,-0.06789141494455,-0.9976927161089364,0.5,59.79999999999998,0.891666999999984,19.70457142857145,2.941151294623586,4.1312505,98.74474999999998,3.712,0.4408787699281427,0.1943319586290586,1.9308335999999968,-2.9324996666666685,-0.1775291491870349,-0.984115542601034,0.3135682311590384,929.0,2.61,44.5,2.74,44.5,0,48.1,28.667142857142856,929.0,0,925.3333333333334,689.5714285714286,-0.0399999999999995,2.7900000000000005,-0.0300000000000002,2.6533333333333333,2424.69,121.93,91468.56583333333,2.9537750000000194,0.0
2023-07-13,31.22666666666667,7.009833333333333,2.8605,487.15899999999993,100.99566666666668,4.007666666666666,0.0893333333333333,0.149,2.181,58362,宝山,宝山区,1002.141667,33.054167,65.75,0.0,2.9625,202.697478,-0.385865434403445,-0.9225550750674132,0.0,59.79999999999998,0.8791660000000547,21.333285714285694,4.105626349420206,2.9625,99.11849999999995,3.7603333333333335,0.4342644603005921,0.2065404759436088,1.9533332000000108,-1.8275003333333293,-0.1944312200476619,-0.9809161537413774,0.3092937699613656,1050.0,2.53,46.3,2.72,46.3,0,45.1,33.552857142857135,1050.0,0,990.0,763.5714285714286,-0.02,2.7466666666666666,-0.08,2.5933333333333333,2656.5,125.936,106045.45000000001,8.079653333333335,0.0
2023-07-14,31.276666666666667,6.992666666666668,2.915,468.1006666666667,93.78766666666668,3.9055,0.1243333333333333,0.159,2.3283333333333336,58362,宝山,宝山区,1000.966667,32.966667,65.666667,0.0,3.158333,202.653798,-0.3851620034220804,-0.9228489752499536,0.0,39.899999999999984,1.1749999999999543,0.6812380952382,4.374802865754069,3.158333,66.10100013299997,4.042666666666667,0.4403434124726201,0.1875000117187523,2.129999799999991,-1.6900003333333338,-0.2112757555821793,-0.9774264960104057,0.3217338180900257,912.0,2.45,37.9,2.69,37.9,0,42.9,36.867142857142845,912.0,0,963.6666666666666,839.4285714285714,-0.0300000000000002,2.716666666666667,-0.0799999999999996,2.53,2234.4,101.951,85534.35200000001,7.503013333333297,0.0
2023-07-15,31.085,6.935666666666666,3.067,447.681,91.4805,3.6648333333333336,0.1216666666666666,0.1588333333333333,2.4455,58362,宝山,宝山区,1002.4875,29.904167,80.541667,25.4,1.916667,17.008928,0.2925207154444214,0.9562591861184307,25.4,25.899999999999984,0.0,-18.387166666666587,2.4773318021087127,50.6000088,46.760291752999976,4.1555,0.4811106172710396,0.0353148906967052,6.2300002,1.1808329999999962,-0.2280577712215198,-0.9736476020539838,0.3259163401179178,778.0,2.44,38.2,2.68,38.2,0,40.79999999999999,42.89999999999999,778.0,0,913.3333333333334,881.8571428571429,-0.0099999999999997,2.6966666666666668,-0.0100000000000002,2.473333333333333,1898.32,102.37600000000002,71171.829,0.9148050000000183,0.0
2023-07-16,30.938333333333333,6.808833333333333,2.651,441.676,100.1665,4.1995,0.1921666666666666,0.1663333333333333,2.5791666666666666,58362,宝山,宝山区,1005.966667,27.816667,89.916667,70.1,1.775,82.307347,0.9910003725276824,0.1338591111952955,95.5,95.99999999999996,0.0,-22.950500000000037,3.5340256612366363,171.2875,182.32000032,4.434666666666667,0.3757618710134657,0.0101755278555075,20.165000000000003,3.1216663333333337,-0.2447723008972595,-0.9695805901076308,0.3106792576239414,644.0,2.47,41.8,2.71,41.8,0,39.3,44.07142857142857,644.0,0,778.0,880.0,0.0299999999999998,2.6933333333333334,0.0300000000000002,2.4533333333333336,1590.68,113.278,64507.226,3.00499500000002,0.0
2023-07-17,31.105,6.8,2.4521666666666664,447.0268333333333,108.1625,4.346166666666666,0.1159999999999999,0.1718333333333333,2.5436666666666667,58362,宝山,宝山区,1007.083333,28.733333,82.333333,0.4,2.770833,58.403206,0.8517562525750718,0.5239382465513187,95.9,95.89999999999998,0.0,-15.584547619047612,5.130907332591344,268.49371770000005,174.85766634699996,4.378,0.3415036093122577,0.0100330254087472,20.8424998,2.371667000000002,-0.2614143985111562,-0.965226663665613,0.2977675335770504,771.0,2.57,27.6,2.84,27.6,0,35.86666666666667,40.11428571428571,771.0,0,731.0,867.8571428571429,0.1299999999999999,2.7433333333333336,0.0999999999999996,2.493333333333333,1981.47,78.384,83393.28749999999,10.816249999999956,0.0
2023-07-18,31.025,6.838,2.891,448.3498333333334,115.83716666666668,4.042,0.0921666666666666,0.172,2.489,58362,宝山,宝山区,1008.991667,28.233333,81.125,0.0,2.025,41.702626,0.665264574135281,0.7466076924333176,70.5,95.89999999999998,0.0,-11.97464285714284,3.372160762623944,144.7875,173.69887499999996,4.301166666666667,0.4217872340425532,0.0136008160489629,15.315,2.791667000000004,-0.2779791393987801,-0.9605871111248128,0.2862351254976195,641.0,2.71,11.3,2.89,11.3,0,26.899999999999995,35.37142857142857,641.0,0,685.3333333333334,817.8571428571429,0.0500000000000002,2.813333333333334,0.1400000000000001,2.583333333333333,1737.11,32.657000000000004,74251.62383333335,16.217203333333345,0.0
2023-07-19,31.03333333333333,6.882833333333333,3.2945,440.8793333333333,115.77816666666666,3.9226666666666663,0.0678333333333333,0.1693333333333333,2.4325,58362,宝山,宝山区,1008.313043,27.9,81.217391,2.5,1.821739,97.517393,0.9914051924939282,-0.1308271542764617,2.9,98.39999999999998,0.6786240000000134,-13.531047619047628,3.627820503968696,7.1047821,178.31791274399995,4.193666666666667,0.4929057676483055,0.1562411381979425,1.8087682000000027,3.133333333333333,-0.2944616217868012,-0.9556633054034704,0.2863208592691322,565.0,2.68,11.0,2.84,11.0,0,16.63333333333333,30.58571428571428,565.0,0,659.0,765.8571428571429,-0.0500000000000002,2.856666666666667,-0.0299999999999998,2.653333333333333,1514.2,31.24,65414.66416666666,3.473344999999977,0.0
2023-07-20,30.85,6.892,3.391833333333333,445.23,129.66383333333332,3.815833333333333,0.1036666666666666,0.174,2.4298333333333333,58362,宝山,宝山区,1006.675,27.054167,94.166667,43.6,1.145833,140.148604,0.6407986147820149,-0.7677090173323815,46.1,141.99999999999997,1.6380430000000388,-3.190523809523768,1.8800811991715205,53.96873430000001,275.71666714,4.2735,0.509322521710839,0.0200465577293953,10.235108400000009,3.7958329999999982,-0.3108569682435036,-0.9504567035349152,0.267250842573,628.0,2.67,23.9,2.84,23.9,0,15.399999999999997,27.385714285714283,628.0,0,611.3333333333334,705.5714285714286,0.0,2.856666666666667,-0.0100000000000002,2.686666666666667,1676.76,67.87599999999999,81428.88733333332,1.296638333333359,0.0
2023-07-21,30.891666666666666,6.829000000000001,2.6681666666666666,455.56166666666667,126.19733333333332,4.1035,0.1433333333333333,0.188,2.4090000000000003,58362,宝山,宝山区,1007.0125,28.879167,85.25,9.3,2.141667,198.019915,-0.309347546132477,-0.9509490500031088,55.400000000000006,151.29999999999998,0.0,8.932428571428602,2.804186431082904,120.7900188,280.28324999999995,4.432333333333334,0.3743831996445358,0.0170818504365446,12.365000200000004,2.012499666666667,-0.3271603271220951,-0.9449688462364056,0.2718147064029188,731.0,2.8,9.98,3.21,9.98,0,14.96,23.397142857142853,731.0,0,641.3333333333334,679.7142857142857,0.3700000000000001,2.9633333333333334,0.1299999999999999,2.716666666666667,2046.8,32.0358,92250.25066666666,16.40565333333332,0.0
2023-07-22,30.636666666666667,6.7620000000000005,1.7501666666666666,446.2963333333334,97.52166666666666,4.244666666666666,0.2275,0.1851666666666666,2.3905,58362,宝山,宝山区,1007.595833,28.629167,85.041667,7.9,2.35,203.372291,-0.3967040058822521,-0.9179465843484436,60.8,133.79999999999995,0.0,-0.1350952380952321,3.282254413823293,145.23000000000002,247.5857504459999,4.469666666666667,0.2389686639510274,0.0155884645362431,13.570000000000002,2.007499666666668,-0.343366873996388,-0.939201357453208,0.315175737249968,816.0,2.83,0.493,3.25,0.493,0,11.457666666666666,18.010428571428566,816.0,0,725.0,685.1428571428571,0.04,3.1,0.0300000000000002,2.766666666666667,2309.28,1.60225,79577.68,2.925650000000019,0.0
2023-07-23,30.48333333333333,6.784666666666666,2.1468333333333334,420.9075,95.99066666666666,4.391333333333333,0.1295,0.167,2.3755,58362,宝山,宝山区,1006.604167,29.9625,77.666667,0.0,2.204167,211.38514,-0.5207882408619345,-0.8536858955025154,17.200000000000003,63.69999999999997,0.9916660000000092,-22.55699999999996,3.3520712544959275,40.115839400000006,113.17366687899997,4.175000000000001,0.2985513964538185,0.0467380727826768,4.960833400000003,0.5208333333333357,-0.3594718130884232,-0.9331559438780432,0.3178340811401346,845.0,2.82,31.0,3.52,31.0,0,13.82433333333333,16.467571428571425,845.0,0,797.3333333333334,713.8571428571429,0.27,3.3266666666666667,-0.0100000000000002,2.8166666666666664,2382.9,109.12,81112.11333333333,0.9599066666666857,0.0
2023-07-24,30.543333333333333,6.795833333333333,2.395833333333333,428.70166666666665,101.23433333333334,3.1645,0.0503333333333333,0.1635,2.2575,58362,宝山,宝山区,1007.166667,30.154167,75.166667,0.0,3.1875,169.610236,0.1803434254564808,-0.9836037052058224,7.9,63.299999999999976,0.0,-12.144952380952418,3.7623446686425326,28.36875,110.88050021099995,3.9428333333333327,0.4095558278013618,0.0827300930713547,3.4925,0.3891663333333319,-0.3754703786876202,-0.9268343944460494,0.3088970594749355,794.0,2.73,39.0,3.01,39.0,0,23.497666666666664,18.09614285714285,794.0,0,818.3333333333334,717.1428571428571,-0.5100000000000002,3.26,-0.0899999999999998,2.793333333333333,2167.62,117.39,80380.06066666667,9.111089999999981,0.0
2023-07-25,30.57166666666667,6.827166666666667,2.8303333333333334,424.0688333333333,90.42366666666668,3.431,0.0528333333333333,0.1785,2.3238333333333334,58362,宝山,宝山区,1009.091667,30.5625,73.0,0.0,3.704167,151.059679,0.4838983578686025,-0.8751242078996957,0.0,63.299999999999976,0.0,-13.309071428571428,5.496607328571067,3.704167,109.50899999999996,4.161666666666667,0.4514928349240955,0.2125774871512852,2.2225002,0.0091666666666689,-0.3913578365610259,-0.9202385798054076,0.3278671770425139,753.0,2.66,36.4,2.86,36.4,0,35.46666666666667,21.681857142857137,753.0,0,797.3333333333334,733.1428571428571,-0.1499999999999999,3.1300000000000003,-0.0699999999999998,2.7366666666666664,2002.98,104.10399999999998,68089.02100000001,6.329656666666649,0.0
2023-07-26,30.65833333333333,6.805833333333333,2.768666666666667,436.6553333333333,78.78166666666667,3.312333333333333,0.0501666666666666,0.1698333333333333,2.328333333333333,58362,宝山,宝山区,1009.8625,30.045833,76.75,0.0,3.229167,133.506529,0.7252959265458531,-0.6884372294813759,0.0,60.799999999999976,0.0,-0.1191428571428332,5.571268671236292,3.229167,107.46399999999996,4.076833333333333,0.4568128695173931,0.2364531833337392,1.9375002,0.6125003333333332,-0.4071294853542516,-0.9133704517637858,0.3509868826615637,680.0,2.57,39.7,2.71,39.7,0,38.36666666666667,25.781857142857135,680.0,0,742.3333333333334,749.5714285714286,-0.1499999999999999,2.86,-0.0900000000000003,2.6533333333333333,1747.6,107.587,53571.53333333333,7.090350000000024,0.0
2023-07-27,30.472,6.7642,2.5010000000000003,458.1942,82.7104,3.7748,0.0467999999999999,0.1706,2.2786,58362,宝山,宝山区,1008.208333,27.9,84.708333,8.2,2.725,119.924166,0.8666864215354069,-0.4988533318783698,8.2,25.39999999999997,1.6541669999999158,19.56769523809521,5.086720498683984,25.07,46.91591658199994,4.0314,0.3831423494086648,0.0736422197326247,3.605833399999983,2.5720000000000027,-0.4227806579826773,-0.9062320427107696,0.3428278112285425,748.0,2.55,41.3,2.68,41.3,0,39.13333333333333,28.267571428571426,748.0,0,727.0,766.7142857142857,-0.0299999999999998,2.75,-0.02,2.5933333333333333,1907.4,110.684,61867.3792,1.6542080000000001,0.0
2023-07-28,30.17,6.9785,4.216,409.7275,92.207,3.962,0.058,0.173,2.271,58362,宝山,宝山区,1006.695833,28.158333,87.083333,3.7,3.975,118.753148,0.8767003274351953,-0.4810369381607001,11.9,19.79999999999997,1.5125000000000457,-22.35126666666673,7.459883801554902,51.2775,37.04249993399995,4.058999999999999,0.6245925925925926,0.054384772263766,5.067500000000009,2.0116670000000028,-0.4383067230125192,-0.898825465016444,0.3245881617026179,714.0,2.54,34.1,2.69,34.1,0,38.36666666666667,31.71328571428571,714.0,0,714.0,764.2857142857143,0.0099999999999997,2.6933333333333334,-0.0099999999999997,2.553333333333333,1813.56,91.729,65835.798,0.9220699999999723,0.0
2023-07-29,27.67333333333333,6.406166666666667,6.438666666666666,152.88583333333332,30.983,3.302666666666667,0.0498333333333333,0.3161666666666666,2.1188333333333333,58362,宝山,宝山区,1007.204167,28.008333,88.625,5.2,3.420833,135.96869,0.6950513590090411,-0.7189600881409796,17.1,17.099999999999973,0.0,-237.27714761904764,5.798487625592975,61.9170773,32.25487499999995,5.330333333333334,0.8568703559942331,0.0464666028494343,5.4724998000000005,-0.3349996666666683,-0.4537030860313442,-0.8911529104063088,0.5061397645358401,926.0,2.52,34.1,2.72,34.1,0,36.5,36.51428571428571,926.0,0,796.0,780.0,0.0300000000000002,2.6966666666666668,-0.02,2.536666666666666,2333.52,92.752,28690.258,0.61966,0.0
2023-07-30,28.116666666666664,6.503,5.588,225.26566666666668,43.5945,3.402,0.0405,0.3738333333333333,2.0893333333333333,58362,宝山,宝山区,1008.495,29.665,77.75,0.0,4.01,143.308694,0.5975034795214341,-0.8018663180105392,8.9,17.099999999999973,0.0,-136.94848095238098,6.405988952880951,39.699,30.39524999999995,5.868166666666666,0.6830599979627179,0.0718907260963335,4.186,-1.5483333333333356,-0.4689651910076318,-0.8832166493127127,0.4497188476941346,828.0,2.52,33.8,2.64,33.8,0,34.0,36.91428571428571,828.0,0,822.6666666666666,777.5714285714286,-0.08,2.6833333333333336,0.0,2.526666666666667,2086.56,89.232,36096.246,0.0,0.0
2023-07-31,30.206666666666667,6.976333333333334,3.996166666666667,429.87416666666667,108.98833333333332,3.275,0.0618333333333333,0.1713333333333333,2.1331666666666664,58362,宝山,宝山区,1008.2,29.5625,76.458333,0.0,3.1875,96.414486,0.9937397048877106,-0.111720181389424,5.2,17.099999999999973,0.2949999999999591,67.49251904761906,6.355045309329578,19.7625,30.174374942999957,3.908333333333333,0.6605052202418665,0.1032791117996389,3.0114999999999914,0.644166666666667,-0.4840885216389758,-0.8750190302029955,0.2964882919286851,562.0,2.43,36.6,2.62,36.6,0,34.833333333333336,36.57142857142857,562.0,0,772.0,744.4285714285714,-0.02,2.66,-0.0899999999999998,2.49,1365.66,95.892,61251.44333333332,9.808949999999976,0.0
2023-08-01,30.188333333333333,7.036333333333334,4.411666666666666,423.0875,133.78933333333333,3.3008333333333333,0.0833333333333333,0.1801666666666666,2.1806666666666668,58362,宝山,宝山区,1007.208333,28.875,85.458333,2.6,3.195833,77.1677,0.9750243033100672,0.2220981943976988,2.6,19.69999999999997,0.9916670000000068,60.84604285714289,6.311847844320321,11.5049988,36.53529160099995,4.065666666666667,0.7131887377071264,0.1284109149277687,2.6358332000000013,1.3133333333333326,-0.4990686026885319,-0.8665624788845385,0.2619745981911713,298.0,2.46,6.12,2.6,6.12,0,25.50666666666667,32.24571428571428,298.0,0,562.6666666666666,679.4285714285714,-0.02,2.62,0.0299999999999998,2.47,733.08,15.912,39869.221333333335,4.013679999999973,0.0
2023-08-02,30.368333333333336,7.096333333333334,4.789833333333333,409.687,181.12566666666663,3.4695,0.1085,0.1963333333333333,2.3716666666666666,58362,宝山,宝山区,1004.554167,29.579167,82.041667,0.0,3.316667,60.267309,0.8683486813987933,0.4959541990073045,2.6,19.69999999999997,2.654166000000032,51.298161904761855,6.196690416088892,11.9400012,35.862208398999954,4.4435,0.7322411333061556,0.1044841133472913,3.0408334000000066,0.7891663333333341,-0.5139010013093103,-0.8578494977869301,0.210887120231042,179.0,2.54,-3.63,2.77,3.63,1,13.03,26.055714285714284,179.0,0,346.3333333333333,607.8571428571429,0.1699999999999999,2.6633333333333336,0.08,2.4766666666666666,454.66,-10.0551,32421.49433333333,14.49005333333333,0.0
2023-08-03,29.18,6.788666666666667,5.812666666666668,275.2726666666667,176.5476666666667,4.184,0.0873333333333333,0.286,2.756333333333333,58362,宝山,宝山区,1002.291667,29.504167,82.75,0.0,4.175,58.76358,0.8550348040722072,0.5185706160449146,2.6,11.499999999999972,2.262500000000045,-56.98452380952375,7.744770307001465,15.03,21.01624999999995,5.703666666666667,0.7148479134213332,0.0996264009962635,3.477500000000009,-0.3241670000000027,-0.5285813283559292,-0.8488826652214553,0.2152081997222373,-47.7,2.63,-8.43,2.85,8.43,1,-1.98,18.95142857142857,47.7,1,143.1,494.1857142857143,0.08,2.74,0.0899999999999998,2.543333333333333,-125.451,-24.0255,8421.3237,15.889289999999967,275.2726666666667
2023-08-04,30.656666666666663,7.1245,5.0,396.5806666666667,201.21983333333333,3.5875,0.1063333333333333,0.1886666666666666,2.5466666666666664,58362,宝山,宝山区,1001.154167,29.683333,81.75,0.2,2.8875,36.04466,0.5884156733280423,0.8085585911867529,0.2,7.999999999999972,1.1374999999999318,66.20159523809525,4.586550256734722,3.4650000000000003,14.539999999999948,4.539666666666666,0.7598206823189726,0.1913875598086149,1.999999999999987,0.9733336666666652,-0.5431052396834317,-0.8396646346181327,0.1931229218078867,29.2,2.79,7.42,2.85,7.42,0,-1.5466666666666662,15.139999999999995,29.2,0,53.5,396.3571428571428,0.0,2.8233333333333337,0.1600000000000001,2.653333333333333,81.468,21.147,5875.619133333333,32.19517333333335,0.0
2023-08-05,30.751666666666665,7.1635,5.1955,390.6458333333333,220.05066666666664,3.3875,0.0958333333333333,0.1788333333333333,2.484833333333333,58362,宝山,宝山区,999.8375,29.6125,81.958333,0.7,1.6125,60.59688,0.8711870780216612,0.4909511942017047,0.8999999999999999,3.499999999999972,1.3166670000000522,26.30104761904761,3.0172891633099286,3.06375,6.368541654999948,4.369,0.8284081849588096,0.2070750504175957,1.4108334000000105,1.1391666666666644,-0.5574684374327892,-0.8301981337405212,0.1780103086969614,4.15,2.75,7.67,2.76,7.67,0,2.22,11.36428571428571,4.15,0,-4.783333333333334,264.6642857142857,-0.0900000000000003,2.8200000000000003,-0.04,2.723333333333333,11.4125,21.1692,913.2102666666666,8.802026666666666,0.0
2023-08-06,31.02,7.121666666666667,4.762666666666667,395.2913333333333,254.6058333333333,3.439166666666667,0.0968333333333333,0.1736666666666666,2.627833333333333,58362,宝山,宝山区,998.825,30.908333,74.541667,0.0,1.920833,57.135912,0.8399601519033262,0.5426480841342216,0.8999999999999999,3.499999999999972,1.0124999999999318,6.657166666666626,3.5342561784609217,3.6495827,6.108958344999951,4.461333333333333,0.7592730364544585,0.2068965659928695,1.5349997999999865,0.1116670000000006,-0.5716666713027052,-0.8204859638785327,0.1533572235164813,120.0,2.69,10.2,2.71,10.2,0,8.43,7.992857142857139,120.0,0,51.11666666666667,163.52142857142857,-0.0499999999999998,2.773333333333333,-0.06,2.7433333333333336,322.8,27.642,30552.699999999997,15.276349999999997,0.0
2023-08-07,31.203333333333333,7.1370000000000005,4.7235000000000005,394.9765,239.2375,3.470333333333333,0.086,0.1581666666666666,2.8655000000000004,58362,宝山,宝山区,1000.154167,29.8125,76.541667,0.0,2.5875,19.250623,0.3297009107020222,0.944085435478303,0.7,3.499999999999972,0.0,11.327714285714308,3.4406011064414823,4.39875,6.17895834499995,4.533166666666667,0.7695503421309874,0.2332361516034985,1.6925,1.3908333333333331,-0.5856957398073508,-0.8105309990194823,0.1638822372651237,207.0,2.69,9.34,2.78,9.34,0,9.07,4.098571428571424,207.0,0,110.38333333333333,112.80714285714284,0.0699999999999998,2.75,0.0,2.7100000000000004,556.83,25.9652,49522.162500000006,0.0,0.0
2023-08-08,31.32333333333333,7.0635,4.258166666666667,422.3441666666667,161.54183333333333,3.519333333333333,0.1014999999999999,0.1501666666666666,2.5676666666666668,58362,宝山,宝山区,1002.121739,29.330435,74.0,0.0,2.608696,21.295099,0.3631715335933554,0.9317222961738386,0.0,0.8999999999999715,0.0,38.80157142857149,3.556100126998852,2.608696,1.5659999999999503,4.170833333333333,0.6954947597658908,0.2771084070256957,1.5652176,1.9928983333333328,-0.5995514915196489,-0.8003361849976323,0.2301964253355211,385.0,2.7,26.8,2.81,26.8,0,15.446666666666667,7.05285714285714,385.0,0,237.33333333333331,125.23571428571428,0.0300000000000002,2.766666666666667,0.0100000000000002,2.6933333333333334,1039.5,75.308,62193.605833333335,1.6154183333333656,0.0
2023-08-09,31.335,7.080000000000001,4.427333333333333,439.23566666666665,102.13366666666668,3.478,0.0663333333333333,0.1415,2.343833333333333,58362,宝山,宝山区,1002.641667,29.95,77.875,0.1,3.020833,328.730883,-0.5190584745512611,0.8547387320090963,0.1,0.9999999999999716,0.0,51.471833333333336,4.58882196885411,3.3229163000000006,1.7787499999999492,3.825166666666666,0.7429242644591117,0.242669382622397,1.8324998,1.384999999999998,-0.6132298262997502,-0.7899045386224707,0.3074104669467438,506.0,2.71,36.9,2.78,36.9,0,24.346666666666664,12.84285714285714,506.0,0,366.0,171.95000000000002,-0.0300000000000002,2.79,0.0099999999999997,2.7,1371.26,102.582,51679.63533333334,1.0213366666666361,0.0
2023-08-10,31.31,7.0496,4.2656,487.6334,79.4136,3.733400000000001,0.0864,0.1457999999999999,2.3838,58362,宝山,宝山区,1003.708333,29.941667,71.583333,0.0,1.795833,309.397766,-0.7727583214687315,0.6347003833312446,0.1,0.9999999999999716,0.0,69.53231904761907,3.183577894718157,1.9754163,1.715833329999951,3.9282,0.6794737009780495,0.3453237807566942,1.0974998,1.3683330000000034,-0.6267266965083301,-0.7792391467859886,0.3496477454143852,689.0,2.71,44.0,2.77,44.0,0,35.9,20.332857142857137,689.0,0,526.6666666666666,277.1928571428571,-0.0099999999999997,2.786666666666666,0.0,2.706666666666667,1867.19,121.88,54715.9704,0.0,0.0
2023-08-11,31.42333333333333,7.017166666666667,4.0785,477.7778333333333,73.10233333333333,3.0436666666666667,0.1036666666666666,0.1471666666666666,2.351,58362,宝山,宝山区,1002.8125,31.029167,69.375,0.0,1.741667,124.272559,0.8263680925395318,-0.5631303362744505,0.1,0.7999999999999714,0.8958330000000387,48.07715714285712,3.180925036629049,1.9158337000000003,1.3549999999999516,3.9263333333333335,0.7258408969567539,0.2675585284280908,1.244166800000008,0.3941663333333309,-0.6400381082043503,-0.7683431655492202,0.3635212507798699,1050.0,2.69,48.8,2.76,48.8,0,43.23333333333333,26.244285714285716,1050.0,0,748.3333333333334,423.0214285714285,-0.0100000000000002,2.77,-0.02,2.703333333333333,2824.5,134.688,76757.45,1.4620466666666667,0.0
2023-08-12,31.661666666666665,6.9605,3.7261666666666655,482.7663333333333,85.56849999999999,3.4633333333333334,0.1273333333333333,0.1606666666666666,2.477,58362,宝山,宝山区,1001.254167,31.795833,68.708333,0.0,2.033333,138.848412,0.6580534729899957,-0.7529711991077779,0.0,0.0999999999999714,1.5583329999999478,39.90558571428568,3.371374842395167,2.033333,0.1687083329999519,4.211,0.6012532271944923,0.2177858755406014,1.5316663999999895,-0.1341663333333329,-0.65316012232693,-0.7572198192083127,0.3371293365063542,873.0,2.52,47.4,2.71,47.4,0,46.73333333333333,31.91999999999999,873.0,0,870.6666666666666,547.1428571428571,-0.0499999999999998,2.7466666666666666,-0.1699999999999999,2.64,2199.96,128.454,74701.30049999998,14.54664499999999,0.0
2023-08-13,31.87,7.0385,4.213500000000001,459.7918333333334,95.98166666666668,3.5126,0.0492,0.1536,2.3226,58362,宝山,宝山区,1001.333333,30.825,76.375,0.0,2.320833,84.889413,0.9960246226959024,0.0890783418317008,0.0,0.0999999999999714,0.0,7.716728571428632,4.632439813165199,2.320833,0.1763749999999496,3.9078,0.6909869133129983,0.301129264856137,1.3924998,1.0450000000000017,-0.666088855860977,-0.7458723993404063,0.3178498319892892,584.0,2.44,40.3,2.65,40.3,0,45.5,36.21999999999999,584.0,0,835.6666666666666,613.4285714285714,-0.06,2.7066666666666666,-0.08,2.55,1424.96,106.795,56053.29333333334,7.678533333333335,0.0
2023-08-14,32.005,7.102833333333333,4.684833333333334,434.7735,115.11383333333332,3.54,0.0528333333333333,0.158,2.3906666666666667,58362,宝山,宝山区,1003.483333,29.904167,79.166667,1.9,2.833333,56.707017,0.8358745937892793,0.5489204527594206,1.9,1.9999999999999716,0.0,-22.986890476190467,5.20164407044476,8.2166657,3.5833333399999487,4.0235,0.7589437589437591,0.1744186147917799,2.0799998,2.100833000000001,-0.6788204829862355,-0.734304263829602,0.2872892127188401,448.0,2.51,35.6,2.62,35.6,0,41.1,39.97142857142857,448.0,0,635.0,647.8571428571429,-0.0299999999999998,2.66,0.0699999999999998,2.49,1124.48,93.272,51570.997333333326,8.057968333333308,0.0
2023-08-15,31.971666666666668,7.142666666666667,4.948833333333333,421.3043333333333,122.53383333333332,3.678333333333333,0.0605,0.1616666666666666,2.4625,58362,宝山,宝山区,1005.125,28.570833,79.5,0.0,1.554167,62.506317,0.8870617367024046,0.4616508153123026,1.9,1.9999999999999716,0.0,-36.30750952380959,2.9328090781455662,4.5070843,3.5899999999999483,4.139666666666666,0.778669393963234,0.2245088700086907,1.3125002,3.400833666666667,-0.6913512362094071,-0.722518835873311,0.2767751445144446,378.0,2.56,7.67,2.64,7.67,0,27.85666666666666,37.23857142857143,378.0,0,470.0,646.8571428571429,0.02,2.6366666666666667,0.0500000000000002,2.5033333333333334,967.68,20.2488,46317.789,6.12669166666669,0.0
2023-08-16,32.04,7.142166666666667,4.860166666666667,423.09083333333336,147.93866666666668,3.541166666666667,0.0563333333333333,0.1671666666666666,2.5185,58362,宝山,宝山区,1004.475,29.895833,73.375,0.0,1.475,110.886882,0.9342861258175428,-0.3565241017166254,1.9,1.8999999999999715,0.6499999999999773,-32.21460476190475,2.853072035580876,4.2775,3.2941249999999505,4.2465,0.7752492356772565,0.199004975124379,1.3949999999999956,2.1441669999999995,-0.7036774074790128,-0.7105196029692745,0.245031397866272,372.0,2.61,-1.18,2.75,1.18,1,14.03,31.798571428571424,372.0,0,399.3333333333333,627.7142857142857,0.1099999999999998,2.67,0.0499999999999998,2.56,970.92,-3.245,55033.184,7.396933333333305,0.0
2023-08-17,31.94333333333333,7.123166666666666,4.653,431.9895,160.528,3.6621666666666655,0.0608333333333333,0.1741666666666666,2.579166666666667,58362,宝山,宝山区,1004.770833,26.379167,87.458333,10.7,1.333333,333.917857,-0.4396592661263543,0.8981646451009055,10.7,12.599999999999971,0.0,-15.366809523809536,1.9195452082820503,15.5999961,23.619749957999947,4.381666666666668,0.7197586882540992,0.076726344673308,2.9399998000000003,5.564166333333333,-0.7157953492826642,-0.6983101158835584,0.2312584402839989,280.0,2.66,4.61,2.82,4.61,0,3.699999999999998,26.171428571428567,280.0,0,343.3333333333333,569.2857142857143,0.0699999999999998,2.736666666666667,0.0500000000000002,2.61,744.8000000000001,13.0002,44947.84,8.02640000000003,0.0
2023-08-18,31.92,7.117333333333334,4.593833333333333,431.80033333333336,145.19783333333334,3.7155,0.076,0.1746666666666666,2.641,58362,宝山,宝山区,1006.55,28.545833,77.25,3.0,1.904167,98.360511,0.9893727803279444,-0.1454011745005968,13.7,15.599999999999971,0.0,-8.987761904761896,3.7880979989987207,27.9912549,27.65099999999995,4.463666666666667,0.7026179612021718,0.0602258457169215,3.8825002,3.3741670000000035,-0.7277014757264236,-0.6858939875998223,0.2481840310507317,289.0,2.75,8.87,2.9,8.87,0,4.099999999999997,20.46714285714285,289.0,0,313.6666666666667,460.57142857142856,0.08,2.823333333333333,0.0899999999999998,2.6733333333333333,794.75,25.722999999999995,41962.173833333334,13.067804999999971,0.0
2023-08-19,31.85166666666667,7.142,4.804,415.43,127.84383333333334,3.3556666666666666,0.071,0.1603333333333333,2.5776666666666666,58362,宝山,宝山区,1008.775,29.091667,76.25,3.4,2.129167,116.987563,0.891105049370201,-0.4537970812895691,17.099999999999998,18.99999999999997,0.0,-15.73861904761901,4.026478464652402,38.53792269999999,33.48749999999995,4.252000000000001,0.7966832504145939,0.049433572820868,4.6975002,2.759999666666669,-0.7393922635959241,-0.673274892250183,0.2696316790531496,305.0,2.73,7.78,2.82,7.78,0,7.086666666666663,14.807142857142852,305.0,0,291.3333333333333,379.4285714285714,-0.08,2.8466666666666662,-0.02,2.7133333333333334,832.65,21.9396,38992.36916666667,2.5568766666666667,0.0
2023-08-20,31.773333333333337,7.142166666666667,4.729500000000001,422.72,139.63633333333334,3.3706666666666667,0.0855,0.1628333333333333,2.628833333333333,58362,宝山,宝山区,1007.566667,30.041667,74.708333,0.1,2.616667,133.468345,0.7257545651588304,-0.6879537129423149,6.5,19.09999999999997,1.208332999999925,-3.1526428571428937,4.515725020750462,19.6250025,33.369291602999944,4.342666666666667,0.7773029829895637,0.0883002207505524,3.111666799999985,1.7316663333333366,-0.7508642533989489,-0.6604565640279754,0.2547669232722771,317.0,2.7,10.3,2.83,10.3,0,8.98333333333333,10.521428571428569,317.0,0,303.6666666666667,341.2857142857143,0.0100000000000002,2.85,-0.0299999999999998,2.7266666666666666,855.9000000000001,29.149000000000004,44264.71766666667,4.189089999999973,0.0
2023-08-21,31.78,7.131333333333333,4.423333333333333,443.682,163.239,3.6331666666666655,0.074,0.1758333333333333,2.6136666666666666,58362,宝山,宝山区,1003.075,31.670833,67.791667,0.0,2.820833,216.736627,-0.5981375693267313,-0.8013934415503471,3.5,17.19999999999997,4.491667000000007,16.53671428571431,4.508079194096632,12.6937485,28.860166723999956,4.446,0.6841440466063465,0.0846560846560846,3.2908332000000016,0.1091670000000029,-0.7621140503891487,-0.6474427960827475,0.2284333410487176,424.0,2.67,10.7,2.84,10.7,0,9.59333333333333,6.96428571428571,424.0,0,348.6666666666667,337.85714285714283,0.0099999999999997,2.83,-0.0300000000000002,2.7,1132.08,30.388,69213.336,4.897170000000033,0.0
2023-08-22,31.758333333333336,7.0945,4.057166666666666,462.3835,171.88516666666666,3.867333333333333,0.0845,0.1906666666666666,2.7136666666666667,58362,宝山,宝山区,1002.716667,27.254167,86.666667,40.8,1.6875,276.600638,-0.9933714856905806,0.114948211890784,40.9,57.99999999999997,0.358333000000016,29.36976190476196,3.3638143821028548,70.70625,108.26666685999996,4.704833333333333,0.5915530606789628,0.0227552860358796,9.264166600000005,4.5041663333333375,-0.7731383255706026,-0.6342374393978054,0.2197251045080877,500.0,2.62,23.6,2.85,23.6,0,14.866666666666664,9.239999999999997,500.0,0,413.6666666666667,355.2857142857143,0.0100000000000002,2.84,-0.0499999999999998,2.6633333333333336,1310.0,67.26,85942.58333333333,8.594258333333299,0.0
2023-08-23,31.53333333333333,7.043166666666667,3.585833333333333,456.86016666666666,138.2355,3.9101666666666666,0.1723333333333333,0.2001666666666667,2.684333333333333,58362,宝山,宝山区,1005.9625,28.070833,75.833333,0.0,2.008333,44.254089,0.6978415780366898,0.7162521427285663,40.8,57.99999999999997,0.0,19.02223809523809,3.409831269943159,83.94831939999999,101.98333313999994,4.858333333333334,0.5061757440301141,0.0228267074211657,9.3649998,3.462500333333331,-0.7839338166829201,-0.620844401650647,0.2564660749711989,466.0,2.66,23.4,2.85,23.4,0,19.23333333333333,12.751428571428567,466.0,0,463.3333333333333,368.7142857142857,0.0,2.8466666666666662,0.04,2.6500000000000004,1239.5600000000002,66.69,64417.743,5.52942,0.0
2023-08-24,31.605,6.996166666666667,3.2303333333333337,477.2408333333333,93.96116666666666,3.3751666666666664,0.0585,0.1723333333333333,2.2985,58362,宝山,宝山区,1008.120833,29.316667,69.125,0.0,1.666667,64.394994,0.9017947711202402,0.4321645413267885,40.8,47.29999999999997,0.0,32.938428571428574,3.169658585798657,69.66668059999999,79.99612499999995,4.080333333333334,0.5246602782740512,0.0230061347928977,9.1600002,2.288333000000001,-0.7944973291665992,-0.6072676460566135,0.3214234180715591,624.0,2.7,38.6,2.79,38.6,0,28.53333333333333,17.607142857142854,624.0,0,530.0,417.8571428571428,-0.06,2.83,0.04,2.66,1684.8000000000002,107.694,58631.768,3.7584466666666665,0.0
2023-08-25,31.793333333333337,6.971166666666666,3.0831666666666666,487.424,79.41216666666666,3.1908333333333334,0.0453333333333333,0.162,2.1525,58362,宝山,宝山区,1008.8,28.3875,66.666667,0.0,2.170833,64.347433,0.901435722389576,0.4329129686206953,0.0,44.29999999999997,0.0,35.17535714285714,4.12769941354213,2.170833,73.83333348099995,3.817833333333333,0.5264820559524147,0.3153745403810292,1.3024998,3.4058333333333373,-0.8048257371083452,-0.593511190196115,0.3496507708841914,681.0,2.6,34.0,2.69,34.0,0,32.0,21.19714285714285,681.0,0,590.3333333333334,473.8571428571428,-0.1,2.776666666666667,-0.1,2.6533333333333333,1770.6,91.46,54079.6855,7.941216666666667,0.0
2023-08-26,31.63833333333333,6.984166666666667,3.2881666666666667,474.8783333333333,73.72016666666667,3.4555,0.0293333333333333,0.1535,2.1323333333333334,58362,宝山,宝山区,1006.433333,29.141667,75.916667,0.0,3.05,90.839193,0.9998927392866964,-0.0146461572347967,0.0,40.89999999999997,2.3666670000000067,14.137071428571405,6.099672854824424,3.05,71.94991680299995,3.6966666666666654,0.546222209917218,0.1558441477483558,2.3033334000000014,2.49666633333333,-0.8149159841660791,-0.5795791048257612,0.362111940929409,807.0,2.55,37.6,2.71,37.6,0,36.73333333333333,25.457142857142856,807.0,0,704.0,545.5714285714286,0.02,2.7300000000000004,-0.0500000000000002,2.6166666666666667,2057.85,101.896,59492.1745,3.686008333333348,0.0
2023-08-27,31.290000000000003,7.033,3.856833333333334,476.8998333333333,73.25483333333334,3.2925,0.033,0.1501666666666666,2.0256666666666665,58362,宝山,宝山区,1002.341667,29.029167,79.708333,12.1,3.308333,133.786325,0.7219254039634903,-0.6919708889195784,12.1,52.89999999999997,4.091665999999918,8.418595238095236,5.696702637470747,43.3391623,95.06570815699996,3.5603333333333333,0.6618711208992363,0.0487804901844143,5.223332999999983,2.2608330000000016,-0.8247650844733614,-0.5654755126737576,0.3631723011687439,734.0,2.51,32.7,2.67,32.7,0,34.766666666666666,28.65714285714285,734.0,0,740.6666666666666,605.1428571428571,-0.04,2.69,-0.04,2.553333333333333,1842.34,87.30900000000001,53769.04766666667,2.9301933333333334,0.0
2023-08-28,31.12,7.0553333333333335,4.024166666666667,474.77,77.5445,3.279,0.0545,0.1593333333333333,2.051,58362,宝山,宝山区,1003.254167,26.370833,85.875,19.4,2.695833,256.363175,-0.9718096698869398,-0.2357667608341704,31.5,72.29999999999997,0.0,1.8476190476189915,5.315669577800319,87.6145725,134.38762499999996,3.698833333333333,0.6789741570821969,0.0284124543948142,7.917499800000001,4.749167,-0.8343701235229538,-0.5512045872199277,0.3536395671954065,723.0,2.5,27.8,2.66,27.8,0,32.7,31.1,723.0,0,754.6666666666666,647.8571428571429,-0.0099999999999997,2.68,-0.0099999999999997,2.52,1807.5,73.94800000000001,56064.6735,0.7754449999999767,0.0
2023-08-29,30.93,7.0415,3.88,459.1043333333334,105.611,3.9171666666666662,0.1341666666666666,0.1796666666666666,2.355,58362,宝山,宝山区,1008.554167,23.404167,94.791667,45.7,1.541667,18.599072,0.3189439585778426,0.9477735759593088,77.2,77.19999999999997,0.0,-13.34959523809522,2.0333723757888267,120.5583594,150.37916692399995,4.285833333333334,0.566588785046729,0.0125404952971449,16.3650002,7.525832999999995,-0.8437282590292712,-0.5367705514607103,0.3017819180344501,463.0,2.5,23.2,2.71,23.2,0,27.899999999999995,31.04285714285714,463.0,0,640.0,642.5714285714286,0.0499999999999998,2.68,0.0,2.5033333333333334,1157.5,62.872,48897.893000000004,0.0,0.0
2023-08-30,29.9,7.085833333333333,4.011166666666667,440.21,140.40066666666667,4.055499999999999,0.1276666666666666,0.1929999999999999,2.347166666666667,58362,宝山,宝山区,1011.458333,21.154167,94.333333,12.2,1.766667,328.743306,-0.5188731359741742,0.8548512553446512,77.30000000000001,89.39999999999998,0.0,-29.865333333333297,2.6833430465120864,138.33002610000003,173.73399970199995,4.404833333333333,0.5639073080437688,0.0124895919546644,16.520000200000002,8.745833000000001,-0.8528367217694595,-0.522177676659508,0.2538469419096244,407.0,2.65,28.0,2.8,28.0,0,26.33333333333333,31.7,407.0,0,531.0,634.1428571428571,0.0899999999999998,2.723333333333333,0.1499999999999999,2.5500000000000003,1078.55,78.39999999999999,57143.07133333333,21.060099999999988,0.0
2023-08-31,29.416666666666668,7.011500000000001,3.341333333333333,447.551,170.37116666666665,4.2763333333333335,0.1058333333333333,0.21,2.446833333333333,58362,宝山,宝山区,1011.241667,25.191667,74.833333,0.0,2.45,32.717851,0.5405024742792693,0.8413424245204729,57.900000000000006,89.39999999999998,0.216666000000032,-18.282928571428613,3.77423106198421,144.30500000000004,156.30099970199996,4.652666666666667,0.446572962377208,0.0162425556712783,13.093333200000009,4.224999666666669,-0.8616928164028522,-0.5074302810827518,0.2212180638785347,397.0,2.87,31.0,3.02,31.0,0,27.399999999999995,30.61428571428571,397.0,0,422.3333333333333,601.7142857142857,0.2200000000000002,2.8433333333333333,0.2200000000000002,2.6733333333333333,1139.39,93.62,67637.35316666667,37.481656666666694,0.0
2023-09-01,29.133333333333336,7.118166666666667,4.165666666666667,425.491,177.82833333333335,3.953333333333333,0.0878333333333333,0.2011666666666667,2.551833333333333,58362,宝山,宝山区,1010.916667,26.1625,74.083333,0.0,2.816667,36.798549,0.5990033200197715,0.800746540801327,12.2,89.39999999999998,0.3250000000000455,-31.495357142857188,4.503859884390129,37.1800044,155.63049970199998,4.6513333333333335,0.5906373325141197,0.061193267492233,4.195000200000009,2.970833333333335,-0.8702939222685674,-0.4925327287220543,0.2139882813303708,29.4,2.86,31.3,2.92,31.3,0,30.1,30.228571428571428,29.4,0,277.8,508.6285714285714,-0.1,2.9133333333333336,-0.0100000000000002,2.793333333333333,84.08399999999999,91.396,5228.153,1.778283333333369,0.0
2023-09-02,29.055,7.209333333333333,5.152833333333334,406.83116666666666,176.56216666666668,3.4338333333333337,0.0678333333333333,0.1718333333333333,2.324333333333333,58362,宝山,宝山区,1009.8125,26.879167,74.375,0.0,2.6375,38.337536,0.6202930267794917,0.7843701683062257,0.0,89.39999999999998,1.1041669999999613,-40.43416666666667,4.273522858130909,2.6375,155.89124999999996,4.1105,0.8284297963558412,0.2108962944888386,1.8033333999999923,2.175832999999997,-0.8786374941610001,-0.4774894280028391,0.2151943383394606,-15.5,2.88,20.1,2.78,20.1,0,27.466666666666665,27.728571428571428,15.5,1,136.96666666666667,391.1285714285714,-0.1400000000000001,2.9066666666666663,0.02,2.87,-44.64,55.878,2736.7135833333336,3.5312433333333337,406.83116666666666
2023-09-03,29.09,7.156833333333334,4.801666666666667,413.3858333333333,189.94833333333332,3.410333333333333,0.1205,0.1705,2.462333333333333,58362,宝山,宝山区,1009.391667,26.254167,88.833333,25.0,1.570833,48.458564,0.7484763217150977,0.663161515644445,25.0,102.29999999999998,0.420833000000016,-24.806071428571443,2.746564305868692,40.841658,193.176499659,4.287833333333333,0.7700120272617934,0.0357249189812424,6.026666400000003,2.835833000000001,-0.886721063082993,-0.4623048304798108,0.2028576457840828,133.0,2.84,0.311,2.77,0.311,0,17.237,23.101571428571425,133.0,0,48.96666666666667,305.27142857142854,-0.0099999999999997,2.8233333333333337,-0.04,2.86,377.72,0.86147,25263.12833333333,7.597933333333333,0.0
2023-09-04,29.276666666666667,7.098833333333334,4.027166666666667,425.8635,188.35416666666663,4.079833333333333,0.2215,0.2046666666666666,2.7885000000000004,58362,宝山,宝山区,1009.854167,28.545833,82.208333,0.0,2.670833,69.421691,0.9361926686455784,0.3514872503722859,25.0,82.89999999999998,0.0,-5.341761904761881,5.171247273776677,69.441658,151.05070805699995,5.056666666666667,0.5480629649791326,0.0348786517643209,6.6024998,0.730833666666669,-0.8945422369764496,-0.4469834295196741,0.2042806570552026,171.0,2.86,-1.53,3.02,1.53,1,6.293666666666664,18.911571428571424,171.0,0,96.16666666666669,226.41428571428568,0.25,2.856666666666667,0.02,2.86,489.06,-4.6206000000000005,32208.562499999993,3.7670833333333325,0.0
2023-09-05,29.396666666666665,7.122166666666666,4.175333333333334,421.1496666666667,161.72916666666666,3.360666666666667,0.0944999999999999,0.1693333333333333,2.6588333333333334,58362,宝山,宝山区,1011.470833,27.379167,83.791667,0.0,2.2875,53.851489,0.8074907355374306,0.5898802522726281,25.0,37.19999999999997,0.0,-4.6334999999999695,4.134635057541873,59.475,68.37050012399996,4.446666666666667,0.6790816188230192,0.0353513035793194,6.3725000000000005,2.017499666666666,-0.9020987014301836,-0.4315297589714714,0.2300009144167601,226.0,2.84,11.5,2.98,11.5,0,3.426999999999998,17.240142857142853,226.0,0,176.66666666666666,192.55714285714285,-0.04,2.9233333333333333,-0.02,2.8466666666666662,641.8399999999999,34.27,36550.791666666664,3.234583333333333,0.0
2023-09-06,29.45833333333333,7.131333333333333,4.3421666666666665,429.3645,115.2435,2.9525,0.0563333333333333,0.1506666666666666,2.549,58362,宝山,宝山区,1012.45,27.6,78.125,0.0,2.279167,47.468628,0.7369073104760451,0.6759937986157578,0.0,24.99999999999997,0.0,5.130690476190409,3.958701824095757,2.279167,44.53124999999995,4.112,0.7872661892243071,0.3049554963196446,1.3675002,1.8583333333333307,-0.9093882203647924,-0.4159483918249421,0.2870997720315527,360.0,2.77,31.9,2.86,31.9,0,13.956666666666663,17.79728571428571,360.0,0,252.33333333333331,185.8428571428571,-0.1200000000000001,2.953333333333333,-0.0699999999999998,2.823333333333333,997.2,91.234,41487.659999999996,8.067044999999977,0.0
2023-09-07,29.5,7.1241666666666665,4.319333333333334,447.9044999999999,83.35333333333334,2.949333333333333,0.0753333333333333,0.1426666666666666,2.2503333333333333,58362,宝山,宝山区,1012.775,27.104167,79.208333,0.0,2.091667,72.680833,0.9546612660805924,0.2976942509444884,0.0,24.99999999999997,0.0,23.62019047619043,4.088500466438995,2.091667,44.80208324999995,3.7523333333333335,0.7923443805796747,0.3234500998975633,1.2550002,2.395833,-0.9164086366943458,-0.4002439388573056,0.3415291516975494,511.0,2.71,44.6,2.84,44.6,0,29.33333333333333,19.740142857142853,511.0,0,365.6666666666667,202.12857142857135,-0.02,2.893333333333333,-0.06,2.773333333333333,1384.81,126.664,42593.55333333334,5.0012,0.0
2023-09-08,29.473333333333333,7.072333333333333,4.057333333333333,466.872,67.88933333333334,3.051,0.0673333333333333,0.1463333333333333,2.2081666666666666,58362,宝山,宝山区,1011.695833,26.375,73.625,0.0,1.629167,97.58034,0.9912608632622149,-0.1319162649738405,0.0,24.99999999999997,1.079166999999984,36.67611904761907,3.2440964868183126,1.629167,43.40624999999995,3.7388333333333335,0.7269035532994923,0.269662872869597,1.1933335999999968,3.0983333333333327,-0.923157872964704,-0.3844210472688554,0.3759026796075275,729.0,2.63,39.6,2.77,39.6,0,38.7,20.925857142857144,729.0,0,533.3333333333334,302.0714285714285,-0.0699999999999998,2.823333333333333,-0.08,2.703333333333333,1917.27,109.692,49491.32400000001,5.431146666666668,0.0
2023-09-09,29.438333333333333,7.059666666666666,4.094166666666666,481.4235000000001,67.58749999999999,2.9723333333333333,0.0401666666666666,0.1364999999999999,2.121,58362,宝山,宝山区,1010.0625,25.779167,71.0,0.0,1.883333,102.183057,0.9774783426455306,-0.2110357544563167,0.0,24.99999999999997,1.6333329999999933,40.571571428571474,3.724250219489635,1.883333,42.74999999999995,3.5261666666666662,0.7613513094684643,0.2214022467014389,1.4566663999999987,3.659166333333332,-0.9296339319682696,-0.3684843993077793,0.3766479942103496,870.0,2.57,39.3,2.72,39.3,0,41.16666666666666,23.668714285714284,870.0,0,703.3333333333334,428.5714285714285,-0.0499999999999998,2.776666666666667,-0.06,2.6366666666666667,2235.9,106.896,58801.12499999999,4.055249999999999,0.0
2023-09-10,29.21333333333333,7.056,4.231166666666667,484.5823333333333,84.56183333333333,3.5001666666666664,0.0653333333333333,0.1485,2.156166666666667,58362,宝山,宝山区,1008.179167,26.783333,74.208333,0.0,1.9125,111.837004,0.9282457884459524,-0.3719674128634822,0.0,0.0,1.8833329999999933,33.55947619047623,3.687770070402885,1.9125,0.0,3.7065,0.6993085970856404,0.2085143498533,1.5241665999999987,2.430000333333336,-0.935834897334994,-0.3524387108846032,0.339114674630845,744.0,2.48,38.1,2.7,38.1,0,39.0,29.06714285714285,744.0,0,781.0,515.8571428571428,-0.02,2.7300000000000004,-0.0899999999999998,2.56,1845.12,102.87,62914.00399999999,7.6105649999999825,0.0
2023-09-11,29.115,7.071666666666666,4.492,478.1285,89.38316666666667,3.4913333333333334,0.1016666666666666,0.158,2.2711666666666663,58362,宝山,宝山区,1007.941667,27.583333,80.25,2.7,1.641667,115.884621,0.8996749903452456,-0.4365603185669562,2.7,2.699999999999972,0.2374999999999545,19.639214285714218,3.118633742375108,6.0741679,4.866749999999949,3.952833333333333,0.7276850801879151,0.1792382267818848,1.572500199999991,1.5316669999999988,-0.9417589340994617,-0.3362887301766828,0.3298100208005271,525.0,2.44,32.8,2.66,32.8,0,36.73333333333333,33.97142857142857,525.0,0,713.0,566.4285714285713,-0.04,2.693333333333334,-0.04,2.4966666666666666,1281.0,87.24799999999999,46926.1625,3.5753266666666668,0.0
2023-09-12,29.03333333333333,7.079166666666667,4.291333333333333,469.982,102.72416666666668,3.5085,0.1521666666666666,0.1603333333333333,2.3586666666666667,58362,宝山,宝山区,1008.054167,26.133333,83.916667,14.9,1.654167,101.605048,0.9795575299839316,-0.2011642250793588,17.6,17.599999999999973,0.0,4.516666666666708,3.27451874070093,30.7675062,32.36933339199995,4.114166666666667,0.6850787569178374,0.0493725562744693,4.512500200000001,2.900000333333334,-0.9474042892438844,-0.3200392362231385,0.3064414076268598,328.0,2.49,29.8,2.68,29.8,0,33.56666666666666,36.58571428571428,328.0,0,532.3333333333334,580.9999999999999,0.02,2.68,0.0500000000000002,2.47,816.72,79.864,33693.52666666667,5.136208333333354,0.0
2023-09-13,28.87,7.096,4.2945,458.461,121.60116666666666,3.343166666666667,0.0996666666666666,0.1618333333333333,2.34,58362,宝山,宝山区,1007.1625,24.808333,90.791667,21.8,2.2375,19.258241,0.3298264326150352,0.944041590370064,39.4,39.39999999999997,0.891666999999984,-11.160976190476164,2.975486642976141,90.395,75.17191679799994,4.058,0.7085269612560838,0.0229731021501054,9.400833399999996,4.061667,-0.9527692922168512,-0.3036950375106588,0.2780614864038515,261.0,2.54,30.0,2.73,30.0,0,30.866666666666664,36.31428571428571,261.0,0,371.3333333333333,566.8571428571428,0.0499999999999998,2.69,0.0499999999999998,2.49,662.94,81.9,31737.904499999997,6.080058333333309,0.0
2023-09-14,28.486666666666665,7.086333333333333,3.9281666666666655,457.4795,145.34033333333335,3.5056666666666665,0.1335,0.177,2.3828333333333336,58362,宝山,宝山区,1011.0125,24.620833,92.208333,1.5,1.266667,21.313679,0.3634736554254137,0.9316044771316244,38.2,40.89999999999997,0.0,-13.510333333333392,1.7270670846967424,49.6533464,78.61320819699993,4.286333333333334,0.6128981926927577,0.0247116966662957,8.4000002,3.865833666666664,-0.9578523554276668,-0.2872609705505963,0.2480186698504649,322.0,2.62,8.48,2.73,8.48,0,22.76,31.15428571428571,322.0,0,303.6666666666667,539.8571428571428,0.0,2.7133333333333334,0.08,2.5500000000000003,843.64,23.1504,46799.58733333334,11.627226666666669,0.0
2023-09-15,28.308333333333334,7.0475,3.451333333333334,458.6593333333333,166.44416666666666,3.629166666666667,0.1393333333333333,0.1855,2.5228333333333333,58362,宝山,宝山区,1011.2125,24.991667,93.833333,24.8,1.533333,12.122887,0.2100091251116781,0.9776994258819156,48.1,65.69999999999997,0.0,-11.157261904761867,1.855346921834865,75.28665029999999,127.34849978099994,4.517166666666666,0.5210739538511865,0.0197498355480568,10.5399998,3.316666333333334,-0.9626519747161488,-0.2707418984477642,0.2251528265790379,268.0,2.73,22.4,2.81,22.4,0,20.293333333333333,28.69714285714285,268.0,0,283.6666666666667,474.0,0.08,2.7566666666666664,0.1099999999999998,2.6300000000000003,731.64,62.944,44607.03666666667,18.3088583333333,0.0
2023-09-16,28.244,7.045999999999999,3.3660000000000005,451.0744,151.83020000000002,3.6518,0.1304,0.1928,2.5692,58362,宝山,宝山区,1010.795833,23.745833,94.541667,28.5,0.879167,259.520266,-0.9833193042961932,-0.1818877285537717,54.8,94.19999999999996,0.4166669999999612,-14.40660952380955,1.7436688828001714,49.0575186,183.258250314,4.627599999999999,0.5016243927155675,0.017514412697781,11.570833599999991,4.498166999999999,-0.9671667297977312,-0.2541427094613622,0.2406534392526634,305.0,2.76,41.6,2.88,41.6,0,24.16,29.025714285714283,305.0,0,298.3333333333333,393.2857142857142,0.0699999999999998,2.806666666666666,0.0299999999999998,2.703333333333333,841.8,119.808,46308.211,4.554905999999971,0.0
2023-09-17,28.25333333333333,6.994,2.8521666666666667,454.5535,136.72633333333332,3.314833333333333,0.168,0.1815,2.404666666666667,58362,宝山,宝山区,1011.15,26.566667,83.375,0.0,1.2625,86.13063,0.9977204968593192,0.0674819245931347,53.3,94.19999999999996,0.0,-6.637676190476213,2.5221221272848906,68.55375,172.73924999999994,4.387666666666667,0.4528806203191574,0.0179977502812148,11.4175,1.686666333333335,-0.97139528468375,-0.2374683155584684,0.258315866685902,422.0,2.76,37.2,2.83,37.2,0,33.73333333333333,28.897142857142853,422.0,0,331.6666666666667,347.2857142857142,-0.0499999999999998,2.84,0.0,2.75,1164.7199999999998,105.276,57698.51266666666,0.0,0.0
2023-09-18,28.465,7.001666666666666,2.7685,463.6221666666667,127.62833333333332,3.3046666666666664,0.1183333333333333,0.1673333333333333,2.39,58362,宝山,宝山区,1011.858333,28.458333,82.833333,0.0,2.0875,124.618826,0.8229497444565905,-0.5681141769915906,28.5,91.49999999999996,0.0,4.50332380952392,3.805407591553133,61.58124999999999,167.29249969499995,4.181666666666667,0.4541254305866915,0.0316580925999208,6.952499999999999,0.0066670000000002,-0.9753363880767836,-0.2207236509605022,0.2699158098706062,389.0,2.75,28.2,2.86,28.2,0,35.666666666666664,28.24,389.0,0,372.0,327.8571428571428,0.0299999999999998,2.856666666666667,-0.0099999999999997,2.7566666666666664,1069.75,80.652,49647.42166666666,1.2762833333332948,0.0
2023-09-19,28.83833333333333,7.021833333333333,3.0851666666666664,468.6233333333333,146.11966666666666,3.3821666666666665,0.1105,0.1711666666666666,2.4193333333333333,58362,宝山,宝山区,1009.366667,30.433333,69.625,0.0,3.2375,161.744373,0.3132570746177858,-0.9496683659056496,0.0,76.59999999999997,2.4916660000000093,9.698585714285628,4.2516697790750815,3.2375,129.93274999999994,4.2415,0.4972599795841615,0.1486068258681683,2.440833200000002,-1.5949996666666664,-0.978988873740932,-0.2039136706831147,0.2471171472627802,384.0,2.75,18.6,2.91,18.6,0,28.0,26.639999999999997,384.0,0,398.3333333333333,335.8571428571428,0.0500000000000002,2.8666666666666667,0.0,2.7533333333333334,1056.0,54.126000000000005,56109.952,0.0,0.0
2023-09-20,28.892000000000003,7.0760000000000005,3.6374,466.7898,166.441,3.5042,0.189,0.1842,2.3962,58362,宝山,宝山区,1011.0625,25.5875,82.5,13.0,2.7375,2.89119,0.0504393728882585,0.9987271247255874,12.999999999999996,67.79999999999997,0.0,6.6752238095238,2.875577783281608,38.32499999999999,123.73499999999994,4.4272,0.5565858734239196,0.0597460791635549,4.2425,3.3045000000000044,-0.9823516608469236,-0.1870433490699165,0.225156036598694,554.0,2.73,11.4,2.89,11.4,0,19.4,23.98285714285714,554.0,0,442.3333333333333,377.71428571428567,-0.02,2.8866666666666667,-0.02,2.7433333333333336,1512.42,32.946000000000005,92208.314,3.3288200000000003,0.0
2023-09-22,28.115,7.093500000000001,4.041,488.805,115.334,3.735,0.044,0.187,2.299,58362,宝山,宝山区,1016.429167,21.0,88.458333,15.2,1.208333,49.51753,0.7606046326750044,0.6492153670033708,28.2,81.49999999999997,0.0,24.215352380952368,2.1273966776140862,35.2833236,153.59354139499993,4.213,0.6077605654985714,0.0328857224761383,6.3649998,7.115000000000002,-0.9882042449941422,-0.15314166701312,0.2869676783161434,724.0,2.77,44.9,2.84,44.9,0,29.5,30.58571428571428,724.0,0,554.0,451.71428571428567,-0.0900000000000003,2.8866666666666667,0.1,2.723333333333333,2005.48,127.516,83501.816,11.5334,0.0
2023-09-23,27.78,7.046833333333333,3.784333333333333,507.2778333333333,100.19133333333332,3.4755000000000003,0.0758333333333333,0.16,2.0603333333333333,58362,宝山,宝山区,1016.429167,20.8,91.25,34.5,1.791667,52.391522,0.7921993521037074,0.6102623915386448,62.7,91.19999999999996,-0.0,35.7426857142857,3.211024436585593,114.1291879,174.41999999999993,3.736166666666666,0.6152053755283406,0.0152691181307081,13.6150002,6.98,-0.9906923101615608,-0.136120338622667,0.3106375979130162,717.0,2.68,40.7,2.84,40.7,0,39.266666666666666,30.457142857142856,717.0,0,608.3333333333334,510.5714285714285,0.0,2.87,-0.0899999999999998,2.7066666666666666,1921.56,115.588,71837.18599999999,9.017219999999979,0.0
2023-09-24,27.151666666666667,7.011166666666667,3.4858333333333333,491.35566666666665,77.23649999999999,3.31,0.102,0.1451666666666666,2.0228333333333333,58362,宝山,宝山区,1013.729167,23.229167,94.625,3.2,1.0875,84.859698,0.995978290528613,0.0895948926875953,52.9,65.89999999999996,2.700000000000045,14.066052380952383,2.170626390949866,58.61625,128.25787499999993,3.5765,0.5944801318856233,0.0173347778981581,11.77250000000001,3.922499666666667,-0.9928872135356962,-0.1190587300340498,0.3543064647080249,927.0,2.72,38.4,2.91,38.4,0,41.333333333333336,30.628571428571423,927.0,0,789.3333333333334,582.7142857142857,0.0700000000000002,2.8633333333333333,0.04,2.723333333333333,2521.44,111.744,71598.2355,3.08946,0.0
2023-09-25,27.066666666666663,6.950666666666667,3.033166666666667,484.6428333333333,67.08033333333333,2.984666666666667,0.1576666666666666,0.1358333333333333,1.9921666666666664,58362,宝山,宝山区,1013.733333,26.258333,85.333333,0.0,1.170833,44.344639,0.6989726678453733,0.7151483829284112,37.7,65.89999999999996,0.0,3.0547428571429123,1.9892132656114017,45.31123710000001,122.13466644699992,3.508166666666667,0.5514180099381892,0.0250809909088179,8.242499800000001,0.8083336666666661,-0.994788305609327,-0.1019618900517457,0.3779077537006704,948.0,2.68,44.7,2.95,44.7,0,41.26666666666667,32.98571428571428,948.0,0,864.0,662.5714285714286,0.04,2.9000000000000004,-0.04,2.6933333333333334,2540.6400000000003,131.865,63592.155999999995,2.6832133333333332,0.0
2023-09-26,27.2,6.996166666666667,3.596666666666667,468.39900000000006,75.11366666666666,3.233166666666667,0.1435,0.1403333333333333,2.0370000000000004,58362,宝山,宝山区,1014.204167,25.779167,83.041667,0.0,1.4125,82.397341,0.991209401389266,0.1323023907476086,3.2,65.89999999999996,0.0,-13.871495238095235,2.8125832794623387,5.932500000000001,120.62445855299993,3.5838333333333336,0.6222606689734717,0.1781737193763919,1.4875000000000005,1.4208329999999982,-0.9963950238187232,-0.0848348779057653,0.3589756104857712,717.0,2.6,36.8,2.84,36.8,0,39.96666666666667,35.58571428571428,717.0,0,864.0,710.1428571428571,-0.1100000000000003,2.9000000000000004,-0.08,2.6666666666666665,1864.2,104.512,53856.498999999996,6.0090933333333325,0.0
2023-09-27,27.278333333333336,7.0395,3.925,457.1175,96.77766666666666,3.286666666666666,0.1011666666666666,0.1468333333333333,2.0905,58362,宝山,宝山区,1013.620833,26.516667,84.208333,1.1,1.0375,121.565149,0.8520454986885507,-0.5234677336422743,1.1,66.99999999999997,0.5833340000000362,-23.50930476190473,1.921497204889372,2.1787500000000004,123.41958310999996,3.66,0.6702336568289836,0.2687569507266355,0.9591668000000072,0.7616663333333342,-0.9977068927101168,-0.0676827617545516,0.3164623784175497,602.0,2.61,31.9,2.81,31.9,0,37.8,38.51428571428571,602.0,0,755.6666666666666,717.0,-0.0299999999999998,2.866666666666667,0.0099999999999997,2.6300000000000003,1571.22,89.639,58260.15533333333,0.9677766666666376,0.0
2023-09-28,27.411666666666665,7.080166666666667,4.278833333333333,447.9103333333333,131.60816666666668,3.427833333333333,0.1026666666666666,0.1615,2.2426666666666666,58362,宝山,宝山区,1015.308333,25.8875,83.708333,0.0,2.033333,56.752844,0.8363133705384209,0.5482517179714678,1.1,53.999999999999964,0.0,-30.019404761904752,3.733836574656999,4.2699993,99.20249981999991,3.960333333333333,0.6962547121199792,0.2419355033818954,1.4399997999999998,1.524166666666666,-0.9987235240803972,-0.0505106171852228,0.2647437221329826,399.0,2.64,26.9,2.81,26.9,0,31.866666666666664,37.75714285714285,399.0,0,572.6666666666666,719.1428571428571,0.0,2.82,0.0300000000000002,2.6166666666666667,1053.36,75.589,52511.658500000005,3.9482450000000266,0.0
2023-09-29,27.541666666666668,7.128666666666667,4.629166666666666,440.5363333333333,169.38533333333334,3.604333333333333,0.1803333333333333,0.1761666666666666,2.6061666666666667,58362,宝山,宝山区,1012.633333,25.8125,85.666667,0.0,1.916667,101.940333,0.978363586543903,-0.2068929494326735,1.1,38.79999999999997,2.6749999999999545,-30.497880952381024,3.791864200330343,4.0250007,72.03866679599994,4.548166666666667,0.7071388563572483,0.1494395940503325,1.9050001999999904,1.729166666666668,-0.9994446170919858,-0.0333235257116313,0.2221973039398533,256.0,2.69,2.39,2.82,2.39,0,20.396666666666665,31.684285714285718,256.0,0,419.0,652.2857142857143,0.0099999999999997,2.813333333333333,0.0499999999999998,2.6466666666666665,688.64,6.7398,43362.645333333334,8.469266666666632,0.0
2023-09-30,27.37833333333333,7.161666666666666,4.887333333333333,437.0078333333333,193.979,3.372,0.1696666666666666,0.1758333333333333,2.611666666666667,58362,宝山,宝山区,1013.716667,22.5875,83.708333,1.2,2.225,351.978226,-0.1395494204862705,0.9902151075609512,1.2,5.499999999999972,0.0,-23.98780952380946,2.535497460581952,4.8950000000000005,10.103958314999948,4.539666666666666,0.7757671957671958,0.2259887005649717,1.575,4.790833333333335,-0.9998699583618592,-0.0161265732706577,0.1993120568000826,226.0,2.75,-3.21,2.89,3.21,1,8.693333333333333,25.41142857142857,226.0,0,293.6666666666667,582.1428571428571,0.0700000000000002,2.84,0.06,2.6933333333333334,621.5,-9.2769,43839.254,11.63874,0.0
2023-10-01,27.040000000000003,7.229333333333333,5.396999999999999,422.2608333333333,190.58866666666668,3.2896666666666667,0.1253333333333333,0.1683333333333333,2.482333333333333,58362,宝山,宝山区,1016.7875,22.9125,63.166667,0.0,2.495833,46.517377,0.7255831058605899,0.6881345482459806,1.2,2.2999999999999714,0.0,-28.864119047619056,4.306767259849354,5.490832600000001,3.7528333409999535,4.291,0.8849959005192672,0.2129547622328136,1.7374998,4.127500000000001,-0.9999994220246924,0.0010751512827982,0.2022894024880915,103.0,2.81,3.9,2.92,3.9,0,1.0266666666666666,20.48285714285714,103.0,0,195.0,464.4285714285714,0.0299999999999998,2.8766666666666665,0.06,2.75,289.43,11.388,19630.63266666667,11.43532,0.0
2023-10-02,26.65,7.252666666666666,5.592333333333333,423.2895,167.69,3.077833333333333,0.0703333333333333,0.1581666666666666,2.4421666666666666,58362,宝山,宝山区,1016.1375,23.379167,57.083333,0.0,2.525,82.288904,0.9909572331346784,0.1341780984291501,1.2,2.2999999999999714,0.6499999999999773,-19.070690476190464,5.027167013665062,5.555000000000001,3.6129166589999553,4.094166666666666,0.9760027924023388,0.1860465116279077,1.8849999999999956,3.270833000000003,-0.999832969770105,0.0182765576816912,0.2238946241221796,211.0,2.85,5.76,2.91,5.76,0,2.15,14.919999999999996,211.0,0,180.0,359.14285714285705,-0.0099999999999997,2.9066666666666667,0.04,2.803333333333333,601.35,16.7616,35382.59,6.7076,0.0
2023-10-03,26.19333333333333,7.234333333333333,5.2805,442.9375,159.1821666666667,3.156333333333333,0.064,0.1521666666666666,2.3945,58362,宝山,宝山区,1014.773913,22.986957,69.73913,0.0,2.434783,44.765025,0.7042009362205318,0.7100007333983019,0.0,2.2999999999999714,1.3635870000000525,4.214666666666687,4.149359468093835,2.434783,3.903999989999952,3.9801666666666655,0.9196273075583422,0.2084041038936116,1.7335872000000103,3.2063763333333317,-0.9993706508539968,0.0354725557531255,0.2326785774096528,286.0,2.82,5.92,2.91,5.92,0,5.193333333333333,10.508571428571424,286.0,0,200.0,297.5714285714285,0.0,2.9133333333333336,-0.0300000000000002,2.8266666666666667,806.52,17.2272,45526.099666666676,4.7754650000000325,0.0
2023-10-04,25.84166666666667,7.244333333333333,5.2861666666666665,447.36883333333327,148.673,3.1005000000000003,0.0626666666666666,0.1486666666666666,2.339166666666667,58362,宝山,宝山区,1016.117391,22.856522,71.434783,0.0,2.8,21.822867,0.3717383687798897,0.9283375383861556,0.0,1.1999999999999715,0.0,10.038666666666645,3.8408674325836913,2.8,2.057217395999951,3.888500000000001,0.9356323195374494,0.2631578947368421,1.68,2.9851446666666703,-0.9986126020839734,0.052658056924614,0.2441965860281101,330.0,2.77,7.64,2.89,7.64,0,6.44,7.042857142857138,330.0,0,275.6666666666667,258.71428571428567,-0.02,2.9033333333333338,-0.0499999999999998,2.813333333333333,914.1,22.0796,49062.090000000004,7.433649999999971,0.0
2023-10-05,25.436666666666667,7.268666666666667,5.509666666666667,451.74233333333336,122.16716666666667,2.931833333333333,0.0401666666666666,0.1393333333333333,2.1926666666666668,58362,宝山,宝山区,1019.243478,21.086957,58.652174,0.0,3.482609,39.071274,0.6302866470098328,0.77636250720981,0.0,1.1999999999999715,0.0,13.864738095238124,5.677650949456266,3.482609,1.903826087999955,3.6261666666666654,1.026901093439364,0.223084368946745,2.0895654,4.349709666666666,-0.9975590477788612,0.0698279757298708,0.2772796920542949,303.0,2.77,7.89,2.89,7.89,0,7.15,4.327142857142853,303.0,0,306.3333333333333,244.99999999999997,0.0,2.8966666666666665,0.0,2.786666666666666,839.3100000000001,22.8021,37016.6515,0.0,0.0
2023-10-06,25.08833333333333,7.233,5.386166666666667,478.0538333333333,101.93983333333334,2.5765,0.042,0.1343333333333333,2.1505,58362,宝山,宝山区,1019.317391,21.83913,64.869565,0.0,2.747826,50.122457,0.7674165081602163,0.6411488930062819,0.0,1.1999999999999715,0.0,34.81659523809526,4.856553033951855,2.747826,1.978434779999953,3.5358333333333327,1.0855194652514193,0.2668213518984072,1.6486956,3.249203333333334,-0.9962102997023295,0.0869772313136861,0.3077297734013798,839.0,2.79,30.5,2.89,30.5,0,15.343333333333334,8.342857142857138,839.0,0,490.6666666666667,328.2857142857142,0.0,2.89,0.02,2.776666666666667,2340.81,88.14500000000001,85527.52016666667,2.038796666666667,0.0
2023-10-07,24.89333333333333,7.245833333333334,5.425,491.3621666666667,91.91316666666668,10.528666666666668,0.0371666666666666,0.1343333333333333,2.276333333333333,58362,宝山,宝山区,1019.943478,18.908696,78.869565,2.3,3.308696,30.458405,0.5069127126060166,0.8619973908303957,2.3,2.2999999999999714,0.0,40.3600238095238,4.985916064548677,10.9186968,4.113999994999949,3.6568333333333336,0.4202440126525079,0.1513157815096957,2.4452176,5.984637333333335,-0.9945667569706336,0.1041007489354256,0.3251240931515201,663.0,2.59,23.5,2.81,23.5,0,20.63,12.158571428571424,663.0,0,601.6666666666666,390.71428571428567,-0.08,2.8633333333333333,-0.2000000000000001,2.716666666666667,1717.1699999999998,66.035,60938.42950000001,18.382633333333345,0.0
2023-10-08,24.53,7.2135,5.5281666666666665,508.4886666666667,97.30016666666668,2.046333333333333,0.0473333333333333,0.1286666666666666,2.169833333333333,58362,宝山,宝山区,1020.052174,19.934783,74.347826,0.0,2.530435,345.533674,-0.2498109590100747,0.9682946270420314,2.3,2.2999999999999714,0.0,45.16826190476189,3.162565394062659,8.3504355,4.00999999799995,3.5038333333333336,1.262042462521878,0.1715137892798736,1.978261,4.595217000000002,-0.9926289059345096,0.121193461470736,0.3155577711426585,902.0,2.59,11.2,2.78,11.2,0,21.73333333333333,13.201428571428568,902.0,0,801.3333333333334,504.8571428571428,-0.0300000000000002,2.8266666666666667,0.0,2.6566666666666667,2336.18,31.136,87764.75033333334,0.0,0.0
2023-10-09,24.488333333333333,7.202833333333333,5.6025,504.80716666666666,102.18266666666666,3.5736666666666665,0.0378333333333333,0.133,2.2031666666666667,58362,宝山,宝山区,1021.729167,21.370833,68.583333,0.0,2.45,1.386319,0.0241934702412745,0.9997072951607808,2.3,2.2999999999999714,0.0,29.841380952380973,2.509274002091123,8.085,3.877416658999952,3.571,0.9429437010855846,0.1739130434782608,1.93,3.117500333333332,-0.9903973200352558,0.1382503109109819,0.3073298430601939,823.0,2.54,23.5,2.82,23.5,0,19.4,15.735714285714282,823.0,0,796.0,592.2857142857143,0.04,2.803333333333333,-0.0499999999999998,2.5733333333333333,2090.42,66.27,84096.33466666666,5.109133333333313,0.0
2023-10-10,24.131666666666664,7.238166666666667,5.894166666666667,486.328,101.19483333333334,3.4655,0.0466666666666666,0.1285,2.0500000000000003,58362,宝山,宝山区,1022.626087,21.052174,66.26087,0.0,2.017391,17.736638,0.3046421816631507,0.9524668714194294,0.0,2.2999999999999714,0.0,5.163571428571402,2.631973395507605,2.017391,3.824000009999952,3.3816666666666677,1.0167323117614926,0.3314121371741348,1.2104346,3.0794926666666638,-0.9878726596350428,0.1552662498599956,0.3089626521729947,718.0,2.53,24.7,2.76,24.7,0,19.8,18.418571428571425,718.0,0,814.3333333333334,654.0,-0.06,2.786666666666666,-0.0100000000000002,2.553333333333333,1816.54,68.172,72657.89033333333,1.0119483333333537,0.0
2023-10-11,23.78833333333333,7.254,5.940666666666666,480.9413333333334,111.367,3.5115,0.0551666666666666,0.1351666666666666,2.105166666666667,58362,宝山,宝山区,1023.429167,20.7625,65.75,0.0,2.220833,30.091549,0.5013831237949417,0.8652253828764076,0.0,2.2999999999999714,0.0,-5.019166666666649,3.334321186966891,2.220833,3.8122499999999526,3.512,1.0037735849056604,0.3104786867248317,1.3324998,3.025833333333331,-0.9850556718215012,0.172236243027682,0.2928566430222872,720.0,2.52,28.7,2.74,28.7,0,25.633333333333336,21.42714285714285,720.0,0,753.6666666666666,709.7142857142857,-0.0199999999999995,2.773333333333333,-0.0099999999999997,2.53,1814.4,78.638,80184.24,1.1136699999999666,0.0
2023-10-12,23.665000000000003,7.317833333333334,6.369833333333333,460.35583333333335,120.91916666666668,3.4106666666666663,0.0456666666666666,0.1346666666666666,2.098666666666667,58362,宝山,宝山区,1021.425,20.0,86.041667,23.2,1.45,63.729862,0.8967172329845058,0.4426038907065907,23.2,25.49999999999997,2.004167000000052,-26.835166666666623,2.750239987827533,35.09,47.44062508499994,3.491,1.0976793612499285,0.0361609156406699,5.91083340000001,3.6650000000000023,-0.981947190186646,0.1891552687200409,0.2790083158900008,449.0,2.49,27.3,2.71,27.3,0,26.9,24.199999999999992,449.0,0,629.0,730.5714285714286,-0.0300000000000002,2.7366666666666664,-0.0299999999999998,2.513333333333333,1118.01,73.983,54292.70583333334,3.6275749999999762,0.0
2023-10-13,23.49,7.287333333333334,6.102833333333333,462.9095,134.9345,3.647833333333333,0.1006666666666666,0.1465,2.293833333333333,58362,宝山,宝山区,1016.845833,16.754167,94.208333,9.6,1.125,279.228665,-0.9870561531976776,0.1603750305833266,32.8,35.09999999999997,4.579166999999984,-22.118023809523777,2.2354381723473877,38.025,68.16712488299994,3.8595,0.9821893189560368,0.0253137852520722,8.150833399999996,6.735833,-0.9785481345802032,0.2060183203251708,0.2605386259314871,529.0,2.57,25.5,2.71,25.5,0,27.166666666666668,23.485714285714284,529.0,0,566.0,686.2857142857143,0.0,2.72,0.0799999999999996,2.526666666666667,1359.53,69.105,71380.3505,10.794759999999947,0.0
2023-10-14,23.215,7.244333333333333,5.863,469.617,160.87433333333334,4.0986666666666665,0.1346666666666666,0.1666666666666666,2.6471666666666667,58362,宝山,宝山区,1014.141667,18.645833,79.541667,0.0,1.641667,259.365145,-0.9828232633237056,-0.1845492700330773,32.8,32.799999999999976,2.7041659999999865,-12.304071428571376,3.255135518230838,55.4883446,58.88966677599996,4.448499999999999,0.8497101449275362,0.0262151831892096,8.085833399999997,4.569167,-0.9748595108374124,0.2228204077947995,0.2308948999830079,552.0,2.6,11.2,2.79,11.2,0,21.33333333333333,21.728571428571428,552.0,0,510.0,670.4285714285714,0.08,2.7366666666666664,0.0300000000000002,2.553333333333333,1435.2,31.248,88802.632,4.826230000000033,0.0
2023-10-15,23.131666666666664,7.252333333333333,5.857666666666667,468.14883333333336,170.11950000000002,4.004166666666667,0.1271666666666666,0.164,2.7046666666666668,58362,宝山,宝山区,1016.0875,18.908333,78.75,0.0,1.645833,259.096845,-0.9819482986410716,-0.1891495143951068,9.6,32.799999999999976,0.0,-8.009404761904761,3.261955914197331,17.445829800000002,58.62999999999996,4.4718333333333335,0.8650684257162546,0.0816604309400593,2.9074998,4.223333666666665,-0.9708824104813836,0.239556559120927,0.2214675108794346,449.0,2.6,-5.49,2.8,5.49,1,10.403333333333334,19.34428571428571,449.0,0,510.0,605.7142857142857,0.0099999999999997,2.766666666666667,0.0,2.59,1167.4,-15.372,76383.65550000001,0.0,0.0
2023-10-16,23.26333333333333,7.252,5.910333333333334,479.2806666666667,167.82866666666666,3.5398333333333327,0.1735,0.168,2.8495000000000004,58362,宝山,宝山区,1020.0125,19.329167,74.625,0.0,0.983333,123.5138485,0.8337523934808619,-0.5521385209935402,0.0,32.799999999999976,0.0,6.769071428571465,1.8031892423387164,0.983333,57.27699999999995,4.703000000000001,0.9244525547445256,0.5042017654120614,0.5899998,3.93416633333333,-0.9666180104000972,0.2562218218071163,0.2237551558064645,384.0,2.62,-7.97,2.85,7.97,1,-0.7533333333333335,14.848571428571423,384.0,0,461.6666666666667,542.9999999999999,0.0500000000000002,2.813333333333333,0.02,2.606666666666667,1006.08,-22.7145,64446.208,3.3565733333333334,0.0
2023-10-17,23.40333333333333,7.259333333333333,5.9375,493.62466666666666,159.04366666666667,3.2705,0.1131666666666666,0.153,2.716333333333333,58362,宝山,宝山区,1020.479167,19.1375,79.958333,0.0,1.316667,107.070153,0.955946059068922,-0.2935423856116811,0.0,32.799999999999976,0.0,20.070690476190464,2.5753296297561006,1.316667,59.02633322399996,4.359500000000001,1.0040302125021137,0.4316546141504153,0.7900002,4.265833333333333,-0.9620675724981452,0.2728112643340191,0.2328254006107735,405.0,2.66,-6.53,2.88,6.53,1,-6.663333333333334,10.387142857142852,405.0,0,412.6666666666667,498.2857142857142,0.0299999999999998,2.8433333333333337,0.04,2.626666666666667,1077.3,-18.8064,64412.685,6.361746666666667,0.0
2023-10-18,23.31,7.2426666666666675,5.756166666666666,506.997,174.79049999999998,3.542666666666667,0.1011666666666666,0.1573333333333333,2.8355,58362,宝山,宝山区,1017.658333,20.3625,73.208333,0.0,1.770833,141.809396,0.618279513477623,-0.7859582961034726,0.0,32.799999999999976,2.8208339999999907,29.72078571428574,2.8657027656901195,1.770833,56.81233322399996,4.51,0.9258504677907942,0.17883754522578,1.6266665999999983,2.9475000000000016,-0.957232443323312,0.2893199776186952,0.2168964127122541,513.0,2.66,-1.49,2.87,1.49,1,-5.33,6.07428571428571,513.0,0,434.0,468.71428571428567,-0.0099999999999997,2.8666666666666667,0.0,2.646666666666667,1364.5800000000002,-4.2763,89667.52649999999,0.0,0.0
2023-10-19,23.203333333333333,7.233833333333333,5.604333333333333,517.2206666666667,184.09733333333332,3.935333333333333,0.1023333333333333,0.1616666666666666,3.062666666666667,58362,宝山,宝山区,1016.770833,21.725,75.083333,2.7,2.425,14.267671,0.2464522087345984,0.969154945718092,2.7,12.299999999999972,0.8874999999999318,31.820904761904785,3.022646606181401,8.9725,21.535249958999948,4.781666666666666,0.8422080849571709,0.1426024955436734,2.172499999999986,1.4783333333333315,-0.9521140536681102,0.3057430764672831,0.208139979226637,475.0,2.61,-0.331,2.85,0.331,1,-2.783666666666667,2.126999999999996,475.0,0,464.3333333333333,472.4285714285714,-0.02,2.8666666666666667,-0.0500000000000002,2.643333333333333,1239.75,-0.94335,87446.23333333332,9.204866666666703,0.0
2023-10-20,23.03,7.261666666666667,5.852166666666666,512.0166666666667,155.78816666666668,3.7836666666666665,0.1308333333333333,0.1523333333333333,2.9066666666666667,58362,宝山,宝山区,1023.545833,17.408333,61.833333,0.1,3.108333,316.115878,-0.6932021200941059,0.7207432418670582,2.8000000000000003,2.799999999999972,0.0,19.60159523809523,5.263036025558472,11.8116654,4.531333323999954,4.560833333333333,0.9090273642788722,0.1447527210978393,2.4249998,5.621667000000002,-0.9467139181463862,0.3220757010206104,0.2363136331318146,503.0,2.61,4.75,2.86,4.75,0,0.9763333333333332,-0.8372857142857184,503.0,0,497.0,468.71428571428567,0.0099999999999997,2.86,0.0,2.6266666666666665,1312.83,13.585,78361.44783333334,0.0,0.0
2023-10-21,22.581666666666667,7.263666666666666,5.972833333333334,520.1398333333333,147.58766666666668,3.689166666666667,0.087,0.1428333333333333,2.7746666666666666,58362,宝山,宝山区,1024.875,16.070833,70.25,0.0,1.008333,123.5138485,0.8337523934808619,-0.5521385209935402,2.8000000000000003,2.799999999999972,0.0,20.50721428571416,1.8490330521757377,3.8316654,4.766999999999952,4.29,0.9626615091197248,0.2079722847814409,1.1649998,6.510833666666667,-0.9410336347451196,0.3383130181923076,0.2454318800131587,815.0,2.67,27.0,2.85,27.0,0,10.473,1.4198571428571387,815.0,0,597.6666666666666,506.2857142857142,-0.0099999999999997,2.853333333333333,0.06,2.6299999999999994,2176.05,76.95,120283.94833333335,8.85526,0.0
2023-10-22,22.516666666666666,7.207833333333333,5.715,531.7971666666666,128.35966666666667,3.896833333333333,0.0736666666666666,0.129,2.613833333333333,58362,宝山,宝山区,1022.566667,17.666667,75.333333,0.0,1.1375,123.5138485,0.8337523934808619,-0.5521385209935402,0.1,2.799999999999972,2.308332999999948,23.071928571428487,2.0858933475844803,1.25125,4.90933332399995,3.9775,0.9128663844740834,0.2199816843249656,1.1641665999999895,4.849999666666665,-0.9350748843515574,0.3544502230989869,0.2689534926031708,944.0,2.54,32.8,2.78,32.8,0,21.516666666666666,6.889857142857139,944.0,0,754.0,576.9999999999999,-0.0700000000000002,2.83,-0.1299999999999999,2.606666666666667,2397.76,91.18399999999998,121171.52533333334,16.686756666666653,0.0
2023-10-23,22.44833333333333,7.216,5.793666666666667,526.0926666666667,116.43533333333332,3.769166666666667,0.0691666666666666,0.1181666666666666,2.5296666666666665,58362,宝山,宝山区,1019.925,20.083333,79.708333,0.0,1.604167,127.275125,0.795736496137248,-0.6056429878362461,0.0,2.799999999999972,2.6416670000000977,10.67999999999995,2.8806612277990005,1.604167,5.031833323999949,3.7805,0.9624031007751938,0.1906274579027817,1.4908336000000195,2.3650003333333345,-0.9288394302558068,0.3704825404820963,0.285368357052746,980.0,2.41,39.8,2.72,39.8,0,33.2,13.714142857142852,980.0,0,913.0,662.1428571428571,-0.0599999999999996,2.783333333333333,-0.1299999999999999,2.5400000000000005,2361.8,108.256,114106.62666666665,15.13659333333332,0.0
2023-10-24,22.606666666666666,7.1765,5.777833333333334,527.2528333333333,104.76266666666668,3.3715,0.0526666666666666,0.1004999999999999,2.2958333333333334,58362,宝山,宝山区,1017.679167,20.645833,81.333333,0.0,0.945833,123.5138485,0.8337523934808619,-0.5521385209935402,0.0,2.799999999999972,2.245832999999948,7.036142857142863,1.734423527583184,0.945833,5.077333323999949,3.3535,1.0642210283960094,0.2385686264125081,1.0166663999999896,1.960833666666666,-0.9223291176290545,0.3864052261209853,0.3031379484449713,946.0,2.39,34.7,2.66,34.7,0,35.766666666666666,19.60414285714285,946.0,0,956.6666666666666,739.4285714285714,-0.06,2.72,-0.02,2.4466666666666668,2260.94,92.302,99105.48266666668,2.0952533333333334,0.0
2023-10-25,22.72833333333333,7.146,5.752666666666666,526.7001666666666,117.108,3.269333333333333,0.0938333333333333,0.1161666666666666,2.404333333333333,58362,宝山,宝山区,1016.925,20.858333,82.458333,0.0,0.804167,123.5138485,0.8337523934808619,-0.5521385209935402,0.0,2.799999999999972,0.7541670000000522,3.668738095238041,1.4746431610083242,0.804167,5.108833323999948,3.659833333333333,1.041238046396573,0.3908793769695354,0.6333336000000104,1.870000333333337,-0.9155458729775467,0.4022135682368036,0.284398893416583,681.0,2.34,35.1,2.64,35.1,0,36.53333333333333,24.831285714285716,681.0,0,869.0,763.4285714285714,-0.02,2.6733333333333333,-0.0500000000000002,2.3800000000000003,1593.54,92.664,79750.54800000001,5.8554000000000235,0.0
2023-10-26,22.876666666666665,7.181166666666667,5.763000000000001,510.8141666666666,119.80683333333332,3.330666666666667,0.1038333333333333,0.1318333333333333,2.445,58362,宝山,宝山区,1016.970833,20.6625,76.875,0.0,1.0375,28.709334,0.4803663861029326,0.8770679193211939,0.0,0.0999999999999715,0.0,-11.302047619047642,1.5358801255817929,1.0375,0.1768749999999497,3.8671666666666655,1.0017672451255903,0.4907975460122699,0.6225,2.214166666666664,-0.9084917035725082,0.4179028888867866,0.2805640054804581,571.0,2.39,32.1,2.63,32.1,0,33.96666666666667,29.46428571428571,571.0,0,732.6666666666666,777.1428571428571,-0.0100000000000002,2.643333333333333,0.0500000000000002,2.373333333333333,1364.69,84.423,68409.70183333333,5.99034166666669,0.0
2023-10-27,22.916666666666668,7.237166666666667,6.055166666666668,491.2283333333333,154.9043333333333,3.4133333333333336,0.0666666666666666,0.1386666666666666,2.5268333333333333,58362,宝山,宝山区,1018.916667,18.425,70.875,0.0,1.6625,69.131529,0.9344006403862593,0.3562238667548099,0.0,0.0,0.0,-27.918119047619086,3.215941064642156,1.6625,0.0,3.980166666666667,1.032130681818182,0.3755868544600939,0.9975,4.491666666666667,-0.9011686968561567,0.4334685453485363,0.2372731559812059,348.0,2.42,30.0,2.65,30.0,0,32.4,33.07142857142857,348.0,0,533.3333333333334,755.0,0.02,2.64,0.0299999999999998,2.3833333333333333,842.16,79.5,53906.70799999999,4.647129999999969,0.0
2023-10-28,22.89,7.2655,6.221166666666666,479.7133333333333,195.442,3.5210000000000004,0.0901666666666666,0.1593333333333333,2.7336666666666667,58362,宝山,宝山区,1019.516667,18.133333,72.083333,0.0,1.325,123.5138485,0.8337523934808619,-0.5521385209935402,0.0,0.0,0.0,-33.65790476190472,2.429721921362142,1.325,0.0,4.417166666666667,1.002686222365487,0.4301075268817204,0.7949999999999999,4.756667,-0.8935790198239952,0.4489059314938798,0.1980432266817813,397.0,2.53,1.21,2.68,1.21,0,21.10333333333333,29.38714285714285,397.0,0,438.6666666666667,695.2857142857143,0.0300000000000002,2.6533333333333333,0.1099999999999998,2.4466666666666668,1004.41,3.2428,77590.474,21.498619999999963,0.0
2023-10-29,22.86,7.273,6.270166666666667,476.06,207.00316666666663,3.424333333333333,0.1045,0.1603333333333333,2.8928333333333334,58362,宝山,宝山区,1020.095833,18.175,78.625,0.0,1.379167,110.231602,0.93830242770417,-0.3458157806758692,0.0,0.0,0.0,-29.348785714285725,2.6732427443094773,1.379167,0.0,4.600666666666666,1.022504280705569,0.4203151775390294,0.8275002,4.684999999999999,-0.8857249183835637,0.4642104791518923,0.1883367504247151,292.0,2.53,1.93,2.79,1.93,0,11.046666666666669,24.977142857142848,292.0,0,345.6666666666667,602.1428571428571,0.1099999999999998,2.706666666666667,0.0,2.4933333333333327,738.76,5.3847,60444.92466666666,0.0,0.0
2023-10-30,23.046666666666667,7.279166666666666,6.295333333333333,466.6645,207.832,3.309,0.0916666666666666,0.1603333333333333,2.9328333333333334,58362,宝山,宝山区,1021.425,19.2125,81.083333,0.0,1.420833,112.081619,0.9266492793096224,-0.375927005088697,0.0,0.0,0.0,-30.25454761904757,2.737446875469329,1.420833,0.0,4.627833333333333,1.0485232067510548,0.4130809518872222,0.8524998,3.834166666666668,-0.8776087166898392,0.4793776594606945,0.1876617490111393,268.0,2.59,-1.34,2.81,1.34,1,0.6,19.1,268.0,0,319.0,500.4285714285714,0.02,2.76,0.06,2.5499999999999994,694.12,-3.7654,55698.975999999995,12.469919999999998,0.0
2023-10-31,23.245,7.293166666666667,6.278,465.5185,186.8228333333333,3.176,0.0865,0.1591666666666666,2.8793333333333333,58362,宝山,宝山区,1021.125,21.420833,71.416667,0.0,1.783333,168.272747,0.2032530442146495,-0.9791262431461418,0.0,0.0,0.2999999999999545,-22.581357142857144,2.145800861098444,1.783333,0.0,4.5575,1.0723985765124553,0.324324359386422,1.129999799999991,1.8241670000000028,-0.8692328164574792,0.4944029842076181,0.2056589076008487,444.0,2.64,-5.13,2.84,5.13,1,-1.5133333333333334,13.409999999999997,444.0,0,334.6666666666667,428.71428571428567,0.0299999999999998,2.813333333333333,0.0500000000000002,2.5866666666666664,1172.16,-14.5692,82949.33799999999,9.341141666666703,0.0
2023-11-01,22.69833333333333,7.265166666666666,6.018666666666667,497.1373333333333,199.70400000000004,3.2616666666666667,0.1136666666666666,0.1618333333333333,2.807,58362,宝山,宝山区,1018.829167,22.6375,62.041667,0.0,2.475,170.322483,0.1681025742199316,-0.9857695088308588,0.0,0.0,2.295833000000016,13.260738095238082,2.8910538711943308,2.475,0.0,4.539,1.00417106946221,0.1732852085652101,1.9441666000000035,0.0608333333333348,-0.8605996962501181,0.5092820071573356,0.1944000420764428,604.0,2.58,-3.85,2.84,3.85,1,-3.44,7.845714285714282,604.0,0,438.6666666666667,417.71428571428567,0.0,2.83,-0.06,2.603333333333333,1558.32,-10.934,120621.21600000001,11.982240000000001,0.0
2023-11-02,22.605,7.256333333333334,5.925,510.2263333333333,178.29966666666667,3.2205,0.0861666666666666,0.1603333333333333,2.760666666666667,58362,宝山,宝山区,1014.916667,22.208333,68.583333,0.0,2.858333,165.871829,0.244091845795704,-0.9697521182323068,0.0,0.0,3.912500000000023,26.433714285714306,3.556028777868772,2.858333,0.0,4.450166666666667,1.00253807106599,0.1286863325978047,2.4974998000000044,0.3966670000000007,-0.8517119107469189,0.5240103253675756,0.2135415037407988,632.0,2.47,1.35,2.85,1.35,0,-2.543333333333333,3.452857142857139,632.0,0,560.0,426.4285714285714,0.0100000000000002,2.8433333333333333,-0.1099999999999998,2.563333333333334,1561.0400000000002,3.8475000000000006,112685.38933333334,19.612963333333298,0.0
2023-11-03,22.62833333333333,7.262,5.931666666666668,515.227,150.88283333333334,3.0695,0.088,0.1491666666666666,2.6511666666666667,58362,宝山,宝山区,1014.554167,22.683333,72.5,0.0,1.479167,104.305763,0.9689908825232229,-0.2470964782971744,0.0,0.0,0.3624999999999545,28.00600000000003,2.912466336729228,1.479167,0.0,4.230833333333333,1.0500073757191328,0.351906117078467,0.9600001999999908,-0.0549996666666672,-0.8425720899866032,0.5385835804920232,0.2417088699495313,680.0,2.43,1.51,2.83,1.51,0,-0.33,-0.6171428571428612,680.0,0,638.6666666666666,473.8571428571428,-0.02,2.84,-0.04,2.4933333333333336,1652.4,4.2733,102600.32666666668,6.035313333333334,0.0
2023-11-04,22.861666666666665,7.229500000000001,5.9111666666666665,509.837,112.16883333333332,3.1926666666666663,0.0959999999999999,0.1344999999999999,2.553333333333333,58362,宝山,宝山区,1014.704167,22.954167,87.916667,5.5,1.995833,129.341067,0.7733860324858048,-0.6339353632318248,5.5,5.499999999999972,0.0,18.312619047619023,3.5393823653742413,12.9729145,10.335416684999949,3.994333333333333,1.049257440388143,0.117704761852075,2.2974998,-0.0925003333333371,-0.8331829385891785,0.5529974600700271,0.2916497420529089,629.0,2.43,6.3,2.81,6.3,0,3.053333333333333,0.1099999999999958,629.0,0,647.0,507.0,-0.02,2.83,0.0,2.4433333333333334,1528.47,17.703,70554.19616666666,0.0,0.0
2023-11-05,22.975,7.1765,5.526833333333333,544.2036666666667,106.60933333333332,3.2270000000000003,0.1134999999999999,0.1263333333333333,2.4563333333333333,58362,宝山,宝山区,1011.804167,22.725,74.666667,4.4,4.541667,220.072058,-0.6437505163876748,-0.7652354360917966,9.9,9.899999999999972,2.8999999999999773,42.94447619047622,7.465367476510861,49.504170300000006,17.292000032999955,3.8331666666666666,0.9862594057639116,0.054520671430792,5.285000199999996,0.2499999999999964,-0.8235472349556007,0.5672476988027229,0.3001998714117562,953.0,2.48,22.8,2.8,22.8,0,10.203333333333331,3.091428571428568,953.0,0,754.0,601.4285714285714,-0.0100000000000002,2.813333333333333,0.0499999999999998,2.4466666666666668,2363.44,63.84,101598.69466666666,5.330466666666645,0.0
2023-11-06,22.686666666666667,7.254833333333334,5.881,529.0361666666666,93.4065,3.3235,0.0785,0.12,2.282,58362,宝山,宝山区,1021.575,14.058333,53.458333,0.0,2.879167,277.700224,-0.9909826758832432,0.1339900597032733,9.9,9.899999999999972,0.0,18.866738095238134,5.73237161797473,31.3829203,15.192374966999957,3.5605,1.049803641556587,0.0725733275458523,3.7075002,8.628333666666668,-0.8136678304455991,0.5813300798152042,0.322417743930068,991.0,2.37,26.0,2.73,26.0,0,18.366666666666664,6.997142857142854,991.0,0,857.6666666666666,704.7142857142857,-0.0699999999999998,2.78,-0.1099999999999998,2.4266666666666667,2348.67,70.98,92565.8415,10.274714999999981,0.0
2023-11-07,22.078333333333333,7.2205,6.049166666666667,544.1346666666667,80.08716666666668,2.964166666666667,0.0684999999999999,0.1076666666666666,2.119333333333333,58362,宝山,宝山区,1021.720833,13.220833,62.291667,0.0,1.1375,104.070468,0.9699974530869993,-0.2431150776992965,4.4,9.899999999999972,0.0,22.734357142857107,2.240872102886461,6.1425,16.066875032999953,3.2645,1.183944415448852,0.152963671128107,1.5625,8.857500333333332,-0.8035476485339116,0.5952404359043674,0.3482319197868267,1100.0,2.27,32.1,2.77,32.1,0,26.96666666666667,12.315714285714282,1100.0,0,1014.6666666666666,798.4285714285714,0.04,2.766666666666666,-0.1,2.373333333333333,2497.0,88.917,88095.88333333335,8.008716666666668,0.0
2023-11-08,21.88833333333333,7.233666666666667,6.016500000000001,547.8156666666667,100.27016666666668,3.364333333333333,0.0728333333333333,0.1154999999999999,2.2311666666666667,58362,宝山,宝山区,1017.6875,17.9375,74.333333,0.0,1.841667,182.470906,-0.0431120789708482,-0.999070242098528,0.0,9.899999999999972,4.0333329999999705,19.17559523809541,1.9210650931420048,1.841667,17.25899996699995,3.459,1.0758799511221055,0.145454545454546,1.911666799999994,3.950833333333332,-0.7931896839451843,0.6089746507720486,0.3105054170099215,922.0,2.26,24.5,2.7,24.5,0,27.53333333333333,16.365714285714283,922.0,0,1004.3333333333334,843.8571428571429,-0.0699999999999998,2.733333333333334,-0.0100000000000002,2.3000000000000003,2083.72,66.15,92449.09366666668,1.0027016666666868,0.0
2023-11-09,21.88,7.243666666666667,6.174333333333333,525.0746666666666,93.606,3.138,0.0703333333333333,0.1143333333333333,2.220833333333333,58362,宝山,宝山区,1018.673913,18.143478,85.347826,10.9,2.778261,11.190645,0.1940741826376359,0.9809868559942756,10.9,20.79999999999997,0.0,-5.686595238095265,3.3174497327290213,33.0613059,38.55234780799995,3.4345,1.153721582061663,0.0681279614799055,3.8469566,3.736521999999997,-0.7825970017677834,0.6225286602431057,0.3220594381719714,431.0,2.17,27.7,2.63,27.7,0,28.100000000000005,20.129999999999995,431.0,0,817.6666666666666,815.1428571428571,-0.0700000000000002,2.7,-0.0899999999999998,2.233333333333333,935.27,72.851,40344.185999999994,8.42453999999998,0.0
2023-11-10,21.496666666666663,7.369499999999999,6.985833333333333,464.2728333333334,91.43166666666669,2.7045,0.0566666666666666,0.1133333333333333,2.186166666666667,58362,宝山,宝山区,1027.316667,13.833333,69.416667,0.2,3.5875,28.653967,0.479518619253427,0.8775317052900635,11.1,20.99999999999997,0.0,-59.20926190476183,5.307773046571668,43.40875,35.57750006999995,3.3761666666666668,1.4272823236966663,0.0637450199203187,4.3725000000000005,7.663333666666666,-0.7717727365467836,0.6358984534680745,0.3260059905000935,-44.7,2.39,36.6,2.64,36.6,0,29.6,25.142857142857142,44.7,1,436.1,711.6142857142856,0.0100000000000002,2.6566666666666667,0.2200000000000002,2.273333333333333,-106.833,96.624,4086.9955000000014,20.11496666666669,464.2728333333334
2023-11-11,20.816666666666663,7.393333333333333,7.070833333333333,471.8765,128.92416666666668,2.6306666666666665,0.0776666666666666,0.1245,2.3528333333333333,58362,宝山,宝山区,1028.541667,13.354167,73.541667,0.7,3.129167,15.995424,0.2755605825551352,0.9612837069990704,11.8,16.19999999999997,0.0,-46.18266666666665,3.9914420814323046,40.0533376,28.11375005399995,3.6755,1.4274899057873485,0.062777921783355,4.2375002,7.462499666666666,-0.7607200913564104,0.6490800741100398,0.2682144143116352,547.0,2.69,31.5,2.67,31.5,0,31.933333333333334,28.74285714285714,547.0,0,311.1,699.8999999999999,0.0299999999999998,2.6466666666666665,0.2999999999999998,2.4166666666666665,1471.43,84.105,70521.51916666668,38.67724999999998,0.0
2023-11-12,19.973333333333333,7.338333333333334,6.853166666666667,499.338,165.3735,3.389,0.0584999999999999,0.151,2.6403333333333334,58362,宝山,宝山区,1032.020833,9.733333,58.166667,0.1,3.9125,304.498995,-0.8241361235772425,0.5663917812036788,1.0,11.899999999999972,0.0,-12.311785714285804,7.136932583495961,7.825,18.821833372999954,4.208833333333334,1.150342705273465,0.1691331923890063,2.5475000000000003,10.240000333333333,-0.7494423368521954,0.6620696215153815,0.2262416255619871,596.0,2.51,10.4,2.7,10.4,0,26.166666666666668,26.971428571428564,596.0,0,366.1,648.8999999999999,0.0300000000000002,2.6700000000000004,-0.1800000000000001,2.53,1495.9599999999998,28.08,98562.606,29.76723000000002,0.0
2023-11-13,18.918333333333333,7.361666666666667,7.001166666666666,509.6185,193.54100000000005,3.547166666666667,0.0806666666666666,0.1674999999999999,2.75,58362,宝山,宝山区,1031.15,9.2,64.25,0.0,2.229167,312.114026,-0.7418116983886063,0.6706082344661535,0.7999999999999998,11.899999999999972,0.8708329999999478,0.7426666666666506,3.882789158261834,4.012500599999999,19.54574999999996,4.5056666666666665,1.1107967316286325,0.2040816326530634,1.6716667999999892,9.718333333333334,-0.7379428103031386,0.6748632518680403,0.1996937775642739,606.0,2.49,5.87,2.75,5.87,0,15.923333333333334,24.09571428571428,606.0,0,583.0,593.8999999999999,0.0499999999999998,2.706666666666667,-0.0199999999999995,2.563333333333333,1508.94,16.142500000000002,117285.84600000003,3.8708199999999047,0.0
2023-11-14,18.711666666666662,7.354,6.835333333333334,510.9235000000001,208.19916666666663,3.813333333333333,0.0765,0.1738333333333333,2.9458333333333333,58362,宝山,宝山区,1028.0625,9.208333,71.541667,0.0,0.995833,248.079096,-0.9277001099340322,-0.3733262728879185,0.0999999999999999,11.899999999999972,3.087500000000091,6.79211904761911,1.919667383575937,1.0954163,20.413458372999955,4.760666666666666,1.031255500515477,0.1929260574228942,1.2349998000000182,9.503333666666666,-0.7262249146041543,0.6874571793269664,0.1873635845011526,689.0,2.48,3.46,2.79,3.46,0,6.576666666666667,20.00428571428571,689.0,0,630.3333333333334,535.1857142857142,0.04,2.7466666666666666,-0.0100000000000002,2.4933333333333336,1708.72,9.6534,143449.2258333333,2.081991666666708,0.0
2023-11-15,18.636666666666667,7.302666666666667,7.0275,489.0566666666667,190.31883333333332,3.775166666666667,0.0871666666666666,0.1701666666666667,2.9273333333333333,58362,宝山,宝山区,1026.475,11.875,70.791667,6.9,1.341667,50.635304,0.7731245293418691,0.634254256690417,6.9,18.79999999999997,1.587500000000091,-6.680571428571511,2.3789426679085173,10.5991693,32.10883339599995,4.716166666666667,1.0706124314442411,0.0923432060840867,2.5025002000000183,6.761666666666667,-0.7142921172691032,0.699847677146407,0.2025286255528189,521.0,2.41,1.69,2.79,1.69,0,3.673333333333333,16.745714285714282,521.0,0,605.3333333333334,477.8999999999999,0.0,2.776666666666667,-0.0699999999999998,2.4600000000000004,1255.61,4.7151,99156.11216666666,13.322318333333294,0.0
2023-11-16,18.301666666666662,7.349666666666667,7.062833333333333,499.35983333333337,183.79516666666663,3.4599999999999995,0.0684999999999999,0.1558333333333333,2.7648333333333333,58362,宝山,宝山区,1026.233333,9.920833,65.791667,0.4,2.891667,270.133761,-0.9999972748930204,0.0023345677401083,7.300000000000001,8.299999999999972,0.2416670000000067,7.296142857142854,5.783326119898075,24.0008361,13.760708360999956,4.391666666666667,1.1603461022425454,0.0874635517513963,3.243333600000001,8.380833666666666,-0.7021479494046978,0.7120310787787131,0.2084172935983617,708.0,2.48,1.57,2.77,1.57,0,2.24,13.012857142857138,708.0,0,639.3333333333334,517.4714285714284,-0.02,2.783333333333333,0.0699999999999998,2.456666666666667,1755.84,4.3489,130126.97799999997,12.865661666666627,0.0
2023-11-17,17.55333333333333,7.365166666666667,7.103666666666666,517.0513333333333,190.24716666666663,3.7285,0.0954999999999999,0.163,2.958333333333333,58362,宝山,宝山区,1024.7875,10.816667,35.791667,0.0,4.025,282.829991,-0.975033252998354,0.2220589010768259,7.300000000000001,8.099999999999973,1.4458329999999933,17.447857142857117,7.949508843318376,33.407500000000006,10.999125026999964,4.683833333333333,1.1006610887305028,0.0726172483538214,4.164166599999999,6.73666633333333,-0.6897960046655887,0.7240037789593305,0.2025922189598091,798.0,2.44,5.18,2.8,5.18,0,2.813333333333333,8.52428571428571,798.0,0,675.6666666666666,637.8571428571428,0.0299999999999998,2.786666666666666,-0.04,2.4433333333333334,1947.12,14.503999999999998,151817.23899999997,7.609886666666665,0.0
2023-11-18,17.081666666666667,7.4455,7.501333333333332,496.0945,192.47616666666667,3.757333333333333,0.0853333333333333,0.1591666666666666,2.860666666666667,58362,宝山,宝山区,1025.4375,6.558333,64.416667,0.0,1.316667,123.5138485,0.8337523934808619,-0.5521385209935402,0.4,7.399999999999972,0.0,-6.968690476190488,2.414441262667266,1.8433338,12.166833357999955,4.5376666666666665,1.165829145728643,0.3680981143437897,0.8700002,10.523333666666666,-0.6772399381909491,0.7357622347736527,0.2006253852021841,770.0,2.39,7.06,2.77,7.06,0,4.603333333333333,5.0328571428571385,770.0,0,758.6666666666666,669.7142857142856,-0.0299999999999998,2.78,-0.0499999999999998,2.436666666666667,1840.3,19.5562,148206.64833333335,9.623808333333296,0.0
2023-11-19,16.495,7.388333333333333,7.387166666666666,508.3271666666667,174.93016666666668,3.613,0.1113333333333333,0.1481666666666666,2.6466666666666665,58362,宝山,宝山区,1021.725,10.0375,65.875,0.0,1.2125,217.139617,-0.6037593305911799,-0.7971666517887526,0.0,7.299999999999972,3.712499999999977,3.979809523809536,1.9445581883418053,1.2125,12.108874999999951,4.2396666666666665,1.1903265656891182,0.1687763713080175,1.4699999999999953,6.457500000000001,-0.6644834655228552,0.7473029667054296,0.21676161076803,1050.0,2.37,25.9,2.73,25.9,0,12.713333333333331,7.247142857142854,1050.0,0,872.6666666666666,734.5714285714284,-0.04,2.766666666666667,-0.02,2.4,2488.5,70.707,183676.67500000002,3.4986033333333335,0.0
2023-11-20,16.458333333333332,7.419666666666667,7.7105,496.53316666666666,128.14966666666666,3.1935,0.114,0.1238333333333333,2.2535000000000003,58362,宝山,宝山区,1022.625,11.604167,74.791667,0.0,0.658333,123.5138485,0.8337523934808619,-0.5521385209935402,0.0,7.299999999999972,0.0,-5.944857142857131,1.207219714457436,0.658333,12.75979169099995,3.605833333333333,1.3903230653643877,0.6030151965859692,0.3949997999999999,4.854166333333332,-0.6515303615068021,0.75862255966641,0.2692292609497214,608.0,2.19,32.7,2.63,32.7,0,21.886666666666667,11.079999999999997,608.0,0,809.3333333333334,734.8571428571428,-0.1,2.7099999999999995,-0.1800000000000001,2.316666666666667,1331.52,86.001,77914.99733333333,23.066940000000013,0.0
2023-11-21,16.2,7.408666666666666,7.712833333333333,516.5056666666667,111.482,3.255333333333333,0.1675,0.1159999999999999,2.3511666666666664,58362,宝山,宝山区,1017.958333,13.2375,76.333333,0.0,1.2,146.668197,0.5494866625339814,-0.8355024881454671,0.0,7.299999999999972,4.666666999999961,13.2301904761905,1.8593839950407776,1.2,12.872333308999952,3.6786666666666665,1.3815267038839298,0.1456310608916969,1.6533333999999922,2.9624999999999986,-0.6383844591746642,0.7697176640069211,0.2926830196567455,888.0,2.34,26.3,2.59,26.3,0,28.3,14.34285714285714,888.0,0,848.6666666666666,763.2857142857141,-0.04,2.65,0.1499999999999999,2.3000000000000003,2077.92,68.117,98996.016,16.72229999999999,0.0
2023-11-22,16.663333333333334,7.458833333333334,7.828666666666667,495.66816666666665,117.67716666666666,3.1305,0.1518333333333333,0.0966666666666666,2.3808333333333334,58362,宝山,宝山区,1015.2,16.870833,66.291667,0.0,1.441667,235.135785,-0.8205090587882448,-0.5716335228504611,0.0,0.3999999999999716,2.7583329999999933,-8.551809523809538,2.6245678332560725,1.441667,0.6651666679999527,3.4993333333333334,1.4914586905442309,0.1923076923076925,1.416666799999999,-0.207499666666667,-0.6250496486104377,0.7805849965070866,0.2835828992501102,866.0,2.25,21.6,2.63,21.6,0,26.86666666666667,17.187142857142856,866.0,0,787.3333333333334,812.5714285714284,0.04,2.6166666666666667,-0.0899999999999998,2.26,1948.5,56.808,101908.42633333334,10.590944999999977,0.0
2023-11-23,17.278333333333332,7.509333333333333,8.043333333333335,465.2246666666667,103.0685,2.723333333333333,0.1291666666666666,0.1126666666666666,2.182166666666667,58362,宝山,宝山区,1023.45,13.8,58.666667,0.0,3.395833,341.046504,-0.3248006191229677,0.945782510843448,0.0,0.0,0.0,-34.11885714285711,4.498801660838205,3.395833,0.0,3.4380000000000006,1.6153974895397492,0.2274881689090555,2.0374998,3.478333333333332,-0.6115298757991053,0.7912213413483807,0.305878871394199,651.0,2.23,20.6,2.61,20.6,0,22.83333333333334,19.90571428571428,651.0,0,801.6666666666666,804.4285714285713,-0.02,2.61,-0.02,2.273333333333333,1451.73,53.766,67097.5935,2.06137,0.0
2023-11-24,16.646666666666665,7.518666666666667,8.414666666666667,462.9593333333333,110.18516666666666,2.534666666666667,0.0973333333333333,0.1133333333333333,2.1995,58362,宝山,宝山区,1031.4125,9.691667,60.958333,0.0,2.2875,25.958899,0.437726286144079,0.8991082795851186,0.0,0.0,0.0,-28.656761904761936,3.2887988795545806,2.2875,0.0,3.4301666666666666,1.7658086177951875,0.3041825095057034,1.3725,6.954999666666664,-0.5978291414589552,0.801623551065242,0.2946513049518241,528.0,2.28,22.2,2.6,22.2,0,21.46666666666667,22.33714285714285,528.0,0,681.6666666666666,765.8571428571428,-0.0099999999999997,2.6133333333333333,0.0499999999999998,2.2533333333333334,1203.84,57.72,58177.768,5.509258333333311,0.0
2023-11-25,15.905,7.489,8.322666666666667,490.23966666666666,120.8895,3.126666666666667,0.1923333333333333,0.1313333333333333,2.714166666666667,58362,宝山,宝山区,1028.008333,10.566667,71.375,0.0,1.991667,94.203469,0.9973100411553106,-0.0732985798688663,0.0,0.0,3.404166999999916,-0.5400238095238024,3.977976497737674,1.991667,0.0,4.219833333333334,1.477658755992188,0.1563517752336932,1.8758335999999831,5.338333,-0.5839514998576998,0.8117885474764613,0.2790496226248824,624.0,2.38,26.5,2.62,26.5,0,23.100000000000005,25.114285714285707,624.0,0,601.0,744.9999999999999,0.02,2.61,0.1,2.2966666666666664,1485.12,69.43,75435.048,12.08895,0.0
2023-11-26,16.218333333333334,7.520833333333333,8.326166666666667,477.8695,147.2011666666667,3.1908333333333334,0.1855,0.1328333333333333,2.5558333333333336,58362,宝山,宝山区,1021.1125,13.95,71.125,0.0,1.975,240.128755,-0.867146815507218,-0.4980526080201678,0.0,0.0,6.895833000000039,-8.55909523809521,3.687614960626755,1.975,0.0,4.0696666666666665,1.459536052354797,0.1013085724376044,2.564166600000008,2.2683333333333344,-0.5699010576127624,0.8217133225960589,0.2458739626314534,532.0,2.31,29.3,2.6,29.3,0,26.000000000000004,25.6,532.0,0,561.3333333333334,670.9999999999999,-0.02,2.606666666666667,-0.0699999999999998,2.3233333333333337,1228.92,76.18,78311.02066666668,10.304081666666638,0.0
2023-11-27,16.335,7.498666666666666,8.221833333333333,471.39183333333335,160.97516666666667,3.459833333333333,0.1674999999999999,0.1426666666666666,2.611666666666667,58362,宝山,宝山区,1020.775,12.3875,62.958333,0.0,2.320833,263.074902,-0.9927046216157394,-0.120571697436636,0.0,0.0,0.3374999999999772,-11.445142857142798,4.624734645098321,2.320833,0.0,4.2058333333333335,1.3580828102631866,0.2733485442686618,1.4599997999999954,3.9475000000000016,-0.5556819724760489,0.8313949395234058,0.2307892031049084,643.0,2.35,8.02,2.61,8.02,0,21.273333333333337,22.07428571428571,643.0,0,599.6666666666666,675.9999999999999,0.0099999999999997,2.61,0.04,2.3466666666666667,1511.05,20.9322,103507.03216666667,6.439006666666667,0.0
2023-11-28,16.33,7.511833333333333,8.291666666666666,456.9836666666667,162.705,3.2575000000000003,0.1668333333333333,0.1438333333333333,2.7391666666666663,58362,宝山,宝山区,1022.8125,11.6875,69.791667,0.0,1.8625,105.415596,0.9640230837314836,-0.2658185359090689,0.0,0.0,0.0,-17.35016666666661,3.657992993449888,1.8625,0.0,4.344333333333333,1.414316579486013,0.3493449781659389,1.1175,4.642499999999998,-0.5412984521036173,0.8408305333122887,0.2289861094437044,515.0,2.33,-0.683,2.7,0.683,1,12.212333333333335,18.219571428571424,515.0,0,563.3333333333334,622.7142857142856,0.0900000000000003,2.6366666666666667,-0.02,2.33,1199.95,-1.8441000000000003,83793.07500000001,3.2541,0.0
2023-11-29,16.37333333333333,7.4985,8.246,455.5101666666667,158.03666666666666,3.1493333333333333,0.1431666666666666,0.1404999999999999,2.747,58362,宝山,宝山区,1025.7125,14.025,61.375,0.0,4.091667,324.47861,-0.5810068456675188,0.8138986701595475,0.0,0.0,0.0,-13.086809523809508,6.46895353719188,4.091667,0.0,4.295166666666667,1.4473014480035105,0.1963993324779487,2.4550002,2.348333333333331,-0.5267547528105542,0.8500173118187018,0.233896752470759,572.0,2.36,1.91,2.73,1.91,0,3.082333333333336,15.406714285714282,572.0,0,576.6666666666666,580.7142857142856,0.0299999999999998,2.68,0.0299999999999998,2.3466666666666662,1349.9199999999998,5.2143,90396.97333333333,4.741099999999968,0.0
2023-11-30,16.081666666666667,7.513666666666666,8.558,442.0915,148.81516666666667,2.8846666666666665,0.129,0.1311666666666666,2.668333333333333,58362,宝山,宝山区,1031.708333,7.0375,49.708333,0.0,3.304167,302.126944,-0.8468719314222243,0.5317968895820956,0.0,0.0,0.0,-23.200738095238137,6.102373289031577,3.304167,0.0,4.109,1.6070355533299951,0.2323329926557218,1.9825002,9.044166666666667,-0.5120551783114646,0.8589525565270845,0.2440354400767632,413.0,2.34,2.02,2.73,2.02,0,1.0823333333333356,12.752428571428569,413.0,0,500.0,546.7142857142856,0.0,2.72,-0.02,2.3433333333333333,966.42,5.5146,61460.66383333333,2.9763033333333335,0.0
2023-12-01,14.69,7.4485,8.434166666666668,507.1266666666666,177.38183333333333,3.1611666666666665,0.1508333333333333,0.141,3.2716666666666665,58362,宝山,宝山区,1030.941667,3.916667,54.041667,0.0,1.958333,123.5138485,0.8337523934808619,-0.5521385209935402,0.0,0.0,0.7666659999999865,35.52480952380944,3.591097825982557,1.958333,0.0,4.8325,1.4739892811371318,0.2684564479077722,1.328332999999997,10.773333,-0.4972040784469378,0.8676336233547726,0.2144126068297613,788.0,2.45,10.9,2.73,10.9,0,4.943333333333336,11.138142857142851,788.0,0,591.0,583.8571428571428,0.0,2.73,0.1100000000000003,2.3833333333333333,1930.6,29.757,139776.88466666668,19.51200166666672,0.0
2023-12-02,14.498333333333331,7.4375,8.297666666666666,515.0221666666666,162.07983333333334,3.248666666666667,0.1588333333333333,0.1398333333333333,3.102,58362,宝山,宝山区,1028.0625,5.2,64.333333,0.0,0.691667,123.5138485,0.8337523934808619,-0.5521385209935402,0.0,0.0,2.879167000000052,39.879952380952375,1.268346016741727,0.691667,0.0,4.659166666666667,1.4291947753695995,0.2187784548727844,0.9908336000000104,9.298333333333332,-0.4822058478963526,0.8760579434344281,0.2296355444644605,787.0,2.29,11.6,2.72,11.6,0,8.173333333333336,9.009571428571425,787.0,0,662.6666666666666,607.142857142857,-0.0099999999999997,2.7266666666666666,-0.1600000000000001,2.36,1802.23,31.552,127556.82883333333,25.932773333333348,0.0
2023-12-03,14.735,7.461833333333334,8.249333333333334,504.57683333333335,143.72366666666667,3.1806666666666668,0.1546666666666666,0.1285,3.2192,58362,宝山,宝山区,1025.8625,6.45,68.0,0.0,0.716667,123.5138485,0.8337523934808619,-0.5521385209935402,0.0,0.0,2.200000000000045,25.61928571428569,1.314189826578749,0.716667,0.0,4.6588666666666665,1.4677658501868216,0.2553191272068798,0.8700002000000091,8.285,-0.4670649248774303,0.8842230238742036,0.2499042183565664,730.0,2.25,12.4,2.69,12.4,0,11.633333333333336,6.595285714285709,730.0,0,768.3333333333334,635.4285714285713,-0.0300000000000002,2.7133333333333334,-0.04,2.33,1642.5,33.356,104918.27666666667,5.748946666666667,0.0
2023-12-04,14.112,7.418200000000001,8.1786,550.0482,119.0532,3.1266,0.1632,0.1115999999999999,2.8522,58362,宝山,宝山区,1018.941667,10.095833,78.208333,0.0,1.595833,227.459178,-0.7367958063530108,-0.6761153302067752,0.0,0.0,6.920832999999902,59.85402857142856,2.7716360620397444,1.595833,0.0,4.131399999999999,1.512930556069407,0.1050788164678691,2.3416663999999807,4.016166999999999,-0.451785789832884,0.8921264484954345,0.2816261852533357,856.0,2.23,27.7,2.67,27.7,0,17.233333333333338,9.406714285714283,856.0,0,791.0,665.8571428571428,-0.02,2.6933333333333334,-0.02,2.2566666666666664,1908.88,73.959,101909.5392,2.3810640000000003,0.0
2023-12-05,14.126666666666669,7.381333333333334,8.142000000000001,566.659,86.71,3.265833333333333,0.2091666666666667,0.1016666666666666,2.256,58362,宝山,宝山区,1017.2,10.166667,73.875,0.0,1.2375,240.905226,-0.8738165784917735,-0.4862556808438645,0.0,0.0,1.7416670000000067,60.796923809523776,2.31884801588357,1.2375,0.0,3.481833333333333,1.4826100151745072,0.251308879471507,1.0908334000000015,3.9599996666666666,-0.4363729641045924,0.8997658785476209,0.334905824055426,871.0,2.2,30.0,2.61,30.0,0,23.36666666666667,13.789999999999996,871.0,0,819.0,716.7142857142856,-0.06,2.6566666666666663,-0.0299999999999998,2.226666666666667,1916.2,78.3,75524.40999999999,2.6012999999999824,0.0
2023-12-06,13.926666666666668,7.387833333333333,8.2245,574.361,73.36733333333333,3.1086666666666667,0.207,0.0928333333333333,2.2841666666666667,58362,宝山,宝山区,1017.933333,10.266667,61.958333,0.0,2.320833,257.45282,-0.9761174497364012,-0.217243467842198,0.0,0.0,0.0,51.52023333333341,4.586238589224082,2.320833,0.0,3.4195,1.568363844393593,0.301129264856137,1.3924998,3.659999666666668,-0.4208310085956556,0.9071390534005044,0.3629153383606103,944.0,2.17,31.0,2.55,31.0,0,29.566666666666677,17.94571428571428,944.0,0,890.3333333333334,769.8571428571428,-0.06,2.61,-0.0300000000000002,2.2,2048.48,79.05,69258.76266666666,2.201020000000015,0.0
2023-12-07,13.516666666666666,7.4125,8.515500000000001,573.1463333333334,68.02933333333333,2.909333333333333,0.1748333333333333,0.0895,2.3325,58362,宝山,宝山区,1016.154167,13.333333,54.583333,0.0,2.154167,183.931202,-0.0685585970961795,-0.9976470912924088,0.0,0.0,1.7791659999999183,31.58344761904766,2.301853667430886,2.154167,0.0,3.402333333333333,1.7102259414225942,0.2027027163988355,1.648333399999984,0.183333666666666,-0.4051645224207563,0.9142437912130223,0.3755580866579373,841.0,2.12,30.1,2.5,30.1,0,30.36666666666667,21.957142857142856,841.0,0,885.3333333333334,830.9999999999999,-0.0499999999999998,2.553333333333333,-0.0499999999999998,2.1633333333333336,1782.92,75.25,57212.669333333324,3.4014666666666526,0.0
2023-12-08,13.603333333333332,7.443,8.530333333333333,561.2941666666667,73.76650000000001,3.0711666666666666,0.1925,0.0876666666666666,2.0396666666666667,58362,宝山,宝山区,1014.141667,15.641667,57.333333,0.0,1.741667,179.556314,0.007743704151105,-0.9999700170735222,0.0,0.0,2.012500000000045,11.993066666666664,1.7551539539777428,1.741667,0.0,3.108833333333333,1.6594903054276635,0.2103417906859373,1.4475002000000092,-2.0383336666666665,-0.3893781415452015,0.9210779895789526,0.3620067223693297,954.0,2.13,30.2,2.5,30.2,0,30.433333333333337,24.71428571428571,954.0,0,913.0,854.7142857142856,0.0,2.516666666666667,0.0099999999999997,2.14,2032.02,75.5,70373.24100000001,0.7376649999999779,0.0
2023-12-09,14.353333333333332,7.505333333333333,8.669166666666667,501.1901666666667,75.38816666666666,2.794666666666666,0.1515,0.0888333333333333,1.836833333333333,58362,宝山,宝山区,1015.429167,17.229167,68.458333,0.5,1.095833,80.285514,0.9856608386856568,0.168738588003715,0.5,0.4999999999999716,0.0,-46.13493333333332,2.1759526738394195,1.6437495000000002,0.8422916649999521,2.876666666666667,1.793187851208329,0.3852327942514021,0.7574998,-2.875833666666667,-0.3734765374130707,0.9276396261490468,0.3583645713796262,421.0,1.97,30.9,2.48,30.9,0,30.4,27.471428571428568,421.0,0,738.6666666666666,802.4285714285713,-0.02,2.493333333333333,-0.1599999999999999,2.0733333333333333,829.37,76.63199999999999,31738.418166666666,12.062106666666658,0.0
2023-12-10,14.566666666666668,7.454499999999999,8.552999999999999,507.6275,91.89233333333334,2.8065,0.1548333333333333,0.0974999999999999,2.0961666666666665,58362,宝山,宝山区,1015.529167,15.5375,92.958333,2.3,1.458333,11.164341,0.1936237995660196,0.9810758504018016,2.8,2.7999999999999714,0.0,-40.13340952380946,1.7407009764925123,5.5416654,5.402833323999944,3.226,1.732662570058748,0.1901743385213526,1.4349998,-0.9708333333333314,-0.3574644155648614,0.9339267592294762,0.3251621560145115,441.0,2.18,24.0,2.5,24.0,0,28.36666666666667,29.128571428571423,441.0,0,605.3333333333334,761.142857142857,0.02,2.4933333333333336,0.2100000000000002,2.0933333333333333,961.38,60.0,40524.519,19.297390000000018,0.0
2023-12-11,14.746666666666668,7.495333333333334,8.680833333333334,480.95,106.75216666666664,2.798666666666667,0.1408333333333333,0.1004999999999999,1.9433333333333331,58362,宝山,宝山区,1020.8625,8.458333,89.125,3.4,4.1375,297.618702,-0.886052306880887,0.4635852774528743,6.199999999999999,6.199999999999971,0.0,-56.93973809523817,7.803541419719671,29.79,11.725749999999945,3.0891666666666664,1.7556544308490918,0.0882028665931642,3.7225,6.288333666666668,-0.3413465142450361,0.9399375283564132,0.2999747261454236,394.0,2.25,17.0,2.57,17.0,0,23.96666666666667,27.6,394.0,0,418.6666666666667,695.142857142857,0.0699999999999998,2.516666666666667,0.0699999999999998,2.1333333333333333,886.5,43.69,42060.353666666655,7.472651666666644,0.0
2023-12-12,14.048333333333334,7.4775,8.827833333333333,465.3181666666667,129.13233333333335,2.9280000000000004,0.1531666666666666,0.1159999999999999,2.797,58362,宝山,宝山区,1026.9,6.358333,81.625,0.0,2.0375,270.065392,-0.9999993487107152,0.0011413054566904,5.699999999999999,6.199999999999971,0.0,-58.09430952380944,4.074998672998083,13.65125,11.260749999999948,4.110166666666667,1.6843260088402705,0.1144492131616595,2.3625,7.690000333333334,-0.3251276029999093,0.9456701548465688,0.2679426797871067,417.0,2.33,0.73,2.62,0.73,0,13.910000000000004,23.418571428571425,417.0,0,417.3333333333333,630.2857142857141,0.0500000000000002,2.563333333333333,0.08,2.2533333333333334,971.61,1.9126,53848.183000000005,10.330586666666669,0.0
2023-12-13,14.086666666666666,7.461333333333333,8.648166666666667,473.4231666666667,143.3695,3.232833333333333,0.2178333333333333,0.142,3.0356666666666663,58362,宝山,宝山区,1021.791667,13.441667,78.625,0.0,1.633333,137.718227,0.6727771871549986,-0.7398451570726188,3.4,6.199999999999971,5.10833300000013,-35.56961904761903,2.7322021814274358,7.1866652,11.074749999999948,4.6735,1.473114921644333,0.0897531841288357,2.681666400000026,0.6449996666666653,-0.3088124812662537,0.9511229423235356,0.2503201015092314,545.0,2.35,-3.42,2.7,3.42,1,4.770000000000002,18.50142857142857,545.0,0,452.0,573.2857142857141,0.08,2.6300000000000003,0.02,2.31,1280.75,-9.234,78136.37749999999,2.86739,0.0
2023-12-14,14.821666666666667,7.451333333333333,8.501,470.3013333333333,137.87283333333332,3.1685,0.1793333333333333,0.1356666666666666,2.412166666666667,58362,宝山,宝山区,1015.666667,16.6875,79.166667,0.0,2.1125,221.353865,-0.6607076558331404,-0.7506433197754288,0.0,6.199999999999971,6.125,-23.99930952380953,3.508244922947509,2.1125,11.10833335399995,3.948166666666667,1.4902270137610658,0.108254397834912,2.4925,-1.8658333333333328,-0.2924059769510773,0.956294277219772,0.2569087603080527,365.0,2.3,7.46,2.7,7.46,0,1.5900000000000023,15.267142857142854,365.0,0,442.3333333333333,505.28571428571416,0.0,2.6733333333333333,-0.0500000000000002,2.3266666666666667,839.4999999999999,20.142,50323.58416666666,6.893641666666693,0.0
2023-12-15,14.421666666666669,7.4655,8.616333333333333,467.1831666666666,163.17233333333334,3.158,0.1791666666666666,0.132,2.5966666666666667,58362,宝山,宝山区,1025.75,4.683333,84.416667,7.0,4.258333,292.453354,-0.9241907789427825,0.3819311510169512,7.0,13.19999999999997,0.0,-13.67304761904768,8.193845092267756,34.066664,24.343000043999943,4.095833333333333,1.5230828153080165,0.0815771606139268,3.9549998,9.738333666666666,-0.2759129450029604,0.9611826292540836,0.2285022525741296,469.0,2.39,8.73,2.71,8.73,0,4.256666666666669,12.199999999999994,469.0,0,459.6666666666667,435.9999999999999,0.0099999999999997,2.7033333333333336,0.0900000000000003,2.3466666666666667,1120.91,23.6583,76527.82433333334,14.68551000000005,0.0
2023-12-16,13.606666666666667,7.433333333333334,8.658833333333334,490.2205,169.39849999999998,3.4086666666666665,0.2058333333333333,0.1313333333333333,2.591333333333333,58362,宝山,宝山区,1036.6875,-0.691667,51.666667,0.0,4.525,293.079713,-0.9199603564033748,0.3920114062705005,7.0,12.69999999999997,0.0,10.931380952380948,8.687820612725272,36.2,19.26166670899996,4.1105,1.4607079596254957,0.0798403193612774,4.115,14.298333666666668,-0.2593382659754056,0.9657865518844574,0.2221841880394577,679.0,2.44,3.39,2.75,3.39,0,6.52666666666667,8.269999999999996,679.0,0,504.3333333333333,472.8571428571427,0.04,2.72,0.0499999999999998,2.3766666666666665,1656.76,9.3225,115021.58149999999,8.469924999999966,0.0
2023-12-17,12.383333333333333,7.395333333333333,8.888666666666667,532.0085,171.66983333333334,3.5171666666666668,0.1943333333333333,0.1233333333333333,2.4645,58362,宝山,宝山区,1036.233333,1.1,57.625,0.0,2.570833,342.67955,-0.2977156281931857,0.9546545997006124,7.0,10.39999999999997,0.4541670000000977,49.23638095238101,3.336210161574772,20.566664,16.39299999999995,3.8921666666666654,1.4951919033334269,0.0907029478458041,3.03333320000002,11.283333333333331,-0.2426868445825954,0.9701046827361176,0.219936645916119,883.0,2.41,7.85,2.73,7.85,0,6.656666666666669,5.962857142857139,883.0,0,677.0,535.9999999999999,-0.02,2.7300000000000004,-0.0299999999999998,2.4133333333333336,2128.03,21.4305,151584.46283333335,5.150094999999967,0.0
2023-12-18,12.196666666666667,7.428,8.977333333333334,541.4593333333333,184.9463333333333,3.7563333333333335,0.1986666666666666,0.1378333333333333,2.4528333333333334,58362,宝山,宝山区,1029.55,4.5875,91.041667,20.8,2.666667,25.915297,0.4370419394458502,0.8994411282376461,20.8,27.79999999999997,6.683332999999948,50.043023809523845,3.832112317536247,58.1333406,53.10958342599995,4.029833333333333,1.4174736842105262,0.0321027287319422,7.09666679999999,7.609166666666667,-0.225963608248019,0.974135744004672,0.207363223117328,680.0,2.26,4.72,2.67,4.72,0,5.320000000000003,4.208571428571425,680.0,0,747.3333333333334,576.8571428571428,-0.06,2.7166666666666663,-0.1500000000000003,2.37,1536.8,12.6024,125763.50666666665,27.741950000000053,0.0
2023-12-19,12.25,7.447166666666667,9.066833333333332,519.6616666666667,152.53133333333332,3.4633333333333334,0.2118333333333333,0.1185,2.4226666666666667,58362,宝山,宝山区,1031.3375,4.529167,77.708333,1.4,3.366667,327.254269,-0.5409118056427208,0.8410793176129892,22.2,29.19999999999997,0.0,20.482000000000028,5.187736925967762,78.1066744,51.89083323599995,3.8195,1.5471971786923011,0.0376411538564472,6.4600002000000005,7.720833,-0.2091735056463563,0.9778785428342386,0.239876533403484,565.0,2.29,20.5,2.65,20.5,0,11.023333333333335,7.032857142857139,565.0,0,709.3333333333334,597.9999999999999,-0.02,2.683333333333333,0.0300000000000002,2.3200000000000003,1293.85,54.325,86180.20333333332,4.57594000000003,0.0
2023-12-20,11.688333333333333,7.379833333333333,8.897499999999999,567.2566666666667,122.16783333333336,3.4506666666666668,0.3036666666666667,0.1123333333333333,2.6341666666666668,58362,宝山,宝山区,1035.266667,0.066667,51.458333,0.0,4.025,296.793791,-0.8926346736798331,0.4507808107545151,22.2,29.19999999999997,0.0,54.67221428571429,7.617854561561328,93.38,44.22583323599996,4.061166666666667,1.5137809788464809,0.0367309458218549,6.855,11.621666333333332,-0.1923215052390948,0.9813319716704276,0.2772787733328127,773.0,2.41,31.1,2.67,31.1,0,18.773333333333337,11.96428571428571,773.0,0,672.6666666666666,630.5714285714284,0.02,2.6633333333333336,0.1200000000000001,2.3200000000000003,1862.93,83.037,94435.7351666667,14.660140000000016,0.0
2023-12-21,10.811666666666667,7.363166666666667,8.925333333333333,595.5586666666667,107.35,3.5556666666666668,0.2955,0.107,2.5941666666666667,58362,宝山,宝山区,1040.4,-3.479167,42.791667,0.0,4.254167,287.216951,-0.9551908348651854,0.2959906569294883,1.4,29.19999999999997,0.0,65.08030952380955,8.31770832838592,10.2100008,41.69516676399996,3.959666666666667,1.5073605989810563,0.150281770806173,2.8325002,14.290833666666668,-0.1754125938042784,0.9844950085880858,0.2990356012238019,1180.0,2.35,32.8,2.64,32.8,0,28.133333333333336,15.58428571428571,1180.0,0,839.3333333333334,746.9999999999999,-0.0299999999999998,2.6533333333333333,-0.06,2.35,2773.0,86.592,126673.0,6.441,0.0
2023-12-22,10.165,7.512166666666666,9.0625,574.218,108.755,3.4676666666666667,0.2658333333333333,0.1083333333333333,3.2015,58362,宝山,宝山区,1041.295833,-2.025,49.041667,0.0,2.195833,278.164679,-0.9898639689658146,0.1420187415211274,0.0,22.19999999999997,0.0,28.44895238095239,4.369408968566112,2.195833,33.087250073999954,4.550666666666666,1.557978281424601,0.312907464188523,1.3174998,12.19,-0.1584517749608363,0.9873667175937016,0.2968487564227809,983.0,2.16,29.4,2.59,29.4,0,31.100000000000005,18.53714285714285,983.0,0,978.6666666666666,820.4285714285713,-0.0500000000000002,2.6333333333333333,-0.1899999999999999,2.306666666666666,2123.28,76.14599999999999,106906.165,20.663449999999987,0.0
2023-12-23,9.661666666666669,7.567166666666666,9.044,572.2275,111.37816666666669,3.450333333333333,0.2683333333333333,0.1068333333333333,2.9043333333333337,58362,宝山,宝山区,1037.25,0.029167,55.25,0.0,1.533333,274.312922,-0.9971681981039549,0.0752036215225829,0.0,22.19999999999997,4.045832999999902,14.74316666666664,3.0623239047033315,1.533333,34.46549999999996,4.2410000000000005,1.562813202004493,0.1519949489038602,1.7291663999999805,9.632499666666668,-0.141444067687942,0.989946248902378,0.2928397761543467,874.0,2.12,28.1,2.55,28.1,0,30.100000000000005,22.06714285714285,874.0,0,1012.3333333333334,848.2857142857141,-0.04,2.5933333333333333,-0.04,2.21,1852.88,71.655,97344.51766666668,4.455126666666668,0.0
2023-12-24,9.38,7.529666666666666,9.05,557.843,111.72433333333332,3.364666666666667,0.2891666666666666,0.1086666666666666,2.761,58362,宝山,宝山区,1034.720833,-0.0375,66.083333,0.0,1.670833,268.579125,-0.9996925218720408,-0.0247964052459028,0.0,22.19999999999997,2.529166999999916,-3.331976190476212,3.341152255397028,1.670833,36.87049992599995,4.136833333333333,1.576517724936852,0.1923076923076954,1.5083331999999832,9.4175,-0.1243945048397999,0.9922328391893008,0.2923177328586139,786.0,2.11,27.3,2.53,27.3,0,28.26666666666667,24.845714285714283,786.0,0,881.0,834.4285714285713,-0.02,2.556666666666666,-0.0100000000000002,2.1300000000000003,1658.4599999999998,69.069,87815.32599999999,1.1172433333333556,0.0
2023-12-25,9.138333333333334,7.5595,9.1945,546.5371666666666,106.32,3.0721666666666665,0.2861666666666667,0.1014999999999999,2.6161666666666665,58362,宝山,宝山区,1032.220833,0.820833,68.041667,0.0,0.8625,102.378494,0.97675281054591,-0.2143687176121212,0.0,1.3999999999999715,2.5,-15.36321428571432,1.7049492990958477,0.8625,2.352583337999952,3.9173333333333327,1.7111352357320102,0.2292263610315186,1.0175,8.317500333333333,-0.1073081316563624,0.994225811815616,0.3006568588831712,734.0,2.14,21.0,2.53,21.0,0,25.46666666666667,27.17142857142857,734.0,0,798.0,842.142857142857,0.0,2.536666666666666,0.0300000000000002,2.123333333333333,1570.76,53.13,78038.87999999999,3.189600000000021,0.0
2023-12-26,9.348333333333333,7.559333333333334,9.166166666666667,529.8043333333334,117.3055,3.301166666666667,0.3436666666666666,0.104,2.785,58362,宝山,宝山区,1028.795833,5.95,74.166667,0.0,1.283333,100.942297,0.9818188507395336,-0.1898202948383059,0.0,0.0,3.425000000000182,-33.54499999999996,2.543333531176118,1.283333,0.0,4.168666666666667,1.612389691870181,0.1751824919814538,1.4549998000000364,3.3983333333333325,-0.0901900042703451,0.99592457702866,0.2841152999763576,692.0,2.15,16.2,2.54,16.2,0,21.5,26.557142857142853,692.0,0,737.3333333333334,860.2857142857141,0.0100000000000002,2.533333333333333,0.0099999999999997,2.1333333333333333,1487.8,41.148,81175.406,1.1730549999999649,0.0
2023-12-27,10.03,7.547,9.327166666666669,491.0668333333333,122.85816666666666,3.177833333333333,0.2893333333333333,0.1001666666666666,2.623333333333333,58362,宝山,宝山区,1027.875,8.395833,85.541667,0.0,0.991667,118.203541,0.881274245748151,-0.4726052303784073,0.0,0.0,0.9208329999999024,-61.39823809523807,1.865597587458332,0.991667,0.0,3.914333333333333,1.7055130588486267,0.34334763948499,0.7791667999999805,1.6341669999999997,-0.0730451882110474,0.9973286321364752,0.2763300959183823,478.0,2.16,1.16,2.55,1.16,0,12.786666666666669,22.279999999999998,478.0,0,634.6666666666666,818.142857142857,0.0099999999999997,2.54,0.0100000000000002,2.1500000000000004,1032.48,2.958,58726.20366666666,1.228581666666691,0.0
2023-12-28,10.281666666666666,7.509833333333333,9.466,477.726,116.27083333333331,2.9725,0.2406666666666667,0.09,2.550666666666667,58362,宝山,宝山区,1028.479167,8.358333,91.916667,0.0,1.3,60.227608,0.8680048197723677,0.4965557701325598,0.0,0.0,0.0,-57.905833333333305,2.428406265704078,1.3,0.0,3.6913333333333336,1.8512989341243191,0.4347826086956522,0.78,1.9233336666666665,-0.0558787569053731,0.9984375616565666,0.2856062835032229,489.0,2.26,-1.01,2.6,1.01,1,5.450000000000002,17.449999999999996,489.0,0,553.0,719.4285714285713,0.0500000000000002,2.563333333333333,0.0999999999999996,2.19,1105.14,-2.6260000000000003,56856.43749999999,11.627083333333285,0.0
2023-12-29,10.498333333333331,7.491833333333333,9.459833333333334,476.271,114.3935,2.718666666666667,0.1978333333333333,0.0808333333333333,2.385,58362,宝山,宝山区,1023.320833,7.666667,92.75,0.0,1.6,108.180256,0.9500796250471784,-0.3120075416880382,0.0,0.0,5.158333999999968,-45.36840476190474,3.1201274000754857,1.6,0.0,3.391166666666667,2.0021517513845284,0.1288936516525331,1.9916667999999933,2.8316663333333327,-0.0386957901765268,0.999251037438848,0.2883454741299522,519.0,2.28,-1.47,2.64,1.47,1,-0.4399999999999976,13.039999999999996,519.0,0,495.3333333333333,653.142857142857,0.04,2.5966666666666667,0.02,2.233333333333333,1183.32,-3.8808,59370.226500000004,2.2878700000000003,0.0
2023-12-30,9.858333333333333,7.452333333333333,9.268166666666668,515.7706666666667,136.52283333333332,2.8816666666666664,0.2401666666666666,0.1051666666666666,2.459833333333333,58362,宝山,宝山区,1018.629167,8.545833,91.333333,0.5,2.075,269.356936,-0.9999370162411336,-0.01122334846555,0.5,0.4999999999999716,4.691665999999941,2.1965238095237964,4.149869308700352,3.1125000000000003,0.9566666649999456,3.751666666666667,1.7914693469926877,0.1209677516909485,2.2833331999999884,1.3125003333333325,-0.0215013727408137,0.999768818762748,0.2585668470427703,611.0,2.29,1.26,2.66,1.26,0,-0.4066666666666643,9.20571428571428,611.0,0,539.6666666666666,615.5714285714284,0.02,2.6333333333333333,0.0100000000000002,2.2766666666666664,1399.19,3.3516000000000004,83415.45116666667,1.3652283333333606,0.0
2023-12-31,8.735,7.478666666666666,9.625833333333333,535.2746666666667,133.72116666666668,3.2641666666666667,0.2845,0.1226666666666666,2.5935,58362,宝山,宝山区,1028.658333,5.308333,71.208333,0.0,2.391667,354.307906,-0.0991824453286766,0.9950692651964608,0.5,0.4999999999999716,0.0,24.924571428571483,2.6288783814719,3.5875005,0.8560416649999514,4.104666666666667,1.6667147639385895,0.2569592927657993,1.5350002,3.4266669999999992,-0.0043005927029819,0.9999907524084426,0.2620604595247812,596.0,2.28,1.36,2.67,1.36,0,0.3833333333333357,5.499999999999996,596.0,0,575.3333333333334,588.4285714285713,0.0099999999999997,2.6566666666666667,-0.0100000000000002,2.283333333333333,1358.88,3.6312,79697.81533333333,1.3372116666666936,0.0
2024-01-01,9.195,7.484333333333333,9.6475,507.48516666666666,118.83733333333332,2.8996666666666666,0.2351666666666666,0.1096666666666666,3.302,58362,宝山,宝山区,1027.170833,4.091667,76.333333,0.0,0.991667,81.772406,0.9897074251516944,0.1431055994697728,0.5,0.4999999999999716,1.487500000000182,2.713928571428596,1.9731271931779053,1.4875005,0.88166666499995,4.6338333333333335,1.8441173659562269,0.251308879471496,0.9925002000000364,5.103333,0.0172015754182605,0.9998520419557736,0.281931658967352,675.0,2.3,3.42,2.67,3.42,0,2.013333333333336,2.9885714285714244,675.0,0,627.3333333333334,579.9999999999999,0.0,2.6666666666666665,0.02,2.29,1552.4999999999998,9.1314,80215.2,2.3767466666666666,0.0
2024-01-02,8.808333333333334,7.488166666666667,9.712166666666668,529.7131666666667,106.35566666666666,2.7976666666666663,0.2253333333333333,0.1011666666666666,2.3328333333333333,58362,宝山,宝山区,1023.225,6.729167,75.375,1.7,2.183333,27.223754,0.4574666269060585,0.8892267906823281,1.7,2.199999999999972,3.94583299999988,24.95495238095242,3.182134982922686,5.894999100000001,3.858249999999951,3.5698333333333334,1.929058527542373,0.1132609807087117,2.4391663999999764,2.079166333333333,0.034398060613608,0.9994082116062598,0.3006004586422293,590.0,2.29,7.44,2.67,7.44,0,4.073333333333336,1.737142857142853,590.0,0,620.3333333333334,565.4285714285713,0.0,2.67,-0.0099999999999997,2.29,1351.1,19.8648,62749.84333333333,1.0635566666666347,0.0
2024-01-03,9.09,7.527,9.788833333333336,516.3883333333333,85.38916666666667,2.614666666666667,0.231,0.0963333333333333,2.3023333333333333,58362,宝山,宝山区,1026.395833,3.170833,82.541667,0.0,2.070833,293.993412,-0.9135922191146428,0.4066315988375502,1.7,2.199999999999972,0.0,8.01276190476193,3.962729915885833,5.5912491,4.015916673999949,3.4966666666666666,2.0355236708948503,0.209607001544594,1.5824998,5.919167,0.0515843668694083,0.9986686402879996,0.3374813202543946,731.0,2.26,27.5,2.64,27.5,0,12.786666666666669,5.499999999999996,731.0,0,665.3333333333334,601.5714285714284,-0.0299999999999998,2.66,-0.0300000000000002,2.283333333333333,1652.06,72.60000000000001,62419.480833333335,2.561675000000017,0.0
2024-01-04,8.345,7.425333333333334,9.534333333333334,589.2601666666667,88.94033333333333,3.165,0.3928333333333333,0.0994999999999999,2.692333333333333,58362,宝山,宝山区,1022.454167,6.6875,69.708333,0.0,1.479167,160.111755,0.3401866302912784,-0.940357940664652,1.7,2.199999999999972,3.941666000000055,64.95114285714283,1.9823598373680595,3.9937509,3.733583325999952,4.080166666666667,1.7170213404568242,0.1231400768862003,2.0158334000000107,1.6575000000000006,0.0687554084811394,0.9976335468520452,0.33064368298383,914.0,2.28,31.7,2.62,31.7,0,22.21333333333333,10.172857142857138,914.0,0,745.0,662.2857142857141,-0.02,2.643333333333333,0.02,2.2766666666666664,2083.92,83.054,81291.46466666667,1.7788066666666666,0.0
2024-01-05,9.573333333333332,7.47,9.307666666666668,566.0504999999999,76.634,3.1733333333333333,0.3531666666666667,0.0916666666666666,2.4931666666666668,58362,宝山,宝山区,1022.295833,7.195833,75.791667,0.0,0.995833,315.614278,-0.6994852735489272,0.7146470122292421,0.0,2.199999999999972,0.158333999999968,28.915833333333357,1.692403518414049,0.995833,3.867416673999951,3.763,1.709972748706329,0.4642165625970571,0.6291665999999935,2.377500333333332,0.0859061042613327,0.9963032375991964,0.3556186541476658,868.0,2.17,32.2,2.57,32.2,0,30.46666666666667,14.98285714285714,868.0,0,837.6666666666666,712.142857142857,-0.0500000000000002,2.61,-0.1099999999999998,2.2366666666666664,1883.56,82.754,66518.312,8.429739999999985,0.0
2024-01-06,9.875,7.465333333333334,9.274,564.7966666666666,64.60433333333333,2.877166666666666,0.2893333333333333,0.084,2.3916666666666666,58362,宝山,宝山区,1026.158333,7.175,76.333333,0.0,2.045833,358.191196,-0.0315643416727137,0.9995017220269148,0.0,1.6999999999999715,0.0,20.658285714285626,2.110408371817313,2.045833,2.99766666099995,3.521,1.852391890542296,0.3283174093917821,1.2274998,2.7,0.1030313790431787,0.9946781061893646,0.3841958612655838,822.0,2.13,31.5,2.53,31.5,0,31.8,19.30285714285714,822.0,0,868.0,742.2857142857141,-0.04,2.573333333333333,-0.04,2.193333333333333,1750.86,79.695,53104.761999999995,2.584173333333333,0.0
2024-01-07,10.338333333333331,7.467,9.257333333333332,548.2384999999999,63.42116666666666,2.8395,0.2956666666666667,0.083,2.4235,58362,宝山,宝山区,1029.733333,4.625,61.875,0.0,2.1375,40.741926,0.6526529915274282,0.7576569623848901,0.0,1.6999999999999715,0.0,2.2481428571428523,3.532545769389878,2.1375,2.751874999999954,3.549166666666667,1.8644557080997617,0.3187250996015936,1.2825,5.713333333333333,0.1201261651823505,0.9927586335250792,0.3872849517735039,684.0,2.19,23.9,2.51,23.9,0,29.2,22.522857142857134,684.0,0,791.3333333333334,754.8571428571428,-0.02,2.536666666666666,0.06,2.1633333333333336,1497.96,59.98899999999999,43380.077999999994,3.8052699999999993,0.0
2024-01-08,10.658333333333331,7.4585,9.136666666666668,562.6143333333333,61.351,2.9098333333333333,0.3116666666666666,0.0805,2.4793333333333334,58362,宝山,宝山区,1022.966667,7.25,78.333333,0.2,1.333333,128.775335,0.7796076365405478,-0.6262682596520928,0.2,1.8999999999999715,6.766665999999873,8.748380952381012,2.3728095888515184,1.5999996,3.388333326999949,3.596,1.817699525846348,0.1075268932824631,2.1933329999999747,3.408333333333333,0.1371854040566005,0.9905453876091832,0.3928289267191763,742.0,2.17,28.9,2.51,28.9,0,28.1,26.162857142857145,742.0,0,749.3333333333334,764.4285714285713,0.0,2.516666666666666,-0.02,2.1633333333333336,1610.14,72.53899999999999,45522.442,1.22702,0.0
2024-01-09,11.021666666666668,7.458666666666666,9.067166666666669,565.6761666666666,68.64216666666667,3.0911666666666666,0.3403333333333333,0.083,2.5733333333333333,58362,宝山,宝山区,1021.058333,9.220833,69.708333,0.0,2.958333,288.68547,-0.9472915535681582,0.3203727712188183,0.2,0.1999999999999716,1.9083340000000817,6.672642857142819,5.760736863541951,3.5499996,0.3394166659999517,3.7436666666666665,1.7233045075865565,0.1648351557782859,2.1966666000000163,1.8008336666666658,0.1542040475626894,0.988039023376751,0.3740578518206363,682.0,2.13,30.8,2.53,30.8,0,27.866666666666664,29.5,682.0,0,702.6666666666666,777.5714285714284,0.02,2.5166666666666666,-0.04,2.1633333333333336,1452.66,77.92399999999999,46813.95766666667,2.745686666666667,0.0
2024-01-10,11.281666666666666,7.474166666666666,9.104333333333331,530.1581666666667,82.81633333333333,2.947,0.2695,0.0893333333333333,2.4541666666666666,58362,宝山,宝山区,1025.766667,2.404167,76.041667,0.0,2.170833,286.846669,-0.9570837555814462,0.2898114642351378,0.2,0.1999999999999716,0.0,-30.812476190476104,4.248502000380138,2.6049996,0.35208333399995,3.617,1.7817280407058285,0.2966625756897479,1.3424998,8.877499666666665,0.1711770596101998,0.985240282501282,0.3426131518693689,513.0,2.14,8.19,2.52,8.19,0,22.63,26.741428571428568,513.0,0,645.6666666666666,746.4285714285713,-0.0099999999999997,2.52,0.0100000000000002,2.146666666666667,1097.8200000000002,20.6388,42484.779,0.8281633333333499,0.0
2024-01-11,11.266666666666666,7.472166666666666,9.063666666666666,527.7041666666668,98.7985,3.0163333333333333,0.3005,0.1009999999999999,2.6096666666666666,58362,宝山,宝山区,1020.679167,4.458333,69.333333,0.0,1.358333,123.5138485,0.8337523934808619,-0.5521385209935402,0.0,0.1999999999999716,5.087500000000091,-24.4727619047618,2.49084638989404,1.358333,0.3386666659999519,3.920166666666667,1.7015112167954696,0.1343033076352891,1.832499800000018,6.808333666666666,0.1880994176117975,0.9821499931752292,0.3129901176000843,606.0,2.26,6.08,2.59,6.08,0,15.023333333333332,23.081428571428567,606.0,0,600.3333333333334,702.4285714285713,0.0699999999999998,2.5466666666666664,0.1199999999999996,2.1766666666666663,1369.56,15.7472,59871.891,11.85581999999996,0.0
2024-01-12,11.261666666666663,7.47,9.067833333333336,531.3258333333333,112.18016666666664,3.061833333333333,0.2603333333333333,0.1013333333333333,2.5218333333333334,58362,宝山,宝山区,1020.825,8.145833,71.375,0.0,0.991667,123.5138485,0.8337523934808619,-0.5521385209935402,0.0,0.1999999999999716,0.0,-15.890428571428629,1.8184717347859856,0.991667,0.3427499999999513,3.7955,1.6995283166213728,0.5020919661770767,0.5950002,3.1158336666666653,0.2049661139694953,0.9787690698649216,0.2916327447374331,497.0,2.23,8.34,2.62,8.34,0,7.536666666666666,19.67285714285714,497.0,0,538.6666666666666,649.4285714285713,0.0300000000000002,2.5766666666666667,-0.0299999999999998,2.2100000000000004,1108.31,21.8508,55753.54283333332,3.365404999999977,0.0
2024-01-13,11.533333333333331,7.465333333333334,9.050166666666668,527.1863333333333,128.244,3.1363333333333334,0.2521666666666666,0.1086666666666666,2.6365000000000003,58362,宝山,宝山区,1023.108333,10.633333,75.291667,0.0,1.983333,118.311047,0.88038592984521,-0.4742579620107446,0.0,0.1999999999999716,0.0,-14.65702380952382,3.7294314673976894,1.983333,0.3505833339999502,3.975333333333333,1.6529481598733675,0.3351955681782758,1.1899998,0.9000003333333328,0.2217721575564818,0.975098513039961,0.2691053286273676,414.0,2.27,5.54,2.64,5.54,0,6.653333333333333,15.96428571428571,414.0,0,505.6666666666667,591.142857142857,0.02,2.6166666666666667,0.04,2.2533333333333334,939.78,14.6256,53093.016,5.12976,0.0
2024-01-14,11.55,7.489999999999999,9.027333333333331,536.7863333333333,173.72883333333334,3.317833333333333,0.2586666666666666,0.1296666666666666,2.6773333333333333,58362,宝山,宝山区,1025.933333,10.65,64.166667,0.3,3.295833,337.305423,-0.3858187230988255,0.9225746110241664,0.3,0.4999999999999716,0.0,-3.421000000000049,4.567427079606971,4.2845829,0.8208333349999534,4.232666666666667,1.537047021765657,0.2175884110671558,2.0374998,0.8999999999999986,0.2385125751940764,0.9711394088771652,0.2179246155202484,440.0,2.34,8.47,2.66,8.47,0,7.45,13.759999999999994,440.0,0,450.3333333333333,556.2857142857141,0.02,2.64,0.0699999999999998,2.28,1029.6,22.530200000000004,76440.68666666668,12.161018333333299,0.0
2024-01-15,10.258333333333333,7.528,9.658166666666666,514.192,173.712,3.0668333333333333,0.2203333333333333,0.1139999999999999,2.528,58362,宝山,宝山区,1031.816667,3.6375,70.166667,0.0,2.0125,28.697691,0.4801881483677157,0.8771655158333487,0.3,0.2999999999999715,0.0,-19.09785714285715,2.9788786485900283,2.6162500000000004,0.5105000009999516,3.8883333333333336,1.7795964745263029,0.3018867924528302,1.2675,6.620833333333333,0.2551824131233728,0.966892928939152,0.2179409685310626,271.0,2.35,1.28,2.68,1.28,0,5.096666666666667,9.814285714285711,271.0,0,375.0,488.9999999999999,0.02,2.66,0.0100000000000002,2.32,636.85,3.4304,47075.952,1.7371200000000346,0.0
2024-01-16,10.213333333333331,7.507833333333333,9.5685,532.3725000000001,155.41916666666663,3.093833333333333,0.2446666666666666,0.1148333333333333,2.6115,58362,宝山,宝山区,1027.845833,9.054167,68.375,0.0,2.7125,126.508429,0.8037693452767463,-0.5949410387537496,0.3,0.2999999999999715,3.970833999999968,3.8403095238095375,4.892724349063174,3.52625,0.5051249999999521,4.0045,1.7439020685884394,0.1252609498738251,2.481666799999993,1.1591663333333333,0.2717767384711357,0.9623603298276544,0.2367135741038024,650.0,2.48,1.54,2.72,1.54,0,3.7633333333333336,5.634285714285711,650.0,0,453.6666666666667,484.4285714285713,0.04,2.686666666666667,0.1299999999999999,2.39,1612.0,4.1888000000000005,101022.45833333331,20.204491666666645,0.0
2024-01-17,10.891666666666666,7.510000000000001,9.2725,557.5341666666667,127.9115,3.186333333333333,0.262,0.1033333333333333,2.6203333333333334,58362,宝山,宝山区,1021.641667,12.75,66.958333,0.0,2.541667,78.401759,0.9795814222985688,0.2010478477564809,0.0,0.2999999999999715,6.2041660000001,25.09111904761903,5.031436774869336,2.541667,0.5008749989999526,3.915666666666666,1.6915475828519306,0.102607955625752,2.76583340000002,-1.8583333333333345,0.2882906407095177,0.957542952811672,0.269542560446963,586.0,2.32,10.5,2.7,10.5,0,4.44,5.96428571428571,586.0,0,502.3333333333333,494.8571428571427,-0.02,2.7000000000000006,-0.1600000000000001,2.3833333333333333,1359.52,28.35,74956.139,20.46584000000001,0.0
2024-01-18,10.658333333333331,7.487666666666667,9.313166666666666,563.7313333333333,102.62283333333332,2.9165,0.2451666666666666,0.0923333333333333,3.5216666666666665,58362,宝山,宝山区,1023.25,8.366667,92.5,7.9,1.995833,19.102213,0.3272543965706428,0.94493627294394,7.9,8.199999999999973,0.0,26.14154761904763,2.648978124070776,17.762913700000002,15.784999999999949,4.690166666666666,1.831497869550967,0.0917782054846104,2.7774998,2.2916663333333336,0.3047192331091634,0.9524422234305676,0.3066073112459082,620.0,2.33,2.98,2.65,2.98,0,5.006666666666667,5.521428571428567,620.0,0,618.6666666666666,496.8571428571427,-0.0500000000000002,2.69,0.0100000000000002,2.376666666666667,1444.6,7.896999999999999,63626.156666666655,1.0262283333333537,0.0
2024-01-19,10.398333333333332,7.475333333333332,9.260166666666668,575.8146666666667,87.18916666666667,2.739333333333333,0.3043333333333333,0.0875,2.95,58362,宝山,宝山区,1022.445833,7.470833,91.958333,21.2,2.820833,352.063617,-0.1380734949051571,0.9904219858245652,29.1,29.39999999999997,0.8041670000000067,31.86933333333332,3.210315270853799,84.90707330000001,56.43574990199994,4.129333333333333,1.8826579018704253,0.0296515937731653,7.673333200000002,2.9275003333333336,0.321057654185271,0.9470596510722284,0.3339810723444334,647.0,2.36,6.2,2.67,6.2,0,6.56,5.215714285714283,647.0,0,617.6666666666666,518.2857142857141,0.02,2.6733333333333333,0.0299999999999998,2.3366666666666664,1526.9199999999998,16.554,56411.39083333333,2.6156749999999827,0.0
2024-01-20,9.963333333333331,7.453500000000001,9.104,594.8626666666667,77.22216666666667,2.763,0.3021666666666666,0.0858333333333333,3.1695,58362,宝山,宝山区,1024.958333,4.895833,92.0,1.0,3.929167,290.590904,-0.9361153806161248,0.3516930397007137,30.1,30.399999999999974,0.0,41.249285714285634,7.607320661709318,122.1970937,58.367999999999945,4.329999999999999,1.8490910937341325,0.0285476386007123,8.3775002,5.067500333333333,0.3373010691361842,0.9413968285264122,0.3543375638802734,847.0,2.38,6.38,2.66,6.38,0,5.1866666666666665,5.335714285714282,847.0,0,704.6666666666666,580.142857142857,-0.0099999999999997,2.66,0.02,2.3566666666666665,2015.86,16.9708,65407.17516666667,1.5444433333333334,0.0
2024-01-21,9.626666666666669,7.452833333333333,9.209833333333334,569.5683333333333,65.6475,2.8608333333333333,0.3675,0.088,2.761,58362,宝山,宝山区,1032.9625,3.170833,77.708333,0.0,4.745833,319.924528,-0.6437961122120439,0.7651970765107884,22.2,30.099999999999973,0.0,11.271809523809452,7.801181834607621,110.1033256,53.49020823299995,4.0085,1.802903752039152,0.035783510192736,7.287499799999999,6.455833666666667,0.3534446712740877,0.9354554315134164,0.3815181591630466,607.0,2.42,17.9,2.74,17.9,0,10.159999999999998,6.682857142857139,607.0,0,700.3333333333334,603.9999999999999,0.08,2.69,0.04,2.3866666666666667,1468.94,49.046,39848.032499999994,2.6258999999999997,0.0
2024-01-22,9.89,7.306999999999999,8.499833333333333,594.106,63.089666666666666,3.5398333333333336,0.622,0.1045,3.2113333333333336,58362,宝山,宝山区,1037.766667,-2.291667,57.0,0.0,4.466667,301.505982,-0.8525856079330949,0.5225875822724406,1.0,30.099999999999973,0.0,24.3931904761904,8.274882999629693,8.933334,47.25699999999996,4.878333333333334,1.369431540506431,0.1546391672866408,2.8800002,12.181667,0.3694836834473831,0.9292372181882051,0.3881606329389699,794.0,2.5,17.0,2.7,17.0,0,13.76,8.928571428571425,794.0,0,749.3333333333334,678.7142857142856,-0.04,2.7,0.08,2.433333333333333,1985.0,45.900000000000006,50093.19533333333,5.047173333333333,0.0
2024-01-23,11.366666666666667,7.566166666666667,8.003333333333332,591.202,83.4525,3.313333333333333,0.5761666666666666,0.1056666666666666,3.0875,58362,宝山,宝山区,1036.570833,-2.495833,46.0,0.0,4.045833,289.283696,-0.9438949640441334,0.3302458127700092,0.0,30.099999999999973,1.1958340000001044,13.08497619047614,7.864674394063568,4.045833,43.94599999999996,4.720333333333333,1.3459651876559129,0.1602136096014066,2.666666600000021,13.862499666666668,0.3854133594543256,0.9227440286201428,0.3413297267127312,1200.0,2.45,25.0,2.69,25.0,0,19.966666666666665,12.279999999999996,1200.0,0,867.0,757.2857142857141,-0.0100000000000002,2.7099999999999995,-0.0499999999999998,2.4566666666666666,2940.0,67.25,100143.0,4.172624999999983,0.0
2024-01-24,10.955,7.609166666666667,8.264166666666666,627.9901666666666,103.04366666666664,3.577833333333333,0.4226666666666667,0.1149999999999999,3.0363333333333333,58362,宝山,宝山区,1034.091667,0.691667,46.25,0.0,2.6,288.290833,-0.9494757025033164,0.3138405492536522,0.0,30.099999999999973,2.479166000000077,39.80799999999999,5.068636826508622,2.6,44.02124999999996,4.609,1.343657697206189,0.1644962483340621,2.0558332000000155,10.263333,0.4012289854475009,0.9159777842484876,0.3059193792077155,1080.0,2.24,22.7,2.62,22.7,0,21.566666666666663,14.022857142857138,1080.0,0,1024.6666666666667,827.8571428571428,-0.0699999999999998,2.67,-0.2099999999999999,2.396666666666667,2419.2000000000003,59.474,111287.15999999997,21.639169999999986,0.0
2024-01-25,10.555,7.601666666666667,8.4935,698.4428333333334,123.20416666666668,3.7276666666666665,0.384,0.1139999999999999,2.9765,58362,宝山,宝山区,1033.108333,0.8875,60.0,0.0,1.341667,123.5138485,0.8337523934808619,-0.5521385209935402,0.0,22.19999999999997,0.9833340000000136,91.01616666666678,2.4602850725042877,1.341667,35.51999999999996,4.5005,1.3585977072780593,0.3007517892475809,1.0016670000000023,9.6675,0.4169258813287287,0.908940487313808,0.2758565993797475,799.0,2.16,7.52,2.58,7.52,0,18.406666666666663,14.671428571428564,799.0,0,1026.3333333333333,853.4285714285713,-0.04,2.6300000000000003,-0.08,2.2833333333333337,1725.84,19.4016,98440.12916666668,9.856333333333335,0.0
2024-01-26,9.421666666666669,7.489333333333334,8.8415,711.4826666666667,131.875,3.4285,0.3783333333333333,0.1216666666666666,2.942833333333333,58362,宝山,宝山区,1031.625,2.8,58.083333,0.0,1.516667,273.419643,-0.9982194369576128,0.0596486016602768,0.0,0.9999999999999752,1.4833329999999023,84.67485714285715,3.030633478792192,1.516667,1.5808333299999606,4.537833333333333,1.4678343155972442,0.2500000000000061,1.2066667999999805,6.621666666666667,0.4324994021339788,0.901634220265486,0.2644025256929972,619.0,2.21,3.65,2.6,3.65,0,11.29,14.307142857142852,619.0,0,832.6666666666666,849.4285714285713,0.02,2.6,0.0499999999999998,2.2033333333333336,1367.99,9.49,81630.625,6.593749999999974,0.0
2024-01-27,8.476666666666667,7.470166666666667,9.185833333333331,693.6656666666667,132.08616666666668,3.3096666666666668,0.3371666666666666,0.1156666666666666,2.9426666666666663,58362,宝山,宝山区,1030.8125,1.6375,64.166667,0.0,1.35,267.913647,-0.9993370934163582,-0.0364056825529327,0.0,0.0,0.8125,52.74314285714286,2.699105076112084,1.35,0.0,4.4365,1.5828092243186582,0.3162055335968379,0.9725,6.839166666666666,0.4479449394078911,0.8940611451454876,0.264132994844189,571.0,2.28,0.906,2.62,0.906,0,4.025333333333333,13.525142857142852,571.0,0,663.0,809.9999999999999,0.02,2.6,0.0699999999999998,2.216666666666667,1301.88,2.37372,75421.20116666668,9.24603166666664,0.0
2024-01-28,8.393333333333333,7.4665,9.205166666666669,653.4011666666667,137.17183333333335,3.3386666666666667,0.3251666666666666,0.1258333333333333,3.079333333333333,58362,宝山,宝山区,1031.316667,3.754167,65.416667,0.0,0.866667,123.5138485,0.8337523934808619,-0.5521385209935402,0.0,0.0,0.0,0.5025238095238365,1.5892526856008782,0.866667,0.0,4.662833333333333,1.5543579208060112,0.5357141900510375,0.5200001999999999,4.639166333333333,0.4632579225674917,0.88622350294858,0.2577677152907678,592.0,2.32,3.31,2.64,3.31,0,2.622,11.44085714285714,592.0,0,594.0,807.8571428571428,0.02,2.62,0.04,2.27,1373.4399999999998,8.7384,81205.72533333335,5.486873333333334,0.0
2024-01-29,8.521666666666667,7.467166666666666,9.165833333333332,608.6488333333333,138.4425,3.376333333333333,0.3274999999999999,0.3524,2.9865,58362,宝山,宝山区,1027.4375,8.083333,73.958333,1.9,2.479167,118.882744,0.8756100393890617,-0.4830186941735132,1.9,1.899999999999975,3.879167000000052,-46.32735714285718,4.649950514522062,7.1895843,3.3052083269999564,6.838,1.1140032815443517,0.1080107933025525,2.6433336000000103,0.4383336666666668,0.4784338202547012,0.8781236129591848,0.2562139191533372,570.0,2.33,-2.96,2.65,2.96,1,0.4186666666666666,8.589428571428568,570.0,0,577.6666666666666,775.8571428571428,0.0099999999999997,2.6366666666666667,0.0100000000000002,2.31,1328.1,-7.843999999999999,78912.22499999999,1.3844250000000276,0.0
2024-01-30,8.705,7.500166666666666,9.284833333333331,577.709,148.44566666666665,3.6046666666666662,0.316,0.1201666666666666,2.861666666666667,58362,宝山,宝山区,1022.733333,9.504167,97.708333,1.6,1.504167,103.061777,0.9741269535216938,-0.2260015009298473,3.5,3.499999999999975,4.704166999999984,-75.33961904761918,2.969416617297865,6.7687515000000005,6.91979165499995,4.379333333333333,1.5165514237491151,0.0933852081939171,2.543333599999997,-0.7991670000000006,0.4934681416772373,0.8697638720650646,0.2444545867611397,524.0,2.33,-3.97,2.67,3.97,1,-1.2066666666666668,4.45085714285714,524.0,0,562.0,679.2857142857141,0.02,2.6533333333333338,0.0,2.3266666666666667,1220.92,-10.5999,77785.52933333332,0.0,0.0
2024-01-31,9.016666666666667,7.531,9.406666666666666,553.6895000000001,116.74016666666668,3.106666666666667,0.2815,0.1065,2.6323333333333334,58362,宝山,宝山区,1019.85,9.583333,99.125,16.0,1.779167,65.596741,0.9106601618372212,0.4131562290981537,19.5,19.49999999999997,2.8833329999999933,-88.74473809523806,3.3993835081554438,36.4729235,38.82937499999995,3.978833333333333,1.724991595097649,0.0397416790859413,5.544166799999998,-0.5666663333333322,0.5083564379375122,0.8611467540480452,0.2849283376017193,609.0,2.38,-8.29,2.69,8.29,1,-5.073333333333333,0.0237142857142817,609.0,0,567.6666666666666,611.9999999999999,0.02,2.67,0.0499999999999998,2.3466666666666667,1449.4199999999998,-22.3001,71094.76150000001,5.837008333333311,0.0
2024-02-01,9.001666666666667,7.477666666666667,9.604166666666666,533.3861666666667,95.539,2.8393333333333337,0.2615,0.0934999999999999,2.4938333333333333,58362,宝山,宝山区,1025.741667,5.920833,90.541667,9.6,3.554167,14.00535,0.2420124960198954,0.9702731325612496,27.200000000000003,29.099999999999973,0.0,-85.46854761904763,4.414319826941544,100.22750940000002,55.44762509699995,3.690333333333333,1.9071653152407744,0.0314919298623075,7.572500200000001,3.080833666666667,0.5230943033491326,0.8522748088519838,0.3186263499027338,376.0,2.39,7.03,2.71,7.03,0,-1.7433333333333332,-0.0462857142857182,376.0,0,503.0,551.5714285714284,0.02,2.69,0.0100000000000002,2.3666666666666667,898.6400000000001,19.0513,35922.664,0.9553900000000191,0.0
2024-02-02,8.308333333333334,7.520333333333333,9.723333333333334,554.4209999999999,90.01166666666667,2.8243333333333336,0.2906666666666667,0.0961666666666666,2.543333333333333,58362,宝山,宝山区,1027.266667,4.970833,87.083333,18.5,2.870833,14.717451,0.2540525407147743,0.9671904189746546,44.1,47.59999999999997,0.0,-41.996333333333496,3.6001754176178182,129.47456830000002,89.05166650799995,3.7956666666666665,1.9152987524622456,0.0208460003185685,10.5424998,3.3375003333333337,0.5376773767406141,0.8431506618282,0.3286338148840836,798.0,2.53,20.5,2.73,20.5,0,6.413333333333334,2.3608571428571388,798.0,0,594.3333333333334,577.142857142857,0.02,2.7099999999999995,0.1399999999999996,2.433333333333333,2018.94,55.965,71829.31,12.601633333333298,0.0
2024-02-03,7.669999999999999,7.468166666666666,9.359,596.7315,82.137,3.2418333333333336,0.4435,0.1058333333333333,2.8381666666666665,58362,宝山,宝山区,1025.9125,5.295833,91.0,7.0,3.275,354.073789,-0.1032475709725638,0.9946556887125642,35.1,54.59999999999997,1.3541670000001886,14.161904761904792,3.6131357949351455,118.2275,104.28599999999996,4.34,1.6294469270500838,0.0245524294665784,9.255833400000038,2.374166999999999,0.5521013427459208,0.8337770129585915,0.3439944629000139,919.0,2.55,12.6,2.75,12.6,0,13.376666666666669,4.031428571428568,919.0,0,697.6666666666666,626.8571428571428,0.02,2.73,0.02,2.49,2343.45,34.65,75483.903,1.64274,0.0
2024-02-04,7.704999999999999,7.424166666666667,8.8315,601.2191666666666,60.4795,3.4676666666666667,0.6611666666666667,0.1258333333333333,3.1536666666666666,58362,宝山,宝山区,1022.345833,3.858333,92.708333,14.5,3.291667,292.493771,-0.9239211310773986,0.3825829890999604,40.0,69.09999999999997,3.5666669999999385,26.104142857142847,6.332907697770148,134.958347,133.16145810299992,5.073166666666667,1.3826944654646038,0.0208950023208079,10.688333599999988,3.846666999999999,0.5663619330814524,0.8241566360566663,0.3952181029644627,1100.0,2.55,33.6,2.86,33.6,0,22.23333333333333,8.358571428571425,1100.0,0,939.0,699.4285714285713,0.1099999999999998,2.78,0.0,2.543333333333333,2805.0,96.096,66527.45,0.0,0.0
2024-02-05,7.418333333333333,7.385333333333333,8.878666666666668,619.4708333333333,54.48183333333333,3.606,0.6425,0.1195,3.183,58362,宝山,宝山区,1028.858333,1.254167,76.458333,0.0,3.3625,291.418514,-0.930937864527982,0.3651776175891408,21.5,67.19999999999996,0.0,42.80980952380946,6.492778569475338,75.65625,118.57999977599994,5.0205,1.377926075373115,0.0386660222329627,6.317499999999999,6.164166333333333,0.580454927809098,0.8142923779467267,0.4126410801083637,1170.0,2.49,24.4,2.8,24.4,0,23.53333333333333,12.267142857142854,1170.0,0,1063.0,785.142857142857,-0.06,2.803333333333333,-0.0599999999999996,2.53,2913.3,68.32,63743.744999999995,3.2689099999999778,0.0
2024-02-06,7.484999999999999,7.4005,8.931833333333332,608.6758333333333,47.36683333333334,3.362833333333333,0.5378333333333334,0.1075,3.157833333333333,58362,宝山,宝山区,1028.595833,3.054167,74.833333,0.0,2.575,355.19951,-0.0836863654491253,0.9964921435906634,14.5,65.59999999999997,0.2624999999998181,27.590976190476223,2.790492391031498,39.9125,114.69066644799992,4.770666666666666,1.4947007307413398,0.0545330606680305,4.497499999999964,4.430833,0.5943761565849831,0.804187157621448,0.4359357280939315,936.0,2.37,33.6,2.77,33.6,0,30.53333333333333,17.63428571428571,936.0,0,1068.6666666666667,843.9999999999999,-0.0299999999999998,2.81,-0.1200000000000001,2.47,2218.32,93.072,44335.35600000001,5.684020000000006,0.0
2024-02-07,7.658333333333334,7.3885,8.728,592.4191666666667,50.041500000000006,3.341,0.5686666666666667,0.1175,3.2133333333333334,58362,宝山,宝山区,1026.820833,3.595833,68.458333,0.0,2.583333,8.221861,0.1430065688997575,0.989721739304295,0.0,49.59999999999997,1.775000000000091,5.801500000000033,2.952766588655517,2.583333,83.55533316799995,4.957,1.4344253314342064,0.1866252060108961,1.904999800000018,4.062500333333334,0.6081214998935418,0.7938439653781019,0.4267997940165052,852.0,2.42,33.4,2.71,33.4,0,30.46666666666667,23.59,852.0,0,986.0,878.7142857142856,-0.06,2.76,0.0499999999999998,2.4266666666666667,2061.84,90.514,42635.35800000001,2.5020749999999903,0.0
2024-02-08,7.765000000000001,7.416333333333333,8.847333333333333,576.5061666666667,59.57416666666668,3.2278333333333333,0.534,0.1201666666666666,3.207333333333333,58362,宝山,宝山区,1025.970833,2.891667,67.541667,0.0,1.675,321.947765,-0.6163796272922868,0.7874491444271317,0.0,39.99999999999997,0.849999999999909,-16.271499999999946,2.7074358757145807,1.675,67.01666679999995,4.943,1.4835806713060005,0.2836879432624187,1.1749999999999816,4.873333000000001,0.6216868902665479,0.7832658619336791,0.3977361677394482,799.0,2.39,33.0,2.69,33.0,0,33.333333333333336,27.299999999999997,799.0,0,862.3333333333334,939.142857142857,-0.02,2.723333333333333,-0.0299999999999998,2.393333333333333,1909.61,88.77,47599.75916666668,1.7872249999999885,0.0
2024-02-09,7.893333333333333,7.4375,8.978833333333332,573.5258333333333,74.495,3.3046666666666664,0.478,0.1213333333333333,3.2096666666666667,58362,宝山,宝山区,1026.816667,3.3625,71.75,0.0,1.504167,263.889013,-0.9943175487250292,-0.1064547429542194,0.0,21.49999999999997,0.0,-21.98109523809535,2.9997866443130814,1.504167,36.92624999999995,4.901,1.4974705359128309,0.3993343894396819,0.9025002,4.530833333333334,0.6350683134867438,0.7724559775191742,0.3603608866195988,718.0,2.4,15.7,2.68,15.7,0,27.366666666666664,26.614285714285707,718.0,0,789.6666666666666,927.7142857142856,-0.0099999999999997,2.6933333333333334,0.0099999999999997,2.4033333333333333,1723.2,42.076,53487.41,0.7449499999999777,0.0
2024-02-10,8.435,7.451,9.002333333333333,559.3681666666668,81.97449999999999,3.256,0.4406666666666667,0.1211666666666666,3.078666666666667,58362,宝山,宝山区,1027.066667,7.5125,66.791667,0.0,1.529167,262.108936,-0.9905308874032516,-0.1372900619131873,0.0,14.499999999999972,0.0,-30.80114285714285,3.043854145497768,1.529167,24.18479171499995,4.731,1.5236671368124115,0.3953870978073017,0.9175002,0.9225000000000004,0.6482618097757122,0.7614175109532997,0.3443265523328607,617.0,2.42,8.55,2.73,8.55,0,19.08333333333333,26.03571428571428,617.0,0,711.3333333333334,884.5714285714284,0.0499999999999998,2.7,0.02,2.4033333333333333,1493.14,23.341500000000003,50578.2665,1.63949,0.0
2024-02-11,9.296666666666669,7.449166666666667,8.933166666666667,547.4323333333333,86.91966666666667,3.140333333333333,0.3971666666666666,0.1233333333333333,2.995833333333333,58362,宝山,宝山区,1029.258333,7.391667,66.583333,0.0,1.508333,153.461055,0.4468060134088902,-0.8946308659897972,0.0,0.0,0.0,-35.05314285714292,2.182265254623072,1.508333,0.0,4.626333333333333,1.547985559566787,0.3986711493250697,0.9049998,1.9049996666666669,0.6612634749656386,0.7501537286959042,0.3345005647716461,552.0,2.46,6.85,2.75,6.85,0,10.366666666666667,22.21428571428571,552.0,0,629.0,806.2857142857141,0.02,2.72,0.04,2.4266666666666667,1357.92,18.8375,47979.656,3.476786666666667,0.0
2024-02-12,9.098333333333334,7.427333333333333,8.909166666666666,564.8480000000001,105.45383333333332,3.313166666666667,0.4255,0.1306666666666666,3.2005,58362,宝山,宝山区,1026.016667,12.125,55.375,0.0,3.679167,160.374252,0.3358748845905136,-0.9419066099679464,0.0,0.0,3.241665999999896,-9.83421428571421,4.914906791514227,3.679167,0.0,4.932666666666667,1.4737262902514334,0.1262493477643088,2.8558333999999794,-3.026666666666665,0.6740694616546161,0.7386679638813748,0.3020323270720135,539.0,2.51,3.43,2.77,3.43,0,6.276666666666667,19.218571428571423,539.0,0,569.3333333333334,716.142857142857,0.02,2.75,0.0499999999999998,2.4633333333333334,1352.89,9.5011,56839.61616666666,5.2726916666666455,0.0
2024-02-13,9.551666666666668,7.433499999999999,8.786166666666666,571.3813333333334,121.1365,3.537333333333333,0.4484999999999999,0.1341666666666666,3.3528333333333333,58362,宝山,宝山区,1021.091667,14.5625,71.75,0.0,2.516667,175.073317,0.0858809180439579,-0.996305408956474,0.0,0.0,4.925000000000068,2.0269047619048024,2.7328006723709333,2.516667,0.0,5.143000000000001,1.3885684182799949,0.1184600150657437,2.495000200000013,-5.010833333333332,0.6866759803451553,0.726963615332308,0.2787060154268769,604.0,2.5,4.89,2.78,4.89,0,5.056666666666667,15.117142857142852,604.0,0,565.0,668.7142857142856,0.0099999999999997,2.766666666666667,-0.0099999999999997,2.49,1510.0,13.5942,73166.446,1.2113649999999636,0.0
2024-02-14,10.206666666666669,7.489833333333333,8.7385,560.3848333333334,108.10633333333334,3.466,0.4468333333333333,0.1361666666666666,3.3840000000000003,58362,宝山,宝山区,1018.279167,15.65,72.083333,0.0,1.475,85.976013,0.9975347591431984,0.0701740999309653,0.0,0.0,2.8125,-4.393261904761857,2.9463637697362177,1.475,0.0,5.1925,1.392700613594709,0.1891252955082742,1.4475,-5.443333333333333,0.6990793005655562,0.7150441465537444,0.2978548886610282,578.0,2.48,4.69,2.78,4.69,0,4.336666666666667,11.015714285714282,578.0,0,573.6666666666666,629.5714285714284,0.0,2.776666666666667,-0.02,2.4966666666666666,1433.44,13.0382,62485.46066666667,2.162126666666667,0.0
2024-02-15,9.505,7.477333333333334,8.993333333333334,559.3803333333334,96.7735,3.292833333333333,0.4345,0.1346666666666666,3.3190000000000004,58362,宝山,宝山区,1027.904167,5.2375,72.916667,1.9,3.670833,347.37832,-0.2185125003596188,0.9758341494263192,1.9,1.8999999999999715,0.0,-2.9512142857141725,4.472955897232601,10.6454157,3.285416672999951,5.100166666666667,1.4806278125342995,0.1521877058814308,2.5824998,4.267500000000001,0.7112757519738152,0.7029130847082615,0.3164696116029932,486.0,2.51,5.63,2.8,5.63,0,5.07,7.1057142857142805,486.0,0,556.0,584.8571428571428,0.02,2.786666666666666,0.0299999999999998,2.4966666666666666,1219.86,15.764,47031.921,2.9032049999999807,0.0
2024-02-16,9.061666666666667,7.447333333333333,9.0845,576.484,76.33783333333334,3.0853333333333333,0.4186666666666667,0.1208333333333333,3.230166666666667,58362,宝山,宝山区,1022.95,5.85,67.625,0.0,2.141667,107.746166,0.9524161977870904,-0.3048005679010157,1.9,1.8999999999999715,4.95416699999987,13.7298571428571,4.181425341066085,6.2108343,3.1848749999999524,4.857166666666667,1.5903308630448738,0.1000416773627906,2.6558335999999745,3.211666666666668,0.7232617254437388,0.6905740195722293,0.3562674158249135,868.0,2.59,28.8,2.79,28.8,0,13.04,8.977142857142852,868.0,0,644.0,606.2857142857141,-0.0099999999999997,2.79,0.08,2.526666666666667,2248.12,80.352,66261.23933333333,6.107026666666667,0.0
2024-02-17,9.336666666666666,7.426666666666667,8.853833333333332,599.3348333333333,60.234,3.4090000000000003,0.4823333333333333,0.1145,3.5483333333333333,58362,宝山,宝山区,1014.904167,13.45,72.458333,0.0,3.1,148.761534,0.5186011485253144,-0.8550162856625743,1.9,1.8999999999999715,8.045833000000016,30.871166666666568,4.707663560428474,8.99,3.276708326999951,5.175666666666666,1.4667568612292228,0.0711954926418389,3.849166600000003,-4.113333333333333,0.7350336741329413,0.6780306024735382,0.3958972455838556,955.0,2.48,32.6,2.75,32.6,0,22.343333333333334,12.412857142857137,955.0,0,769.6666666666666,654.5714285714284,-0.04,2.78,-0.1099999999999998,2.5266666666666664,2368.4,89.65,57523.47,6.625739999999989,0.0
2024-02-18,10.786666666666669,7.436166666666668,8.671999999999999,589.2824999999999,44.20883333333333,3.299166666666667,0.472,0.0973333333333333,3.5813333333333333,58362,宝山,宝山区,1009.975,17.7125,75.625,0.0,2.020833,184.907727,-0.0855512910723236,-0.9963337676681738,0.0,1.8999999999999715,4.929167000000007,14.840238095237964,2.1937178721915567,2.020833,3.3368749999999503,5.026666666666666,1.5096178953781878,0.1257861635220124,2.1983332000000013,-6.925833333333332,0.746588114532413,0.6652865452111116,0.4473965405901491,955.0,2.35,32.1,2.68,32.1,0,31.166666666666668,16.019999999999996,955.0,0,926.0,712.142857142857,-0.0699999999999998,2.74,-0.1299999999999999,2.473333333333333,2244.25,86.028,42219.43583333333,5.747148333333328,0.0
2024-02-19,11.606666666666667,7.398,8.583499999999999,589.458,34.602,3.280333333333333,0.4233333333333333,0.0895,3.5855,58362,宝山,宝山区,1017.995833,10.6125,90.916667,3.5,3.533333,24.431995,0.413612907623042,0.9104528338401792,3.5,5.399999999999972,0.0,11.500023809523782,4.994765135730447,15.8999985,10.309500017999946,4.903833333333334,1.533132888783043,0.1244813329660304,2.8199998,0.9941666666666666,0.7579216274973472,0.6523456189565257,0.4879446362622843,783.0,2.32,25.7,2.63,25.7,0,30.133333333333336,19.20142857142857,783.0,0,897.6666666666666,746.9999999999999,-0.0500000000000002,2.686666666666667,-0.0300000000000002,2.3833333333333333,1816.56,67.591,27093.365999999998,1.0380600000000069,0.0
2024-02-20,11.046,7.326600000000001,8.72,580.8214,34.4786,3.1592,0.3894,0.0951999999999999,3.473,58362,宝山,宝山区,1018.104167,7.820833,94.625,9.1,2.708333,40.146719,0.6447471327563491,0.7643959280389102,12.6,14.499999999999972,0.0,1.5148428571428667,4.454522936299401,36.8333288,28.220624999999945,4.8144,1.5852816056430208,0.0613183456580142,4.1449998,3.225167000000001,0.7690308592589181,0.6392116531380588,0.4885339760516071,525.0,2.3,21.8,2.62,21.8,0,26.53333333333333,21.617142857142856,525.0,0,754.3333333333334,735.7142857142856,-0.0099999999999997,2.643333333333333,-0.02,2.3233333333333333,1207.5,57.11600000000001,18101.265,0.689572,0.0
2024-02-22,9.646666666666668,7.458000000000001,8.488333333333333,558.6909999999999,57.51166666666668,2.95,0.3885,0.1245,3.197,58362,宝山,宝山区,1029.525,1.2,90.041667,1.5,3.65,294.814152,-0.9076738465997636,0.4196762897743795,14.1,15.999999999999972,0.0,-20.37358095238108,6.9630095400891365,55.115,30.406666719999947,4.830500000000001,1.5202531267723352,0.0533333333333333,5.01,8.446666666666667,0.7905633969115482,0.612380204990065,0.4036161841676432,673.0,2.47,24.8,2.73,24.8,0,22.03333333333333,26.471428571428564,673.0,0,639.0,782.5714285714284,0.0899999999999998,2.6633333333333336,0.0100000000000002,2.41,1662.3100000000002,67.70400000000001,38705.35166666668,0.5751166666666783,0.0
2024-02-23,9.573333333333332,7.370999999999999,8.1605,590.4755,60.46283333333334,3.6278333333333337,0.5868333333333333,0.146,3.7938333333333336,58362,宝山,宝山区,1030.6,1.391667,90.625,1.8,3.079167,288.042359,-0.950827798900766,0.3097200297648258,12.4,15.899999999999972,0.0,6.968752380952424,6.006924581057874,41.2608378,30.309374999999942,5.8406666666666665,1.2226078705553338,0.0606826789242441,4.3275002,8.181666333333332,0.8009803309782905,0.5986906625177214,0.3952641231699458,880.0,2.76,29.7,2.8,29.7,0,24.666666666666668,26.6,880.0,0,757.3333333333334,784.2857142857141,0.0699999999999998,2.723333333333333,0.2899999999999996,2.563333333333333,2428.8,83.16,53207.29333333334,17.534221666666646,0.0
2024-02-24,9.305,7.336666666666667,8.075333333333333,577.476,70.1165,3.813166666666666,0.5928333333333333,0.1493333333333333,3.8586666666666662,58362,宝山,宝山区,1028.445833,0.766667,87.666667,2.4,3.820833,285.895193,-0.961764290788666,0.2738785295779393,5.7,18.29999999999997,2.154166999999916,-6.172461904761804,7.495573740466932,25.5995811,34.34300006099995,5.944833333333333,1.170451251328631,0.0788954635108486,3.863333199999983,8.538333,0.8111602420785621,0.5848239578463322,0.3705020489548533,819.0,2.64,24.5,2.82,24.5,0,26.33333333333333,25.44285714285714,819.0,0,790.6666666666666,764.8571428571428,0.02,2.783333333333333,-0.1199999999999996,2.623333333333333,2162.1600000000003,69.08999999999999,57425.4135,8.413979999999972,0.0
2024-02-25,8.965,7.336666666666667,8.350166666666667,582.8088333333334,69.194,4.058833333333333,0.4821666666666666,0.1411666666666666,3.6935,58362,宝山,宝山区,1029.491667,2.379167,71.083333,0.0,2.816667,314.986579,-0.7072723949302288,0.706941128644853,4.2,18.29999999999997,0.0,1.5212285714286509,4.808817814810942,14.6466684,31.30824993899995,5.5873333333333335,1.2010020136158783,0.1247401195534253,2.5300002,6.585833,0.8211001178128892,0.5707841943569036,0.3727182000350129,842.0,2.62,15.7,2.9,15.7,0,23.3,23.099999999999994,842.0,0,847.0,748.7142857142856,0.08,2.84,-0.02,2.6733333333333333,2206.04,45.53,58261.348000000005,1.38388,0.0
2024-02-26,9.455,7.355166666666666,8.322333333333333,567.3851666666667,68.71533333333333,3.2785,0.4038333333333333,0.1268333333333333,3.5418333333333334,58362,宝山,宝山区,1029.579167,5.241667,67.041667,0.0,3.016667,8.992088,0.1562980732213169,0.9877099332837064,2.4000000000000004,18.29999999999997,0.0,-10.774247619047514,3.4881662396503303,10.2566678,30.56862506099996,5.214,1.398554783777728,0.1558441477483559,2.2900002,4.213333,0.8307970168121247,0.5565755266413303,0.3738796204218023,703.0,2.57,9.05,2.9,9.05,0,16.416666666666664,20.721428571428564,703.0,0,788.0,737.2857142857141,0.0,2.873333333333333,-0.0500000000000002,2.61,1806.71,26.245,48306.87933333333,3.43576666666668,0.0
2024-02-27,9.825,7.334666666666667,8.355500000000001,569.9921666666667,72.8385,3.357166666666666,0.4148333333333333,0.1241666666666666,3.587666666666667,58362,宝山,宝山区,1027.345833,6.316667,75.458333,2.7,1.795833,41.80321,0.6665742345476837,0.7454386559852995,2.7,17.49999999999997,2.233334000000013,-5.386414285714295,2.9928890073504704,6.6445821,30.70520827499995,5.244166666666667,1.3894185466437563,0.129380048328623,2.0641666000000027,3.5083329999999995,0.8402480696078469,0.5422021592729844,0.3641266520346765,705.0,2.59,3.37,2.88,3.37,0,9.373333333333331,18.088571428571424,705.0,0,750.0,762.9999999999999,-0.02,2.893333333333333,0.02,2.5933333333333333,1825.95,9.7056,51351.142499999994,1.45677,0.0
2024-02-28,9.87,7.331833333333333,8.361166666666668,562.0406666666667,71.86816666666667,3.381333333333333,0.3598333333333333,0.1088,3.623666666666667,58362,宝山,宝山区,1022.304167,8.020833,97.208333,16.6,1.783333,61.818293,0.8814542798826516,0.4722693643214179,19.3,24.99999999999997,5.0416660000000775,-10.654952380952407,3.3552595053059684,36.2016599,49.30208324999994,5.0715,1.4343674052894924,0.036866360806133,5.938333000000016,1.849167,0.8494504794814806,0.527668345562516,0.366371974319735,651.0,2.58,0.923,2.86,0.923,0,4.447666666666664,15.434714285714282,651.0,0,686.3333333333334,753.2857142857141,-0.02,2.8800000000000003,-0.0099999999999997,2.58,1679.5800000000002,2.63978,46786.1765,0.7186816666666451,0.0
2024-02-29,9.808333333333332,7.316166666666667,8.230833333333333,563.5986666666666,72.46766666666667,3.4725,0.3863333333333333,0.1191666666666666,3.649,58362,宝山,宝山区,1025.1125,5.204167,87.875,13.5,3.933333,326.440048,-0.5528092275998624,0.8333078410050175,32.8,36.99999999999997,0.0,-9.79804761904768,6.10771577762305,132.9466554,69.51374999999994,5.226999999999999,1.360355893452332,0.0265017670185668,8.9199998,4.604166333333332,0.8584015232918917,0.512978386299228,0.3649812463643659,749.0,2.66,4.31,2.87,4.31,0,2.8676666666666644,12.507571428571422,749.0,0,701.6666666666666,764.142857142857,0.0100000000000002,2.87,0.08,2.61,1992.34,12.3697,54278.282333333336,5.797413333333334,0.0
2024-03-01,9.005,7.321000000000001,8.431333333333333,553.3235,76.3445,3.576166666666667,0.4955,0.1321666666666666,3.6811666666666665,58362,宝山,宝山区,1029.991667,2.3125,61.75,0.0,2.529167,8.724964,0.1516914966110585,0.9884278880403452,30.1,35.199999999999974,0.0,-14.765785714285698,2.9128201274093013,78.6570937,56.93599999999997,5.498333333333333,1.3187695516162667,0.0297360918871407,7.5375002,6.692500000000001,0.8670985522812081,0.4981366284784055,0.356252784984301,693.0,2.79,11.7,2.92,11.7,0,5.644333333333331,9.936142857142851,693.0,0,697.6666666666666,737.4285714285713,0.0499999999999998,2.8833333333333333,0.1299999999999999,2.6766666666666663,1933.47,34.163999999999994,52906.7385,9.924784999999991,0.0
2024-03-02,9.025,7.3095,8.340666666666666,578.5313333333334,75.9525,3.5985,0.5291666666666667,0.1323333333333333,3.9315,58362,宝山,宝山区,1023.370833,3.9625,66.666667,0.0,1.495833,206.887493,-0.4522400295410868,-0.8918962695743698,13.5,32.79999999999997,6.620834000000059,10.291285714285664,2.172308560108532,21.6895785,54.66666677599995,5.784,1.2929261613186585,0.0442151798936597,4.921666600000012,5.0625,0.8755389928586302,0.4831474640149687,0.3571152287195431,1220.0,2.79,35.4,2.91,35.4,0,17.136666666666663,11.493285714285708,1220.0,0,887.3333333333334,794.7142857142856,-0.0099999999999997,2.9,0.0,2.7466666666666666,3403.8,103.014,92662.05,0.0,0.0
2024-03-03,9.643333333333333,7.310333333333333,8.3075,580.2383333333333,59.751,3.7176666666666662,0.5546666666666666,0.126,3.915666666666666,58362,宝山,宝山区,1019.016667,10.220833,57.083333,0.0,2.7,144.766507,0.5769098904315499,-0.816807797662496,0.0,32.79999999999997,4.354165999999964,12.365499999999995,4.257656704165185,2.7,51.52333322399996,5.730333333333333,1.2717507781803337,0.1241593480938938,2.490833199999993,-0.5774996666666681,0.8837203473619977,0.4680153284438345,0.3972413847080676,1150.0,2.46,35.1,2.83,35.1,0,27.399999999999995,14.26471428571428,1150.0,0,1021.0,838.7142857142856,-0.08,2.8866666666666667,-0.33,2.68,2829.0,99.333,68713.65,19.71783,0.0
2024-03-04,9.963333333333331,7.311833333333333,8.179,580.0225,52.8655,3.5253333333333337,0.4978333333333333,0.1095,3.733,58362,宝山,宝山区,1010.466667,10.745833,92.916667,7.6,1.904167,105.859812,0.9619332314901664,-0.2732845735764938,7.6,40.39999999999997,8.549999999999955,10.344333333333338,3.735848515606935,16.3758362,77.93833346799994,5.325833333333333,1.3368383775096024,0.0524819584083629,4.372500199999991,-0.7824996666666664,0.8916401947968874,0.452744699607371,0.4176593685411679,1040.0,2.36,36.4,2.75,36.4,0,35.63333333333333,18.17185714285714,1040.0,0,1136.6666666666667,886.8571428571428,-0.08,2.83,-0.1,2.536666666666666,2454.4,100.1,54980.119999999995,5.28655,0.0
2024-03-05,10.333333333333334,7.345666666666666,8.3785,559.1068333333334,53.86183333333333,3.73,0.4745,0.1028333333333333,3.664333333333333,58362,宝山,宝山区,1011.8875,9.333333,92.666667,9.4,3.383333,319.248113,-0.6527847020288836,0.7575434857465686,17.0,47.09999999999997,0.0,-9.016285714285686,5.591921024269489,60.899994,90.74600015699994,5.167166666666667,1.344252212744338,0.0467653943377302,5.4299998,1.0000003333333345,0.8992961915530253,0.4373400963303323,0.4145485166627758,1070.0,2.4,34.4,2.7,34.4,0,35.300000000000004,22.60471428571428,1070.0,0,1086.6666666666667,939.0,-0.0499999999999998,2.76,0.04,2.4066666666666667,2568.0,92.88,57632.16166666666,2.1544733333333332,0.0
2024-03-06,9.968333333333334,7.363499999999999,8.580833333333333,548.969,47.13483333333334,3.4451666666666667,0.4606666666666667,0.0875,3.6313333333333335,58362,宝山,宝山区,1021.4625,6.629167,72.166667,0.0,2.791667,344.296519,-0.2706589337280397,0.962675304343682,17.0,30.49999999999997,0.0,-17.286738095238093,3.547256613543756,50.250006,52.51083343499995,4.9670000000000005,1.4843592330978808,0.0480961916136883,5.0750002,3.339166333333334,0.9066860720977984,0.4218060770826634,0.4367518504226975,712.0,2.43,36.4,2.71,36.4,0,35.73333333333333,27.672857142857136,712.0,0,940.6666666666666,947.7142857142856,0.0099999999999997,2.72,0.0300000000000002,2.3966666666666665,1730.16,98.644,33560.00133333334,1.4140450000000095,0.0
2024-03-07,10.018333333333333,7.3051666666666675,8.211833333333333,584.8888333333333,48.35833333333333,3.502,0.5378333333333333,0.0974999999999999,3.9515,58362,宝山,宝山区,1022.125,7.979167,63.541667,0.0,2.320833,68.268242,0.9289274849688832,0.3702617015968374,9.4,16.99999999999997,0.0,15.5916428571428,4.476718561722787,24.1366632,27.80208338999996,5.464333333333332,1.3652636537449083,0.0786112041562058,3.2724998000000003,2.0391663333333323,0.9138076496466616,0.4061472386305789,0.4324914163400973,920.0,2.59,40.2,2.69,40.2,0,36.99999999999999,32.8,920.0,0,900.6666666666666,972.142857142857,-0.02,2.7,0.1599999999999997,2.473333333333333,2382.8,108.138,44489.666666666664,7.737333333333318,0.0
2024-03-08,10.531666666666666,7.374,8.718666666666666,550.6283333333333,67.76899999999999,3.607166666666666,0.4281666666666666,0.0976666666666666,3.6385,58362,宝山,宝山区,1025.395833,6.804167,66.0,0.0,2.258333,345.644244,-0.2479418698103987,0.9687749115222396,0.0,16.99999999999997,0.0,-18.283833333333405,2.8182683066745278,2.258333,28.21999999999996,5.043333333333333,1.4502106897316478,0.3069054022409618,1.3549998,3.727499666666666,0.9206588168102428,0.3903682146763026,0.3761994255594857,940.0,2.49,35.7,2.71,35.7,0,37.43333333333333,36.22857142857142,940.0,0,857.3333333333334,1007.4285714285712,0.02,2.703333333333333,-0.0999999999999996,2.5033333333333334,2340.6000000000004,96.747,63702.85999999999,6.776899999999972,0.0
2024-03-09,10.585,7.371666666666667,8.734333333333334,543.899,97.35333333333334,3.8035,0.3741666666666667,0.1038333333333333,3.6871666666666663,58362,宝山,宝山区,1027.291667,6.720833,66.708333,0.0,1.841667,89.391719,0.9999436454270768,0.0106163067970162,0.0,16.99999999999997,0.0,-20.065690476190525,3.683230213642749,1.841667,28.34041660999996,5.099666666666667,1.4051372801372803,0.3519061170784613,1.1050002,3.8641669999999992,0.9272375462179536,0.374473674486883,0.3154659930526117,747.0,2.38,11.8,2.72,11.8,0,29.23333333333333,32.857142857142854,747.0,0,869.0,939.8571428571428,0.0100000000000002,2.706666666666667,-0.1100000000000003,2.486666666666667,1777.86,32.096000000000004,72722.94,10.708866666666697,0.0
2024-03-10,10.988333333333337,7.355833333333333,8.684,534.5928333333333,102.85733333333332,3.7448333333333337,0.3548333333333333,0.1096666666666666,3.668833333333333,58362,宝山,宝山区,1025.008333,10.445833,65.583333,0.0,3.154167,135.908386,0.6958076817959828,-0.7182281461720226,0.0,16.99999999999997,2.283333999999968,-22.85107142857146,5.34886062826739,3.154167,28.14916660999996,5.120333333333333,1.4014739899940822,0.1553397816947919,2.3491669999999933,0.5425003333333347,0.9335418911179212,0.3584683215124808,0.3062236325402038,589.0,2.5,6.61,2.77,6.61,0,18.036666666666665,28.78714285714285,589.0,0,758.6666666666666,859.7142857142856,0.0499999999999998,2.733333333333334,0.1200000000000001,2.4566666666666666,1472.5,18.3097,60582.96933333332,12.342880000000008,0.0
2024-03-11,11.651666666666666,7.363666666666667,8.577,521.364,118.80016666666668,3.775166666666667,0.3429999999999999,0.1115,3.5401666666666665,58362,宝山,宝山区,1017.395833,10.491667,82.083333,1.2,1.445833,245.066558,-0.90679811256233,-0.4215651587280378,1.2,10.599999999999971,7.612499999999954,-27.70011904761907,2.756911635480331,3.1808326,19.300833297999947,4.998166666666666,1.3760260969544638,0.0888230966342889,2.629999799999991,1.159999666666666,0.9395699859530622,0.342356891994542,0.2819843091750234,500.0,2.63,6.1,2.78,6.1,0,8.169999999999998,24.45857142857142,500.0,0,612.0,782.5714285714284,0.0099999999999997,2.7566666666666664,0.1299999999999999,2.5033333333333334,1315.0,16.958,59400.08333333334,15.444021666666655,0.0
2024-03-12,11.841666666666669,7.364166666666667,8.575333333333333,511.431,141.30083333333334,3.649,0.2408333333333333,0.1126666666666666,3.422166666666667,58362,宝山,宝山区,1023.883333,7.491667,71.0,0.0,2.491667,332.385319,-0.4635230934357721,0.886084838969572,1.2,1.1999999999999715,0.0,-30.822285714285726,3.64661219565183,5.481667400000001,2.051999999999951,4.789666666666667,1.4253026399623256,0.213143856970241,1.7350002,4.349999666666667,0.945320046913132,0.3261441535642696,0.2527698221206065,481.0,2.58,7.86,2.82,7.86,0,6.856666666666665,20.667142857142853,481.0,0,523.3333333333334,698.4285714285713,0.04,2.79,-0.0499999999999998,2.57,1240.98,22.1652,67965.70083333334,7.065041666666639,0.0
2024-03-13,11.658333333333331,7.353166666666667,8.556666666666667,533.1868333333333,120.9185,3.7066,0.2631666666666667,0.118,3.611833333333333,58362,宝山,宝山区,1022.020833,10.775,57.625,0.0,1.820833,121.771939,0.8501506712541295,-0.5265394915541978,1.2,1.1999999999999715,1.8624999999999543,-6.811857142857207,3.36881539719167,4.0058326,1.891499999999955,5.055,1.3913807027908918,0.1699716810182268,1.7049997999999909,0.8833333333333329,0.9507903724625832,0.3098349038318025,0.2790092440208325,597.0,2.65,8.43,2.83,8.43,0,7.463333333333331,16.671428571428567,597.0,0,526.0,681.9999999999999,0.0100000000000002,2.81,0.0699999999999998,2.62,1582.05,23.8569,72188.34449999999,8.464294999999975,0.0
2024-03-14,11.811666666666667,7.351500000000001,8.308333333333334,548.4491666666667,160.37616666666668,4.061333333333334,0.3265,0.1159999999999999,3.7115,58362,宝山,宝山区,1021.866667,10.454167,82.166667,0.0,1.733333,70.588248,0.9431545081740822,0.3323545903262134,0.0,1.1999999999999715,0.154166000000032,13.656142857142868,3.3681338331169064,1.733333,2.186000003999948,5.198,1.268867564334258,0.3463204662581663,1.0708330000000064,1.3574996666666674,0.9559793438440766,0.2934339689665273,0.2314180630242592,702.0,2.6,6.28,2.84,6.28,0,7.523333333333331,11.825714285714282,702.0,0,593.3333333333334,650.8571428571428,0.0099999999999997,2.83,-0.0499999999999998,2.61,1825.2,17.8352,112584.069,8.018808333333302,0.0
2024-03-15,12.45,7.350166666666666,8.036666666666667,546.7895,145.72716666666665,3.9668333333333337,0.3046666666666666,0.1133333333333333,3.7445,58362,宝山,宝山区,1021.770833,14.375,78.25,0.0,2.554167,135.513102,0.7007461448280354,-0.7134107095556149,0.0,1.1999999999999715,0.095833999999968,12.544880952380936,4.343989678496989,2.554167,2.138999999999949,5.182499999999999,1.2547815451872282,0.2739725276787619,1.5516669999999937,-1.924999999999999,0.9608854255574976,0.2769462022689364,0.2475705876057897,728.0,2.56,7.68,2.84,7.68,0,7.463333333333331,7.822857142857138,728.0,0,675.6666666666666,620.5714285714284,0.0,2.8366666666666664,-0.04,2.603333333333333,1863.68,21.8112,106089.37733333332,5.829086666666666,0.0
2024-03-16,13.043333333333337,7.342333333333333,7.821666666666666,563.8848333333334,113.67283333333334,3.949,0.2915,0.106,3.8345,58362,宝山,宝山区,1017.658333,14.9,87.25,0.0,1.554167,83.205463,0.9929767930960108,0.1183092911514653,0.0,1.1999999999999715,4.112500000000068,26.78509523809521,3.097418763595648,1.554167,2.2469999999999466,5.186,1.241435864878449,0.1499999924999988,1.7550002000000138,-1.8566666666666656,0.9655071658143364,0.2603764827344581,0.2894088432318076,911.0,2.54,23.5,2.81,23.5,0,12.486666666666665,9.49428571428571,911.0,0,780.3333333333334,643.9999999999999,-0.0299999999999998,2.83,-0.02,2.5666666666666664,2313.94,66.035,103555.95116666668,2.273456666666667,0.0
2024-03-17,13.061666666666667,7.216,7.732499999999999,569.2483333333333,71.3005,3.493,0.2693333333333333,0.0924999999999999,3.779833333333333,58362,宝山,宝山区,1023.504167,8.970833,75.291667,0.0,3.125,23.206923,0.3940529650513361,0.9190877328820412,0.0,1.1999999999999715,0.0,27.197809523809497,4.356415515785425,3.125,2.10350000399995,4.974166666666666,1.3596002813269252,0.2424242424242424,1.875,4.090833666666667,0.969843196967294,0.2437297136096838,0.3676994420468998,928.0,2.47,27.0,2.76,27.0,0,19.39333333333333,12.407142857142851,928.0,0,855.6666666666666,692.4285714285713,-0.0500000000000002,2.803333333333333,-0.0699999999999998,2.523333333333333,2292.1600000000003,74.52,66166.864,4.991034999999986,0.0
2024-03-18,12.616666666666667,7.290500000000001,7.618666666666667,589.1465,60.67816666666667,3.542,0.2748333333333333,0.084,3.932166666666667,58362,宝山,宝山区,1023.141667,8.766667,78.416667,0.0,1.8375,39.669721,0.6383611251054551,0.7697370160997181,0.0,0.0,0.3625000000000682,37.41276190476185,3.0104885673812736,1.8375,0.0,5.047,1.3468076957072568,0.3124999999999933,1.1750000000000134,3.849999666666667,0.9738922359149924,0.2270108209414184,0.3946705007671763,1200.0,2.45,20.7,2.72,20.7,0,23.73333333333333,14.492857142857137,1200.0,0,1013.0,792.4285714285713,-0.0399999999999995,2.763333333333333,-0.02,2.486666666666667,2940.0,56.304,72813.8,1.2135633333333333,0.0
2024-03-19,14.158333333333331,7.327666666666666,7.515999999999999,583.6274999999999,56.536,3.6376666666666666,0.2311666666666666,0.078,4.048166666666667,58362,宝山,宝山区,1024.804167,10.4625,52.583333,0.0,2.6125,285.154392,-0.9652248938643814,0.2614209331030965,0.0,0.0,0.0,21.579976190476145,5.134150035220696,2.6125,0.0,5.059333333333334,1.330540229545924,0.2768166089965398,1.5675,3.695833333333333,0.977653084481664,0.2102247521189836,0.4064703325048083,1320.0,2.38,24.1,2.71,24.1,0,23.933333333333334,16.812857142857137,1320.0,0,1149.3333333333333,912.285714285714,-0.0100000000000002,2.73,-0.0700000000000002,2.433333333333333,3141.6,65.311,74627.52,3.9575200000000113,0.0
2024-03-20,14.331666666666663,7.314,7.611333333333333,595.1978333333333,46.02516666666667,3.5050000000000003,0.2058333333333333,0.0696666666666666,3.7555,58362,宝山,宝山区,1024.433333,10.658333,55.458333,0.0,2.833333,88.679945,0.999734606927941,0.0230372678639463,0.0,0.0,0.3708340000000589,24.29159523809517,5.665914053050964,2.833333,0.0,4.658,1.4075512405609492,0.2378592477415826,1.7741666000000118,3.673333666666665,0.981124629771712,0.1933764744102058,0.4407106092611004,1040.0,2.23,30.3,2.64,30.3,0,25.03333333333333,19.93714285714285,1040.0,0,1186.6666666666667,975.5714285714284,-0.0699999999999998,2.69,-0.1499999999999999,2.353333333333333,2319.2,79.992,47866.17333333334,6.903774999999997,0.0
2024-03-21,14.77,7.346666666666667,7.687,581.937,50.93116666666666,3.5163333333333333,0.2031666666666667,0.0738333333333333,3.5376666666666665,58362,宝山,宝山区,1013.904167,15.658333,47.25,0.0,3.4875,165.885125,0.2438667995405485,-0.9698087358246728,0.0,0.0,10.529165999999918,6.246785714285807,4.337985463397663,3.4875,0.0,4.479166666666666,1.408434360399426,0.0665926777621614,4.198333199999984,-0.8883329999999994,0.984305844499033,0.1764709734915216,0.4238667578479882,1030.0,2.32,27.7,2.6,27.7,0,27.366666666666664,22.99714285714285,1030.0,0,1130.0,1022.4285714285712,-0.04,2.65,0.0899999999999998,2.31,2389.6,72.02,52459.10166666666,4.583804999999989,0.0
2024-03-22,16.19666666666667,7.374,7.499333333333333,551.641,57.337,3.704833333333333,0.1816666666666666,0.0745,3.439833333333333,58362,宝山,宝山区,1008.633333,18.920833,61.166667,0.0,2.358333,162.848212,0.2949041186978117,-0.9555268498451872,0.0,0.0,5.270834000000036,-24.7422857142858,3.0538151149609667,2.358333,0.0,4.366499999999999,1.3316759892272634,0.1158860409121756,2.4691666000000074,-2.724166333333329,0.9871957872910084,0.1595132519726365,0.4041236278468049,801.0,2.19,28.0,2.55,28.0,0,28.666666666666668,25.899999999999995,801.0,0,957.0,1032.857142857143,-0.0500000000000002,2.596666666666667,-0.1299999999999999,2.2466666666666666,1754.19,71.39999999999999,45926.937000000005,7.4538099999999945,0.0
2024-03-23,16.111666666666668,7.441,7.693666666666666,519.1848333333334,66.2695,3.431666666666666,0.1696666666666666,0.0785,3.302,58362,宝山,宝山区,1010.133333,16.654167,78.375,6.9,1.820833,73.507514,0.9588569735425564,0.2838895987682699,6.9,6.899999999999972,0.0,-50.812738095238046,3.566751419706413,14.3845807,12.30787499999995,4.256666666666667,1.428368092084906,0.1028718423616576,2.4724998,-0.5425003333333329,0.9897936029670716,0.1425083279161708,0.3799414229268655,417.0,2.23,25.5,2.53,25.5,0,27.066666666666663,26.18571428571428,417.0,0,749.3333333333334,962.285714285714,-0.02,2.56,0.04,2.2466666666666666,929.91,64.515,27634.381499999996,2.6507799999999997,0.0
2024-03-24,16.026666666666667,7.486333333333333,8.260333333333334,488.831,67.52516666666666,3.2,0.066,0.1078333333333333,2.8438,58362,宝山,宝山区,1011.679167,15.345833,89.041667,1.1,1.679167,57.305031,0.8415582158610185,0.5401664274247515,8.0,7.999999999999972,0.0,-69.6783809523809,3.092283784652699,15.112503,15.123333359999949,3.988133333333333,1.5456246491611052,0.093640262391252,2.6075002,0.6808336666666666,0.992098522791769,0.1254612333527364,0.3768023219718747,462.0,2.42,3.3,2.56,3.3,0,18.93333333333333,22.799999999999997,462.0,0,560.0,895.7142857142856,0.0300000000000002,2.546666666666667,0.1899999999999999,2.28,1118.04,8.448,31196.627,12.829781666666658,0.0
2024-03-25,17.316,7.3306,7.837999999999999,288.77840000000003,66.4302,3.473,0.0686,0.1112,3.8414,58362,宝山,宝山区,1014.8,13.458333,83.791667,5.4,4.1875,297.713406,-0.8852848383170655,0.4650491963716604,13.4,13.399999999999972,0.0,-226.82125238095227,7.894630260452712,60.3,24.62808337799995,5.022,1.3863732842790433,0.0537995965030262,5.1925,3.8576669999999993,0.9941098647022418,0.108377012791876,0.3795364269519895,427.0,2.46,-0.298,2.65,0.298,1,9.500666666666664,19.80028571428571,427.0,0,435.3333333333333,785.2857142857141,0.0899999999999998,2.58,0.04,2.37,1050.42,-0.7897,28365.6954,2.6572080000000002,0.0
2024-03-26,17.75,7.5855,8.632000000000001,0.272,0.743,3.699,0.025,0.119,3.177,58362,宝山,宝山区,1024.041667,11.641667,77.208333,0.0,2.441667,51.570951,0.7833784342593145,0.6215450335554333,6.5,13.399999999999972,0.0,-431.9911523809524,4.354416271442638,18.3125025,23.74591662199995,4.392,3.897065462753951,0.1005867527045514,2.7650002,6.108333,0.9958270335100596,0.0912607217293118,1.0,555.0,2.54,-2.43,2.73,2.43,1,0.1906666666666641,16.01028571428571,555.0,0,481.3333333333333,675.9999999999999,0.08,2.6466666666666665,0.08,2.473333333333333,1409.7,-6.633900000000001,412.365,0.05944,0.0
2024-03-27,15.356,7.454599999999999,8.379999999999999,206.5212,44.4246,3.925,0.0422,0.0516,3.177,58362,宝山,宝山区,1015.2875,12.804167,79.583333,19.5,2.554167,138.762056,0.6591876007073377,-0.751978528332893,24.9,32.89999999999997,8.754166999999939,-170.21671904761902,4.237842216535859,66.15292529999999,59.08291655699995,3.7352,1.5283046396264952,0.0268756994064824,8.263333599999989,2.551833,0.9972495210773452,0.0741174251509443,0.4465883793952335,494.0,2.55,-7.14,2.77,7.14,1,-3.289333333333336,10.66171428571428,494.0,0,492.0,597.9999999999999,0.04,2.7166666666666663,0.0099999999999997,2.5166666666666666,1259.6999999999998,-19.7778,21945.752399999998,0.44424599999998665,0.0
2024-03-28,15.545,7.330999999999999,6.703833333333333,542.1278333333333,101.82733333333334,3.8296666666666663,0.2401666666666666,0.1061666666666666,3.4820000000000007,58362,宝山,宝山区,1011.625,12.1625,91.375,9.0,1.991667,262.4019,-0.9912199254945232,-0.1322235202323383,28.5,41.89999999999997,3.662500000000023,171.07693809523812,3.965847015349901,58.7541765,80.18612499999993,4.783833333333334,1.0933431188670526,0.0284461298713179,7.627500200000004,3.3825000000000003,0.998376906467142,0.0569521960340397,0.3079153733026052,597.0,2.52,-20.3,2.77,20.3,1,-9.956666666666669,3.804571428571424,597.0,0,548.6666666666666,536.142857142857,0.0,2.7566666666666664,-0.0299999999999998,2.536666666666666,1504.44,-56.231,60790.918000000005,3.05481999999998,0.0
2024-03-29,16.43,7.272833333333334,5.991499999999999,555.9486666666667,96.90516666666667,3.8281666666666663,0.3088333333333333,0.1061666666666666,3.493,58362,宝山,宝山区,1009.745833,20.083333,62.458333,0.0,2.575,212.898173,-0.5431476765770058,-0.8396371844010961,28.5,41.89999999999997,1.879167000000052,184.28239047619047,3.97360526718579,75.9625,68.07004152699996,4.8635,0.9665788341578834,0.02945146614847,7.62083340000001,-3.653333,0.9992088560679752,0.0397701138460557,0.3162411918389506,765.0,2.56,2.44,2.88,2.44,0,-8.333333333333336,0.1531428571428517,765.0,0,618.6666666666666,530.9999999999999,0.1099999999999998,2.806666666666666,0.04,2.543333333333333,1958.4,7.0272,74132.4525,3.876206666666667,0.0
2024-03-30,17.166666666666668,7.317,5.743666666666667,545.7675,86.97616666666666,3.9856666666666665,0.2278333333333333,0.14,3.4326666666666665,58362,宝山,宝山区,1010.2375,20.529167,61.0,0.0,2.808333,85.866104,0.9973983107283654,0.0720875145653051,9.0,34.99999999999997,0.0,170.30370000000005,5.609359590162723,28.083330000000004,56.34999999999995,5.0605,0.8684760968725587,0.0780741724937975,3.4849998,-3.362500333333333,0.9997451236925734,0.0225762630415454,0.3343915226825358,722.0,2.52,9.86,2.83,9.86,0,-2.6666666666666696,-2.0811428571428623,722.0,0,694.6666666666666,574.5714285714284,-0.0499999999999998,2.8266666666666667,-0.04,2.533333333333333,1819.44,27.9038,62796.792333333324,3.479046666666666,0.0
2024-03-31,16.705000000000002,7.284666666666666,5.550999999999999,558.3076666666667,71.68416666666667,4.0765,0.3118333333333333,0.1155,3.3425,58362,宝山,宝山区,1011.5875,13.204167,88.958333,0.4,1.783333,84.285911,0.9950311172070164,0.0995644303441568,0.4,34.29999999999997,0.0,172.9186285714286,3.5578048273421405,2.4966662,64.81270821899994,4.809333333333333,0.848344370860927,0.3141361585482888,1.1499998,3.500833000000002,0.9999855506507186,0.0053757315575838,0.3668011154443481,610.0,2.5,30.9,2.79,30.9,0,14.399999999999997,1.86171428571428,610.0,0,699.0,595.7142857142856,-0.04,2.833333333333333,-0.02,2.526666666666667,1525.0,86.211,43727.34166666667,1.4336833333333334,0.0
2024-04-01,17.143333333333334,7.294833333333333,5.644333333333333,565.6288333333333,67.95883333333333,3.9163333333333337,0.2616666666666666,0.1126666666666666,3.222,58362,宝山,宝山区,1010.154167,18.933333,71.541667,2.9,3.129167,144.062074,0.5869084219919581,-0.8096533234631409,3.3,31.79999999999997,1.4333329999999478,140.6897333333333,4.965701466119309,13.4554181,54.55025010599996,4.610333333333333,0.8952627683197629,0.1128349788434421,2.8241667999999893,-1.7899996666666669,0.9999300657962056,-0.0118263906918325,0.3757315263775598,784.0,2.55,27.3,2.72,27.3,0,22.686666666666664,5.804285714285709,784.0,0,705.3333333333334,646.7142857142856,-0.0699999999999998,2.78,0.0499999999999998,2.523333333333333,1999.2,74.256,53279.72533333333,3.397941666666653,0.0
2024-04-02,17.765,7.25,5.8068333333333335,576.1156666666667,52.78366666666667,3.861166666666667,0.2363333333333333,0.1081666666666666,3.217833333333333,58362,宝山,宝山区,1002.8,20.004167,90.958333,3.3,2.2875,191.050861,-0.1916803025938809,-0.9814574171086172,6.6,35.099999999999966,7.354167000000075,68.91318571428576,2.725968692183503,17.385,67.02637488299993,4.535833333333334,0.9397437626432904,0.0579990322281479,4.163333400000015,-2.2391669999999984,0.9995786855478958,-0.0290250133219752,0.4179174286676349,997.0,2.44,21.6,2.71,21.6,0,26.6,9.237142857142851,997.0,0,797.0,709.8571428571428,-0.0100000000000002,2.74,-0.1099999999999998,2.4966666666666666,2432.68,58.536,52625.31566666667,5.806203333333324,0.0
2024-04-03,17.886666666666667,7.303999999999999,6.278,557.457,42.80416666666667,3.6016666666666666,0.1991666666666667,0.0865,2.967166666666667,58362,宝山,宝山区,1012.233333,14.408333,77.375,0.7,2.883333,330.814839,-0.4876335652077783,0.8730483984767118,6.9,16.29999999999997,0.0,0.1208333333332802,4.289342950471239,22.7783307,28.912124999999943,4.031333333333333,1.1080453007795263,0.0927357061123866,3.1099998,3.478333666666666,0.9989315138848576,-0.0462150469837083,0.4527539784760618,971.0,2.36,26.2,2.69,26.2,0,25.03333333333333,13.999999999999996,971.0,0,917.3333333333334,777.9999999999999,-0.02,2.706666666666667,-0.08,2.45,2291.56,70.478,41562.84583333333,3.4243333333333332,0.0
2024-04-04,17.765,7.2895,6.270833333333333,580.6745,41.55833333333333,3.6715,0.2053333333333333,0.0888333333333333,2.999333333333333,58362,宝山,宝山区,1018.579167,13.375,51.458333,0.0,2.575,27.848958,0.4671423252294078,0.884182135071311,4.0,7.299999999999968,0.0,17.831666666666592,3.7778914874657255,12.875,11.056458308999952,4.093,1.0877106761874475,0.132013201320132,2.345,4.390000000000001,0.9979887423155984,-0.0633914048695103,0.4576513846185635,833.0,2.39,24.7,2.67,24.7,0,24.166666666666668,20.428571428571423,833.0,0,933.6666666666666,811.7142857142856,-0.02,2.69,0.0300000000000002,2.3966666666666665,1990.87,65.949,34618.09166666667,1.2467500000000082,0.0
2024-04-05,17.865,7.266166666666667,6.258,578.6805,48.61116666666667,3.8511666666666655,0.2406666666666666,0.096,3.0086666666666666,58362,宝山,宝山区,1019.120833,13.779167,67.041667,1.6,2.45,64.784455,0.9047115003759204,0.4260247658147952,2.3,8.899999999999968,0.0,12.590261904761974,4.666543175921005,8.085,14.866708362999947,4.209333333333333,1.0340668117099503,0.1739130434782608,1.93,4.085832999999999,0.9967506498213928,-0.0805490042187416,0.4316241846255353,779.0,2.43,22.4,2.62,22.4,0,24.433333333333326,23.279999999999998,779.0,0,861.0,813.7142857142856,-0.0499999999999998,2.66,0.04,2.393333333333333,1892.97,58.688,37868.09883333334,1.9444466666666669,0.0
2024-04-06,18.006666666666668,7.277333333333334,6.347666666666666,562.324,61.5675,3.8695,0.2121666666666666,0.0989999999999999,2.9311666666666665,58362,宝山,宝山区,1017.9125,14.141667,87.875,0.4,1.904167,82.629694,0.9917377785599804,0.1282816377230791,2.0,9.299999999999969,1.208332999999925,-6.131452380952396,3.792601350587222,5.712501,17.47237499999994,4.133333333333333,1.0454570409003567,0.163599182004092,1.784166799999985,3.864999666666668,0.9952176027737294,-0.0976827678217159,0.3922405806889577,661.0,2.41,22.3,2.62,22.3,0,23.13333333333333,25.057142857142853,661.0,0,757.6666666666666,804.9999999999999,0.0,2.6366666666666667,-0.02,2.41,1593.01,58.426,40696.1175,1.2313500000000002,0.0
2024-04-07,17.886666666666667,7.283666666666666,6.247833333333333,544.7143333333333,92.3985,3.954833333333333,0.1923333333333333,0.1098333333333333,2.853666666666667,58362,宝山,宝山区,1016.2125,12.379167,93.375,39.5,1.920833,68.829805,0.9325117904940492,0.3611395306382046,41.5,48.39999999999996,1.7000000000000457,-21.79921428571436,3.712032420070056,81.6354025,93.59349999999992,4.144333333333334,1.000373602327009,0.0216821756016418,9.792499800000009,5.507499666666666,0.9933900548258936,-0.114787625522127,0.3242397876959665,563.0,2.43,24.5,2.65,24.5,0,23.066666666666663,24.14285714285714,563.0,0,667.6666666666666,798.2857142857141,0.0299999999999998,2.6300000000000003,0.02,2.4233333333333333,1368.09,64.925,52020.3555,1.8479700000000001,0.0
2024-04-08,17.563333333333333,7.274333333333334,6.056333333333334,532.8838333333333,131.93833333333333,4.2515,0.1979999999999999,0.1316666666666666,2.9633333333333334,58362,宝山,宝山区,1018.945833,10.9375,92.416667,6.3,1.475,1.731947,0.0302235743674682,0.9995431634263996,46.2,51.79999999999996,0.0,-28.951857142857197,1.519579772192016,69.62,99.67183350599991,4.478,0.8950907702539597,0.0205444273240883,10.125,6.625833333333333,0.9912685467787256,-0.1318585157173911,0.2643216427685505,449.0,2.47,1.4,2.69,1.4,0,16.066666666666666,20.44285714285714,449.0,0,557.6666666666666,750.4285714285713,0.04,2.653333333333333,0.04,2.436666666666667,1109.0300000000002,3.766,59240.31166666667,5.277533333333333,0.0
2024-04-09,17.925,7.207999999999999,5.384333333333333,538.9888333333333,154.52016666666665,4.769833333333334,0.263,0.1513333333333333,3.228666666666667,58362,宝山,宝山区,1022.816667,15.716667,58.791667,0.0,1.8375,87.208237,0.9988131497981234,0.0487061781538175,45.8,48.49999999999996,0.0,-17.54302380952379,3.672819162754052,85.99499999999999,77.01395849499993,5.005,0.7135190052344457,0.0205602672834746,10.2625,2.208333000000001,0.9888537064205885,-0.1488903868564548,0.2376919190525224,427.0,2.6,5.66,2.87,5.66,0,10.519999999999998,18.16571428571428,427.0,0,479.6666666666667,668.9999999999999,0.1800000000000001,2.736666666666667,0.1299999999999999,2.5,1110.2,16.2442,65980.11116666665,20.08762166666665,0.0
2024-04-10,18.23333333333333,7.239333333333334,5.353000000000001,535.195,141.42566666666667,4.1568,0.1731666666666666,0.1413333333333333,3.0558333333333336,58362,宝山,宝山区,1020.229167,17.054167,72.125,0.0,2.65,126.56038,0.8032295723889517,-0.5956695846187398,6.3,47.79999999999996,2.587500000000091,-18.1565714285714,4.778558366830722,19.345,82.27574999999993,4.642333333333333,0.7938249818338203,0.07976071784646,3.367500000000018,1.1791663333333346,0.986146248341595,-0.1658781989346314,0.25262098750226,403.0,2.68,2.63,2.89,2.63,0,3.229999999999998,14.798571428571424,403.0,0,426.3333333333333,587.8571428571428,0.02,2.8166666666666664,0.08,2.583333333333333,1080.04,7.6007,56994.54366666667,11.314053333333334,0.0
2024-04-11,18.551666666666662,7.263000000000001,5.524666666666668,530.7911666666668,128.2285,3.3526666666666665,0.1369999999999999,0.1233333333333333,2.9668333333333337,58362,宝山,宝山区,1015.991667,18.945833,82.75,0.6,1.875,118.129691,0.8818826665411922,-0.4714689411341922,0.6,48.39999999999996,4.2374999999999545,-15.434214285714232,3.5285299997647352,3.0,88.45099999999994,4.337166666666667,0.965344516279341,0.1296596434359813,2.092499999999991,-0.3941663333333345,0.98314697372215,-0.1828169249850199,0.2691256858538255,433.0,2.65,6.32,2.86,6.32,0,4.869999999999997,12.172857142857138,433.0,0,421.0,530.7142857142856,-0.0300000000000002,2.873333333333333,-0.0300000000000002,2.643333333333333,1147.45,18.0752,55522.9405,3.8468550000000254,0.0
2024-04-12,18.74,7.246666666666666,5.346666666666667,542.848,121.7605,3.3015000000000003,0.1036666666666666,0.1205,2.997,58362,宝山,宝山区,1014.383333,16.033333,98.583333,6.8,1.766667,113.427522,0.9175637500146224,-0.3975886877906661,7.399999999999999,53.599999999999966,1.6083340000000137,1.7415476190475374,3.3876965975470825,14.840002799999995,106.44066648799992,4.305666666666667,0.953031698404682,0.0849256828088591,2.8616670000000024,2.7066669999999995,0.9798567700958664,-0.1997015525660636,0.2778410409015138,538.0,2.63,2.54,2.84,2.54,0,3.829999999999998,9.33571428571428,538.0,0,458.0,496.28571428571416,-0.02,2.8633333333333333,-0.02,2.6533333333333333,1414.94,7.2136,65507.149,2.43521,0.0
2024-04-13,18.72833333333333,7.2275,5.055499999999999,553.9538333333334,113.30866666666668,3.3623333333333334,0.1515,0.1195,3.129,58362,宝山,宝山区,1013.820833,16.404167,95.541667,0.0,2.575,110.369827,0.9374654238991976,-0.3480784092607551,7.399999999999999,53.19999999999996,0.5625,14.04311904761903,4.9889734665404335,21.63,104.02816684399993,4.4755,0.8855574694187368,0.0866738894907909,3.1375,2.3241663333333342,0.976276611086932,-0.2165270852448143,0.2899487284211793,624.0,2.63,16.4,2.85,16.4,0,8.419999999999996,8.492857142857137,624.0,0,531.6666666666666,490.9999999999999,0.0100000000000002,2.85,0.0,2.6366666666666663,1641.12,46.74,70704.60800000001,0.0,0.0
2024-04-14,18.975,7.2275,5.0775,553.7566666666667,87.76733333333334,3.1605000000000003,0.1133333333333333,0.1091666666666666,2.8915,58362,宝山,宝山区,1009.433333,19.841667,90.75,0.0,2.304167,175.97334,0.0702206374954668,-0.9975314842498608,6.8,13.699999999999964,4.3875000000000455,12.554190476190456,2.465967075636017,17.9725026,26.13274999999993,4.096500000000001,0.9463237349734412,0.0690051738009158,3.6200002000000095,-0.8666670000000032,0.9724075561219968,-0.2332885440754551,0.3328719247858622,703.0,2.59,13.7,2.81,13.7,0,10.879999999999995,6.949999999999995,703.0,0,621.6666666666666,510.9999999999999,-0.04,2.833333333333333,-0.04,2.6166666666666667,1820.77,38.497,61700.435333333335,3.5106933333333337,0.0
2024-04-15,19.466666666666665,7.2635,5.128666666666667,556.8815,76.08533333333334,3.1028333333333333,0.0791666666666666,0.1035,2.9248333333333334,58362,宝山,宝山区,1012.554167,20.425,73.666667,0.0,2.179167,85.428212,0.9968182469519432,0.0797081083934065,0.0,7.399999999999964,0.0,12.250785714285712,4.351400428755525,2.179167,12.851333357999938,4.039,0.9830681745575364,0.3145478045035067,1.3075002,-0.9583333333333356,0.9682507501166718,-0.2499809690726521,0.3568224894195744,874.0,2.53,35.0,2.77,35.0,0,21.7,11.749999999999996,874.0,0,733.6666666666666,571.7142857142856,-0.04,2.81,-0.06,2.583333333333333,2211.22,96.95,66498.58133333334,4.56512,0.0
2024-04-16,19.613333333333333,7.273666666666667,5.4865,541.9076666666666,61.768166666666666,2.9873333333333334,0.0694999999999999,0.0963333333333333,2.793333333333333,58362,宝山,宝山区,1012.4,18.595833,83.083333,5.9,2.5,87.133488,0.9987487569473902,0.0500092041132729,5.9,13.299999999999963,0.1541670000000294,-3.140023809523882,4.996871892368475,17.25,24.350083288999937,3.8261666666666665,1.0928920022575612,0.1046663722750499,2.710833400000006,1.0175003333333343,0.9638074231367308,-0.2665994206792935,0.3916970773896365,843.0,2.47,39.4,2.71,39.4,0,29.366666666666664,16.569999999999997,843.0,0,806.6666666666666,631.142857142857,-0.06,2.763333333333333,-0.0599999999999996,2.53,2082.21,106.774,52070.5645,3.7060899999999752,0.0
2024-04-17,19.441666666666663,7.202333333333333,5.0345,596.1125000000001,49.6695,3.4098333333333333,0.2408333333333333,0.1058333333333333,3.040666666666666,58362,宝山,宝山区,1011.966667,12.583333,97.125,54.2,1.9,39.325202,0.6337211910575372,0.7735615373094867,60.1,67.49999999999997,0.4333329999999478,42.36230952380959,3.1040702630093207,116.09,133.05937499999993,4.339833333333333,0.8818532142231564,0.0157645823214113,13.246666599999992,6.858333666666667,0.9590788900341132,-0.2831389812281835,0.4280413840127992,992.0,2.46,22.1,2.67,22.1,0,32.166666666666664,19.351428571428563,992.0,0,903.0,715.2857142857141,-0.04,2.7166666666666663,-0.0100000000000002,2.486666666666667,2440.32,59.007000000000005,49272.144,0.49669500000000993,0.0
2024-04-18,19.786666666666665,7.196666666666666,4.780833333333334,597.014,48.1075,3.666833333333333,0.5116666666666667,0.1236666666666666,3.168833333333333,58362,宝山,宝山区,1012.958333,16.025,60.75,0.0,1.791667,95.661124,0.9951227307640086,-0.0986445675989433,60.1,66.89999999999998,0.0,33.803404761904744,3.574595557659759,109.4708537,107.54174999999996,4.917166666666667,0.745239146813541,0.0159003576737757,13.0950002,3.7616666666666663,0.9540665500578388,-0.2995947563972602,0.4333561888606434,1130.0,2.42,24.5,2.74,24.5,0,28.66666666666666,21.948571428571423,1130.0,0,988.3333333333334,814.8571428571428,0.0700000000000002,2.706666666666667,-0.04,2.45,2734.6,67.13000000000001,54361.475,1.9243000000000001,0.0
2024-04-19,19.90833333333333,7.2535,4.9745,575.2161666666667,39.00416666666666,3.3995,0.3591666666666666,0.104,2.887833333333333,58362,宝山,宝山区,1005.866667,18.420833,67.041667,6.6,4.275,170.314443,0.1682409001501302,-0.9857459102206176,60.8,66.69999999999997,7.091666000000032,7.381547619047637,4.994229848141807,264.19500000000005,111.41679188899997,4.287,0.8578696252011957,0.0136674260926416,16.143333200000008,1.4875003333333368,0.9487718864399473,-0.3159618766579029,0.4681566312920711,860.0,2.42,37.7,2.77,37.7,0,28.099999999999994,26.971428571428568,860.0,0,994.0,860.8571428571428,0.0299999999999998,2.7266666666666666,0.0,2.433333333333333,2081.2,104.429,33543.58333333333,0.0,0.0
2024-04-20,20.16333333333333,7.2595,5.020833333333333,549.4011666666667,45.29616666666666,3.2875,0.4125,0.1085,2.8315,58362,宝山,宝山区,1008.408333,17.691667,77.875,0.0,2.475,329.654327,-0.5052157142246302,0.8629930950479828,6.6,66.69999999999997,0.0,-17.783071428571475,3.72540889270596,18.81,118.64262499999997,4.329000000000001,0.8679055027369634,0.0992555831265508,2.805,2.471666333333335,0.9431964659565866,-0.3322354987159043,0.443362506431686,840.0,2.43,36.9,2.68,36.9,0,33.03333333333333,29.899999999999995,840.0,0,943.3333333333334,891.7142857142856,-0.0899999999999998,2.7300000000000004,0.0100000000000002,2.4233333333333333,2041.2,98.892,38048.77999999999,0.45296166666667564,0.0
2024-04-21,20.15,7.298166666666667,5.430499999999999,525.1108333333333,63.40166666666666,3.103666666666667,0.231,0.1035,2.702,58362,宝山,宝山区,1011.595833,16.341667,83.375,0.0,1.733333,21.121264,0.3603430273912614,0.932819866110548,6.6,66.69999999999997,0.0,-37.98114285714291,2.3579274606971774,13.1733308,122.31112499999996,3.968,1.0113290707058165,0.1071428609693879,2.3599998,3.808333000000001,0.9373419384643772,-0.3484108069446808,0.3873363375614622,543.0,2.43,35.7,2.68,35.7,0,36.76666666666666,33.04285714285714,543.0,0,747.6666666666666,868.8571428571428,0.0,2.7100000000000004,0.0,2.4266666666666667,1319.49,95.67600000000002,34427.104999999996,0.0,0.0
2024-04-22,20.406666666666663,7.261,5.022166666666666,549.838,76.11399999999999,3.418,0.1906666666666666,0.111,2.7175,58362,宝山,宝山区,1010.666667,17.270833,82.166667,2.2,1.825,85.536023,0.9969664654940132,0.0778322984394937,2.2,68.89999999999998,0.9291660000000092,-12.247761904761887,3.644463799526574,5.84,125.51283356299996,4.018166666666667,0.8782058754954534,0.1679496339201826,1.720833200000002,3.135833666666666,0.9312100364121948,-0.3644830148102912,0.3567593797424873,592.0,2.56,33.4,2.69,33.4,0,35.33333333333333,32.81428571428571,592.0,0,658.3333333333334,828.5714285714284,0.0099999999999997,2.6833333333333336,0.1299999999999999,2.473333333333333,1515.52,89.84599999999999,45059.488,9.89481999999999,0.0
2024-04-23,20.526666666666667,7.228333333333333,4.852166666666666,539.8963333333332,85.8125,3.455666666666667,0.1708333333333333,0.1201666666666666,2.8195,58362,宝山,宝山区,1009.970833,17.825,81.541667,2.3,1.279167,219.860832,-0.6409250395276644,-0.7676034742668,4.5,65.29999999999997,0.6958339999999907,-21.902095238095285,2.099017160037484,7.0354185,118.54670855099997,4.192,0.8325373902599442,0.1337792463171578,1.8066669999999985,2.701666666666668,0.9248025743285088,-0.3804473662878516,0.3366515984237828,544.0,2.57,9.25,2.74,9.25,0,26.116666666666664,28.507142857142856,544.0,0,559.6666666666666,785.8571428571428,0.0500000000000002,2.703333333333333,0.0099999999999997,2.52,1398.08,25.345,46682.0,0.8581249999999743,0.0
2024-04-24,20.871666666666663,7.216333333333334,4.764333333333333,532.0158333333334,94.05183333333332,3.5026666666666664,0.1543333333333333,0.1265,2.887833333333333,58362,宝山,宝山区,1011.833333,20.0875,39.666667,0.0,1.816667,148.688759,0.5196867402607956,-0.8543568879555594,4.5,11.099999999999971,0.0,-20.62592857142852,2.7607647513693587,9.9916685,15.50300003699996,4.307166666666666,0.8045142406844533,0.1366742534544759,1.9900002,0.7841666666666676,0.9181214482844364,-0.3962991372689181,0.321261436495588,529.0,2.61,10.3,2.81,10.3,0,17.649999999999995,26.82142857142857,529.0,0,555.0,719.7142857142856,0.0699999999999998,2.7466666666666666,0.04,2.58,1380.6899999999998,28.943,49753.419833333326,3.762073333333333,0.0
2024-04-25,21.125,7.2485,4.940666666666666,525.0998333333333,94.72466666666666,3.4891666666666663,0.1148333333333333,0.1206666666666666,2.8345,58362,宝山,宝山区,1008.508333,20.095833,42.708333,0.3,3.4,148.008817,0.5297887555011878,-0.8481296331012746,2.6,11.399999999999972,3.325000000000045,-17.268476190476235,5.201281768704038,12.239999999999998,16.268749961999962,4.156000000000001,0.8502753556677375,0.0968523002421303,3.2250000000000094,1.029167000000001,0.9111686353326632,-0.4120336369594263,0.320064184208483,558.0,2.62,5.17,2.83,5.17,0,8.239999999999995,24.059999999999995,558.0,0,543.6666666666666,637.9999999999999,0.02,2.793333333333333,0.0100000000000002,2.6,1461.96,14.6311,52856.364,0.9472466666666856,0.0
2024-04-26,20.745666666666665,7.2815,5.268999999999999,521.2706666666667,93.82633333333332,3.3631666666666664,0.092,0.1181666666666666,2.8183333333333334,58362,宝山,宝山区,1007.866667,17.408333,87.666667,0.2,2.016667,114.071653,0.913036086380688,-0.4078787871005754,0.5,4.999999999999972,0.6416659999999865,-13.391142857142768,3.857956745213083,3.0250005,9.383333349999948,4.0920000000000005,0.9347446852547232,0.240480981200881,1.4383333999999972,3.337333666666666,0.9039461929224012,-0.4276462092677746,0.32166459235222,450.0,2.58,3.21,2.84,3.21,0,6.226666666666662,19.13285714285714,450.0,0,512.3333333333334,579.4285714285713,0.0099999999999997,2.8266666666666667,-0.04,2.603333333333333,1161.0,9.1164,42221.85,3.753053333333333,0.0
2024-04-27,20.08833333333333,7.289166666666667,5.417666666666666,508.25666666666666,93.57433333333334,3.1826666666666665,0.0708333333333333,0.1115,2.7336666666666667,58362,宝山,宝山区,1010.4,18.3125,92.708333,0.0,2.75,102.246523,0.9772439806861034,-0.212118368400237,0.5,4.999999999999972,0.0,-20.527357142857227,5.4374209468867845,4.125,9.635416649999945,3.9195,1.0091583620502311,0.2352941176470588,1.75,1.7758333333333347,0.8964562582905575,-0.4431322341826345,0.3221162616249491,442.0,2.59,5.33,2.82,5.33,0,4.569999999999996,14.622857142857136,442.0,0,483.3333333333333,522.5714285714284,-0.02,2.83,0.0099999999999997,2.596666666666667,1144.78,15.0306,41359.85533333334,0.9357433333333054,0.0
2024-04-28,20.06983333333333,7.294833333333333,5.354666666666667,507.7473333333333,87.73083333333334,3.1948333333333334,0.0861666666666666,0.11,2.7561666666666667,58362,宝山,宝山区,1007.620833,18.491667,98.166667,1.8,2.104167,90.942938,0.99986458049773,-0.016456629852388,2.0,6.799999999999971,2.779167000000029,-18.556190476190466,4.208049054752167,6.312500999999999,13.475333355999943,3.9423333333333335,0.9951062379978938,0.1268498835644914,2.2183336000000056,1.578166333333332,0.8887010478292915,-0.4584871291400876,0.3329417319911461,476.0,2.6,6.17,2.8,6.17,0,4.903333333333329,10.40428571428571,476.0,0,456.0,512.9999999999999,-0.02,2.82,0.0100000000000002,2.59,1237.6,17.276,41759.87666666667,0.8773083333333509,0.0
2024-04-29,20.155666666666665,7.280333333333334,5.231000000000001,513.2546666666667,83.416,3.220833333333333,0.1016666666666666,0.1095,2.681833333333333,58362,宝山,宝山区,1009.033333,18.454167,83.708333,0.0,2.054167,8.124126,0.1413180967496206,0.98996423952134,1.8,4.599999999999971,0.0,-7.8226666666666915,2.344457970845878,5.7516676,8.450583317999946,3.8785,0.965574526995847,0.2060085695444758,1.5925002,1.7014996666666633,0.8806828564301475,-0.47370635037968,0.3414031012673481,662.0,2.6,18.7,2.81,18.7,0,10.06666666666666,8.30428571428571,662.0,0,526.6666666666666,522.9999999999999,0.0100000000000002,2.81,0.0,2.5966666666666662,1721.2,52.547,55221.392,0.0,0.0
2024-04-30,19.999166666666667,7.253333333333334,5.404333333333334,521.8795,69.02416666666666,3.0716666666666668,0.0725,0.1045,2.673,58362,宝山,宝山区,1011.008333,14.145833,86.083333,6.5,3.004167,24.21594,0.4101767747918904,0.9120060380399478,8.3,8.799999999999972,0.0,3.3759999999999764,4.236406530996229,27.9387531,16.37533330399995,3.7905,1.0414645896900594,0.0812732792069548,3.4625002,5.853333666666668,0.8724040568049612,-0.4887853942889926,0.3731293687987347,497.0,2.58,32.7,2.82,32.7,0,19.19,11.65428571428571,497.0,0,545.0,516.2857142857141,0.0099999999999997,2.81,-0.02,2.5933333333333333,1282.26,92.214,34305.01083333333,1.3804833333333333,0.0
2024-05-01,19.805666666666667,7.229833333333333,5.3918333333333335,544.8915,63.25033333333334,3.006333333333333,0.0731666666666666,0.1004999999999999,2.641166666666667,58362,宝山,宝山区,1015.25,16.829167,56.625,0.0,2.045833,21.02081,0.3587070051283683,0.933450204602172,6.5,8.799999999999972,0.0,24.548619047619013,2.779687628422785,15.3437475,13.78299999999996,3.7193333333333336,1.0604451437375029,0.1047577513664863,2.5274998,2.976499666666665,0.8638670987837349,-0.503719798736334,0.387735656133102,945.0,2.63,41.4,2.75,41.4,0,30.933333333333326,16.097142857142853,945.0,0,701.3333333333334,575.7142857142856,-0.0699999999999998,2.793333333333333,0.0499999999999998,2.603333333333333,2485.35,113.85,59771.565,3.1625166666666544,0.0
2024-05-02,19.98633333333333,7.237166666666667,5.331333333333333,545.7356666666666,49.42783333333333,3.105166666666667,0.0584999999999999,0.094,2.6281666666666665,58362,宝山,宝山区,1018.345833,16.6375,81.666667,0.0,2.241667,94.644631,0.9967161044665712,-0.0809753486993602,6.5,8.499999999999972,0.0,22.44480952380945,4.475972599751265,16.8125025,15.441666694999949,3.626666666666667,1.0446084514401408,0.1026518356663187,2.6450002,3.348833333333335,0.8550745085896932,-0.518505144391157,0.4288528664621532,766.0,2.54,39.0,2.72,39.0,0,37.7,20.93,766.0,0,736.0,605.4285714285713,-0.0299999999999998,2.763333333333333,-0.0899999999999998,2.583333333333333,1945.64,106.08,37861.72033333333,4.44850499999999,0.0
2024-05-03,20.211666666666662,7.267666666666667,5.6145,542.3829999999999,44.402166666666666,2.9631666666666665,0.0618333333333333,0.0888333333333333,2.5335,58362,宝山,宝山区,1016.279167,18.166667,71.458333,0.0,2.6625,99.681611,0.9857574947500908,-0.1681730107479333,0.0,8.299999999999972,2.066665999999941,16.076095238095263,5.2870793297721175,2.6625,14.231041638999953,3.4836666666666667,1.1427069199457258,0.1745454748562025,2.010833199999988,2.0449996666666657,0.8460288880917339,-0.533137056031809,0.4466722251767075,705.0,2.2,37.9,2.68,37.9,0,39.43333333333333,25.88571428571428,705.0,0,805.3333333333334,641.8571428571428,-0.04,2.716666666666667,-0.3399999999999998,2.456666666666667,1551.0000000000002,101.572,31303.5275,15.096736666666658,0.0
2024-05-04,20.225166666666667,7.266000000000001,5.685833333333334,558.3263333333333,49.4115,3.161666666666666,0.0796666666666666,0.0898333333333333,2.579,58362,宝山,宝山区,1009.825,18.016667,80.5,5.1,2.970833,153.533354,0.4456767630239721,-0.8951939582573568,5.1,13.39999999999997,6.454166999999984,24.866619047619,4.2948642349247965,18.1220813,24.186999999999948,3.5570000000000004,1.1062649977300734,0.0644122383252818,4.0933331999999965,2.2084996666666648,0.8367329140344921,-0.5476112038402312,0.4289078517009977,720.0,2.49,34.9,2.66,34.9,0,37.26666666666666,30.11,720.0,0,730.3333333333334,681.5714285714284,-0.02,2.686666666666667,0.29,2.41,1792.8000000000002,92.834,35576.28,14.329334999999999,0.0
2024-05-05,20.22683333333333,7.246333333333333,5.713166666666666,533.789,58.51566666666667,3.0596666666666668,0.0918333333333333,0.0936666666666666,2.4485,58362,宝山,宝山区,1009.783333,19.791667,87.708333,1.1,2.079167,271.917511,-0.999440036226083,0.0334606334130986,6.199999999999999,12.69999999999997,0.0416670000000749,-3.390952380952399,4.157169741800076,14.970002399999998,23.838958290999948,3.4770000000000003,1.1228340266631724,0.1072865368056111,2.4958336000000148,0.4351663333333349,0.8271893372462497,-0.5619233046832195,0.4007284125339079,605.0,2.44,36.0,2.66,36.0,0,36.26666666666666,34.37142857142857,605.0,0,676.6666666666666,699.9999999999999,0.0,2.6666666666666665,-0.0500000000000002,2.376666666666667,1476.2,95.76,35401.97833333333,2.925783333333345,0.0
2024-05-06,20.57883333333333,7.294833333333333,5.762166666666666,491.37716666666665,75.97983333333333,3.003833333333333,0.0663333333333333,0.0959999999999999,2.396333333333333,58362,宝山,宝山区,1013.595833,21.4,66.25,0.0,2.275,303.447384,-0.8343923264999351,0.551170976628873,6.199999999999999,12.69999999999997,0.0,-42.67742857142855,4.173242542787352,16.38,21.113749999999957,3.4226666666666663,1.145522017163116,0.1055408970976253,2.605,-0.8211666666666666,0.8174009818249189,-0.5760691233798758,0.357054950002229,462.0,2.48,32.5,2.69,32.5,0,34.46666666666666,36.34285714285714,462.0,0,595.6666666666666,671.4285714285713,0.0299999999999998,2.67,0.04,2.47,1145.76,87.425,35102.683,3.0391933333333334,0.0
2024-05-07,20.9995,7.295999999999999,5.678166666666667,473.5921666666666,104.36483333333337,3.1558333333333333,0.0711666666666666,0.109,2.5075,58362,宝山,宝山区,1016.420833,21.0375,58.458333,0.0,1.8125,10.466683,0.1816637404939888,0.9833607097040906,1.1,6.199999999999971,0.0,-53.56423809523807,2.141765529645355,3.80625,9.824416645999955,3.6686666666666663,1.0679267757507367,0.255591054313099,1.3075,-0.0380000000000002,0.8073707443023492,-0.5900444739548627,0.3037776216071626,443.0,2.55,11.2,2.74,11.2,0,26.56666666666666,33.271428571428565,443.0,0,503.3333333333333,663.7142857142856,0.0500000000000002,2.6966666666666668,0.0699999999999998,2.49,1129.65,30.688,46233.62116666668,7.305538333333314,0.0
2024-05-08,21.388,7.287666666666666,5.799499999999999,443.6248333333333,113.642,3.0316666666666663,0.0823333333333333,0.1149999999999999,2.531833333333333,58362,宝山,宝山区,1020.083333,17.7,67.208333,0.0,2.308333,56.622984,0.835068619494848,0.5501457995249702,0.0,6.199999999999971,0.0,-69.0649047619047,4.235949451644402,2.308333,10.366916645999952,3.764166666666666,1.1017287234042552,0.3022670329740083,1.3849998,3.6880000000000015,0.7971015927871943,-0.6038452208771035,0.2894544878506733,335.0,2.56,11.5,2.81,11.5,0,18.399999999999995,29.0,335.0,0,413.3333333333333,576.5714285714284,0.0699999999999998,2.7466666666666666,0.0100000000000002,2.53,857.6,32.315,38070.07,1.1364200000000226,0.0
2024-05-09,21.52983333333333,7.313833333333334,5.950500000000001,440.35066666666665,122.74766666666666,3.3681666666666668,0.1063333333333333,0.128,2.6225,58362,宝山,宝山区,1018.529167,19.333333,54.875,0.0,2.608333,146.274549,0.5552139298348884,-0.8317075760850683,0.0,6.199999999999971,1.5541660000000093,-57.284071428571394,4.056515815248024,2.608333,9.602249999999955,4.0088333333333335,1.034060300634286,0.1937046380057406,1.8758330000000016,2.196500333333333,0.7865965660866021,-0.6174672802835514,0.276481592449057,349.0,2.66,13.6,2.84,13.6,0,12.099999999999994,25.371428571428567,349.0,0,375.6666666666667,516.9999999999999,0.0299999999999998,2.796666666666667,0.1,2.59,928.34,38.624,42838.935666666664,12.274766666666666,0.0
2024-05-10,21.4425,7.32,5.88,472.3273333333333,108.39816666666668,3.1628333333333334,0.0625,0.1146666666666666,2.5375,58362,宝山,宝山区,1013.079167,22.9875,57.333333,0.0,3.5875,178.798751,0.0209642142598198,-0.9997802267100848,0.0,6.199999999999971,5.4500000000000455,-15.299452380952346,3.662709118657104,3.5875,9.754666645999954,3.746666666666667,1.0945644080416976,0.0996264009962635,3.242500000000009,-1.5450000000000017,0.7758587728069828,-0.6309066211876704,0.2974014943974804,455.0,2.67,12.3,2.85,12.3,0,12.46666666666666,21.71428571428571,455.0,0,379.6666666666667,481.28571428571416,0.0100000000000002,2.833333333333333,0.0099999999999997,2.6300000000000003,1214.85,35.055,49321.16583333334,1.0839816666666344,0.0
2024-05-11,21.425666666666668,7.334499999999999,5.721,507.5581666666667,93.3295,3.173833333333333,0.0541666666666666,0.1091666666666666,2.4686666666666666,58362,宝山,宝山区,1010.858333,20.833333,95.0,6.7,2.4125,233.003434,-0.7986715781594657,-0.6017671561661276,6.7,7.799999999999972,2.220833999999968,27.183976190476187,4.339295182309711,18.57625,15.209999999999946,3.6145,1.0754433235165113,0.0810810766983203,3.231666799999994,0.5923336666666685,0.7648913904341225,-0.6441592666722685,0.3225562399380095,608.0,2.65,11.3,2.83,11.3,0,12.399999999999997,18.342857142857135,608.0,0,470.6666666666667,465.28571428571416,-0.02,2.84,-0.02,2.66,1611.2,31.979000000000003,56744.335999999996,1.86659,0.0
2024-05-12,21.40433333333333,7.315333333333334,5.570166666666666,492.362,99.39066666666668,3.121166666666667,0.0641666666666666,0.108,2.462666666666667,58362,宝山,宝山区,1015.316667,16.766667,69.083333,0.0,1.416667,123.5138485,0.8337523934808619,-0.5521385209935402,6.7,6.699999999999973,0.0,17.905952380952385,2.597816502015352,10.9083359,11.328583310999951,3.606833333333333,1.0578944036464926,0.1096892098833927,2.1900002,4.637666333333328,0.753697664392914,-0.6572212950663319,0.3119859506934112,460.0,2.57,4.61,2.84,4.61,0,9.403333333333329,13.858571428571423,460.0,0,507.6666666666667,444.5714285714285,0.0099999999999997,2.84,-0.08,2.63,1182.1999999999998,13.0924,45719.70666666667,7.951253333333335,0.0
2024-05-13,21.37216666666667,7.293500000000001,5.221,524.577,87.72916666666667,3.281,0.135,0.1145,2.5483333333333333,58362,宝山,宝山区,1016.091667,19.05,54.541667,0.0,1.529167,103.73359,0.9714101052398936,-0.2374076819267206,6.7,6.699999999999973,0.0,45.378119047619066,3.0146152763993723,11.7745859,10.354291688999956,3.8283333333333336,0.9388599172810644,0.1083521405561303,2.2575002,2.322166666666668,0.742280907086982,-0.6700888411055113,0.3329449202202728,745.0,2.68,12.7,2.76,12.7,0,9.536666666666662,11.029999999999996,745.0,0,604.3333333333334,484.9999999999999,-0.08,2.81,0.1100000000000003,2.6333333333333333,1996.6,35.05199999999999,65358.22916666667,9.65020833333336,0.0
2024-05-14,21.4105,7.338833333333333,5.468666666666667,533.957,72.4415,3.25,0.1233333333333333,0.107,2.491,58362,宝山,宝山区,1015.041667,20.458333,53.416667,0.0,1.879167,129.937164,0.766748924316196,-0.641947106123204,0.0,6.699999999999973,1.0500000000000682,46.134571428571405,3.320016275860493,1.879167,10.278916688999956,3.684333333333334,1.0046540110226576,0.2545068713037605,1.3375002000000138,0.9521669999999992,0.7306444969184916,-0.6827580970759147,0.365041710905864,722.0,2.57,35.1,2.76,35.1,0,17.469999999999995,14.444285714285712,722.0,0,642.3333333333334,524.8571428571428,0.0,2.786666666666666,-0.1100000000000003,2.6066666666666665,1855.54,96.876,52302.763000000006,7.968565000000023,0.0
2024-05-15,21.52916666666667,7.332833333333333,5.595,524.7295,56.36783333333333,3.110666666666667,0.0909999999999999,0.0948333333333333,2.3405,58362,宝山,宝山区,1019.733333,17.6875,56.708333,0.0,2.7625,343.203234,-0.2889777615921367,0.9573358101028072,0.0,6.699999999999973,0.0,25.32069047619052,3.560801066398278,2.7625,10.499458310999955,3.379833333333333,1.0864077669902912,0.2657807308970099,1.6575,3.841666666666669,0.7187918772884232,-0.6952253139408722,0.4069671615313914,623.0,2.48,42.2,2.71,42.2,0,30.0,18.829999999999995,623.0,0,696.6666666666666,565.9999999999999,-0.0499999999999998,2.7433333333333336,-0.0899999999999998,2.5766666666666667,1545.04,114.362,35117.16016666666,5.073104999999988,0.0
2024-05-16,21.870166666666663,7.315833333333333,5.272833333333334,611.9678333333333,42.778,3.1588333333333334,0.0798333333333333,0.0878333333333333,2.411,58362,宝山,宝山区,1014.0625,21.7375,37.416667,0.0,3.066667,188.125564,-0.1413429426638962,-0.989960692431326,0.0,6.699999999999973,5.670833000000016,88.04228571428564,3.5001187379502623,3.066667,9.206916688999964,3.369166666666666,1.0304540420819492,0.1026957637997431,2.974166800000003,0.1326666666666653,0.7067265555776158,-0.7074868024503348,0.4528554008992881,1160.0,2.53,40.9,2.69,40.9,0,39.4,22.729999999999997,1160.0,0,835.0,681.8571428571428,-0.02,2.72,0.0499999999999998,2.526666666666667,2934.8,110.021,49622.479999999996,2.1388999999999916,0.0
2024-05-17,22.38,7.528,5.791333333333333,603.6239999999999,47.94466666666667,3.294666666666666,0.0408333333333333,0.0865,2.190166666666667,58362,宝山,宝山区,1010.991667,24.695833,55.5,0.0,2.9375,169.043867,0.1900573826044796,-0.981772983595258,0.0,6.699999999999973,3.0708329999999933,60.94178571428563,3.4957935614006588,2.9375,10.41849999999996,3.0960000000000005,1.1136108707496075,0.1426872838376831,2.3766665999999987,-2.3158330000000014,0.6944521021088763,-0.719538934232584,0.4339199404385031,1030.0,2.33,39.1,2.68,39.1,0,40.73333333333333,26.55857142857143,1030.0,0,937.6666666666666,763.9999999999999,-0.0099999999999997,2.6933333333333334,-0.1999999999999997,2.4466666666666668,2399.9,104.788,49383.00666666667,9.588933333333319,0.0
2024-05-18,22.731,7.437833333333334,5.901166666666666,586.436,43.134166666666665,2.954,0.0461666666666666,0.0873333333333333,2.1745,58362,宝山,宝山区,1011.741667,23.883333,70.791667,0.0,2.854167,134.868267,0.7087306727389007,-0.7054791517253116,0.0,0.0,0.0,32.4855238095239,4.87700269801917,2.854167,0.0,3.0940000000000003,1.2108683013576826,0.2594594370197243,1.7125001999999998,-1.1523330000000025,0.6819721490904629,-0.7313781428679254,0.4514800677310074,567.0,2.24,38.1,2.63,38.1,0,39.36666666666667,30.38714285714285,567.0,0,919.0,758.142857142857,-0.0500000000000002,2.6666666666666665,-0.0899999999999998,2.3666666666666667,1270.0800000000002,100.203,24457.0725,3.8820749999999915,0.0
2024-05-19,22.995500000000003,7.385166666666667,5.9446666666666665,566.1845,48.57816666666667,3.1221666666666668,0.0586666666666666,0.0933333333333333,2.252666666666667,58362,宝山,宝山区,1011.783333,22.554167,79.541667,0.0,2.475,120.721447,0.8596611045463595,-0.5108647426962769,0.0,0.0,0.0,1.6879523809523107,4.60266123375224,2.475,0.0,3.2446666666666677,1.1623920482320351,0.2877697841726618,1.485,0.4413330000000037,0.6692903895412567,-0.7430009249440493,0.4317371252636518,559.0,2.36,34.7,2.58,34.7,0,37.3,34.68571428571428,559.0,0,718.6666666666666,772.2857142857141,-0.0499999999999998,2.6300000000000003,0.1199999999999996,2.31,1319.24,89.52600000000001,27155.19516666667,5.82937999999998,0.0
2024-05-20,23.259500000000003,7.403666666666666,5.961333333333333,536.9971666666667,58.1625,3.0576666666666665,0.064,0.1003333333333333,2.202,58362,宝山,宝山区,1014.120833,23.291667,84.958333,0.0,2.641667,110.214213,0.9384073379546786,-0.345530994373607,0.0,0.0,0.0,-29.27369047619049,5.120626697232722,2.641667,0.0,3.269333333333333,1.1631869918699187,0.2745995171991288,1.5850002,-0.0321669999999976,0.6564105761979381,-0.7544038410927472,0.4017386219498482,533.0,2.42,31.6,2.61,31.6,0,34.800000000000004,37.385714285714286,533.0,0,553.0,741.9999999999999,0.0299999999999998,2.606666666666667,0.06,2.34,1289.86,82.476,31000.6125,3.48975,0.0
2024-05-21,23.47683333333333,7.403,5.8755,525.7608333333333,66.705,3.018166666666666,0.0518333333333333,0.102,2.2413333333333334,58362,宝山,宝山区,1015.4,22.466667,74.541667,0.0,2.579167,106.761813,0.9575119213726486,-0.2883936899955664,0.0,0.0,0.0,-39.33914285714286,5.04875014971093,2.579167,0.0,3.3131666666666666,1.1543222003929272,0.2793946189155186,1.5475002,1.0101663333333306,0.6433365204044917,-0.765583517007675,0.3788461075323269,462.0,2.39,31.6,2.62,31.6,0,32.63333333333333,36.885714285714286,462.0,0,518.0,704.8571428571428,0.0100000000000002,2.603333333333333,-0.0299999999999998,2.39,1104.18,82.792,30817.71,2.0011499999999867,0.0
2024-05-22,23.549166666666668,7.392666666666667,5.874333333333333,506.18250000000006,81.66466666666666,2.9593333333333334,0.0428333333333333,0.1043333333333333,2.2161666666666666,58362,宝山,宝山区,1012.529167,22.116667,78.75,0.0,2.229167,102.019452,0.97807695804422,-0.2082437613542475,0.0,0.0,2.870832999999948,-56.26790476190462,4.40946387833256,2.229167,0.0,3.3023333333333333,1.1642717933472069,0.1639344262295096,1.9116667999999888,1.4324996666666685,0.6300720909843687,-0.7765366444428655,0.3449615422972523,386.0,2.46,7.65,2.63,7.65,0,23.616666666666664,31.95,386.0,0,460.3333333333333,670.9999999999999,0.0099999999999997,2.62,0.0699999999999998,2.4233333333333333,949.56,20.1195,31522.56133333333,5.71652666666665,0.0
2024-05-23,23.72833333333333,7.3755,5.748833333333334,487.2453333333333,91.00383333333332,2.8128333333333333,0.0551666666666666,0.109,2.2816666666666667,58362,宝山,宝山区,1010.225,23.245833,80.708333,0.0,2.2625,124.566285,0.8234703667058187,-0.567359282251894,0.0,0.0,2.3041670000000067,-57.38757142857151,4.125601704671915,2.2625,0.0,3.4268333333333336,1.15950652144682,0.1796407078059454,1.818333400000001,0.4825003333333342,0.6166212130956382,-0.7872599821916922,0.3267934570818872,451.0,2.47,0.725,2.68,0.725,0,13.324999999999998,26.210714285714285,451.0,0,433.0,569.7142857142856,0.0500000000000002,2.643333333333333,0.0100000000000002,2.44,1113.97,1.943,41042.72883333333,0.9100383333333514,0.0
2024-05-24,23.97925,7.38825,5.884,454.9355,96.331,2.85875,0.07125,0.1155,2.28425,58362,宝山,宝山区,1012.1,23.4375,80.958333,0.0,2.75,112.835798,0.9216208546596412,-0.3880914843905139,0.0,0.0,0.0,-68.45619047619056,5.284457350314013,2.75,0.0,3.5105000000000004,1.1571288102261554,0.2666666666666666,1.65,0.5417500000000004,0.6029878670694714,-0.7977503570459932,0.3172395358304978,340.0,2.51,5.68,2.73,5.68,0,4.684999999999998,21.436428571428568,340.0,0,392.3333333333333,471.142857142857,0.0499999999999998,2.68,0.0399999999999995,2.48,853.4,15.5064,32752.54,3.853239999999952,0.0
2024-05-25,24.36125,7.359,5.70125,476.67675,93.349,2.6355,0.0465,0.10775,2.23,58362,宝山,宝山区,1009.408333,23.875,83.75,0.0,3.075,140.678732,0.6336680758595327,-0.7736050475769128,0.0,0.0,2.691667000000052,-31.03504761904753,5.023529333268063,3.075,0.0,3.354,1.1978674230486397,0.1477832439515632,2.3833334000000104,0.4862499999999983,0.5891760872322963,-0.8080046647350754,0.322521155586741,285.0,2.48,3.1,2.74,3.1,0,3.168333333333331,16.436428571428568,285.0,0,358.6666666666667,430.8571428571427,0.0100000000000002,2.716666666666667,-0.0299999999999998,2.486666666666667,706.8,8.494000000000002,26604.465,2.8004699999999816,0.0
2024-05-26,24.43466666666667,7.405666666666666,5.781,469.05283333333335,95.193,2.8426666666666667,0.0545,0.1138333333333333,2.3225,58362,宝山,宝山区,1004.1125,27.025,76.416667,14.6,2.633333,249.113059,-0.9342857586884004,-0.3565250637922109,14.6,14.599999999999971,5.295833000000016,-24.783011904761903,5.093618519784202,41.0799948,25.75683338199995,3.5153333333333334,1.148048853142687,0.0425004439171366,5.559166400000002,-2.59033333333333,0.5751899607119775,-0.8180198708443174,0.319235780128185,321.0,2.57,10.5,2.75,10.5,0,6.426666666666665,12.97928571428571,321.0,0,315.3333333333333,396.8571428571427,0.0099999999999997,2.74,0.0899999999999998,2.52,824.9699999999999,28.875,30556.952999999998,8.56736999999998,0.0
2024-05-27,24.433166666666665,7.400333333333333,5.643166666666667,457.40616666666665,92.75316666666669,2.759,0.0738333333333333,0.1144999999999999,2.279,58362,宝山,宝山区,1006.452174,18.595652,78.73913,6.0,3.173913,41.335471,0.6604666383640069,0.7508553919418494,20.6,20.599999999999973,0.0,-25.059535714285744,5.270176649569821,68.55652080000002,36.82026077999995,3.4978333333333333,1.1336592225533195,0.040365040435881,6.0243478,5.837514666666664,0.5610336262283677,-0.8277930117131022,0.3235964656319151,177.0,2.53,3.22,2.75,3.22,0,5.606666666666665,8.924999999999995,177.0,0,261.0,345.9999999999999,0.0,2.7466666666666666,-0.04,2.526666666666667,447.81,8.855,16417.310500000003,3.7101266666666675,0.0
2024-05-28,23.994333333333334,7.398666666666666,5.420833333333333,483.2941666666666,89.541,2.9555,0.145,0.1246666666666666,2.4051666666666667,58362,宝山,宝山区,1010.9,21.05,55.833333,0.0,2.041667,47.395818,0.7360476802058058,0.6769296953625625,20.6,20.599999999999973,0.0,6.895130952380896,3.5444312591027467,44.1000072,32.10166659799996,3.796833333333333,1.01377676651186,0.0422982017300218,5.3450002,2.944333333333333,0.5467112728685939,-0.8373211953118121,0.3295138764102439,422.0,2.7,6.71,2.8,6.71,0,6.809999999999998,5.36928571428571,422.0,0,306.6666666666667,340.2857142857142,0.0499999999999998,2.766666666666667,0.1700000000000003,2.6,1139.4,18.788,37786.301999999996,15.221970000000026,0.0
2024-05-29,24.07933333333333,7.418333333333333,5.328333333333333,533.662,74.17099999999999,2.7805,0.0695,0.1134999999999999,2.2765,58362,宝山,宝山区,1010.358333,21.883333,63.708333,0.0,3.4125,137.195129,0.6795036798416205,-0.7336720991571756,6.0,20.599999999999973,0.5416669999999613,53.33732142857144,5.73130630745953,23.8875,33.72391659799996,3.481,1.0688732865262456,0.0912894608964792,3.3558333999999923,2.196000333333334,0.5322271388474397,-0.8466016020976267,0.3610909014345889,480.0,2.6,24.6,2.78,24.6,0,11.509999999999998,7.790714285714282,480.0,0,359.6666666666667,353.71428571428567,-0.02,2.776666666666667,-0.1,2.61,1248.0,68.388,35602.079999999994,7.4171,0.0
2024-05-30,23.968,7.3875,5.3705,512.0906666666666,63.66766666666666,2.724,0.0993333333333333,0.1125,2.313833333333333,58362,宝山,宝山区,1008.4875,22.1875,86.75,23.4,2.008333,234.5046,-0.8141621375538401,-0.58063759245657,23.4,43.99999999999997,1.8708330000000613,28.21665476190469,3.643441688199916,49.00332519999999,82.16999999999996,3.5381666666666667,1.0853149208487705,0.0353617217707197,6.259166400000011,1.7805,0.5175855102531889,-0.8556314858488706,0.3866367204271497,486.0,2.56,32.4,2.74,32.4,0,21.236666666666665,12.315714285714282,486.0,0,462.6666666666667,358.71428571428567,-0.0399999999999995,2.773333333333333,-0.04,2.62,1244.16,88.776,30942.485999999997,2.5467066666666667,0.0
2024-05-31,24.0455,7.319166666666667,4.695666666666667,546.9855,60.48066666666667,2.982,0.219,0.146,2.4473333333333334,58362,宝山,宝山区,1012.866667,20.6375,94.875,1.2,1.075,275.268218,-0.9957757830083536,0.0918182442333781,24.6,45.19999999999997,0.0,49.96148809523817,2.14545896673398,27.52,88.08349999999994,2.666333333333333,1.117749742124891,0.0374882849109653,5.565,3.4080000000000013,0.5027907197793043,-0.8644081744776648,0.3952148820173113,686.0,2.49,33.1,2.7,33.1,0,30.03333333333333,16.23285714285714,686.0,0,550.6666666666666,408.14285714285705,-0.04,2.74,-0.0699999999999998,2.5500000000000003,1708.14,89.37,41489.73733333334,4.233646666666655,0.0
2024-06-01,24.197166666666664,7.338,4.781666666666667,538.2426666666667,56.56966666666667,2.8608333333333333,0.1696666666666666,0.1795,2.2965,58362,宝山,宝山区,1014.245833,21.391667,78.166667,0.0,2.104167,68.726095,0.9318565714228956,0.362826859942819,24.6,45.19999999999997,0.0,32.423523809523715,4.064948846321199,53.8666752,80.53133348399994,4.261166666666666,0.8208165250479216,0.0360956530474278,6.1825002,2.8054996666666625,0.4878471454423119,-0.8729290708206411,0.4063710426948375,652.0,2.48,26.9,2.73,26.9,0,30.8,19.63285714285714,652.0,0,608.0,460.5714285714285,0.0299999999999998,2.723333333333334,-0.0100000000000002,2.51,1616.96,73.437,36883.422666666665,0.565696666666678,0.0
2024-06-02,24.41,7.355,5.0175,514.3631666666666,54.44433333333333,2.6826666666666665,0.1678333333333333,0.1126666666666666,2.2121666666666666,58362,宝山,宝山区,1011.8625,23.020833,51.833333,0.0,1.8125,147.226027,0.5413263212724971,-0.8408125914242633,1.2,30.59999999999997,2.3833329999999933,2.071119047619049,2.793653957306401,3.9875,46.46099989799996,3.5066666666666664,1.008103673442052,0.1563517996795727,1.8041665999999985,1.3891670000000005,0.4727592092862775,-0.881191653407483,0.412755842220274,671.0,2.49,36.1,2.7,36.1,0,32.03333333333333,23.29,671.0,0,669.6666666666666,510.5714285714285,-0.0299999999999998,2.7100000000000004,0.0100000000000002,2.486666666666667,1670.7900000000002,97.47,36532.147666666664,0.5444433333333442,0.0
2024-06-03,24.695833333333336,7.315,4.575666666666667,532.256,60.086333333333336,2.8355,0.1608333333333333,0.1155,2.1873333333333336,58362,宝山,宝山区,1011.0,25.595833,55.041667,0.0,2.783333,337.384034,-0.3845525688196744,0.9231030938168228,0.0,24.599999999999973,0.8624999999999545,9.271119047619097,3.853670855030571,2.783333,38.14025008199996,3.503166666666667,0.8882489970234245,0.2152466522150085,1.8424997999999908,-0.8999996666666625,0.4575313760742512,-0.8891934772070711,0.396307058157611,662.0,2.42,42.3,2.69,42.3,0,35.099999999999994,28.872857142857136,662.0,0,661.6666666666666,579.8571428571428,-0.0100000000000002,2.7066666666666666,-0.0700000000000002,2.4633333333333334,1602.04,113.787,39777.15266666667,4.206043333333346,0.0
2024-06-04,24.992166666666662,7.336666666666666,4.941833333333333,502.4458333333334,72.08516666666667,2.8158333333333334,0.1125,0.1185,2.1548333333333334,58362,宝山,宝山区,1014.433333,23.116667,75.833333,0.0,3.158333,99.325254,0.986784391168005,-0.1620387772947874,0.0,24.599999999999973,0.0,-23.27499999999992,6.2749267065108185,3.158333,43.25499991799995,3.4523333333333333,0.9664602346805736,0.2404809812008802,1.8949998,1.8754996666666663,0.442168151967072,-0.8969321743510065,0.3658672580688091,365.0,2.46,34.0,2.7,34.0,0,37.46666666666666,32.771428571428565,365.0,0,566.0,571.7142857142857,0.0100000000000002,2.6966666666666668,0.04,2.4566666666666666,897.9,91.8,26311.085833333334,2.8834066666666667,0.0
2024-06-05,24.934833333333334,7.393666666666667,5.4395,475.0255,81.41533333333332,2.6986666666666665,0.059,0.1166666666666666,2.145166666666667,58362,宝山,宝山区,1015.616667,20.191667,88.666667,1.1,2.154167,140.568545,0.6351546430961483,-0.7723849942570119,1.1,25.69999999999997,0.0,-42.31869047619051,3.522396172054501,4.523750700000001,48.487333418999945,3.3708333333333336,1.1046165301563664,0.2350636446571091,1.5125002,4.743166333333335,0.4266740831899246,-0.9044054548343,0.3454742708060055,420.0,2.53,7.75,2.7,7.75,0,28.016666666666666,30.364285714285707,420.0,0,482.3333333333333,563.1428571428571,0.0,2.6966666666666668,0.0699999999999998,2.47,1062.6,20.925,34194.439999999995,5.699073333333316,0.0
2024-06-06,24.615166666666667,7.387166666666666,5.320333333333333,475.67066666666665,97.04333333333334,2.731333333333333,0.0788333333333333,0.1233333333333333,2.1761666666666666,58362,宝山,宝山区,1014.179167,19.570833,83.833333,0.0,1.270833,123.841359,0.8305826904157603,-0.5568953172560507,1.1,2.299999999999975,1.4375,-36.4706666666666,2.326364892209132,2.6687493000000004,4.228166658999954,3.4883333333333333,1.054889131225009,0.2079722847814409,1.2699998,5.044333666666667,0.4110537546870351,-0.911611107193024,0.3160018257292586,491.0,2.57,-0.986,2.8,0.986,1,13.588,25.594857142857137,491.0,0,425.3333333333333,563.8571428571428,0.0999999999999996,2.733333333333334,0.04,2.52,1261.87,-2.7608,47648.276666666665,3.8817333333333335,0.0
2024-06-07,24.486833333333333,7.391000000000001,5.286333333333333,463.8398333333333,103.77966666666669,2.6931666666666665,0.0831666666666666,0.1228333333333333,2.2175,58362,宝山,宝山区,1009.629167,22.0375,85.0,0.0,1.5875,135.259759,0.7038937507259816,-0.7103052778129342,1.1,1.0999999999999752,4.5499999999999545,-36.42354761904767,2.704931329277496,3.33375,2.0349999999999544,3.529,1.05628080458239,0.1213960546282252,2.0824999999999907,2.449333333333332,0.3953117887649151,-0.9185469991587164,0.3047229091315386,504.0,2.57,1.43,2.8,1.43,0,2.7313333333333305,21.070571428571423,504.0,0,471.6666666666667,537.8571428571428,0.0,2.766666666666666,0.0,2.556666666666666,1295.28,4.004,52304.95200000001,0.0,0.0
2024-06-08,24.679666666666662,7.397666666666667,5.279166666666666,451.046,97.5075,2.779833333333333,0.0878333333333333,0.1253333333333333,2.205833333333333,58362,宝山,宝山区,1007.995833,23.929167,78.416667,0.0,1.454167,80.600638,0.9865739802131628,0.1633149765525436,0.0,1.0999999999999752,1.6333340000001044,-36.7607142857143,2.888810325084634,1.454167,1.962583336999956,3.547,1.0308858946820283,0.2446482581900223,1.199167000000021,0.7504996666666663,0.3794528437245443,-0.925211078289358,0.3152001455991804,337.0,2.58,8.15,2.8,8.15,0,2.8646666666666647,18.392,337.0,0,444.0,492.8571428571428,0.0,2.8,0.0100000000000002,2.5733333333333333,869.46,22.82,32860.0275,0.9750750000000195,0.0
2024-06-09,24.977166666666665,7.378666666666667,5.098333333333334,452.49033333333335,95.05783333333332,2.652333333333333,0.0735,0.1193333333333333,2.1415,58362,宝山,宝山区,1008.858333,26.254167,61.416667,0.1,1.891667,198.14724,-0.3114600180237494,-0.9502592578726322,0.1,1.1999999999999753,0.0,-26.47740476190472,2.480845637914932,2.0808337000000003,1.93700000399996,3.4083333333333337,1.0364221582246314,0.3342618011964567,1.1550002,-1.2770003333333335,0.3634816124829063,-0.9316013725767188,0.3194744528011881,396.0,2.56,7.74,2.79,7.74,0,5.773333333333331,14.340571428571424,396.0,0,412.3333333333333,453.5714285714285,-0.0099999999999997,2.7966666666666664,-0.02,2.5700000000000003,1013.76,21.5946,37642.901999999995,1.9011566666666664,0.0
2024-06-10,25.1075,7.370833333333334,4.841,477.127,90.3495,2.7096666666666667,0.0875,0.121,2.221833333333333,58362,宝山,宝山区,1007.85,23.6,72.041667,0.0,2.779167,153.033457,0.4534701326448227,-0.8912714731208932,0.1,1.1999999999999753,1.0083329999999933,6.034833333333268,4.039436228132114,3.0570837000000006,2.064500003999957,3.519333333333333,0.9668142329327964,0.2046035805626601,1.8891667999999988,1.5075000000000005,0.3474028211842774,-0.9377159910299092,0.3280049289434429,392.0,2.59,9.14,2.79,9.14,0,8.343333333333332,9.603428571428568,392.0,0,375.0,415.0,0.0,2.793333333333333,0.0299999999999998,2.5766666666666667,1015.28,25.5006,35417.004,2.710484999999982,0.0
2024-06-11,24.8675,7.395166666666667,5.039333333333333,477.8413333333333,88.15816666666666,2.649833333333333,0.0885,0.1258333333333333,2.2041666666666666,58362,宝山,宝山区,1004.8125,22.908333,96.25,0.0,1.5125,135.835512,0.6967206268299594,-0.7173425737746705,0.1,1.1999999999999753,3.0375000000000227,10.264095238095194,2.5662899480803136,1.66375,2.354999999999952,3.551,1.008539026017345,0.1769911504424771,1.5350000000000046,1.9591669999999968,0.3312212278016865,-0.9435531242349544,0.3321262398789292,432.0,2.54,6.39,2.77,6.39,0,7.756666666666664,5.659142857142854,432.0,0,406.6666666666667,424.5714285714285,-0.02,2.783333333333333,-0.0499999999999998,2.563333333333333,1097.28,17.7003,38084.327999999994,4.4079083333333156,0.0
2024-06-12,24.8955,7.422166666666667,5.1795,473.8678333333333,75.58516666666667,2.6638333333333333,0.0851666666666666,0.1213333333333333,2.1785,58362,宝山,宝山区,1003.579167,24.954167,89.916667,0.0,1.5,112.919461,0.9210531831634126,-0.38943681616476,0.0,0.0999999999999751,1.233333000000016,6.4559761904761785,2.881579774745119,1.5,0.1899166669999528,3.4770000000000003,1.0437630147108214,0.2678571667729602,1.1466666000000032,-0.0586670000000033,0.3149416207289519,-0.9491110448902284,0.3579273997317693,492.0,2.55,31.8,2.77,31.8,0,15.776666666666664,9.09485714285714,492.0,0,438.6666666666667,434.8571428571428,0.0,2.776666666666667,0.0099999999999997,2.56,1254.6,88.086,37187.902,0.7558516666666439,0.0
2024-06-13,25.108166666666666,7.399833333333333,4.978166666666667,482.6545,64.05233333333332,2.6140000000000003,0.0735,0.1143333333333333,2.211,58362,宝山,宝山区,1003.4125,25.316667,85.458333,0.0,2.191667,118.91779,0.875314428486128,-0.4835541865024056,0.0,0.0999999999999751,0.1666669999999612,14.24495238095244,4.110064747536906,2.191667,0.1854583329999539,3.427833333333333,1.0304985337243402,0.2977666902696431,1.348333599999992,-0.2085003333333333,0.2985688173637202,-0.9543881083175908,0.3856300666216387,483.0,2.52,33.7,2.72,33.7,0,23.963333333333328,14.049999999999995,483.0,0,469.0,433.71428571428567,-0.0499999999999998,2.7533333333333334,-0.0299999999999998,2.536666666666666,1217.16,91.66400000000002,30937.276999999995,1.921569999999987,0.0
2024-06-14,25.26333333333333,7.420666666666666,5.114666666666667,499.898,56.5745,2.572,0.046,0.1061666666666666,2.105833333333333,58362,宝山,宝山区,1002.1,25.641667,83.541667,0.0,2.066667,127.321784,0.7952430250465768,-0.6062907974848122,0.0,0.0999999999999751,1.3125,26.337285714285656,3.710169516843934,2.066667,0.1835416669999543,3.2135,1.0929553386993376,0.2283539312385209,1.5025001999999998,-0.3783336666666699,0.2821076626819194,-0.9593827529490744,0.4063567929837427,531.0,2.51,38.6,2.72,38.6,0,34.7,19.36,531.0,0,502.0,437.5714285714285,0.0,2.736666666666667,-0.0100000000000002,2.526666666666667,1332.81,104.992,30041.0595,0.5657450000000113,0.0
2024-06-15,25.363166666666668,7.446000000000001,5.0195,528.2153333333333,50.120000000000005,2.5933333333333333,0.0383333333333333,0.1058333333333333,2.138,58362,宝山,宝山区,1005.054167,26.083333,78.625,0.0,1.633333,92.85537,0.9987584630818872,-0.0498149819061151,0.0,0.0999999999999751,0.0,43.63042857142858,3.264638156780928,1.633333,0.1786249999999555,3.2346666666666666,1.0702558635394457,0.3797468835122637,0.9799998,-0.7201663333333315,0.2655630278040559,-0.9640935007889756,0.4265389482852275,536.0,2.47,40.9,2.67,40.9,0,37.73333333333333,24.038571428571423,536.0,0,516.6666666666666,466.0,-0.0500000000000002,2.7033333333333336,-0.0399999999999995,2.5,1323.92,109.203,26864.320000000003,2.004799999999975,0.0
2024-06-16,25.665000000000003,7.403833333333334,4.923166666666667,539.4630000000001,47.75366666666667,2.6845,0.0363333333333333,0.1036666666666666,2.158166666666667,58362,宝山,宝山区,1007.7625,26.2375,79.625,0.0,2.733333,103.364715,0.9729184132297628,-0.2311487858468657,0.0,0.0,0.0,42.453428571428674,5.392643005188547,2.733333,0.0,3.2311666666666667,1.034822210544754,0.2678571667729613,1.6399998,-0.572499999999998,0.2489398085537665,-0.9685189578512204,0.4345836040684511,610.0,2.49,38.6,2.65,38.6,0,39.36666666666667,28.447142857142858,610.0,0,559.0,496.5714285714285,-0.02,2.68,0.02,2.49,1518.9,102.29,29129.736666666668,0.9550733333333333,0.0
2024-06-17,25.882666666666665,7.447,5.097333333333333,533.138,46.835,2.6341666666666668,0.0331666666666666,0.102,2.1283333333333334,58362,宝山,宝山区,1007.425,24.2375,72.5,0.1,1.979167,115.150009,0.9051982036553008,-0.424989661167441,0.1,0.0999999999999751,0.3375000000000909,28.126857142857205,3.770705413133851,2.1770837,0.1724999999999571,3.1815,1.0874697767031718,0.2926828982748314,1.275000200000018,1.645166666666665,0.2322429240090701,-0.9726578145718654,0.4378124411798614,692.0,2.43,33.8,2.62,33.8,0,37.766666666666666,31.969999999999995,692.0,0,612.6666666666666,539.4285714285713,-0.0299999999999998,2.6466666666666665,-0.06,2.4633333333333334,1681.5600000000002,88.556,32409.82,2.8101,0.0
2024-06-18,26.15433333333333,7.517499999999999,5.0675,533.5261666666667,51.17583333333334,2.7168333333333337,0.0333333333333333,0.1038333333333333,2.0398333333333336,58362,宝山,宝山区,1006.583333,26.029167,67.5,11.4,3.266667,137.584177,0.6745062962405978,-0.7382690947965997,11.5,11.499999999999975,0.8416669999999158,20.560047619047623,5.470054459221386,40.8333375,19.26249999999996,3.1115000000000004,1.058264592252271,0.0602107351646471,4.428333599999983,0.125166333333329,0.2154773150467301,-0.976508846196619,0.4230689525324778,613.0,2.42,33.4,2.62,33.4,0,35.26666666666666,35.82857142857143,613.0,0,638.3333333333334,565.2857142857142,0.0,2.63,-0.0100000000000002,2.4466666666666668,1483.46,87.508,31370.785833333335,0.5117583333333436,0.0
2024-06-19,26.37933333333333,7.527833333333334,5.642499999999999,424.728,45.687000000000005,2.6835,0.0485,0.1075,2.065333333333333,58362,宝山,宝山区,1002.620833,24.825,99.458333,28.8,2.195833,167.01435,0.224707011682394,-0.9744263742842598,40.3,40.299999999999976,3.962500000000091,-81.21814285714288,2.689252071583586,90.6879029,80.38170819899995,3.188833333333333,1.1738090285001035,0.0210711151611667,10.16999980000002,1.5543333333333358,0.1986479428801711,-0.9800709131432666,0.4419356145260728,622.0,2.41,27.2,2.65,27.2,0,31.466666666666665,35.171428571428564,622.0,0,642.3333333333334,583.8571428571428,0.0299999999999998,2.6300000000000003,-0.0099999999999997,2.42,1499.02,72.08,28417.314000000002,0.45686999999998634,0.0
2024-06-20,26.32633333333333,7.401166666666666,4.314166666666667,529.381,60.63433333333333,3.0105,0.2011666666666667,0.1271666666666666,2.096833333333333,58362,宝山,宝山区,1001.291667,26.554167,96.833333,15.2,1.2875,123.5138485,0.8337523934808619,-0.5521385209935402,55.4,55.49999999999997,1.3291659999999863,16.759642857142808,2.36095620660661,72.61500000000001,109.24249981499996,3.569666666666666,0.7867781155015198,0.0169443661897132,12.1183332,-0.2278336666666653,0.1817597875913753,-0.9833429613388902,0.3947911705875885,1060.0,2.49,17.8,2.78,17.8,0,26.13333333333333,32.89999999999999,1060.0,0,765.0,666.2857142857143,0.1299999999999999,2.6833333333333336,0.08,2.44,2639.4,49.484,64272.39333333333,4.850746666666667,0.0
2024-06-21,26.83283333333333,7.079666666666667,5.333,259.0996666666667,38.46066666666667,3.266,0.337,0.179,2.284666666666667,58362,宝山,宝山区,1000.491667,26.670833,98.625,22.3,1.358333,195.048113,-0.2596300709026341,-0.9657081475700064,66.3,77.79999999999998,0.7999999999999545,-219.12192857142853,1.7109970930993876,91.4158109,154.53024999999997,4.411666666666667,0.8341936493039263,0.0143971206449771,14.234999799999992,0.1620003333333315,0.1648178466571979,-0.9863240225317866,0.4704784729354697,735.0,2.61,15.0,2.78,15.0,0,20.0,29.52857142857142,735.0,0,805.6666666666666,695.4285714285714,0.0,2.7366666666666664,0.1199999999999996,2.5033333333333334,1918.35,41.7,28268.59,4.615279999999984,0.0
2024-06-22,26.654,7.291166666666666,2.777,522.2118333333333,85.2425,3.4120000000000004,0.518,0.1775,2.583666666666667,58362,宝山,宝山区,1000.658333,27.116667,96.375,17.7,2.079167,246.47147,-0.9168614066197646,-0.3992056625991504,55.2,95.49999999999996,0.0,44.84788095238088,3.985474980217396,116.8491854,187.53812499999995,4.876666666666667,0.4141685309470544,0.0171587902071421,12.2875002,-0.4626669999999997,0.1478271334705304,-0.9890132145779884,0.3377697315831527,672.0,2.73,9.35,3.0,9.35,0,14.05,25.021428571428565,672.0,0,822.3333333333334,714.8571428571429,0.2200000000000002,2.853333333333333,0.1200000000000001,2.61,1834.56,28.05,57282.96000000001,10.22910000000001,0.0
2024-06-23,26.846166666666665,7.272333333333333,2.983166666666667,517.7088333333334,91.21116666666666,3.3015000000000003,0.3819999999999999,0.1623333333333333,2.4471666666666665,58362,宝山,宝山区,1003.808333,23.608333,97.875,4.5,2.458333,233.326188,-0.8020487151129139,-0.5972586195156365,44.5,99.99999999999996,0.0,43.45261904761912,4.430035823969675,111.8541515,197.87499999999997,4.4525,0.4730054702571285,0.020851433680983,10.3749998,3.237833666666667,0.1307926758567592,-0.9914097417023038,0.3264113847618602,712.0,2.7,10.5,3.07,10.5,0,11.616666666666664,21.00714285714285,712.0,0,706.3333333333334,729.4285714285714,0.0699999999999998,2.95,-0.0299999999999998,2.68,1922.4,32.235,64942.35066666666,2.7363349999999818,0.0
2024-06-24,26.85033333333333,7.250833333333333,2.597166666666667,538.9865,83.645,3.2825,0.2411666666666666,0.158,2.3191666666666664,58362,宝山,宝山区,1007.970833,25.6,90.041667,2.6,2.008333,245.259107,-0.9082097071188624,-0.4185153854938555,24.8,102.5,0.0,63.89478571428572,3.832320525727146,51.8149914,194.792708675,4.1403333333333325,0.4255092567309267,0.0359604439431878,6.1649998,1.2503333333333335,0.1137195145859496,-0.9935128947338008,0.3409432752217827,753.0,2.82,14.1,3.04,14.1,0,11.316666666666665,18.19285714285714,753.0,0,712.3333333333334,738.1428571428571,-0.0299999999999998,3.036666666666666,0.1199999999999996,2.75,2123.46,42.864,62984.685,10.037399999999966,0.0
2024-06-25,26.854666666666663,7.220333333333333,2.758833333333333,524.2895,88.79633333333334,3.3185,0.2456666666666666,0.1598333333333333,2.367,58362,宝山,宝山区,1012.241667,23.166667,96.916667,32.2,1.233333,149.583391,0.5062837698155852,-0.8623669430244411,39.3,123.29999999999998,0.0,50.517309523809445,1.8577494806779653,49.7033199,242.79825041099997,4.211,0.4476808654496281,0.0240770467421913,8.5999998,3.687999666666663,0.0966127018812031,-0.9953220513156602,0.3309156568371908,656.0,2.87,-1.43,2.95,1.43,1,7.72333333333333,13.217142857142852,656.0,0,707.0,744.2857142857143,-0.0899999999999998,3.02,0.0500000000000002,2.796666666666667,1882.72,-4.2185,58250.39466666667,4.439816666666684,0.0
2024-06-26,26.5795,7.249833333333334,2.8456666666666663,503.8825,88.10116666666666,3.577666666666667,0.225,0.1674999999999999,2.4936666666666665,58362,宝山,宝山区,1011.379167,23.9125,99.75,62.6,2.054167,162.634875,0.2984599064791622,-0.9544221729530646,97.4,157.09999999999997,0.8624999999999545,18.80252380952379,2.6672534907125813,202.1300328,313.80724999999995,4.393666666666666,0.4393042762311531,0.0098700443827272,20.8850002,2.666999999999998,0.0794772999236209,-0.9968366760893436,0.3322347883835868,773.0,2.89,19.9,3.09,19.9,0,10.856666666666664,12.17428571428571,773.0,0,727.3333333333334,765.8571428571429,0.1399999999999996,3.026666666666667,0.02,2.86,2233.9700000000003,61.49099999999999,68102.20183333333,1.7620233333333333,0.0
2024-06-27,26.12933333333333,7.173166666666667,1.88,490.6283333333333,81.45816666666666,3.718666666666667,0.3233333333333333,0.1705,2.6983333333333337,58362,宝山,宝山区,1009.154167,23.6,97.666667,8.1,1.783333,254.931651,-0.9656163899391385,-0.2599711281679288,102.9,150.0,2.2250000000000227,11.084452380952314,3.505348573519334,185.2882987,296.50000050000006,4.726666666666667,0.278642359567215,0.0092671249031342,22.094999800000007,2.5293333333333337,0.062318379354325,-0.998056320853012,0.3453860781792613,1220.0,2.98,44.2,3.16,44.2,0,20.89,15.945714285714285,1220.0,0,883.0,788.7142857142857,0.0700000000000002,3.0666666666666664,0.0899999999999998,2.9133333333333336,3635.6,139.67200000000005,99378.96333333332,7.331234999999983,0.0
2024-06-28,25.992833333333333,7.123833333333334,1.5373333333333334,482.87983333333335,56.96616666666666,3.731,0.349,0.1775,2.935666666666666,58362,宝山,宝山区,1005.3,25.520833,97.875,14.0,2.15,186.848759,-0.1192489440314326,-0.9928643861814102,84.69999999999999,141.7,3.854167000000075,-28.63264285714285,2.40638522966758,184.255,280.388875,5.059666666666667,0.224264527109166,0.0109046298844849,19.00083340000001,0.4720003333333338,0.0451410177739719,-0.998980624694158,0.4052060332451189,1210.0,3.03,57.6,3.4,57.6,0,40.56666666666666,22.031428571428567,1210.0,0,1067.6666666666667,856.5714285714286,0.2399999999999997,3.216666666666667,0.0499999999999998,2.966666666666667,3666.3,195.84,68929.06166666666,2.8483083333333217,0.0
2024-06-29,25.9085,7.1295,1.4951666666666668,487.0893333333333,52.08516666666666,3.901,0.175,0.1661666666666666,2.8635,58362,宝山,宝山区,1000.408333,29.095833,84.791667,16.4,2.4125,216.198656,-0.5905867384077128,-0.8069741658919074,38.5,140.39999999999998,4.891666999999984,-19.40564285714288,3.837290506408608,95.29375,259.447500468,4.700166666666666,0.2219116410231039,0.0213656190056752,10.125833399999998,-3.187332999999999,0.0279502982402103,-0.999609314096404,0.4201362522813757,1150.0,3.0,66.8,3.19,66.8,0,56.20000000000001,30.238571428571426,1150.0,0,1193.3333333333333,924.8571428571428,-0.2099999999999999,3.25,-0.0299999999999998,3.0033333333333334,3450.0,213.092,59897.94166666666,1.5625549999999895,0.0
2024-06-30,25.73333333333333,7.127,1.5596666666666668,471.3401666666667,55.5955,3.873166666666666,0.4795,0.1931666666666666,3.1283333333333334,58362,宝山,宝山区,1001.679167,24.866667,100.0,76.3,1.2125,177.847177,0.0375650090964323,-0.9992941859590624,106.7,212.2,0.0,-28.53071428571428,1.258047573529424,130.58624999999998,424.4,5.5395,0.2141124788358578,0.009181682543326,22.0675,0.8666663333333346,0.0107513077635219,-0.9999422030204416,0.4092677955490339,1120.0,2.89,30.2,3.12,30.2,0,51.53333333333333,33.05285714285714,1120.0,0,1160.0,983.1428571428572,-0.0699999999999998,3.236666666666667,-0.1099999999999998,2.973333333333333,3236.8,94.224,62266.96,6.115504999999989,0.0
2024-07-01,25.48183333333333,7.109666666666667,1.0066666666666666,461.6746666666666,55.30949999999999,4.087,0.5033333333333333,0.1991666666666667,3.3351666666666664,58362,宝山,宝山区,1000.104167,29.175,87.583333,0.1,2.604167,185.918848,-0.1031197483174756,-0.994668948699486,92.8,209.7,1.5750000000000457,-27.1516666666667,2.872708045616675,244.2708646,393.362249301,5.830166666666667,0.1327705970280489,0.0102062512942164,20.43750020000001,-3.69316666666667,-0.0064508641981051,-0.9999791929590824,0.4101277095884494,1350.0,2.94,61.0,3.68,61.0,0,52.66666666666666,39.75285714285714,1350.0,0,1206.6666666666667,1068.428571428571,0.56,3.33,0.0499999999999998,2.9433333333333334,3969.0,224.48,74667.825,2.765474999999989,0.0
2024-07-02,26.0105,7.1321666666666665,1.3528333333333336,462.005,40.50716666666667,3.8015,0.2788333333333333,0.1778333333333333,2.908666666666667,58362,宝山,宝山区,1003.7125,29.1625,81.291667,0.1,2.879167,242.038572,-0.8832634449541179,-0.4688770487108363,76.50000000000001,177.59999999999997,0.0,-17.923547619047667,5.4222299630182125,223.13544250000004,321.9740005919999,4.965833333333333,0.1972443623639192,0.012441034627791,17.027500200000006,-3.152000000000005,-0.0236511272452315,-0.9997202729664084,0.4618963843668342,1260.0,2.94,71.1,3.53,71.1,0,54.1,50.114285714285714,1260.0,0,1243.3333333333333,1154.7142857142858,-0.1500000000000003,3.4433333333333334,0.0,2.9233333333333333,3704.4,250.983,51039.030000000006,0.0,0.0
2024-07-03,26.472,7.140333333333333,1.622,472.3083333333333,58.07866666666666,3.6028333333333333,0.1999999999999999,0.1725,2.7085000000000004,58362,宝山,宝山区,1009.641667,29.479167,86.333333,5.2,1.279167,130.981197,0.7549248412642863,-0.6558113174092776,5.4,120.19999999999996,0.0,-3.109619047619105,2.244841944425513,8.1866688,223.972666266,4.633500000000001,0.2484744810682462,0.1302224577223024,1.8475002,-3.0071670000000026,-0.0408443915432961,-0.9991655196610107,0.4019793071321139,928.0,2.77,43.6,3.18,43.6,0,58.56666666666667,53.49999999999999,928.0,0,1179.3333333333333,1176.857142857143,-0.3499999999999996,3.4633333333333334,-0.1699999999999999,2.883333333333333,2570.56,138.64800000000002,53897.00266666667,9.873373333333326,0.0
2024-07-04,27.012,7.1946666666666665,1.734,471.1085,52.16283333333333,3.619166666666666,0.1588333333333333,0.1741666666666666,2.7593333333333336,58362,宝山,宝山区,1006.3375,33.458333,63.666667,0.0,2.595833,211.661728,-0.524903215536845,-0.8511619201533163,5.300000000000001,112.09999999999998,3.3041670000000067,-1.5209047619047735,3.958394088696655,16.353747900000002,183.47033370699995,4.659833333333333,0.265964517613375,0.081967213114754,3.2783332000000014,-6.446333000000003,-0.0580255693287803,-0.9983150972033183,0.4198881017368283,995.0,2.81,43.8,3.01,43.8,0,52.833333333333336,53.442857142857136,995.0,0,1061.0,1144.7142857142858,-0.1700000000000003,3.24,0.04,2.84,2795.9500000000003,131.838,51902.019166666665,2.0865133333333334,0.0
2024-07-05,27.507166666666667,7.2405,1.9428333333333332,455.0831666666666,64.76266666666668,3.71,0.1006666666666666,0.1706666666666666,2.7195,58362,宝山,宝山区,1003.741667,34.3375,58.333333,0.0,3.279167,193.928474,-0.2407104249583158,-0.9705969767706816,5.2,98.09999999999998,2.5958329999999705,-13.575285714285712,4.068496682079286,20.3308354,155.32499967299995,4.526833333333333,0.298102495908347,0.0828157349896482,3.526666799999994,-6.830333333333332,-0.0751895764147585,-0.9971692572470178,0.3837867065737487,764.0,2.8,23.5,2.93,23.5,0,36.96666666666667,48.57142857142856,764.0,0,895.6666666666666,1081.0,-0.0799999999999996,3.0400000000000005,-0.0100000000000002,2.793333333333333,2139.2,68.855,49478.67733333334,0.6476266666666797,0.0
2024-07-06,27.909,7.300333333333334,2.384,435.3331666666666,86.30250000000001,3.623,0.1055,0.1708333333333333,2.748166666666666,58362,宝山,宝山区,1004.429167,34.15,61.708333,0.0,3.133333,211.377751,-0.5206781431680321,-0.8537530504935782,0.0,81.69999999999997,0.0,-25.931547619047592,4.764791008367119,3.133333,132.11570806099996,4.561999999999999,0.3703684523963647,0.2419355033818954,1.8799998,-6.240999999999996,-0.0923313336953912,-0.9957283388645872,0.3356962488988838,738.0,2.77,13.0,2.96,13.0,0,26.76666666666667,40.88571428571428,738.0,0,832.3333333333334,1022.1428571428572,0.0299999999999998,2.966666666666667,-0.0299999999999998,2.793333333333333,2044.26,38.48,63691.24500000001,2.589074999999983,0.0
2024-07-07,27.85983333333333,7.415833333333333,3.1953333333333336,382.2328333333333,109.11433333333332,3.2085000000000004,0.1223333333333333,0.1546666666666666,2.5396666666666667,58362,宝山,宝山区,1004.033333,34.670833,58.458333,0.0,2.533333,212.756728,-0.5410732272766917,-0.8409754828319227,0.0,5.399999999999972,0.3958340000000362,-66.30226190476196,3.904051662076543,2.533333,8.556749981999955,4.208666666666667,0.543655182191975,0.2545068713037625,1.599166600000007,-6.810999666666671,-0.1094457686489155,-0.993992768446958,0.2962939589350687,474.0,2.77,5.29,2.96,5.29,0,13.93,37.32714285714285,474.0,0,658.6666666666666,929.8571428571428,0.0,2.9500000000000006,0.0,2.78,1312.98,15.6584,51720.193999999996,0.0,0.0
2024-07-08,28.137,7.4135,3.3865,373.60983333333337,120.86266666666668,3.056,0.081,0.141,2.3445,58362,宝山,宝山区,1002.9125,34.129167,56.416667,0.0,2.7625,203.394233,-0.3970555137402186,-0.9177945952164304,0.0,5.299999999999972,1.1208329999999478,-62.344571428571385,3.8593658567073534,2.7625,8.290083350999957,3.8355,0.6105101856859564,0.2047781709746213,1.8816665999999893,-5.992167000000002,-0.1265278168386831,-0.9919630595773395,0.2790869929946645,515.0,2.81,9.93,2.92,9.93,0,9.406666666666666,30.031428571428567,515.0,0,575.6666666666666,810.5714285714286,-0.04,2.9466666666666668,0.04,2.7833333333333337,1447.15,28.9956,62244.273333333345,4.834506666666668,0.0
2024-07-09,28.427333333333333,7.430333333333333,3.3245,392.5326666666666,110.6995,3.214166666666667,0.0718333333333333,0.1476666666666666,2.361833333333333,58362,宝山,宝山区,1002.966667,33.345833,60.541667,0.0,2.5125,215.402647,-0.5793188297037125,-0.8151010327258339,0.0,5.199999999999972,0.0,-33.49711904761898,3.9680385596305774,2.5125,8.348166683999954,3.910333333333333,0.576903054141601,0.2846975088967971,1.5075,-4.918499666666666,-0.1435724234118113,-0.9896398128792412,0.2938679357331895,504.0,2.78,10.9,2.9,10.9,0,8.706666666666665,21.431428571428565,504.0,0,497.6666666666667,702.5714285714286,-0.02,2.9266666666666663,-0.0300000000000002,2.786666666666666,1401.12,31.61,55792.548,3.320985000000022,0.0
2024-07-10,28.58566666666667,7.393833333333333,3.2665,399.4148333333333,119.88166666666666,3.200833333333333,0.0863333333333333,0.1481666666666666,2.309833333333333,58362,宝山,宝山区,1003.579167,27.9,90.583333,26.2,2.054167,269.143506,-0.999888271156856,-0.0149480835879991,26.2,26.19999999999997,0.0,-16.201595238095194,4.108104490297466,55.8733424,49.93283324599994,3.877833333333333,0.5662323404501199,0.034183164401844,6.472500200000001,0.6856666666666698,-0.1605745445949937,-0.9870237158387384,0.2804588963675571,524.0,2.76,0.371,2.86,0.371,0,7.067,15.255857142857137,524.0,0,514.3333333333334,644.8571428571429,-0.04,2.893333333333333,-0.02,2.783333333333333,1446.2399999999998,1.06106,62817.99333333333,2.3976333333333333,0.0
2024-07-11,28.5945,7.3155,3.0361666666666665,416.31733333333335,98.67,3.28,0.1868333333333333,0.1576666666666666,2.397,58362,宝山,宝山区,1002.908333,24.145833,98.708333,45.2,1.583333,90.415205,0.9999737428256182,-0.0072466308947264,71.4,71.39999999999998,0.6708340000000135,8.528214285714341,3.1666244261493146,114.6333092,141.87774976199995,4.1605,0.5023854830258405,0.0133950995662439,15.364166600000004,4.448667,-0.1775291491870349,-0.984115542601034,0.313208808201305,509.0,2.81,32.1,2.87,32.1,0,14.457,13.58442857142857,509.0,0,512.3333333333334,575.4285714285713,0.0100000000000002,2.8766666666666665,0.0500000000000002,2.783333333333333,1430.29,92.127,50223.03,4.933500000000019,0.0
2024-07-12,28.41925,7.29525,3.09,410.9225,91.74675,3.00525,0.1367499999999999,0.1397499999999999,2.14,58362,宝山,宝山区,1001.4,26.179167,96.458333,6.3,1.495833,156.557358,0.3978308133128767,-0.9174587968834432,77.7,77.69999999999997,1.5083329999999933,9.442047619047628,2.0909214589702403,117.7220571,152.64812474099995,3.67425,0.5578120769022474,0.0122392779824715,16.7391664,2.2400829999999985,-0.1944312200476619,-0.9809161537413774,0.3254283777960046,773.0,2.9,48.1,3.12,48.1,0,26.857,17.098714285714284,773.0,0,602.0,576.7142857142857,0.25,2.95,0.0899999999999998,2.8233333333333337,2241.7,150.072,70920.23775,8.257207499999982,0.0
2024-07-13,28.982333333333333,7.227833333333333,2.0716666666666668,436.4816666666666,62.457,3.2846666666666664,0.1004,0.1516666666666666,2.3476666666666666,58362,宝山,宝山区,1003.395833,27.954167,92.25,9.1,1.720833,242.605599,-0.8878603520734643,-0.4601130243929029,60.6,86.79999999999998,0.0,34.837142857142794,3.248692393239636,106.0033128,166.87299999999996,3.964733333333333,0.3510268169803222,0.0157925907260253,13.1524998,1.0281663333333313,-0.2112757555821793,-0.9774264960104057,0.3898445110623162,921.0,2.91,50.3,3.08,50.3,0,43.5,22.427285714285716,921.0,0,734.3333333333334,602.8571428571429,-0.04,3.023333333333333,0.0100000000000002,2.873333333333333,2680.11,154.924,57522.897,0.6245700000000125,0.0
2024-07-14,29.535000000000004,7.218999999999999,1.9614,439.6132,52.4434,3.3088,0.0716,0.1494,2.2158,58362,宝山,宝山区,1008.195833,28.7125,89.208333,0.1,1.104167,231.143583,-0.7787205940084138,-0.6273708922696233,15.499999999999998,86.89999999999998,0.0,29.771480952380955,1.964004582124488,18.2187555,164.42204137699994,3.781400000000001,0.3338894184938036,0.056804732652218,3.7625002,0.8225000000000051,-0.2280577712215198,-0.9736476020539838,0.4189946816164218,946.0,2.92,54.7,3.09,54.7,0,51.03333333333333,29.48585714285714,946.0,0,880.0,670.2857142857143,0.0099999999999997,3.0966666666666662,0.0099999999999997,2.91,2762.32,169.023,49611.456399999995,0.5244339999999842,0.0
2024-07-15,30.15683333333333,7.185333333333333,1.8621666666666667,440.7125,46.903,3.2726666666666664,0.0476666666666666,0.1435,2.1906666666666665,58362,宝山,宝山区,1008.429167,30.433333,83.208333,0.0,1.629167,184.127279,-0.0719723261132466,-0.9974066293512632,9.2,86.89999999999998,0.0,21.284685714285786,1.74642193861694,16.6175034,159.20804137699997,3.673333333333333,0.3235549635121048,0.0845368063533129,2.8175002,-0.2764996666666661,-0.2447723008972595,-0.9695805901076308,0.437571325259055,968.0,2.84,43.5,2.97,43.5,0,49.5,34.281571428571425,968.0,0,945.0,735.0,-0.1199999999999996,3.046666666666667,-0.08,2.89,2749.12,129.19500000000002,45402.104,3.75224,0.0
2024-07-16,30.42016666666667,7.062666666666666,2.0816666666666666,424.8243333333333,48.763666666666666,3.185333333333334,0.0405,0.1404999999999999,2.2918333333333334,58362,宝山,宝山区,1007.425,31.975,69.458333,0.0,3.791667,182.342137,-0.0408666185349577,-0.9991646108072074,0.0999999999999982,86.89999999999998,1.0041670000000522,0.7834238095237538,3.9466196089005874,4.170833699999993,147.25929137699995,3.737333333333333,0.3696906911351191,0.1696112882418317,2.49583360000001,-1.554833333333331,-0.2614143985111562,-0.965226663665613,0.4311032358472134,1060.0,2.76,40.2,2.83,40.2,0,46.13333333333333,38.46728571428571,1060.0,0,991.3333333333334,814.4285714285714,-0.1400000000000001,2.9633333333333334,-0.08,2.84,2925.6,113.766,51689.486666666664,3.9010933333333333,0.0
2024-07-17,30.09866666666667,7.443166666666666,2.547833333333333,405.0611666666667,46.49066666666667,2.994166666666666,0.0601666666666666,0.1318333333333333,2.294,58362,宝山,宝山区,1005.475,32.879167,69.333333,0.0,2.745833,207.147403,-0.4562812585017623,-0.8898356101775473,0.0,60.69999999999997,1.949999999999932,-19.78636190476186,3.99870513687567,2.745833,102.78533313099996,3.6725,0.474221367415312,0.1755669451685138,2.037499799999986,-2.7805003333333325,-0.2779791393987801,-0.9605871111248128,0.4390386723657493,1010.0,2.65,42.7,2.72,42.7,0,42.13333333333333,44.51428571428572,1010.0,0,1012.6666666666666,883.8571428571429,-0.1099999999999998,2.84,-0.1099999999999998,2.75,2676.5,116.14400000000002,46955.573333333334,5.113973333333325,0.0
2024-07-18,29.76133333333333,7.452666666666666,2.720333333333333,393.05283333333335,51.77333333333333,2.9120000000000004,0.1496666666666666,0.1333333333333333,2.2921666666666667,58362,宝山,宝山区,1005.1,32.095833,68.916667,0.0,2.591667,205.808116,-0.4353586259895946,-0.9002571114834097,0.0,15.49999999999997,0.375,-28.47119523809522,3.7199715841425753,2.591667,26.18208338499995,3.7751666666666654,0.504232313870868,0.2521008191511916,1.6300002,-2.334499666666669,-0.2944616217868012,-0.9556633054034704,0.4211362506928158,899.0,2.6,41.0,2.7,41.0,0,41.3,45.785714285714285,899.0,0,989.6666666666666,939.5714285714286,-0.02,2.75,-0.0499999999999998,2.67,2337.4,110.7,46544.22666666667,2.5886666666666565,0.0
2024-07-19,29.750666666666664,7.4655,2.9538333333333333,389.3603333333333,54.82316666666667,2.708333333333333,0.0926666666666666,0.1246666666666666,2.1853333333333333,58362,宝山,宝山区,1004.970833,34.220833,57.333333,0.0,2.558333,184.864041,-0.0847915971133277,-0.996398707877008,0.0,9.19999999999997,0.1291670000000522,-29.083385714285725,2.7752581410177317,2.558333,14.474666635999954,3.5246666666666666,0.5851878755860794,0.2711864406779622,1.5608332000000105,-4.470166333333335,-0.3108569682435036,-0.9504567035349152,0.4116000419656881,732.0,2.61,44.1,2.73,44.1,0,42.6,45.21428571428571,732.0,0,880.3333333333334,933.7142857142856,0.0299999999999998,2.716666666666667,0.0099999999999997,2.62,1910.52,120.393,40130.558000000005,0.5482316666666502,0.0
2024-07-20,29.860166666666668,7.506833333333333,3.245,381.548,69.666,2.7611666666666665,0.0651666666666666,0.1228333333333333,2.1351666666666667,58362,宝山,宝山区,1005.945833,33.779167,64.083333,0.0,2.708333,197.296071,-0.2973094016246554,-0.954781189438496,0.0,0.0999999999999698,0.0,-29.04805238095236,3.513545863630308,2.708333,0.1640833329999504,3.4286666666666665,0.6419810076496966,0.2696629455876805,1.6249998,-3.919000333333333,-0.3271603271220951,-0.9449688462364056,0.371580684876901,647.0,2.66,16.7,2.74,16.7,0,33.93333333333333,40.41428571428571,647.0,0,759.3333333333334,894.5714285714286,0.0100000000000002,2.723333333333333,0.0500000000000002,2.623333333333333,1721.02,45.758,45073.901999999995,3.4833000000000136,0.0
2024-07-21,29.8175,7.569500000000001,3.6825,359.3691666666667,87.78266666666667,2.614333333333333,0.0476666666666666,0.1228333333333333,2.1745,58362,宝山,宝山区,1005.766667,33.2625,64.791667,0.0,2.954167,181.578591,-0.0275481249269467,-0.9996204783881778,0.0,0.0,0.1791660000000092,-39.76345238095234,3.0355487615710635,2.954167,0.0,3.4505,0.7530161543180424,0.2419355033818949,1.8083334000000015,-3.445000000000004,-0.343366873996388,-0.939201357453208,0.3328426079460524,444.0,2.66,3.16,2.81,3.16,0,21.32,33.051428571428566,444.0,0,607.6666666666666,822.8571428571429,0.0699999999999998,2.76,0.0,2.643333333333333,1181.04,8.8796,38975.504,0.0,0.0
2024-07-22,30.1475,7.580000000000001,3.768666666666667,369.3788333333334,98.8445,2.703333333333333,0.0431666666666666,0.1223333333333333,2.1345,58362,宝山,宝山区,1003.3375,33.108333,63.458333,0.0,3.8,177.954883,0.0356864463125765,-0.999363035913166,0.0,0.0,2.4291670000000067,-19.563261904761877,3.935608495987791,3.8,0.0,3.401,0.7583084610483249,0.1383285238811054,2.7658334000000013,-2.9608330000000045,-0.3594718130884232,-0.9331559438780432,0.3129118999066906,437.0,2.73,-3.1,2.82,3.1,1,5.586666666666666,26.39428571428571,437.0,0,509.3333333333333,747.0,0.0099999999999997,2.79,0.0699999999999998,2.6833333333333336,1193.01,-8.741999999999999,43195.0465,6.91911499999998,0.0
2024-07-23,30.147166666666664,7.613499999999999,4.060666666666667,369.0931666666667,122.27316666666668,2.846,0.0548333333333333,0.1346666666666666,2.216666666666667,58362,宝山,宝山区,1001.333333,32.525,66.041667,0.0,3.420833,158.479264,0.3668379315079758,-0.9302848660528396,0.0,0.0,2.0041669999999385,-11.887333333333288,4.675724301754223,3.420833,0.0,3.6181666666666663,0.7738288073685883,0.155642023346305,2.453333199999988,-2.377833333333335,-0.3754703786876202,-0.9268343944460494,0.277133677765616,273.0,2.74,1.04,2.81,1.04,0,0.3666666666666667,20.8,273.0,0,384.6666666666667,634.5714285714286,-0.0099999999999997,2.813333333333333,0.0100000000000002,2.7100000000000004,748.0200000000001,2.9224,33380.5745,1.2227316666666912,0.0
2024-07-24,30.27283333333333,7.641166666666667,4.352,371.2825,130.1355,3.213833333333333,0.0463333333333333,0.1366666666666666,2.351,58362,宝山,宝山区,999.779167,31.395833,75.708333,0.0,3.704167,128.114491,0.7867789387575466,-0.6172348835958227,0.0,0.0,1.5541660000000093,-4.87247619047622,6.618527581240725,3.704167,0.0,3.764,0.7734368057818193,0.1597869592429802,2.533333400000002,-1.122999666666665,-0.3913578365610259,-0.9202385798054076,0.2666392413131879,116.0,2.79,4.65,2.75,4.65,0,0.8633333333333334,15.36428571428571,116.0,0,275.3333333333333,506.8571428571428,-0.06,2.793333333333333,0.0499999999999998,2.7533333333333334,323.64,12.7875,15095.718,6.506774999999974,0.0
2024-07-25,30.161,7.7175,4.68,371.1195,133.78116666666668,3.3218333333333336,0.0691666666666666,0.1441666666666666,2.4725,58362,宝山,宝山区,998.504167,30.466667,81.375,0.0,4.2,125.783355,0.8112337208473736,-0.5847220281126115,0.0,0.0,1.2749999999999773,-1.9021428571428487,7.607181627558969,4.2,0.0,3.983333333333333,0.802377414561664,0.154440154440155,2.7749999999999955,-0.3056669999999997,-0.4071294853542516,-0.9133704517637858,0.2619848824670499,-32.8,2.85,-9.0,2.75,9.0,1,-1.1033333333333333,8.221428571428566,32.8,1,118.73333333333332,373.7428571428571,0.0,2.77,0.06,2.793333333333333,-93.48,-24.75,4388.022266666667,8.02687,371.1195
2024-07-26,29.766333333333336,7.758666666666667,5.033333333333334,366.4690000000001,141.0395,3.1276666666666664,0.126,0.1418333333333333,2.483833333333333,58362,宝山,宝山区,1000.379167,29.1375,88.916667,0.8,4.858333,140.681622,0.6336290544029617,-0.7736370088202921,0.7999999999999983,0.7999999999999698,0.0,-3.28245238095235,7.936713944764704,8.744999399999992,1.511333335999943,4.0281666666666665,0.8874000940291491,0.150187742187121,3.0749998,0.6288333333333362,-0.4227806579826773,-0.9062320427107696,0.253081824362483,-8.63,2.86,-6.81,2.79,6.81,1,-3.72,0.9485714285714244,8.63,1,24.85666666666667,267.9385714285714,0.04,2.763333333333333,0.0099999999999997,2.833333333333333,-24.681800000000003,-18.9999,1217.1708850000002,1.4103949999999577,366.4690000000001
2024-07-27,29.424166666666665,7.7875,5.1665,372.6731666666667,131.18833333333333,3.1053333333333337,0.2333333333333333,0.1476666666666666,2.553333333333333,58362,宝山,宝山区,1006.391667,31.0875,74.5,0.0,6.508333,164.579728,0.2658972104860199,-0.9640013866461776,0.7999999999999983,0.7999999999999698,0.0,4.18954761904763,8.23888058961411,11.71499939999999,1.3959999999999475,4.263333333333334,0.8884271466238678,0.1203610880786795,4.0649998,-1.663333333333334,-0.4383067230125192,-0.898825465016444,0.2652819501404836,251.0,2.91,17.8,2.79,17.8,0,0.6633333333333334,1.105714285714282,251.0,0,69.85666666666667,211.3671428571428,0.0,2.776666666666667,0.0500000000000002,2.873333333333333,730.4100000000001,49.662000000000006,32928.27166666667,6.559416666666692,0.0
2024-07-28,29.629166666666663,7.7865,5.220666666666666,389.48333333333335,109.01066666666668,3.1223333333333336,0.1692499999999999,0.156,2.5708333333333333,58362,宝山,宝山区,1008.8375,31.508333,70.0,0.0,4.958333,170.737535,0.1609572880801354,-0.9869613728074104,0.7999999999999983,0.7999999999999698,0.0,16.697690476190417,5.756412833078242,8.92499939999999,1.3599999999999488,4.300083333333333,0.8921801791537901,0.1479654820204924,3.1349997999999992,-1.879166333333334,-0.4537030860313442,-0.8911529104063088,0.2964538304351664,530.0,2.77,35.6,2.71,35.6,0,15.53,5.739999999999997,530.0,0,257.45666666666665,223.65285714285707,-0.08,2.763333333333333,-0.1400000000000001,2.8466666666666662,1468.1,96.476,57775.65333333334,15.261493333333346,0.0
2024-07-29,30.0575,7.745999999999999,4.993166666666666,406.6086666666667,88.8525,2.952833333333333,0.1856666666666666,0.1573333333333333,2.4546666666666668,58362,宝山,宝山区,1007.720833,32.104167,67.333333,0.0,3.529167,173.8692,0.1067985736636862,-0.9942806770039344,0.0,0.7999999999999698,1.1166670000000067,28.50447619047617,3.906077001820951,3.529167,1.3386666639999496,4.213666666666667,0.8741793352980655,0.1771217503029665,2.340833600000001,-2.046666999999996,-0.4689651910076318,-0.8832166493127127,0.3308095225967831,572.0,2.57,35.9,2.68,35.9,0,29.76666666666667,11.311428571428568,572.0,0,451.0,242.93857142857132,-0.0299999999999998,2.7266666666666666,-0.2000000000000001,2.75,1470.04,96.212,50823.630000000005,17.77050000000001,0.0
2024-07-30,30.531,7.68,4.631166666666666,425.224,77.39166666666667,2.9088333333333334,0.0561666666666666,0.1513333333333333,2.345666666666667,58362,宝山,宝山区,1005.470833,32.304167,69.083333,0.0,3.804167,174.113347,0.1025608188790057,-0.9947267355564884,0.0,0.7999999999999698,2.25,39.10111904761902,4.1943254826724905,3.804167,1.352666663999949,3.915166666666667,0.8453605111043504,0.1417601823149352,2.7325002,-1.7731669999999973,-0.4840885216389758,-0.8750190302029955,0.3539701623126081,775.0,2.53,35.6,2.69,35.6,0,35.7,16.248571428571424,775.0,0,625.6666666666666,314.6528571428571,0.0099999999999997,2.6933333333333334,-0.04,2.623333333333333,1960.75,95.764,59978.541666666664,3.095666666666667,0.0
2024-07-31,30.8395,7.6595,4.6425,437.8078333333333,75.24933333333333,2.4756666666666667,0.0994999999999999,0.1458333333333333,2.341333333333333,58362,宝山,宝山区,1003.329167,33.870833,64.291667,0.0,2.6375,184.550826,-0.0793434112124337,-0.9968473419221092,0.0,0.7999999999999698,2.1416659999999865,42.18133333333333,2.846768247072794,2.6375,1.3143333359999505,3.899166666666667,0.9223204529651337,0.1730353480069619,2.0108331999999973,-3.0313329999999965,-0.4990686026885319,-0.8665624788845385,0.3586733405131934,853.0,2.47,34.9,2.69,34.9,0,35.46666666666667,20.57,853.0,0,733.3333333333334,419.9385714285714,0.0,2.686666666666667,-0.0599999999999996,2.523333333333333,2106.9100000000003,93.881,64187.68133333333,4.514959999999969,0.0
2024-08-01,31.01683333333333,7.691166666666667,4.8335,418.589,73.45016666666668,2.6806666666666668,0.0513333333333333,0.1251666666666666,2.051333333333333,58362,宝山,宝山区,1002.879167,34.866667,60.916667,0.0,1.891667,215.367174,-0.5788140728289193,-0.8154595447324156,0.0,0.7999999999999698,0.4499999999999318,16.181142857142845,2.986590480706063,1.891667,1.2873333359999517,3.354333333333334,0.9698682362383786,0.299251840473638,1.2250001999999862,-3.849833666666665,-0.5139010013093103,-0.8578494977869301,0.3627263859524506,604.0,2.43,32.4,2.68,32.4,0,34.3,26.48428571428571,604.0,0,744.0,510.91,-0.0099999999999997,2.686666666666667,-0.04,2.4766666666666666,1467.72,86.83200000000001,44363.90066666667,2.938006666666667,0.0
2024-08-02,31.1865,7.681333333333334,4.765833333333333,406.347,92.825,2.6121666666666665,0.0413333333333333,0.1271666666666666,2.0893333333333333,58362,宝山,宝山区,1004.729167,34.325,64.708333,0.0,1.833333,102.572164,0.9760226272598236,-0.2176690861763134,0.0,0.0,0.0,-1.7577142857143144,3.622707491302134,1.833333,0.0,3.402333333333333,0.9676491489289702,0.3529412179930845,1.0999998,-3.138500000000004,-0.5285813283559292,-0.8488826652214553,0.3234664651366894,436.0,2.48,30.2,2.7,30.2,0,32.5,31.77142857142857,436.0,0,631.0,574.4285714285713,0.02,2.69,0.0499999999999998,2.4600000000000004,1081.28,81.54,40471.700000000004,4.641249999999982,0.0
2024-08-03,31.469,7.667333333333333,4.6365,407.5676666666666,116.86866666666668,2.762333333333333,0.0425,0.1323333333333333,2.1283333333333334,58362,宝山,宝山区,1006.391667,33.808333,62.666667,0.0,1.733333,119.664166,0.8689412149312721,-0.4949153109308346,0.0,0.0,0.0,-5.521976190476153,3.239497482900467,1.733333,0.0,3.494166666666666,0.9041242809321072,0.3658537031528906,1.0399998,-2.339333,-0.5431052396834317,-0.8396646346181327,0.2847431922323241,335.0,2.54,12.7,2.73,12.7,0,25.1,31.042857142857137,335.0,0,458.3333333333333,586.4285714285713,0.0299999999999998,2.7033333333333336,0.06,2.483333333333333,850.9,34.671,39151.00333333334,7.01212,0.0
2024-08-04,31.57075,7.6555,4.545,409.05675,125.101,2.67275,0.039,0.13575,2.08175,58362,宝山,宝山区,1005.720833,33.483333,62.125,0.0,2.345833,128.49924,0.7826164141304038,-0.6225042556751464,0.0,0.0,0.6708340000000135,-6.829095238095249,4.181720410608767,2.345833,0.0,3.47825,0.8965823346648912,0.2489626349408593,1.5416666000000026,-1.9125830000000013,-0.5574684374327892,-0.8301981337405212,0.2732840191661705,280.0,2.59,6.9,2.79,6.9,0,16.599999999999998,26.94285714285714,280.0,0,350.3333333333333,550.7142857142856,0.06,2.74,0.0499999999999998,2.536666666666666,725.1999999999999,19.251,35028.28,6.255049999999975,0.0
2024-08-05,31.610666666666663,7.687666666666666,4.908,379.9748333333334,120.83316666666668,2.746833333333333,0.0494999999999999,0.1336666666666666,2.137833333333333,58362,宝山,宝山区,1004.883333,32.558333,70.333333,0.0,2.591667,123.62179,0.8327107216660239,-0.5537082751977341,0.0,0.0,0.8374999999999773,-32.10617857142847,4.74977589788802,2.591667,0.0,3.5240000000000005,0.956165984804208,0.2257760883705683,1.7225001999999956,-0.9476663333333342,-0.5716666713027052,-0.8204859638785327,0.2791280866871745,218.0,2.62,3.41,2.81,3.41,0,7.669999999999999,22.301428571428566,218.0,0,277.6666666666667,500.142857142857,0.02,2.776666666666667,0.0300000000000002,2.583333333333333,571.16,9.5821,26341.630333333338,3.6249950000000246,0.0
2024-08-06,31.52283333333333,7.724,5.092333333333333,369.786,116.02933333333333,2.828,0.0611666666666666,0.1433333333333333,2.2373333333333334,58362,宝山,宝山区,1005.308333,32.708333,62.458333,0.0,2.375,144.110363,0.5862258361530155,-0.8101476834668466,0.0,0.0,0.0,-34.375297619047615,3.767286360863412,2.375,0.0,3.731833333333333,0.9567559104430876,0.2962962962962963,1.425,-1.1854996666666686,-0.5856957398073508,-0.8105309990194823,0.2859561851157558,162.0,2.64,1.93,2.82,1.93,0,4.08,17.491428571428568,162.0,0,220.0,412.5714285714285,0.0099999999999997,2.806666666666666,0.02,2.6166666666666667,427.68,5.4426,18796.752,2.320586666666667,0.0
2024-08-07,31.589,7.68575,4.89725,384.4665,116.5515,2.78025,0.048,0.133,2.11025,58362,宝山,宝山区,1004.5125,32.25,70.333333,0.0,2.483333,130.543104,0.7599171663328379,-0.6500199230121103,0.0,0.0,0.7958329999999023,-12.074607142857133,4.370460376420826,2.483333,0.0,3.48825,0.949401444288276,0.233690396680106,1.6491663999999804,-0.6610000000000014,-0.5995514915196489,-0.8003361849976323,0.2852005387645199,173.0,2.68,1.86,2.83,1.86,0,2.4,12.771428571428569,173.0,0,184.33333333333331,315.4285714285714,0.0100000000000002,2.8200000000000003,0.04,2.6466666666666665,463.64,5.263800000000001,20163.4095,4.66206,0.0
2024-08-08,31.736400000000003,7.6822,4.7104,398.0826,112.1826,2.9636,0.0696,0.1464,2.2030000000000003,58362,宝山,宝山区,1003.620833,32.0,71.291667,0.0,1.775,122.466457,0.8437058556862251,-0.5368057647611234,0.0,0.0,0.8916670000000977,4.470978571428532,3.272577893843049,1.775,0.0,3.7366,0.85687258968202,0.2727272479338793,1.2433334000000196,-0.2635999999999967,-0.6132298262997502,-0.7899045386224707,0.2916290955357657,225.0,2.69,-8.01,2.85,8.01,1,-1.4066666666666665,6.998571428571424,225.0,0,186.66666666666663,261.2857142857142,0.02,2.833333333333333,0.0099999999999997,2.6700000000000004,605.25,-22.8285,25241.085,1.1218259999999662,0.0
2024-08-09,31.8985,7.695,4.484500000000001,405.24025,130.64475,3.1535,0.075,0.1565,2.26125,58362,宝山,宝山区,1001.804167,33.070833,64.083333,0.0,2.379167,127.541822,0.7929087747775636,-0.6093403604560779,0.0,0.0,1.816665999999941,11.786735714285726,4.265629390961212,2.379167,0.0,3.90125,0.7740571329938726,0.1924619209277918,1.790833399999988,-1.1723330000000018,-0.6267266965083301,-0.7792391467859886,0.265981371267457,301.0,2.73,9.55,2.9,9.55,0,1.1333333333333335,4.0485714285714245,301.0,0,233.0,241.99999999999997,0.0499999999999998,2.86,0.04,2.7,821.73,27.695,39324.069749999995,5.22579,0.0
2024-08-10,31.796,7.7054,4.6086,399.9736,110.287,2.7506,0.0341999999999999,0.1306,2.1448,58362,宝山,宝山区,999.991667,33.704167,63.875,0.0,2.479167,163.163774,0.2896370168063511,-0.957136562093162,0.0,0.0,1.8125,7.604952380952284,3.197225534044751,2.479167,0.0,3.485,0.9052801131452818,0.1889763660487328,1.8500002,-1.9081669999999988,-0.6400381082043503,-0.7683431655492202,0.2944959176382797,327.0,2.71,33.2,2.81,33.2,0,11.58,6.977142857142853,327.0,0,284.3333333333333,240.8571428571428,-0.0899999999999998,2.853333333333333,-0.02,2.7100000000000004,886.17,93.29200000000002,36063.849,2.20574,0.0
2024-08-11,31.7315,7.690749999999999,4.4175,391.50125,94.2795,2.8065,0.11375,0.141,2.16575,58362,宝山,宝山区,999.5875,31.195833,82.166667,8.5,1.1875,150.070207,0.4989384464660053,-0.8666374251312304,8.499999999999998,8.49999999999997,0.4041670000000295,1.6405309523809706,1.7799894051783811,11.281249999999998,15.484166694999944,3.6895,0.8287603770930071,0.0901577733987143,2.4933334000000054,0.5356670000000001,-0.65316012232693,-0.7572198192083127,0.3208553761137321,395.0,2.65,30.0,2.77,30.0,0,24.25,10.277142857142852,395.0,0,341.0,257.2857142857142,-0.04,2.8266666666666667,-0.06,2.6966666666666668,1046.75,83.1,37240.4025,5.65677,0.0
2024-08-12,31.9204,7.6506,3.8308,402.0538,72.2414,2.835,0.1093999999999999,0.147,2.1514,58362,宝山,宝山区,1002.716667,29.7125,89.541667,10.0,1.258333,108.910942,0.9460234817942657,-0.3240980899262675,18.5,18.49999999999997,0.0,9.038942857142844,2.4487455659166235,24.5374935,35.06520839499994,3.7308,0.7075206855791962,0.0481734251011389,4.4549998,2.207900000000002,-0.666088855860977,-0.7458723993404063,0.3655048048726482,406.0,2.62,35.0,2.79,35.0,0,32.733333333333334,14.789999999999996,406.0,0,376.0,284.14285714285705,0.02,2.79,-0.0299999999999998,2.66,1063.72,97.65,29330.0084,2.1672419999999857,0.0
2024-08-13,32.35733333333334,7.473666666666666,2.1953333333333336,462.5003333333333,50.11566666666667,3.308,0.081,0.1596666666666666,2.1993333333333336,58362,宝山,宝山区,1005.933333,31.05,77.75,0.0,2.341667,109.82795,0.9407154140394064,-0.3391968599333844,18.5,18.49999999999997,0.0,56.2405714285714,4.544509241447416,45.662506500000006,32.88374999999995,3.877,0.3667650498412875,0.0457840511898656,5.1050002,1.307333333333336,-0.6788204829862355,-0.734304263829602,0.4265533369640018,543.0,2.64,36.8,2.76,36.8,0,33.93333333333333,19.77142857142857,543.0,0,448.0,338.5714285714285,-0.0300000000000002,2.773333333333333,0.02,2.6366666666666667,1433.52,101.56799999999998,27212.807,1.0023133333333334,0.0
2024-08-14,32.44883333333333,7.4926666666666675,2.578333333333333,456.12000000000006,41.34133333333333,3.249333333333333,0.0315,0.1491666666666666,2.192333333333333,58362,宝山,宝山区,1006.545833,30.470833,78.291667,0.0,2.695833,69.200665,0.9348297978605338,0.3550961123865389,9.999999999999998,18.49999999999997,0.0,39.62402380952386,5.215978018455756,29.654162999999997,32.98395839499995,3.7155,0.4466580049083297,0.073014908987281,3.6174998,1.978000333333334,-0.6913512362094071,-0.722518835873311,0.4585190573461469,813.0,2.63,32.8,2.74,32.8,0,34.86666666666667,24.191428571428567,813.0,0,587.3333333333334,430.0,-0.0199999999999995,2.7633333333333336,-0.0100000000000002,2.6300000000000003,2138.19,89.872,33610.504,0.41341333333334157,0.0
2024-08-15,32.71383333333333,7.528833333333334,3.045166666666667,464.391,44.02316666666667,3.3151666666666664,0.0273333333333333,0.1418333333333333,1.9096666666666664,58362,宝山,宝山区,1006.116667,29.716667,78.75,8.9,1.979167,57.983681,0.8478971300069851,0.5301607840324648,8.899999999999999,27.39999999999997,0.4291660000000092,38.42239523809525,3.657297019104535,19.5937533,48.97749999999995,3.3553333333333333,0.5285982930710257,0.0812457706498515,3.053333400000002,2.9971663333333325,-0.7036774074790128,-0.7105196029692745,0.4480950547629202,925.0,2.58,24.0,2.71,24.0,0,31.2,28.76428571428571,925.0,0,760.3333333333334,529.9999999999999,-0.0300000000000002,2.7366666666666664,-0.0499999999999998,2.6166666666666667,2386.5,65.03999999999999,40721.42916666667,2.201158333333325,0.0
2024-08-16,32.77,7.5915,3.65,469.7833333333333,48.2245,3.2656666666666667,0.0356666666666666,0.1418333333333333,1.807,58362,宝山,宝山区,1007.416667,29.9625,79.125,0.0,1.804167,98.556758,0.9888689560487588,-0.1487890713830745,8.899999999999999,27.39999999999997,0.0,34.59428809523803,3.5882517378276213,17.861253299999998,49.08024999999995,3.261,0.6381490762864969,0.0854396558080553,2.8625001999999995,2.8075000000000045,-0.7157953492826642,-0.6983101158835584,0.4329522715679309,836.0,2.53,34.5,2.73,34.5,0,30.433333333333334,32.32857142857142,836.0,0,858.0,606.4285714285714,0.02,2.7266666666666666,-0.0500000000000002,2.58,2115.08,94.185,40315.682,2.4112250000000093,0.0
2024-08-17,32.40116666666667,7.609333333333333,3.8031666666666655,440.8935,55.471833333333336,3.295666666666667,0.1026666666666666,0.1456666666666666,1.8478333333333328,58362,宝山,宝山区,1008.108333,30.516667,73.875,0.0,2.270833,103.649914,0.9717557845213624,-0.2359887608537139,8.899999999999999,27.39999999999997,0.0,-0.14124523809528,4.477528103431999,22.4812467,47.64174999999995,3.4071666666666665,0.6495587816680899,0.0821636448384428,3.1424997999999995,1.884499666666667,-0.7277014757264236,-0.6858939875998223,0.4096390886940074,639.0,2.55,28.1,2.73,28.1,0,28.866666666666664,31.6,639.0,0,800.0,651.0,0.0,2.723333333333333,0.02,2.553333333333333,1629.4499999999998,76.71300000000001,35446.5015,1.1094366666666668,0.0
2024-08-18,31.96333333333333,7.663833333333334,4.221666666666667,405.96883333333335,73.93183333333333,3.194333333333333,0.0615,0.1376666666666667,1.836666666666667,58362,宝山,宝山区,1005.958333,29.570833,81.625,4.7,2.2875,125.612164,0.812977156940271,-0.582295579833227,4.699999999999998,23.59999999999997,2.1499999999999773,-37.13270952380947,4.14718524650087,13.038749999999997,42.863499999999945,3.274833333333333,0.749519159639,0.0986436498150434,2.7424999999999957,2.3925003333333343,-0.7393922635959241,-0.673274892250183,0.3616317969500717,407.0,2.58,1.23,2.7,1.23,0,21.276666666666667,27.49,407.0,0,627.3333333333334,652.7142857142857,-0.0299999999999998,2.72,0.0300000000000002,2.553333333333333,1050.06,3.321,30090.256166666666,2.2179550000000146,0.0
2024-08-19,31.731166666666667,7.656,4.178333333333334,397.8006666666667,94.02366666666668,3.2898333333333336,0.0535,0.1433333333333333,1.9351666666666667,58362,宝山,宝山区,1003.995833,31.591667,74.125,0.0,2.808333,138.823918,0.6583753087489029,-0.7526898118280776,4.699999999999998,13.59999999999997,1.962500000000091,-44.69328571428571,4.657270105944733,16.007498099999996,23.680999999999948,3.422,0.7233121754183497,0.0955033854517583,3.017499800000018,0.1394996666666657,-0.7508642533989489,-0.6604565640279754,0.3213117414278352,274.0,2.6,-1.5,2.73,1.5,1,9.276666666666667,22.275714285714283,274.0,0,440.0,633.8571428571429,0.0299999999999998,2.72,0.02,2.5766666666666667,712.4,-4.095,25762.48466666667,1.8804733333333337,0.0
2024-08-20,31.488166666666668,7.706333333333333,4.597333333333333,375.0396666666666,114.93733333333334,3.2715,0.0808333333333333,0.1453333333333333,2.128,58362,宝山,宝山区,1003.9375,32.05,73.041667,0.0,2.495833,171.993404,0.1392871015964535,-0.9902520403053252,4.699999999999998,13.59999999999997,0.0583329999999477,-54.9599047619048,2.843470344638781,14.226248099999998,23.533666711999945,3.662166666666667,0.7918700120571855,0.121150943656816,2.449166399999989,-0.561833333333329,-0.7621140503891487,-0.6474427960827475,0.2875474163168867,83.5,2.64,3.09,2.75,3.09,0,0.94,17.459999999999994,83.5,0,254.83333333333331,568.2142857142857,0.02,2.7266666666666666,0.04,2.606666666666667,220.44,8.497499999999999,9597.267333333333,4.597493333333333,0.0
2024-08-21,31.57783333333333,7.706166666666667,4.538333333333333,377.65,134.48766666666666,3.2631666666666668,0.1311666666666666,0.1528333333333333,2.290833333333333,58362,宝山,宝山区,1004.245833,29.6125,81.666667,11.4,2.491667,228.171058,-0.7451392169151814,-0.6669089498687435,11.4,24.99999999999997,0.0,-41.1395714285714,4.348305797193399,30.8966708,45.41666674999995,3.950333333333334,0.7662651958577217,0.067151649308301,3.7750002,1.96533333333333,-0.7731383255706026,-0.6342374393978054,0.2610974844762507,62.6,2.7,-5.28,2.75,5.28,1,-1.2300000000000002,12.019999999999994,62.6,0,140.03333333333333,461.0142857142856,0.0,2.7433333333333336,0.06,2.646666666666667,169.02,-14.52,8418.927933333332,8.06926,0.0
2024-08-22,31.6808,7.63,3.725,411.0588,149.7712,3.3266,0.1972,0.1604,2.3496,58362,宝山,宝山区,1007.116667,31.445833,70.166667,0.0,1.304167,156.445631,0.3996191041363848,-0.9166812813673209,11.4,16.099999999999973,0.0,-0.1118857142857336,1.8253370481842368,16.171670799999998,27.396833386999955,4.1508,0.6078853748490487,0.0729705059782181,3.0625002,0.2349669999999974,-0.7839338166829201,-0.620844401650647,0.2429557316948174,121.0,2.75,0.294,2.8,0.294,0,-0.6320000000000001,8.633428571428567,121.0,0,89.03333333333335,346.1571428571428,0.0499999999999998,2.766666666666667,0.0499999999999998,2.6966666666666668,332.75,0.8231999999999999,18122.3152,7.48855999999997,0.0
2024-08-23,31.766333333333336,7.644666666666667,3.756833333333333,402.8895,154.15583333333333,3.627,0.1368333333333333,0.1674999999999999,2.398333333333333,58362,宝山,宝山区,1008.425,31.458333,67.041667,0.0,2.041667,123.680398,0.8321438965032415,-0.5545597673041225,11.4,16.099999999999973,0.0,1.2750761904761705,3.7406277327420834,25.3166708,26.893708386999958,4.210166666666666,0.5834649134159914,0.0692440838027909,3.5050002,0.3080003333333359,-0.7944973291665992,-0.6072676460566135,0.2380900194892293,10.4,2.72,1.11,2.77,1.11,0,-1.292,3.863428571428568,10.4,0,64.66666666666667,228.21428571428564,-0.0299999999999998,2.773333333333333,-0.0299999999999998,2.723333333333333,28.288000000000004,3.0747000000000004,1603.2206666666668,4.62467499999997,0.0
2024-08-24,31.756833333333333,7.669166666666666,3.8105,400.7163333333333,158.26016666666666,3.635166666666666,0.1078333333333333,0.168,2.3671666666666664,58362,宝山,宝山区,1008.4125,30.304167,79.541667,0.0,2.004167,102.378386,0.976753214619688,-0.2143668764760681,0.0,16.099999999999973,0.0124999999999317,4.84150476190473,3.9617435598846953,2.004167,28.906208386999957,4.154999999999999,0.5932586018994239,0.3314916760782753,1.2050001999999862,1.4526663333333332,-0.8048257371083452,-0.593511190196115,0.2336583852496493,85.5,2.77,4.84,2.78,4.84,0,2.0813333333333337,0.5405714285714244,85.5,0,72.3,149.14285714285708,0.0099999999999997,2.783333333333333,0.0499999999999998,2.7466666666666666,236.835,13.455199999999998,13531.24425,7.913008333333302,0.0
2024-08-25,31.70533333333333,7.697333333333333,4.0715,393.782,155.0285,3.6185,0.0683333333333333,0.1651666666666666,2.4193333333333333,58362,宝山,宝山区,1007.025,30.479167,76.875,0.0,2.379167,111.511687,0.9303427909418488,-0.3666910025382834,0.0,11.39999999999997,1.3875000000000457,-0.3518523809523799,4.592607866896746,2.379167,20.163749999999947,4.139333333333333,0.6423444032499804,0.2097901951195648,1.705000200000009,1.2261663333333317,-0.8149159841660791,-0.5795791048257612,0.2371380280250853,167.0,2.73,24.2,2.79,24.2,0,10.05,3.821999999999996,167.0,0,87.63333333333333,114.8571428571428,0.0100000000000002,2.78,-0.04,2.74,455.91,67.518,25889.7595,6.2011400000000005,0.0
2024-08-26,31.685,7.710166666666666,4.262333333333333,400.357,114.20366666666666,3.269166666666667,0.0603333333333333,0.1468333333333333,2.242833333333333,58362,宝山,宝山区,1003.491667,31.091667,74.625,0.0,2.275,136.888195,0.6834241989780773,-0.7300214820477363,0.0,11.39999999999997,3.5333329999999705,5.857957142857174,3.829790052675125,2.275,19.907249999999948,3.771500000000001,0.7351596860896311,0.1468788321605309,2.071666599999994,0.5933329999999977,-0.8247650844733614,-0.5654755126737576,0.2886249342604705,370.0,2.69,32.4,2.76,32.4,0,20.48,8.664857142857139,370.0,0,207.5,128.5714285714285,-0.0300000000000002,2.776666666666667,-0.04,2.73,995.3,89.42399999999999,42255.35666666667,4.568146666666666,0.0
2024-08-27,31.865166666666667,7.612999999999999,3.7225,452.0153333333333,80.3845,3.1986666666666665,0.064,0.1443333333333333,2.1235,58362,宝山,宝山区,1002.758333,28.583333,86.291667,0.6,1.916667,307.08314,-0.7977613957887646,0.6029732625823155,0.5999999999999982,11.99999999999997,0.7333340000000135,46.519766666666726,3.445709941182264,3.066667199999997,22.355000039999947,3.630833333333333,0.6523834560112164,0.2352940622837494,1.416667000000002,3.2818336666666674,-0.8343701235229538,-0.5512045872199277,0.3476106679275296,600.0,2.64,31.5,2.74,31.5,0,29.366666666666664,12.723428571428569,600.0,0,379.0,202.3571428571428,-0.0199999999999995,2.763333333333333,-0.0499999999999998,2.686666666666667,1584.0,86.31,48230.700000000004,4.0192249999999845,0.0
2024-08-28,31.8405,7.600666666666666,3.220333333333333,473.1571666666666,60.73233333333334,3.3826666666666667,0.1251666666666666,0.1563333333333333,2.146666666666667,58362,宝山,宝山区,1004.579167,30.020833,81.666667,0.0,2.979167,46.092773,0.7204636437470681,0.6934927094344234,0.5999999999999982,0.5999999999999716,0.0,54.01771904761904,5.125548512151021,4.766667199999995,1.0900000019999485,3.835166666666667,0.5304307244626237,0.2183803298722235,1.9075002,1.8196670000000024,-0.8437282590292712,-0.5367705514607103,0.3945215024788903,715.0,2.62,30.0,2.73,30.0,0,31.3,17.763428571428566,715.0,0,561.6666666666666,295.5571428571428,-0.0100000000000002,2.7433333333333336,-0.02,2.65,1873.3,81.9,43423.61833333334,1.2146466666666667,0.0
2024-08-29,31.929166666666664,7.606333333333333,3.532166666666667,482.668,48.77,3.1986666666666665,0.0574999999999999,0.143,1.9808333333333328,58362,宝山,宝山区,1006.833333,29.741667,78.958333,0.0,2.25,46.319266,0.7231994177906417,0.6906392706089605,0.5999999999999982,0.5999999999999716,0.0,53.29866666666658,3.877198690028944,3.599999999999996,1.073749997999949,3.468333333333333,0.6211859190432923,0.2597402597402598,1.4699999999999995,2.187499666666664,-0.8528367217694595,-0.522177676659508,0.4310816353575508,749.0,2.64,31.3,2.65,31.3,0,30.933333333333337,22.19285714285714,749.0,0,688.0,385.2714285714285,-0.08,2.706666666666667,0.02,2.6333333333333333,1977.36,82.945,36528.73,0.9754,0.0
2024-08-30,32.00733333333333,7.601500000000001,3.6551666666666662,487.787,53.08266666666666,3.3846666666666665,0.0808333333333333,0.159,1.9978333333333331,58362,宝山,宝山区,1008.404167,30.258333,75.083333,0.0,1.9,92.237384,0.9992376566651848,-0.0390397938297588,0.0,0.5999999999999716,0.0,46.28945238095241,3.798551547663851,1.9,1.05049999799995,3.6686666666666663,0.6036110423031404,0.3448275862068966,1.14,1.7490003333333275,-0.8616928164028522,-0.5074302810827518,0.4169764329714639,744.0,2.66,41.1,2.69,41.1,0,34.13333333333333,27.90571428571428,744.0,0,736.0,490.0714285714285,0.04,2.69,0.02,2.64,1979.04,110.559,39493.50399999999,1.0616533333333333,0.0
2024-08-31,31.888,7.593666666666667,3.7256666666666662,470.3836666666666,65.039,3.0706666666666664,0.0845,0.164,1.9786666666666664,58362,宝山,宝山区,1008.491667,29.991667,62.5,0.0,1.8875,115.491823,0.9026467157956792,-0.4303822794484852,0.0,0.5999999999999716,0.0,18.9336428571429,3.5912456760643447,1.8875,0.9749999999999538,3.7031666666666663,0.6428920652267694,0.3463203463203463,1.1324999999999998,1.896333000000002,-0.8702939222685674,-0.4925327287220543,0.3830749782279394,665.0,2.58,32.5,2.68,32.5,0,34.96666666666667,31.857142857142858,665.0,0,719.3333333333334,572.8571428571428,-0.0099999999999997,2.6733333333333333,-0.08,2.626666666666667,1715.7,87.10000000000001,43250.935,5.20312,0.0
2024-09-01,31.719666666666665,7.667166666666667,4.264833333333333,442.0773333333333,83.45233333333333,2.980166666666667,0.0325,0.1531666666666666,1.8825,58362,宝山,宝山区,1007.166667,31.1125,66.5,0.0,1.745833,125.846744,0.8105863191820393,-0.5856191758770481,0.0,0.5999999999999716,1.3250000000000457,-16.272023809523773,3.160981345376537,1.745833,0.9989999999999528,3.4466666666666668,0.7692238321409245,0.2456499689375586,1.3124998000000092,0.6071666666666644,-0.8786374941610001,-0.4774894280028391,0.3413300616842827,457.0,2.51,28.7,2.65,28.7,0,34.1,32.49999999999999,457.0,0,622.0,614.2857142857143,-0.0300000000000002,2.6733333333333333,-0.0700000000000002,2.583333333333333,1147.07,76.05499999999999,38137.71633333333,5.84166333333335,0.0
2024-09-02,31.682166666666664,7.713833333333333,4.623,430.3966666666667,89.03966666666668,2.9436666666666667,0.0371666666666666,0.1451666666666666,1.8903333333333332,58362,宝山,宝山区,1008.675,31.304167,71.833333,0.6,2.2,61.978433,0.8827708140980799,0.4698038843779532,0.5999999999999982,1.1999999999999715,0.0,-32.24407142857143,4.142095791015776,3.5199999999999965,2.061999995999951,3.3791666666666664,0.8509894155545329,0.2631578947368422,1.4399999999999995,0.377999666666664,-0.886721063082993,-0.4623048304798108,0.3304563250628661,243.0,2.52,6.17,2.64,6.17,0,22.456666666666667,28.75285714285713,243.0,0,455.0,596.1428571428571,-0.0099999999999997,2.6566666666666667,0.0100000000000002,2.536666666666666,612.36,16.288800000000002,21636.639000000003,0.8903966666666845,0.0
2024-09-03,31.53183333333333,7.735166666666667,4.679333333333333,419.96316666666667,105.3275,3.0011666666666668,0.0665,0.1521666666666666,1.9523333333333333,58362,宝山,宝山区,1008.9125,27.541667,88.125,2.4,2.054167,54.532067,0.8144403956049566,0.5802472249023185,2.9999999999999982,2.999999999999972,0.0,-38.09869047619048,3.7271635841186472,8.216667999999997,5.6437499999999465,3.5405,0.8371898854961833,0.1651754898733385,1.8325002,3.990166333333335,-0.8945422369764496,-0.4469834295196741,0.3022338784319917,199.0,2.57,-2.23,2.7,2.23,1,10.88,23.934285714285718,199.0,0,299.6666666666667,538.8571428571428,0.06,2.6633333333333336,0.0499999999999998,2.533333333333333,511.43,-6.021,20960.1725,5.266374999999979,0.0
2024-09-04,31.31083333333333,7.722833333333334,4.4703333333333335,417.5496666666667,103.59116666666668,3.044166666666667,0.061,0.1561666666666666,2.0148333333333333,58362,宝山,宝山区,1006.2875,29.816667,75.125,0.1,1.895833,131.825064,0.745184354185959,-0.6668585144364997,3.0999999999999983,3.099999999999972,2.625,-32.56826190476181,3.308578089749429,7.772915299999997,5.42887499999995,3.6375,0.7888591512014352,0.1159980711840723,2.2824998,1.494166333333336,-0.9020987014301836,-0.4315297589714714,0.3050285395266338,181.0,2.64,-1.58,2.75,1.58,1,0.7866666666666666,19.422857142857136,181.0,0,207.66666666666663,462.5714285714285,0.0499999999999998,2.6966666666666668,0.0700000000000002,2.5766666666666667,477.84,-4.345000000000001,18750.00116666667,7.251381666666688,0.0
2024-09-05,31.237,7.731000000000001,4.564166666666666,408.0598333333333,100.4545,2.8516666666666666,0.0503333333333333,0.1431666666666666,1.898,58362,宝山,宝山区,1007.970833,29.958333,75.916667,0.0,2.308333,108.051512,0.9507783089978324,-0.3098719205401201,2.4999999999999982,3.099999999999972,0.0,-31.399785714285716,4.503045946343894,8.079165499999997,5.45341667699995,3.38,0.8557277670145614,0.1721664374270552,1.8849998,1.2786669999999989,-0.9093882203647924,-0.4159483918249421,0.3101967440021117,66.2,2.62,-4.23,2.76,4.23,1,-2.68,14.347142857142854,66.2,0,148.73333333333332,365.02857142857135,0.0099999999999997,2.736666666666667,-0.02,2.61,173.44400000000002,-11.6748,6650.0879,2.00909,0.0
2024-09-06,31.224666666666668,7.732833333333333,4.643833333333333,404.472,88.35016666666667,2.6613333333333333,0.0551666666666666,0.1366666666666666,1.8905,58362,宝山,宝山区,1011.354167,29.504167,75.25,0.0,1.975,113.206976,0.9190873683729998,-0.3940538152298413,0.0999999999999982,3.099999999999972,0.0,-23.085476190476243,3.790197552536675,2.1724999999999968,5.43274999999995,3.312333333333333,0.9135709367520246,0.3252032520325205,1.2049999999999996,1.7204996666666688,-0.9164086366943458,-0.4002439388573056,0.3317611127067885,86.9,2.66,-0.944,2.78,0.944,1,-2.2513333333333336,8.340857142857137,86.9,0,111.36666666666667,271.1571428571428,0.02,2.763333333333333,0.04,2.64,231.154,-2.6243199999999995,7677.629483333334,3.5340066666666665,0.0
2024-09-07,31.178166666666662,7.727333333333333,4.4425,413.5891666666666,93.95316666666668,2.7131666666666665,0.0501666666666666,0.1378333333333333,1.9221666666666664,58362,宝山,宝山区,1012.6625,30.079167,73.541667,0.0,2.108333,102.823285,0.9750592364888792,-0.2219447799289809,0.0,3.099999999999972,0.0,-5.8548095238095925,4.164082565244309,2.108333,5.379791676999951,3.3506666666666667,0.8640194489465154,0.3217158521947295,1.2649998,1.0989996666666642,-0.923157872964704,-0.3844210472688554,0.3214377179878936,221.0,2.65,2.35,2.78,2.35,0,-0.9413333333333336,4.033714285714281,221.0,0,124.7,207.7285714285713,0.0,2.773333333333333,-0.0100000000000002,2.643333333333333,585.65,6.533,20763.649833333337,0.9395316666666855,0.0
2024-09-08,31.224500000000003,7.702833333333333,4.4465,421.2721666666666,102.64383333333336,2.939,0.0498,0.1516,2.0392,58362,宝山,宝山区,1011.4625,29.870833,78.375,6.9,2.454167,103.198788,0.9735837330504724,-0.2283302755648192,6.899999999999999,9.999999999999972,1.2000000000000457,4.800357142857138,4.843504069389279,19.3879193,17.83749999999995,3.605,0.8077496003487866,0.0865488615492571,3.092500200000009,1.3536670000000015,-0.9296339319682696,-0.3684843993077793,0.3065729165807505,241.0,2.62,2.25,2.78,2.25,0,1.2186666666666663,0.2551428571428529,241.0,0,182.9666666666667,176.87142857142848,0.0,2.78,-0.0299999999999998,2.643333333333333,631.4200000000001,6.255,24737.16383333334,3.0793149999999803,0.0
2024-09-09,31.285,7.742833333333333,4.3901666666666666,426.4875,107.6925,2.843,0.0378333333333333,0.1446666666666666,1.9613333333333332,58362,宝山,宝山区,1010.075,30.2125,76.875,0.0,2.545833,88.643384,0.9997197030838711,0.0236752036083422,6.899999999999999,9.399999999999972,1.3874999999999318,10.574142857142874,5.090952410861121,20.1120807,16.62624999999995,3.4458333333333337,0.8240575629594868,0.0845070446340017,3.1849997999999866,1.0725000000000016,-0.935834897334994,-0.3524387108846032,0.2984999064546073,340.0,2.61,28.2,2.77,28.2,0,10.933333333333332,3.40228571428571,340.0,0,267.3333333333333,190.7285714285713,-0.0099999999999997,2.776666666666667,-0.0100000000000002,2.6266666666666665,887.4,78.114,36615.45,1.0769250000000214,0.0
2024-09-10,31.141166666666667,7.758833333333333,4.525333333333333,428.637,88.54666666666667,2.683,0.0256666666666666,0.1393333333333333,1.837,58362,宝山,宝山区,1008.591304,28.556522,91.26087,35.9,3.652174,60.845032,0.8733052441687108,0.4871734295991812,42.8,42.89999999999997,1.483696000000009,11.484523809523807,6.841636706816617,159.9652212,82.05091322999994,3.256,0.8869724291127663,0.0204349079724136,11.048043600000002,2.584644666666666,-0.9417589340994617,-0.3362887301766828,0.3313882393703358,296.0,2.58,22.9,2.73,22.9,0,17.78333333333333,6.9922857142857096,296.0,0,292.3333333333333,204.5857142857142,-0.04,2.76,-0.0299999999999998,2.603333333333333,763.6800000000001,62.517,26209.81333333333,2.6563999999999823,0.0
2024-09-11,30.86433333333333,7.688666666666666,4.021333333333334,472.323,75.03,2.9628333333333337,0.0816666666666666,0.1583333333333333,1.9328333333333327,58362,宝山,宝山区,1008.5,29.279167,91.5,3.8,2.745833,120.552378,0.8611648248604593,-0.5083258250601227,39.7,46.599999999999966,0.0913040000000364,47.34576190476196,5.11044779454107,111.7554031,89.23899999999993,3.597833333333333,0.7145437853525632,0.0229688966456383,9.605760600000009,1.5851663333333337,-0.9474042892438844,-0.3200392362231385,0.3591622913851678,992.0,2.7,22.0,2.8,22.0,0,24.366666666666664,10.36085714285714,992.0,0,542.6666666666666,320.44285714285706,0.0699999999999998,2.766666666666667,0.1200000000000001,2.6300000000000003,2678.4,61.6,74429.76,9.003600000000008,0.0
2024-09-12,31.0765,7.594,3.4233333333333333,499.306,55.55416666666667,3.1726666666666667,0.0876666666666666,0.1586666666666666,1.9096666666666664,58362,宝山,宝山区,1009.25,30.325,77.958333,0.0,2.8,148.434144,0.5234782473989473,-0.8520390393051991,39.7,46.599999999999966,0.0,61.29359523809524,4.265739092717053,113.95999999999998,82.92858317799994,3.584,0.5854854341257626,0.0229885057471264,9.62,0.7515000000000001,-0.9527692922168512,-0.3036950375106588,0.4093918031836043,1340.0,2.88,40.0,2.84,40.0,0,28.3,16.679428571428566,1340.0,0,876.0,502.41428571428565,0.04,2.79,0.1799999999999997,2.72,3859.2,113.6,74442.58333333333,9.999749999999983,0.0
2024-09-13,30.82783333333333,7.574166666666667,3.589166666666667,484.187,53.78116666666667,3.296666666666667,0.0731666666666666,0.1625,1.8205,58362,宝山,宝山区,1006.329167,29.845833,78.666667,0.0,1.8125,138.921277,0.6570953619156867,-0.7538074590695509,3.8,46.599999999999966,2.920833000000016,34.78673809523809,3.003485343472182,8.7,83.25866682199994,3.5186666666666664,0.5987100002780172,0.1048951085627658,2.431666600000004,0.9820003333333354,-0.9578523554276668,-0.2872609705505963,0.4147982718587771,1170.0,2.62,45.5,2.73,45.5,0,35.833333333333336,23.314285714285717,1170.0,0,1167.3333333333333,657.1428571428571,-0.1099999999999998,2.79,-0.2599999999999998,2.733333333333334,3065.4,124.215,62923.965000000004,13.983103333333323,0.0
2024-09-14,30.740333333333336,7.5965,3.7468333333333335,469.8346666666667,54.094,3.2343333333333333,0.1066666666666666,0.1611666666666666,1.9065,58362,宝山,宝山区,1004.966667,29.5,78.666667,0.0,2.733333,55.769736,0.8267835628470734,0.5625201687103312,0.0,46.599999999999966,1.3624999999999543,12.399333333333402,4.99320779618748,2.733333,83.25866682199994,3.6248333333333336,0.6294377869862245,0.1962387699910905,1.9124997999999909,1.2403333333333355,-0.9626519747161488,-0.2707418984477642,0.4138317406060023,909.0,2.48,39.1,2.68,39.1,0,41.53333333333333,28.564285714285717,909.0,0,1139.6666666666667,755.4285714285714,-0.0499999999999998,2.75,-0.1400000000000001,2.66,2254.32,104.788,49171.446,7.573160000000005,0.0
2024-09-15,30.680000000000003,7.675999999999999,4.246833333333334,439.7561666666666,55.83416666666667,3.0725,0.0916666666666666,0.1558333333333333,1.9411666666666667,58362,宝山,宝山区,1004.6,29.1375,87.666667,6.4,4.816667,31.845306,0.5276276738708093,0.8494757428942152,6.4,46.09999999999997,0.3666670000000067,-20.319738095238165,7.358073805020289,35.6433358,86.51433348699996,3.5911666666666666,0.7421290228629679,0.0794701944651552,4.2433336000000015,1.542500000000004,-0.9671667297977312,-0.2541427094613622,0.4085535179909038,321.0,2.55,39.0,2.75,39.0,0,41.2,33.81428571428571,321.0,0,800.0,766.8571428571429,0.0699999999999998,2.72,0.0699999999999998,2.55,818.55,107.25,17922.7675,3.9083916666666556,0.0
2024-09-16,31.946000000000005,7.715999999999999,6.247400000000001,234.3952,48.1952,2.6355,0.05075,0.1332,2.0042,58362,宝山,宝山区,1004.8,27.704167,96.791667,64.7,5.491667,130.593066,0.7593500592058667,-0.6506823246285752,71.10000000000001,110.79999999999998,0.0,-198.23894761904768,9.661764661588904,395.9491907,218.045167036,3.38695,1.2449359836596423,0.0128879819014585,17.515000200000003,4.241833000000003,-0.97139528468375,-0.2374683155584684,0.4330533333259831,106.0,2.74,18.5,2.77,18.5,0,32.2,32.42857142857142,106.0,0,445.3333333333333,733.4285714285714,0.02,2.733333333333333,0.1900000000000004,2.59,290.44,51.245,5108.6912,9.15708800000002,0.0
2024-09-17,29.680333333333333,7.587666666666666,2.529666666666667,423.97,116.66533333333332,3.6195,0.088,0.184,2.585,58362,宝山,宝山区,1011.191667,29.258333,82.583333,0.0,2.816667,129.564872,0.7709039021131205,-0.6369514688787241,71.10000000000001,74.89999999999996,0.0,-7.997433333333333,4.988046581253257,203.0816907,136.75491641699995,4.513,0.3863561155657375,0.0133481645679725,15.910000200000002,0.4220003333333331,-0.9753363880767836,-0.2207236509605022,0.2850362520891774,909.0,3.31,50.9,3.3,50.9,0,36.13333333333333,36.42857142857142,909.0,0,445.3333333333333,821.0,0.5299999999999998,2.94,0.5699999999999998,2.8666666666666667,3008.79,167.97,106048.78799999999,66.49923999999997,0.0
2024-09-18,29.673166666666663,7.631,2.822,420.31483333333335,176.28433333333336,3.722833333333333,0.1223333333333333,0.2033333333333333,2.869333333333333,58362,宝山,宝山区,1009.4,29.3625,83.958333,0.2,3.625,85.277411,0.9966050049070148,0.0823314289581394,64.9,71.29999999999997,1.791667000000075,-4.222861904761885,7.237693142787928,238.8875,131.16229142899994,5.025,0.4102638656683869,0.0140219676839356,15.513333400000016,0.3106666666666626,-0.978988873740932,-0.2039136706831147,0.2154601323344505,654.0,3.2,46.0,3.41,46.0,0,38.46666666666667,39.85714285714285,654.0,0,556.3333333333334,772.7142857142857,0.1100000000000003,3.16,-0.1099999999999998,3.083333333333333,2092.8,156.86,115289.95400000003,19.391276666666634,0.0
2024-09-19,29.65183333333333,7.700833333333333,3.5209999999999995,415.811,190.494,3.755,0.1523333333333333,0.2105,3.04,58362,宝山,宝山区,1003.679167,28.175,93.125,36.0,4.429167,93.243504,0.9983980917753766,-0.0565795929579437,36.2,107.29999999999995,5.7208329999999705,3.201161904761875,8.851238880954469,164.7650124,207.22312499999992,5.297333333333333,0.5021153206255643,0.0211193241816262,11.041666799999996,1.4768333333333317,-0.9823516608469236,-0.1870433490699165,0.2023732916479192,291.0,3.14,52.3,3.29,52.3,0,49.73333333333333,41.61428571428571,291.0,0,618.0,622.8571428571429,-0.1200000000000001,3.333333333333333,-0.06,3.216666666666667,913.74,172.06699999999998,55433.754,11.42964,0.0
2024-09-20,29.192,7.715,3.517,403.9303333333333,231.56016666666667,3.8521666666666663,0.1761666666666667,0.1136666666666666,2.6855,58362,宝山,宝山区,1004.15,27.420833,99.416667,34.3,2.45,208.383019,-0.4753634829021533,-0.87978949705207,70.5,141.59999999999997,0.0,2.785733333333269,3.614640533110276,175.175,282.3740004719999,3.998333333333333,0.5704785077047849,0.0135226504394861,15.570000000000002,1.7711669999999984,-0.9854237542919524,-0.1701176783204905,0.1693950659986473,95.9,3.21,9.3,3.14,9.3,0,35.86666666666667,36.442857142857136,95.9,0,346.9666666666667,469.41428571428565,-0.1499999999999999,3.28,0.0699999999999998,3.1833333333333336,307.839,29.202,22206.619983333334,16.209211666666622,0.0
2024-09-21,28.67383333333333,7.591666666666666,2.3081666666666667,405.36716666666666,150.12083333333334,3.823333333333333,0.3578333333333334,0.2291666666666666,3.3555,58362,宝山,宝山区,1011.295833,23.504167,83.208333,1.6,3.7,315.370923,-0.7025143082228074,0.711669619094584,71.89999999999999,143.19999999999996,0.0,13.432209523809547,6.299302940424387,269.73,262.3543328559999,6.004999999999999,0.3088743671521289,0.0130548302872062,16.599999999999998,5.169666333333336,-0.9882042449941422,-0.15314166701312,0.242562577761503,377.0,3.37,39.7,3.42,39.7,0,33.76666666666667,36.52857142857143,377.0,0,254.63333333333333,393.41428571428565,0.2799999999999998,3.283333333333333,0.1600000000000001,3.24,1270.49,135.774,56595.55416666667,24.019333333333346,0.0
2024-09-22,28.034666666666663,7.627666666666666,2.5863333333333336,451.5588333333333,135.26283333333333,3.607,0.2181666666666666,0.2031666666666667,3.141,58362,宝山,宝山区,1015.95,22.4,67.916667,0.0,3.3375,325.813647,-0.5618863636546508,0.827214430688291,35.9,136.79999999999995,0.0,57.93778095238099,5.212795738697396,123.15375,229.71000045599996,5.390833333333333,0.3771906370773681,0.024852438645542,9.1825,5.634666666666668,-0.9906923101615608,-0.136120338622667,0.2601291460463287,401.0,3.18,34.0,3.18,34.0,0,27.666666666666668,35.81428571428571,401.0,0,291.3,404.8428571428571,-0.2399999999999997,3.2466666666666666,-0.1899999999999999,3.2533333333333334,1275.18,108.12,54240.396166666666,25.699938333333318,0.0
2024-09-23,27.49175,7.6045,2.60225,450.565,123.4415,3.50425,0.14275,0.1997499999999999,3.10475,58362,宝山,宝山区,1015.220833,23.658333,68.25,0.4,2.366667,346.488672,-0.2336376074218352,0.9723237467007584,2.0,72.49999999999997,0.729167000000075,26.06254761904762,2.9196094154442123,7.100001000000001,121.98124999999996,5.245,0.3916397020091804,0.1640464618951218,1.965833600000015,3.8334170000000007,-0.9928872135356962,-0.1190587300340498,0.2755325738505811,583.0,3.04,20.7,2.99,20.7,0,31.46666666666667,36.12857142857142,583.0,0,453.6666666666667,472.9857142857142,-0.1899999999999999,3.1966666666666668,-0.1400000000000001,3.1966666666666668,1772.32,61.893,71966.39450000001,17.281810000000014,0.0
2024-09-27,27.321,7.531000000000001,3.24975,434.62675,60.02,3.3825,0.04025,0.17725,2.29175,58362,宝山,宝山区,1013.854167,25.495833,77.583333,0.0,3.020833,62.633476,0.888084112866483,0.4596809855477512,0.4,72.49999999999997,1.3666660000000093,8.601904761904791,5.7035867949227965,4.2291662,128.74791642499994,4.1045,0.5245551026996489,0.1727862069608994,2.165833000000002,1.8251670000000004,-0.9987235240803972,-0.0505106171852228,0.3964914725987293,901.0,2.52,11.4,2.81,11.4,0,24.500000000000004,29.71428571428571,901.0,0,898.0,656.4285714285713,-0.02,2.8466666666666662,-0.08,2.6133333333333337,2270.52,32.034,54078.020000000004,4.8016000000000005,0.0
2024-09-28,27.07633333333333,7.570333333333333,3.6335,466.6453333333333,69.04350000000001,3.340666666666667,0.0646666666666666,0.168,2.2371666666666665,58362,宝山,宝山区,1015.054167,25.895833,80.166667,0.0,2.708333,71.583893,0.9487872388366044,0.3159157726686212,0.4,72.29999999999997,0.0,34.00184523809526,5.277964788920058,3.7916662,130.26050024099993,3.981833333333333,0.5970913672217352,0.2434077276598562,1.7049998000000002,1.1805003333333346,-0.9994446170919858,-0.0333235257116313,0.3730825122712359,726.0,2.52,17.0,2.77,17.0,0,16.433333333333337,26.471428571428564,726.0,0,859.0,706.2857142857141,-0.04,2.803333333333333,0.0,2.546666666666667,1829.52,47.09,50125.581000000006,0.0,0.0
2024-09-29,27.113,7.688,4.331,492.2913333333333,85.26549999999999,3.0926666666666667,0.1055,0.1608333333333333,2.337,58362,宝山,宝山区,1013.916667,27.104167,85.916667,0.0,3.045833,91.009534,0.9998447772390484,-0.0176187805423033,0.0,36.29999999999997,1.1375000000000457,48.72208333333339,6.091193217392342,3.045833,67.48775012099995,4.050833333333333,0.7458882287092053,0.1929260574228959,2.054999800000009,0.0088329999999992,-0.9998699583618592,-0.0161265732706577,0.3377244710306613,531.0,2.53,14.4,2.75,14.4,0,14.266666666666673,23.671428571428567,531.0,0,719.3333333333334,724.8571428571428,-0.02,2.776666666666667,0.0099999999999997,2.523333333333333,1343.4299999999998,39.6,45275.98049999999,0.8526549999999743,0.0
2024-09-30,27.329,7.7625,4.795333333333333,474.0566666666667,113.32616666666668,3.173166666666667,0.0776666666666666,0.1626666666666666,2.394833333333333,58362,宝山,宝山区,1011.720833,26.870833,89.0,13.6,2.65,110.359646,0.9375272598375556,-0.3479118236873884,13.6,15.599999999999971,2.1958339999999907,20.469369047619068,5.134447238569522,38.69,29.48399999999995,4.099166666666666,0.8158797674748334,0.0514248964585422,4.749166799999999,0.458166999999996,-0.9999994220246924,0.0010751512827982,0.2899227449658007,438.0,2.59,12.0,2.77,12.0,0,14.46666666666667,22.428571428571423,438.0,0,565.0,704.142857142857,0.02,2.763333333333333,0.06,2.5466666666666664,1134.4199999999998,33.24,49636.861000000004,6.79957,0.0
2024-10-01,27.154666666666667,7.770499999999999,4.706666666666667,461.115,156.83233333333334,3.329833333333333,0.128,0.1786666666666666,2.706,58362,宝山,宝山区,1016.225,21.7625,73.208333,0.0,4.266667,351.227743,-0.1525073115706304,0.9883023423616372,13.6,13.999999999999972,0.0,-0.4362738095238683,4.917364913537127,62.2933382,24.24916661999995,4.620666666666667,0.7537299490218059,0.0530035326324464,5.2800002,5.392166666666668,-0.999832969770105,0.0182765576816912,0.2351869918635922,446.0,2.63,31.6,2.81,31.6,0,19.33333333333334,21.21428571428571,446.0,0,471.6666666666667,690.7142857142856,0.04,2.776666666666667,0.04,2.583333333333333,1172.98,88.796,69947.22066666668,6.273293333333334,0.0
2024-10-02,26.319166666666664,7.842833333333334,5.143166666666667,435.9275,167.92366666666666,3.2235,0.17,0.1755,2.6925000000000003,58362,宝山,宝山区,1020.534783,20.317391,55.173913,0.0,3.286957,344.422595,-0.2685399696747141,0.9632685423531197,13.6,13.999999999999972,0.0,-23.390726190476187,4.16963633310209,47.9895722,21.72434781999996,4.6175,0.8364912851372964,0.0559066586899046,4.6921742,6.001775666666664,-0.9993706508539968,0.0354725557531255,0.2236596727062965,464.0,2.7,11.2,2.85,11.2,0,18.26666666666667,16.928571428571423,464.0,0,449.3333333333333,636.5714285714284,0.04,2.81,0.0700000000000002,2.64,1252.8000000000002,31.92,77916.58133333334,11.7546566666667,0.0
2024-10-03,25.49783333333333,7.859833333333333,5.2603333333333335,429.6041666666667,166.30116666666666,3.3441666666666663,0.111,0.178,2.643,58362,宝山,宝山区,1022.326087,20.782609,51.608696,0.0,3.147826,29.819451,0.4972685248648545,0.8675966886628438,0.0,13.599999999999971,0.0,-26.71965476190473,4.713140791551235,3.147826,20.61878265599996,4.534000000000001,0.8436556093127691,0.2410901518048249,1.8886956,4.715224333333332,-0.9986126020839734,0.052658056924614,0.2252978448708525,461.0,2.73,2.4,2.87,2.4,0,15.066666666666672,14.28571428571428,461.0,0,457.0,566.7142857142857,0.02,2.8433333333333337,0.0299999999999998,2.686666666666667,1258.53,6.888,76664.83783333332,4.989034999999967,0.0
2024-10-04,25.1045,7.916333333333333,5.652166666666666,425.6743333333334,156.483,3.162333333333333,0.0691666666666666,0.1653333333333333,2.542333333333333,58362,宝山,宝山区,1021.3,22.047826,62.086957,0.0,3.347826,50.281827,0.7691969128122454,0.639011822519827,0.0,13.599999999999971,1.026087000000075,-29.37057142857145,5.922963423832568,3.347826,22.04382615199995,4.264833333333334,0.9604633379591604,0.1860841439003545,2.213913000000015,3.056674000000001,-0.9975590477788612,0.0698279757298708,0.2355630858314156,291.0,2.68,4.24,2.85,4.24,0,5.946666666666672,13.26285714285714,291.0,0,405.3333333333333,479.5714285714285,-0.02,2.856666666666667,-0.0499999999999998,2.703333333333333,779.88,12.084,45536.553,7.824149999999969,0.0
2024-10-05,24.856,7.895666666666667,5.447833333333333,444.8281666666667,158.98383333333334,3.153333333333333,0.0684999999999999,0.1651666666666666,2.543833333333333,58362,宝山,宝山区,1019.230435,21.695652,86.73913,6.6,2.33913,77.476704,0.9762079238287906,0.2168365500875764,6.6,20.19999999999997,2.0695649999998977,-7.100000000000023,4.622607240865639,17.777388,37.72130425999995,4.263999999999999,0.9275275956981924,0.0832729951089613,3.13739099999998,3.160347999999999,-0.9962102997023295,0.0869772313136861,0.23288886895331,357.0,2.75,16.2,2.86,16.2,0,7.613333333333338,13.148571428571424,357.0,0,369.6666666666667,426.8571428571428,0.0099999999999997,2.86,0.0699999999999998,2.72,981.75,46.332,56757.228500000005,11.128868333333301,0.0
2024-10-06,24.58683333333333,7.828833333333333,5.273499999999999,479.0385,130.38016666666667,3.260333333333333,0.1256666666666666,0.1731666666666666,2.6750000000000003,58362,宝山,宝山区,1018.9,19.2,99.956522,14.7,2.634783,19.559069,0.3347784965325945,0.9422968525148409,21.3,34.89999999999997,0.3304350000000795,29.003595238095212,3.5168516914296397,58.7556609,69.78482617799995,4.532333333333334,0.8620116602190376,0.0395801057406271,5.906956800000016,5.386833333333335,-0.9945667569706336,0.1041007489354256,0.2663228526184796,442.0,2.82,30.9,2.96,30.9,0,17.11333333333334,15.50571428571428,442.0,0,363.3333333333333,414.14285714285705,0.1,2.89,0.0699999999999998,2.75,1246.4399999999998,91.464,57628.03366666667,9.12661166666664,0.0
2024-10-07,24.250333333333334,7.884333333333333,5.297166666666667,507.4048333333333,107.03666666666668,3.1776,0.1365,0.1645,2.517333333333333,58362,宝山,宝山区,1020.421739,18.113043,96.086957,4.6,2.604348,336.828528,-0.3934842163728231,0.919331371957612,25.9,25.89999999999997,0.0,52.60590476190475,3.629117831942129,70.05696119999999,50.78652186299994,4.298833333333333,0.8889205864420243,0.0338933095555949,6.742608799999999,6.137290333333333,-0.9926289059345096,0.121193461470736,0.2995271624944216,465.0,2.7,3.83,2.81,3.83,0,16.97666666666667,14.338571428571424,465.0,0,421.3333333333333,418.0,-0.1499999999999999,2.876666666666667,-0.1199999999999996,2.7566666666666664,1255.5,10.7623,49772.05,12.844399999999958,0.0
2024-10-08,23.799000000000003,7.837499999999999,4.939666666666667,523.7231666666667,93.98866666666667,3.145,0.1655,0.1716666666666666,2.5985,58362,宝山,宝山区,1019.4125,18.945833,65.125,0.1,2.375,329.855378,-0.5021843656352681,0.864760581265996,19.4,25.999999999999968,1.0092389999999796,59.98021428571428,3.5676878683837616,48.45,42.93249999999995,4.480666666666667,0.8195669607056938,0.0420446498204126,5.506847799999996,4.853167000000003,-0.9903973200352558,0.1382503109109819,0.3213742712956737,718.0,2.66,6.39,2.83,6.39,0,13.706666666666672,10.737142857142851,718.0,0,541.6666666666666,456.8571428571428,0.02,2.8666666666666667,-0.04,2.7266666666666666,1909.88,18.0837,67483.86266666667,3.759546666666667,0.0
2024-10-09,23.71333333333333,7.794833333333333,4.749833333333334,511.61483333333337,95.57716666666666,3.296333333333333,0.1476666666666666,0.1798333333333333,2.6183333333333336,58362,宝山,宝山区,1016.465217,17.178261,75.608696,0.0,0.686957,123.5138485,0.8337523934808619,-0.5521385209935402,4.699999999999999,25.99999999999997,2.9472829999999703,37.05940476190483,1.2597090429684326,3.9156549,45.65826095999995,4.564333333333334,0.7609067122336735,0.1071324499905727,1.941630799999994,6.535072333333336,-0.9878726596350428,0.1552662498599956,0.3185592585021718,774.0,2.56,32.0,2.83,32.0,0,14.073333333333338,13.708571428571425,774.0,0,652.3333333333334,501.14285714285705,0.0,2.8233333333333337,-0.1,2.64,1981.44,90.56,73976.727,9.557716666666666,0.0
2024-10-10,23.699,7.768333333333333,4.706,505.6230000000001,74.10816666666666,3.166166666666667,0.1378333333333333,0.163,2.572,58362,宝山,宝山区,1016.933333,19.0,74.208333,0.0,0.775,123.5138485,0.8337523934808619,-0.5521385209935402,0.1,25.99999999999997,0.0,20.2077380952382,1.421158104947668,0.8525000000000001,45.294166579999946,4.339833333333334,0.793056959892147,0.5333333333333333,0.485,4.699000000000002,-0.9850556718215012,0.172236243027682,0.3612328374469047,756.0,2.49,34.9,2.76,34.9,0,24.430000000000007,18.351428571428567,756.0,0,749.3333333333334,543.2857142857142,-0.0700000000000002,2.806666666666666,-0.0699999999999998,2.5700000000000003,1882.44,96.32399999999998,56025.774,5.187571666666652,0.0
2024-10-11,23.450333333333333,7.787333333333334,4.965166666666667,504.1875,58.6985,3.1285000000000003,0.0883333333333333,0.1493333333333333,2.5501666666666667,58362,宝山,宝山区,1019.354167,21.358333,73.583333,0.0,1.741667,67.347085,0.9228549109710968,0.3851477811133396,0.0,25.99999999999997,0.0,7.556071428571442,3.348972944226297,1.741667,45.13166657999995,4.131833333333334,0.8695309535623595,0.3647415969919031,1.0450002,2.092000333333335,-0.981947190186646,0.1891552687200409,0.4002077826377936,878.0,2.5,39.7,2.72,39.7,0,35.53333333333334,23.417142857142853,878.0,0,802.6666666666666,627.142857142857,-0.0399999999999995,2.77,0.0099999999999997,2.516666666666667,2195.0,107.984,51537.283,0.5869849999999824,0.0
2024-10-12,23.036,7.825666666666667,5.3235,483.6408333333333,53.817,3.056833333333333,0.0596666666666666,0.1336666666666666,2.2433333333333336,58362,宝山,宝山区,1020.408333,22.925,76.666667,0.0,2.304167,94.894281,0.996353817150178,-0.0853174721277512,0.0,19.39999999999997,0.0,-18.535261904761853,4.599932585801475,2.304167,34.27333339799995,3.6396666666666673,0.9762217671689232,0.3026481409686616,1.3825002,0.1110000000000006,-0.9785481345802032,0.2060183203251708,0.414687281517146,987.0,2.48,34.7,2.68,34.7,0,36.43333333333334,26.06,987.0,0,873.6666666666666,717.142857142857,-0.04,2.72,-0.02,2.49,2447.76,92.996,53117.379,1.07634,0.0
2024-10-13,22.936833333333336,7.797166666666667,5.390333333333333,496.03966666666673,54.61383333333333,2.6951666666666667,0.0858333333333333,0.1195,2.561333333333333,58362,宝山,宝山区,1017.470833,23.783333,78.833333,0.1,2.291667,136.011909,0.694508839770393,-0.7194841704171,0.1,4.799999999999971,2.9375,-8.565166666666642,3.883249989310097,2.5208337000000003,8.583999983999949,3.8421666666666665,1.0832663451232585,0.1579986750231112,1.9825002,-0.8464996666666629,-0.9748595108374124,0.2228204077947995,0.4122377336306667,836.0,2.47,28.6,2.63,28.6,0,34.333333333333336,25.73142857142857,836.0,0,900.3333333333334,773.4285714285713,-0.0500000000000002,2.6766666666666663,-0.0099999999999997,2.4833333333333334,2064.92,75.218,45657.164666666664,0.546138333333317,0.0
2024-10-14,23.06233333333333,7.812333333333334,5.3085,497.96133333333336,70.54166666666667,2.67,0.0986666666666666,0.1251666666666666,2.4765,58362,宝山,宝山区,1015.975,22.570833,87.291667,6.0,1.933333,20.846405,0.3558639799041741,0.9345377615734752,6.1,6.199999999999972,1.4958329999999478,-5.294428571428568,2.6213365758600764,13.7266643,11.612083353999946,3.826833333333333,1.057399907044685,0.0949742838131723,2.67916639999999,0.491500333333331,-0.9708824104813836,0.239556559120927,0.3694903178361818,731.0,2.43,29.6,2.64,29.6,0,30.966666666666672,29.41285714285714,731.0,0,851.3333333333334,811.4285714285713,0.0100000000000002,2.65,-0.04,2.4600000000000004,1776.3300000000002,78.144,51565.958333333336,2.8216666666666668,0.0
2024-10-15,23.134,7.846,5.3955,494.89025,91.099,2.63275,0.0715,0.1345,2.43575,58362,宝山,宝山区,1019.370833,21.1125,95.083333,2.3,1.616667,44.496875,0.7008703614800667,0.713288676763343,8.399999999999999,8.399999999999972,0.0,-4.246523809523751,2.749740984682895,15.1966698,16.386999971999945,3.85225,1.068574540773382,0.0907715554985913,2.6500002,2.0215,-0.9666180104000972,0.2562218218071163,0.3266179778693636,491.0,2.44,32.2,2.65,32.2,0,30.13333333333334,33.1,491.0,0,686.0,778.9999999999999,0.0099999999999997,2.64,0.0099999999999997,2.4466666666666668,1198.04,85.33,44729.609000000004,0.9109899999999728,0.0
2024-10-16,23.382166666666667,7.923999999999999,5.566333333333334,473.16100000000006,141.16033333333334,2.901,0.0835,0.1535,2.627833333333333,58362,宝山,宝山区,1020.304167,22.166667,94.416667,7.9,2.570833,64.489176,0.9025039384823048,0.4306816005170506,16.2,16.299999999999972,0.0,-20.482369047619045,4.891019907680279,44.2183276,31.689916720999943,4.246333333333333,1.0084850680919166,0.0505795582816363,4.7824998,1.2154996666666662,-0.9620675724981452,0.2728112643340191,0.2529374918352679,409.0,2.53,28.3,2.69,28.3,0,30.033333333333346,32.57142857142857,409.0,0,543.6666666666666,726.8571428571428,0.04,2.66,0.0899999999999998,2.466666666666667,1034.77,76.127,57734.57633333334,12.704429999999972,0.0
2024-10-17,23.561833333333336,7.94,5.5535,469.20616666666666,190.86616666666663,3.185166666666667,0.1265,0.172,2.9756666666666667,58362,宝山,宝山区,1015.4125,23.8875,94.416667,0.1,2.175,115.999332,0.8987991571193461,-0.4383606678997934,10.3,16.399999999999974,4.891666999999984,-19.234797619047697,4.1298881667345775,24.5775,31.88433338799995,4.822166666666667,0.9207239568941694,0.0544464599918973,4.343333399999997,-0.3256666666666632,-0.957232443323312,0.2893199776186952,0.2020437336342967,401.0,2.64,9.53,2.76,9.53,0,23.343333333333337,28.94714285714285,401.0,0,433.6666666666667,676.142857142857,0.0699999999999998,2.7,0.1100000000000003,2.536666666666666,1058.64,26.3028,76537.33283333332,20.99527833333339,0.0
2024-10-18,23.927166666666665,7.965,5.561833333333333,454.4076666666666,245.2595,3.549,0.1435,0.1851666666666666,3.5355000000000003,58362,宝山,宝山区,1013.633333,25.875,74.083333,0.0,3.033333,264.665939,-0.9956696100896169,-0.0929625061193522,7.999999999999999,16.399999999999974,1.7791670000000297,-26.921892857142893,6.053530485381967,27.299997,28.54966661199996,5.530666666666667,0.8498917611104037,0.0723981900452487,3.775833200000005,-1.9478333333333355,-0.9521140536681102,0.3057430764672831,0.1596799666162454,345.0,2.7,9.55,2.83,9.55,0,15.793333333333338,24.64,345.0,0,385.0,599.9999999999999,0.0700000000000002,2.76,0.06,2.623333333333333,931.5,27.0265,84614.5275,14.71557,0.0
2024-10-19,23.8435,7.991833333333333,5.863333333333333,464.5178333333333,296.135,3.656166666666667,0.0843333333333333,0.1951666666666666,3.7456666666666663,58362,宝山,宝山区,1024.583333,18.016667,76.5,0.2,3.8625,7.172488,0.1248568304730537,0.992174768820606,0.3,16.599999999999973,0.0,-14.07986904761907,4.34475950770217,5.02125,29.298999999999957,5.781666666666667,0.8761487311035289,0.1937046004842615,2.3775,5.826833000000001,-0.9467139181463862,0.3220757010206104,0.1278036217465866,134.0,2.73,5.69,2.86,5.69,0,8.256666666666671,20.49571428571428,134.0,0,293.3333333333333,478.14285714285705,0.0299999999999998,2.8166666666666664,0.0299999999999998,2.69,365.82,16.2734,39682.09,8.884049999999942,0.0
2024-10-20,23.175833333333333,8.034333333333334,6.140999999999999,492.4395,265.03116666666665,3.207333333333333,0.0715,0.1803333333333333,3.1011666666666664,58362,宝山,宝山区,1022.9375,18.1375,92.458333,1.2,1.925,291.695167,-0.9291637570192746,0.3696683819882714,1.4,17.69999999999997,1.6458330000000387,14.356107142857129,3.713640232262104,4.62,34.065124940999944,4.976,1.0096730879894773,0.1674808188405191,1.7641666000000078,5.038333333333334,-0.9410336347451196,0.3383130181923076,0.1465717423798,344.0,2.84,6.56,2.89,6.56,0,7.266666666666672,17.347142857142853,344.0,0,274.3333333333333,407.8571428571428,0.0300000000000002,2.86,0.1099999999999998,2.7566666666666664,976.96,18.9584,91170.72133333332,29.15342833333328,0.0
2024-10-21,22.85833333333333,7.963666666666668,5.493333333333333,561.7433333333333,223.71916666666667,3.447833333333333,0.0828333333333333,0.1878333333333333,3.4266666666666663,58362,宝山,宝山区,1019.0875,20.741667,91.333333,0.0,1.870833,295.192685,-0.9048814046891908,0.4256637680701952,1.4,11.69999999999997,3.850000000000023,74.54822619047621,3.5637149929788925,4.4899992,22.385999960999943,5.387833333333333,0.8571279970874291,0.1231400768862008,2.1724998000000046,2.116666333333334,-0.9350748843515574,0.3544502230989869,0.1752165499153727,374.0,2.81,3.2,2.91,3.2,0,5.150000000000005,13.575714285714284,374.0,0,284.0,356.8571428571428,0.02,2.8866666666666667,-0.0299999999999998,2.793333333333333,1050.94,9.312,83670.96833333334,6.711574999999955,0.0
2024-10-22,22.66783333333333,7.943,5.279166666666667,823.5965,199.462,3.4346666666666668,0.1088333333333333,0.1835,3.419333333333333,58362,宝山,宝山区,1021.133333,16.3875,80.5,0.0,3.741667,298.79746,-0.8763280359797705,0.4817148257588073,1.2,9.399999999999972,0.0,289.4433571428572,7.02059469340032,8.231667400000001,16.966999999999953,5.363166666666666,0.8276501789867001,0.1683029358595828,2.4850002,6.280333333333335,-0.9288394302558068,0.3704825404820963,0.1946048244408705,590.0,2.74,1.65,2.92,1.65,0,3.8033333333333377,9.211428571428568,590.0,0,436.0,371.0,0.0099999999999997,2.9066666666666667,-0.0699999999999998,2.796666666666667,1616.6,4.818,117682.57999999999,13.962339999999958,0.0
2024-10-23,22.0715,7.964333333333333,5.632666666666666,1192.5576666666666,131.5215,3.434,0.0586666666666666,0.1661666666666666,2.901333333333333,58362,宝山,宝山区,1022.158333,16.625,61.791667,0.0,2.2875,21.853661,0.3722372562862077,0.9281376110429508,0.0,1.4999999999999716,0.0,555.6335714285714,3.1389927237547,2.2875,2.426875004999954,4.621666666666667,0.915235877159725,0.3041825095057034,1.3725,5.4465,-0.9223291176290545,0.3864052261209853,0.264854689437166,800.0,2.67,5.18,2.89,5.18,0,3.3433333333333377,5.908571428571425,800.0,0,588.0,426.8571428571428,-0.0299999999999998,2.9066666666666667,-0.0700000000000002,2.74,2136.0,14.9702,105217.2,9.206505000000027,0.0
2024-10-24,21.86583333333333,7.952500000000001,5.782,1116.1493333333333,92.78983333333332,3.171333333333333,0.04,0.1608333333333333,2.637,58362,宝山,宝山区,1020.583333,18.6875,65.958333,0.0,2.929167,53.755106,0.8064972965182626,0.5912377784857236,0.0,1.3999999999999715,1.5749999999999318,386.8047857142857,5.29153226655051,2.929167,2.323416661999953,4.285333333333334,0.9935276934532332,0.1816805340390312,2.072500199999986,3.178333333333331,-0.9155458729775467,0.4022135682368036,0.3235300956300702,969.0,2.52,27.9,2.84,27.9,0,11.57666666666667,8.53285714285714,969.0,0,786.3333333333334,508.0,-0.0500000000000002,2.8833333333333333,-0.1499999999999999,2.643333333333333,2441.88,79.23599999999999,89913.3485,13.91847499999999,0.0
2024-10-25,21.6845,7.938666666666667,5.8755,800.2468333333333,64.95049999999999,2.974333333333333,0.0616666666666666,0.1271666666666666,2.340333333333333,58362,宝山,宝山区,1018.175,21.475,89.166667,4.3,3.516667,44.891909,0.7057715357213149,0.7084395100257868,4.3,5.699999999999971,2.408333000000084,21.49669047619045,5.998630469210469,18.6383351,10.782500018999944,3.673666666666666,1.1069836086164666,0.0890868596881953,3.451666800000017,0.2094999999999984,-0.9084917035725082,0.4179028888867866,0.3833025954950578,497.0,2.41,35.4,2.73,35.4,0,22.82666666666667,12.22571428571428,497.0,0,755.3333333333334,529.7142857142857,-0.1099999999999998,2.8200000000000003,-0.1099999999999998,2.533333333333333,1197.77,96.642,32280.398499999996,7.144554999999986,0.0
2024-10-26,21.569333333333333,7.898833333333333,5.779833333333333,647.1754999999999,58.92633333333333,2.7928333333333337,0.0544999999999999,0.1171666666666666,2.325833333333333,58362,宝山,宝山区,1014.495833,21.6875,100.0,25.2,2.225,77.824267,0.9775053109198304,0.21091080371457,29.5,30.69999999999997,3.679167000000007,-157.66859523809524,4.399949316796622,67.8625,61.39999999999994,3.552,1.1515906223019194,0.0274693828319159,7.970833400000002,-0.1181666666666672,-0.9011686968561567,0.4334685453485363,0.3995612392177692,680.0,2.57,27.8,2.67,27.8,0,30.36666666666667,15.38428571428571,680.0,0,715.3333333333334,607.7142857142856,-0.06,2.746666666666666,0.1599999999999997,2.5,1747.6,74.226,40069.90666666666,9.428213333333316,0.0
2024-10-27,21.44683333333333,7.7795,4.842833333333333,565.0441666666667,56.66516666666666,3.0083333333333333,0.2698333333333333,0.1391666666666666,2.6965,58362,宝山,宝山区,1015.725,18.645833,83.958333,17.3,3.075,358.889978,-0.0193723267676876,0.999812338869453,46.8,46.79999999999997,0.0,-250.1720238095238,3.13456990481064,146.985,86.09249984399995,4.358,0.8541403333431318,0.0196560196560196,11.205,2.801000333333331,-0.8935790198239952,0.4489059314938798,0.406089709521077,743.0,2.57,34.9,2.68,34.9,0,32.70000000000001,19.432857142857134,743.0,0,640.0,664.7142857142856,0.0100000000000002,2.6933333333333334,0.0,2.516666666666667,1909.51,93.532,42102.218833333325,0.0,0.0
2024-10-28,21.075666666666667,7.771,4.536333333333333,593.9568333333333,58.48,2.957666666666667,0.3871666666666666,0.154,2.764,58362,宝山,宝山区,1017.304167,17.1125,70.416667,0.0,2.2625,347.912536,-0.2094046243182218,0.9778290767379256,42.5,46.79999999999997,0.0,-225.8612857142856,2.7362779625199773,98.41875,79.75500015599995,4.691166666666667,0.7708516242317822,0.021851953018301,9.8575,3.963166666666666,-0.8857249183835637,0.4642104791518923,0.4008301621178608,793.0,2.53,30.2,2.72,30.2,0,30.966666666666672,23.29,793.0,0,738.6666666666666,724.5714285714284,0.04,2.69,-0.04,2.556666666666666,2006.29,82.144,46374.64,2.3392,0.0
2024-10-29,20.824,7.815833333333334,4.8435,611.35,73.513,3.4613333333333336,0.4885,0.1536666666666666,3.755833333333333,58362,宝山,宝山区,1019.579167,17.583333,66.125,0.0,2.620833,24.593603,0.4161792746253451,0.9092825805943504,17.3,46.79999999999997,0.0,-178.14719047619042,3.711569376854168,47.96124390000001,77.74649999999994,5.781,0.74670469436522,0.0477992439402389,5.0324998,3.240667000000002,-0.8776087166898392,0.4793776594606945,0.3625831960206697,704.0,2.51,29.5,2.73,29.5,0,31.533333333333346,27.268571428571423,704.0,0,746.6666666666666,740.8571428571428,0.0099999999999997,2.7100000000000004,-0.02,2.536666666666666,1767.04,80.535,51753.152,1.4702600000000001,0.0
2024-10-30,20.6535,7.946000000000001,5.602,594.2101666666666,97.3455,3.016666666666667,0.1253333333333333,0.157,2.690333333333333,58362,宝山,宝山区,1020.404167,19.329167,78.166667,0.0,2.795833,46.8477,0.7295382752962194,0.6839399863129935,0.0,46.79999999999997,0.0,-109.80880952380949,4.835500184836255,2.795833,83.38200015599993,4.385666666666666,0.9807422969187674,0.2634467849349536,1.6774998,1.3243329999999958,-0.8692328164574792,0.4944029842076181,0.315479512099563,391.0,2.51,32.5,2.71,32.5,0,30.733333333333334,31.171428571428567,391.0,0,629.3333333333334,682.4285714285713,-0.02,2.72,0.0,2.516666666666666,981.41,88.075,38062.0905,0.0,0.0
2024-10-31,20.544166666666666,8.005,5.852333333333333,552.4305,113.068,3.029166666666667,0.0731666666666666,0.1585,2.6748333333333334,58362,宝山,宝山区,1015.883333,19.4375,98.166667,111.8,3.345833,44.18959,0.6970348367381048,0.7170372628904885,111.8,158.59999999999997,4.520834000000036,-71.05721428571417,5.677995158907963,377.4099624,314.292333862,4.333,1.0290118391747745,0.0082872927947864,25.271666600000003,1.1066666666666656,-0.8605996962501181,0.5092820071573356,0.2903064668756627,437.0,2.69,25.6,2.76,25.6,0,29.200000000000006,30.84285714285713,437.0,0,510.6666666666667,606.4285714285713,0.0499999999999998,2.733333333333333,0.1800000000000001,2.57,1175.53,70.65599999999999,49410.716,20.352240000000013,0.0
2024-11-01,20.488,8.036999999999999,6.005,487.68375,134.73975,3.26825,0.2684999999999999,0.20375,3.04,58362,宝山,宝山区,1013.754167,18.154167,98.333333,49.1,4.483333,356.96462,-0.0529525974563301,0.9985970270447574,160.9,203.39999999999995,2.129165999999941,-91.15209523809524,4.720737127611681,725.8516127,403.4099993219999,5.346,0.913412176293874,0.005934277907777,35.29583299999999,2.3338329999999985,-0.8517119107469189,0.5240103253675756,0.2607819753520743,267.0,2.75,-31.8,2.86,31.8,1,8.766666666666671,21.242857142857137,267.0,0,365.0,573.5714285714286,0.1,2.776666666666666,0.06,2.65,734.25,-90.948,35975.513249999996,8.084385,0.0
2024-11-02,20.268,7.7525,3.9745,475.576,57.730500000000006,3.338,0.531,0.194,3.375,58362,宝山,宝山区,1021.7875,18.425,84.041667,0.0,2.175,322.593305,-0.6074686627608592,0.7943436433707602,160.9,178.19999999999996,0.0,-78.74563095238102,3.4962443415048683,352.1325,327.96225059399995,5.846,0.5837127331473051,0.0060947737315252,33.485,1.843,-0.8425720899866032,0.5385835804920232,0.4029825604913937,921.0,3.42,31.4,3.62,31.4,0,8.400000000000004,21.75714285714285,921.0,0,541.6666666666666,607.9999999999999,0.7600000000000002,3.08,0.6699999999999999,2.953333333333333,3149.82,113.668,53169.7905,38.679435,0.0
2024-11-03,20.311166666666665,7.805333333333333,4.459666666666666,479.8571666666666,55.4415,3.173,0.3683333333333333,0.1748333333333333,3.118,58362,宝山,宝山区,1021.3375,18.004167,87.625,0.0,0.695833,123.5138485,0.8337523934808619,-0.5521385209935402,49.1,160.89999999999995,0.4500000000000455,-62.29489285714283,1.2759854292129686,34.8612333,301.8886249999999,5.234666666666666,0.7090465843446924,0.01951378173519,10.327499800000007,2.306999666666666,-0.8331829385891785,0.5529974600700271,0.4097302847742766,983.0,3.27,20.1,3.21,20.1,0,6.566666666666671,19.64285714285714,983.0,0,723.6666666666666,642.2857142857141,-0.4100000000000001,3.2300000000000004,-0.1499999999999999,3.146666666666667,3214.41,64.521,54498.9945,8.316224999999994,0.0
2024-11-04,20.334166666666665,7.798166666666667,4.5568333333333335,511.7245,58.583000000000006,3.431666666666666,0.2053333333333333,0.1683333333333333,2.974166666666666,58362,宝山,宝山区,1024.4625,18.533333,67.916667,0.0,3.3375,29.056852,0.4856772268553621,0.8741382220873797,0.0,160.89999999999995,0.0,-18.68008333333336,4.958447744629771,3.3375,270.17791720299994,4.862833333333334,0.7209799061230948,0.2305475504322766,2.0025,1.8008336666666658,-0.8235472349556007,0.5672476988027229,0.4005364906428988,703.0,2.92,11.9,3.14,11.9,0,21.133333333333336,17.02857142857142,703.0,0,869.0,629.4285714285713,-0.0699999999999998,3.3233333333333337,-0.3500000000000001,3.203333333333333,2052.76,37.366,41183.849,20.504050000000007,0.0
2024-11-05,20.078,7.773999999999999,4.728,566.9472,70.3146,3.3120000000000003,0.28525,0.185,3.243,58362,宝山,宝山区,1027.045833,15.516667,58.5,0.0,2.804167,20.791398,0.3549666100155661,0.934878979212848,0.0,160.89999999999995,0.0,42.88587380952379,3.79955265390752,2.804167,255.0264999999999,5.37825,0.7333359184148279,0.2628696374265378,1.6825002,4.561332999999999,-0.8136678304455991,0.5813300798152042,0.3700298976657173,668.0,2.78,3.62,3.06,3.62,0,11.87333333333334,13.331428571428566,668.0,0,784.6666666666666,624.2857142857141,-0.08,3.1366666666666667,-0.1400000000000001,2.99,1857.04,11.0772,46970.152799999996,9.844044000000007,0.0
2024-11-06,19.659,7.8265,4.927833333333333,566.562,90.01166666666666,3.410166666666667,0.143,0.1853333333333333,3.192,58362,宝山,宝山区,1029.116667,15.6875,49.291667,0.0,2.445833,35.729239,0.5839555552372905,0.8117856302667027,0.0,160.89999999999995,0.0,46.45041190476195,3.874090767532688,2.445833,240.21029220299997,5.1883333333333335,0.7691927469497124,0.290205590346369,1.4674998,3.971499999999999,-0.8035476485339116,0.5952404359043674,0.3286338148840836,724.0,2.74,2.97,2.96,2.97,0,6.163333333333338,9.112857142857136,724.0,0,698.3333333333334,671.8571428571428,-0.1,3.053333333333333,-0.0399999999999995,2.813333333333333,1983.76,8.7912,65168.446666666656,3.6004666666666214,0.0
2024-11-07,19.264333333333333,7.806833333333333,4.921333333333333,561.7816666666666,83.0705,3.924833333333333,0.1851666666666666,0.2006666666666666,3.498333333333333,58362,宝山,宝山区,1027.9375,15.216667,62.166667,0.0,1.825,39.878869,0.6411666532053869,0.7674016698036323,0.0,49.09999999999997,1.1791670000000067,40.33419761904759,2.995129142099831,1.825,79.62383349699995,5.690166666666666,0.6915222482435597,0.2497398335284213,1.3308334000000013,4.047666333333334,-0.7931896839451843,0.6089746507720486,0.3420992223778444,832.0,2.64,28.6,2.92,28.6,0,11.730000000000006,9.541428571428566,832.0,0,741.3333333333334,728.2857142857141,-0.04,2.98,-0.1,2.72,2196.48,83.512,69114.656,8.30705,0.0
2024-11-08,19.128666666666668,7.896,5.650333333333333,589.997,68.03433333333334,3.3145,0.0595,0.1694999999999999,2.983,58362,宝山,宝山区,1024.279167,18.120833,76.75,0.0,2.441667,57.217695,0.8407338624094032,0.541448587215967,0.0,0.0,3.658333000000084,53.93335238095233,4.49445912762758,2.441667,0.0,4.7375,0.931015543472291,0.1408450704225335,2.196666800000017,1.0078336666666663,-0.7825970017677834,0.6225286602431057,0.3755457926962882,788.0,2.57,30.1,2.81,30.1,0,20.556666666666672,18.38428571428571,788.0,0,781.3333333333334,802.7142857142856,-0.1099999999999998,2.8966666666666665,-0.0700000000000002,2.6500000000000004,2025.16,84.581,53611.05466666667,4.7624033333333475,0.0
2024-11-09,19.058,7.8024,5.2878,532.2058,51.3962,3.34025,0.18525,0.15825,3.3912500000000003,58362,宝山,宝山区,1022.204167,19.05,83.166667,2.8,2.65,50.573474,0.7724396320244348,0.6350881945666725,2.8,2.7999999999999714,2.074999999999932,-11.947819047619078,4.6969650248647525,10.07,5.128666675999948,5.159000000000001,0.8657170923379174,0.1173020527859247,2.564999999999986,0.0079999999999991,-0.7717727365467836,0.6358984534680745,0.4223535800258268,739.0,2.52,35.5,2.75,35.5,0,31.40000000000001,18.969999999999995,739.0,0,786.3333333333334,776.7142857142856,-0.06,2.8266666666666667,-0.0499999999999998,2.5766666666666667,1862.28,97.625,37981.7918,2.5698099999999897,0.0
2024-11-10,19.0886,7.8284,5.3194,566.0272,46.7542,3.016,0.126,0.14,3.0505,58362,宝山,宝山区,1021.245833,17.254167,88.458333,1.0,2.241667,14.452617,0.2495792707298476,0.968354370890098,3.8,3.7999999999999714,0.9583340000000362,9.56357619047617,2.8011406150791656,10.7600016,7.161416653999946,4.5765,0.9598339949476722,0.1249999843750013,2.296667000000008,1.8344330000000009,-0.7607200913564104,0.6490800741100398,0.4380993896342722,905.0,2.53,36.9,2.7,36.9,0,34.16666666666668,21.369999999999997,905.0,0,810.6666666666666,765.5714285714284,-0.0499999999999998,2.7533333333333334,0.0099999999999997,2.54,2289.65,99.63,42312.551,0.46754199999998597,0.0
2024-11-11,19.21366666666667,7.906666666666666,5.778333333333333,549.0046666666667,55.273,3.1625,0.1159999999999999,0.1445,2.9825,58362,宝山,宝山区,1020.891667,16.979167,82.625,0.0,1.458333,54.663556,0.8157698683839876,0.5783766262884175,3.8,3.7999999999999714,0.3541659999999638,-12.784695238095196,2.647997119470026,6.9999984,6.939749999999948,4.5435,1.0095803849625813,0.1512287563294913,1.7058329999999928,2.234499666666668,-0.7494423368521954,0.6620696215153815,0.4102377680008801,865.0,2.46,40.4,2.68,40.4,0,37.6,25.441428571428563,865.0,0,836.3333333333334,788.7142857142856,-0.02,2.7099999999999995,-0.0699999999999998,2.5033333333333334,2127.9,108.272,47811.145000000004,3.869109999999989,0.0
2024-11-12,19.131833333333333,7.885666666666666,5.559166666666667,570.5883333333334,60.32416666666666,3.022333333333333,0.2045,0.1658333333333333,2.932166666666667,58362,宝山,宝山区,1020.508696,17.634783,85.73913,0.0,1.634783,77.698097,0.977038498386979,0.2130628373736658,1.0,3.7999999999999714,0.3829709999999977,8.278809523809628,3.232028927508561,3.269566,7.058086939999948,4.795,0.9446064965591456,0.2488952783072334,1.2574639999999997,1.497050333333334,-0.7379428103031386,0.6748632518680403,0.3956474958179132,811.0,2.45,27.8,2.67,27.8,0,35.03333333333334,28.89571428571428,811.0,0,860.3333333333334,809.142857142857,-0.0100000000000002,2.6833333333333336,-0.0099999999999997,2.48,1986.95,74.226,48922.89916666666,0.6032416666666486,0.0
2024-11-13,19.07875,7.9485,5.9885,550.83275,77.5,2.919666666666666,0.0933333333333333,0.1389999999999999,2.414,58362,宝山,宝山区,1018.629167,19.433333,82.666667,0.0,2.079167,111.843314,0.9282048179430704,-0.3720696385722319,0.0,3.7999999999999714,1.879528999999934,-9.229738095238076,4.00905982670824,2.079167,6.941333345999948,3.897333333333333,1.1083657227466224,0.201665921847198,1.6234059999999868,-0.3545830000000016,-0.7262249146041543,0.6874571793269664,0.3537357591044734,629.0,2.42,24.0,2.69,24.0,0,30.733333333333334,31.899999999999995,629.0,0,768.3333333333334,795.5714285714284,0.02,2.68,-0.0300000000000002,2.4433333333333334,1522.18,64.56,48747.5,2.3250000000000157,0.0
2024-11-14,19.30633333333333,7.976,5.998,552.2378333333334,108.54566666666666,3.138833333333333,0.0831666666666666,0.1495,2.5195000000000003,58362,宝山,宝山区,1015.645833,21.1,95.416667,2.7,1.316667,155.998429,0.4067616915377604,-0.913534304937335,2.7,6.499999999999972,2.983334000000013,-6.46124999999995,1.8522366961119483,4.8716679,12.702083354999944,4.097666666666667,1.0491516529648417,0.1249999843750017,1.9266670000000028,-1.7936666666666703,-0.7142921172691032,0.699847677146407,0.2971727973167136,540.0,2.49,29.4,2.71,29.4,0,27.066666666666677,32.014285714285705,540.0,0,660.0,753.8571428571428,0.02,2.69,0.0700000000000002,2.453333333333333,1344.6,79.67399999999999,58614.659999999996,7.598196666666688,0.0
2024-11-15,19.610333333333333,7.993666666666667,5.737166666666667,539.5216666666666,154.71833333333333,3.488833333333333,0.1001666666666666,0.1611666666666666,2.749333333333333,58362,宝山,宝山区,1015.3625,20.0625,99.166667,0.1,1.695833,62.475911,0.8868166207276179,0.4621215004749814,2.8000000000000003,6.599999999999971,0.2833330000000842,-11.966654761904806,3.199725890378378,6.4441654,13.145000021999945,4.461166666666666,0.92524997312117,0.173035348006959,1.634166400000017,-0.4521666666666668,-0.7021479494046978,0.7120310787787131,0.2374757773331315,463.0,2.55,7.88,2.72,7.88,0,20.426666666666677,28.84,463.0,0,544.0,707.4285714285713,0.0100000000000002,2.706666666666667,0.0599999999999996,2.486666666666667,1180.65,21.4336,71634.58833333333,9.283099999999939,0.0
2024-11-16,19.843,8.033666666666667,5.902,514.9616666666667,194.5078333333333,4.324166666666667,0.2276666666666666,0.1959999999999999,3.1648333333333336,58362,宝山,宝山区,1017.9,19.133333,94.375,3.2,2.7125,30.643083,0.5096884983131402,0.8603590149973999,6.0,6.999999999999972,0.0,-34.063207142857095,4.095030051674393,18.9875,13.606249999999946,5.3525,0.7856936832996827,0.1029601029601029,2.8275,0.7096669999999996,-0.6897960046655887,0.7240037789593305,0.1988523150495201,414.0,2.62,0.142,2.81,0.142,0,12.474000000000006,23.788857142857136,414.0,0,472.3333333333333,660.9999999999999,0.0899999999999998,2.7466666666666666,0.0700000000000002,2.553333333333333,1084.68,0.39902,80526.24299999999,13.61554833333337,0.0
2024-11-17,19.70683333333333,8.118,6.511500000000001,478.1933333333333,190.6433333333333,3.209833333333333,0.0401666666666666,0.1608333333333333,2.6375,58362,宝山,宝山区,1028.1,14.554167,62.708333,1.4,4.1375,39.37108,0.6343403956948805,0.7730538547796411,4.7,7.399999999999972,0.0,-58.28384523809524,6.762083387187569,23.58375,12.040416641999954,4.286,1.1114935988620198,0.1016518424396442,3.4225,5.1526663333333325,-0.6772399381909491,0.7357622347736527,0.2022409783295039,73.7,2.66,-2.44,2.85,2.44,1,1.8606666666666716,18.16885714285713,73.7,0,316.90000000000003,542.242857142857,0.04,2.793333333333333,0.04,2.61,196.04200000000003,-6.954,14050.413666666664,7.625733333333332,0.0
2024-11-18,19.0618,8.148,6.8842,483.0832,165.2896,2.6274,0.0809999999999999,0.141,2.3948,58362,宝山,宝山区,1031.4875,13.141667,60.041667,0.0,3.470833,42.669325,0.677766114305127,0.7352775627609818,4.6000000000000005,7.399999999999972,0.0,-43.97662619047617,5.823245995812006,19.436664800000003,11.843083357999957,3.8858,1.3449906220693966,0.1102434583461077,3.0024998,5.920132999999998,-0.6644834655228552,0.7473029667054296,0.2263272422832627,202.0,2.83,-2.53,2.86,2.53,1,-1.6093333333333284,12.035999999999992,202.0,0,229.9,447.52857142857135,0.0099999999999997,2.84,0.1699999999999999,2.703333333333333,571.66,-7.235799999999999,33388.4992,28.099231999999986,0.0
2024-11-19,18.345,8.123,6.516333333333333,528.0400000000001,180.8778333333333,2.9255,0.104,0.1465,2.8898333333333333,58362,宝山,宝山区,1027.975,13.470833,64.458333,0.0,2.270833,31.602975,0.5240301299457149,0.8516997257890114,1.4,7.399999999999972,3.512500000000045,7.058507142857138,3.4608179120750178,5.4499992,12.169916641999954,4.458833333333333,1.1859738526405192,0.1221995976456041,2.344999800000009,4.874166999999998,-0.6515303615068021,0.75862255966641,0.2111182497834665,604.0,2.82,3.72,2.85,3.72,0,-0.4166666666666619,8.595999999999995,604.0,0,293.2333333333333,417.95714285714274,-0.0099999999999997,2.853333333333333,-0.0100000000000002,2.77,1703.28,10.602,109250.21133333333,1.8087783333333693,0.0
2024-11-20,17.950833333333332,8.081333333333333,6.211833333333334,610.6793333333334,157.04266666666666,3.303333333333333,0.0983333333333333,0.153,2.9911666666666665,58362,宝山,宝山区,1025.316667,12.283333,68.25,0.0,1.6,333.339688,-0.4487000647726928,0.8936824110795631,0.0,7.399999999999972,2.658332999999857,81.14832857142858,2.317920103636309,1.6,12.450499999999954,4.6195,1.0472323686428773,0.1901743385213578,1.4916665999999714,5.667500333333331,-0.6383844591746642,0.7697176640069211,0.2349609472480928,666.0,2.63,7.33,2.82,7.33,0,2.8400000000000047,6.214571428571422,666.0,0,490.6666666666667,423.2428571428571,-0.0300000000000002,2.8433333333333333,-0.1899999999999999,2.76,1751.58,20.6706,104590.416,29.838106666666647,0.0
2024-11-21,17.781750000000002,8.1045,6.4965,1123.675,159.27925,3.6575,0.0705,0.16025,2.936,58362,宝山,宝山区,1025.091667,12.420833,66.458333,0.0,1.979167,303.869442,-0.8303096335338997,0.557302352821878,0.0,4.699999999999972,0.2250000000001364,512.5101142857143,3.622488426472388,1.979167,7.823541650999952,4.609,1.0262222573256456,0.3120935956209391,1.2325002000000271,5.360917000000002,-0.6250496486104377,0.7805849965070866,0.2325757354847116,814.0,2.56,12.2,2.8,12.2,0,7.750000000000004,3.757428571428565,814.0,0,694.6666666666666,462.3857142857142,-0.02,2.8233333333333337,-0.0699999999999998,2.67,2083.84,34.16,129653.30949999999,11.149547499999967,0.0
2024-11-22,17.556,8.065666666666667,6.388833333333333,946.3403333333332,96.0845,3.3541666666666665,0.0481666666666666,0.1354999999999999,2.7458333333333336,58362,宝山,宝山区,1026.691667,13.666667,63.208333,0.0,2.466667,17.910218,0.3075263181094783,0.9515395754618028,0.0,4.599999999999972,0.0,277.058495238095,3.2252320205121525,2.466667,7.507583317999954,4.149,1.1096861973135712,0.2884615107248547,1.4800002,3.8893330000000006,-0.6115298757991053,0.7912213413483807,0.3176699509535902,795.0,2.46,28.8,2.75,28.8,0,16.110000000000003,6.745999999999994,795.0,0,758.3333333333334,509.8142857142856,-0.0499999999999998,2.79,-0.1,2.5500000000000003,1955.7,79.2,76387.1775,9.608450000000001,0.0
2024-11-23,17.393333333333334,8.022,6.221666666666667,691.5303333333333,66.27283333333334,3.2031666666666667,0.0548333333333333,0.1158333333333333,2.6453333333333333,58362,宝山,宝山区,1028.191667,12.545833,61.708333,0.0,1.841667,41.023909,0.6563739052035742,0.7544357471433929,0.0,1.3999999999999715,0.0,-2.975599999999986,3.050489160874551,1.841667,2.263916661999954,3.8585,1.148686072989107,0.3519061170784613,1.1050002,4.847500333333334,-0.5978291414589552,0.801623551065242,0.379933012441825,836.0,2.43,41.9,2.68,41.9,0,27.633333333333336,12.711428571428566,836.0,0,815.0,570.0999999999999,-0.0699999999999998,2.7433333333333336,-0.0299999999999998,2.4833333333333334,2031.48,112.292,55404.08866666667,1.988184999999987,0.0
2024-11-24,16.949833333333334,7.999666666666667,6.3125,562.0185,55.540333333333336,3.208833333333333,0.0548333333333333,0.1035,2.4615,58362,宝山,宝山区,1025.475,14.6875,66.708333,0.2,2.270833,90.402585,0.9999753147158053,-0.0070263759525414,0.2,0.1999999999999716,2.716667000000143,-144.46245714285715,4.541609943842036,2.7249996,0.3334166659999527,3.551333333333333,1.191337443381983,0.1616161616161578,1.9458332000000285,2.262333333333334,-0.5839514998576998,0.8117885474764613,0.4094333259817245,838.0,2.41,35.1,2.61,35.1,0,35.26666666666667,18.074285714285708,838.0,0,823.0,679.2857142857143,-0.0700000000000002,2.68,-0.02,2.4333333333333336,2019.58,91.611,46542.799333333336,1.1108066666666667,0.0
2024-11-25,16.415666666666667,7.972,6.433,533.7216666666667,51.417,3.140833333333333,0.1095,0.0989999999999999,2.591666666666667,58362,宝山,宝山区,1021.554167,13.0375,82.083333,4.1,3.4375,270.945434,-0.9998638626419256,0.0165001873555522,4.3,4.299999999999971,3.9208329999999023,-179.99335714285712,6.87453202783162,18.21875,7.829583318999948,3.6911666666666663,1.2275936645251575,0.078999343752452,3.7066665999999806,3.378166666666667,-0.5699010576127624,0.8217133225960589,0.4222862128078639,878.0,2.36,37.4,2.58,37.4,0,38.13333333333333,23.77857142857142,878.0,0,850.6666666666666,775.8571428571429,-0.0299999999999998,2.623333333333333,-0.0500000000000002,2.4,2072.08,96.492,45144.126000000004,2.5708500000000103,0.0
2024-11-26,15.887666666666668,8.012,6.587,588.2813333333334,81.43599999999999,3.316333333333333,0.2313333333333333,0.1159999999999999,2.8705,58362,宝山,宝山区,1023.916667,8.266667,49.583333,0.0,2.816667,274.363068,-0.997101997025563,0.0760763269856936,4.3,4.299999999999971,0.0,-134.03959523809522,5.625171290656001,14.928335099999998,6.432083318999957,4.261833333333333,1.1540617882380424,0.1232032803612615,2.5500002,7.620999666666668,-0.5556819724760489,0.8313949395234058,0.3454317130004923,799.0,2.35,32.2,2.56,32.2,0,34.900000000000006,27.84714285714285,799.0,0,838.3333333333334,803.7142857142857,-0.02,2.583333333333333,-0.0099999999999997,2.373333333333333,1877.65,82.432,65067.363999999994,0.8143599999999755,0.0
2024-11-27,15.337000000000002,8.037333333333335,6.6385000000000005,598.6998333333333,83.51333333333334,3.2106666666666666,0.3281666666666666,0.1153333333333333,2.7448333333333337,58362,宝山,宝山区,1022.8875,8.083333,42.625,0.0,2.983333,272.890098,-0.9987280858679736,0.0504203381433909,4.1,4.299999999999971,1.0291669999999158,-121.90973809523804,5.962871456596759,15.2149983,6.132874999999959,4.226333333333334,1.1662518666002988,0.1097393689986292,2.815833199999983,7.253667000000002,-0.5412984521036173,0.8408305333122887,0.3412075062310882,991.0,2.32,29.0,2.57,29.0,0,32.866666666666674,30.94285714285714,991.0,0,889.3333333333334,850.1428571428571,0.0099999999999997,2.5700000000000003,-0.0300000000000002,2.3433333333333333,2299.12,74.53,82761.71333333333,2.5054000000000167,0.0
2024-11-28,14.731833333333334,8.098333333333334,7.0535,574.9878333333332,89.02716666666667,3.076833333333333,0.2543333333333333,0.1108333333333333,2.622333333333333,58362,宝山,宝山区,1021.904167,9.225,37.083333,0.0,3.716667,269.062368,-0.9998661002121848,-0.0163640351526599,0.0,4.299999999999971,0.983333000000016,-67.23785714285725,7.43283633907732,3.716667,5.894583318999961,3.985,1.2967184483868002,0.1754385964912275,2.426666800000003,5.506833333333335,-0.5267547528105542,0.8500173118187018,0.3304798906106364,1050.0,2.19,30.4,2.58,30.4,0,30.53333333333333,33.54285714285714,1050.0,0,946.6666666666666,883.8571428571429,0.0100000000000002,2.5700000000000003,-0.1299999999999999,2.286666666666666,2299.5,78.432,93478.52500000001,11.573531666666659,0.0
2024-11-29,14.443,8.157166666666667,7.47,553.8091666666667,116.90283333333332,3.5283333333333338,0.2075,0.1123333333333333,2.567333333333333,58362,宝山,宝山区,1020.675,7.6125,60.291667,0.0,1.620833,123.5138485,0.8337523934808619,-0.5521385209935402,0.0,4.299999999999971,1.229167000000075,-32.340642857142825,2.972206393182766,1.620833,6.892541680999954,3.898166666666667,1.274925330678424,0.2597402597402546,1.2183332000000149,6.8305,-0.5120551783114646,0.8589525565270845,0.2846939981844115,798.0,2.07,28.7,2.51,28.7,0,29.36666666666667,33.52857142857142,798.0,0,946.3333333333334,884.2857142857143,-0.0700000000000002,2.553333333333333,-0.1200000000000001,2.1933333333333334,1651.86,72.03699999999999,93288.461,14.02834000000001,0.0
2024-11-30,14.395,8.176666666666668,7.541,545.2715,136.15066666666667,3.2111666666666667,0.1808333333333333,0.1169999999999999,2.6915,58362,宝山,宝山区,1017.158333,9.425,68.708333,0.0,0.7375,123.5138485,0.8337523934808619,-0.5521385209935402,0.0,4.299999999999971,3.516666999999984,-19.98419047619052,1.3523923901921358,0.7375,7.254458318999952,4.042333333333334,1.355807263574254,0.1903251267041955,1.1458333999999968,4.970000000000001,-0.4972040784469378,0.8676336233547726,0.2590268093349213,607.0,2.08,8.57,2.51,8.57,0,22.55666666666667,28.76714285714285,607.0,0,818.3333333333334,851.5714285714286,0.0,2.533333333333333,0.0100000000000002,2.1133333333333333,1262.56,21.5107,82643.45466666667,1.361506666666694,0.0
2024-12-01,14.635,7.986999999999999,7.697333333333334,517.2496666666667,149.0785,2.9985,0.1618333333333333,0.1176666666666666,2.5656666666666665,58362,宝山,宝山区,1015.379167,10.683333,68.708333,0.0,1.120833,123.5138485,0.8337523934808619,-0.5521385209935402,0.0,4.099999999999971,1.7791659999999183,-41.61047619047622,2.055330196442335,1.120833,6.917041652999952,3.904166666666667,1.442258447317469,0.2564103221564982,1.0283329999999835,3.951667000000001,-0.4822058478963526,0.8760579434344281,0.2437373552248417,547.0,2.18,4.65,2.56,4.65,0,13.973333333333336,24.417142857142853,547.0,0,650.6666666666666,810.0,0.0500000000000002,2.5266666666666664,0.1,2.11,1192.46,11.904000000000002,81545.9395,14.90785,0.0
2024-12-02,14.844500000000002,7.800999999999999,7.800999999999999,500.0031666666667,180.03783333333334,2.8201666666666667,0.1221666666666666,0.1206666666666666,2.6973333333333334,58362,宝山,宝山区,1019.908333,14.604167,69.75,0.0,1.9375,21.65546,0.3690243661660804,0.9294197206729168,0.0,0.0,0.0,-54.040047619047584,2.6524847094467807,1.9375,0.0,4.026166666666667,1.5150514663041366,0.3404255319148936,1.1625,0.2403330000000014,-0.4670649248774303,0.8842230238742036,0.2119039838764614,430.0,2.23,4.93,2.61,4.93,0,6.050000000000002,19.77857142857142,430.0,0,528.0,746.0,0.0499999999999998,2.56,0.0499999999999998,2.1633333333333336,958.9,12.867299999999998,77416.26833333334,9.001891666666632,0.0
2024-12-03,15.027166666666666,7.821833333333333,7.9395,488.46616666666665,198.7875,2.733166666666667,0.1085,0.1208333333333333,2.733333333333333,58362,宝山,宝山区,1023.820833,12.391667,71.75,0.0,2.433333,61.315299,0.8772743607149402,0.4799892665801944,0.0,0.0,0.0,-51.3177380952381,4.568033651981568,2.433333,0.0,4.050166666666666,1.5721782178217822,0.2912621642002101,1.4599998,2.635499666666666,-0.451785789832884,0.8921264484954345,0.1951768992437911,346.0,2.32,4.32,2.65,4.32,0,4.633333333333336,15.79571428571428,346.0,0,441.0,681.2857142857143,0.04,2.606666666666667,0.0899999999999998,2.243333333333333,802.7199999999999,11.448,68780.47499999999,17.89087499999996,0.0
2024-12-04,14.7,7.795833333333333,7.866499999999999,495.5683333333333,174.96550000000002,2.814666666666666,0.1511666666666666,0.1238333333333333,2.7998333333333334,58362,宝山,宝山区,1023.066667,11.625,67.25,0.2,1.9875,58.387267,0.8516104662704738,0.5241751746683414,0.2,0.1999999999999716,0.754165999999941,-29.482500000000016,3.680075801712567,2.385,0.3344999999999524,4.189333333333334,1.5115772618094476,0.2536998314925757,1.383333199999988,3.075000000000001,-0.4363729641045924,0.8997658785476209,0.2167275250893436,533.0,2.42,4.18,2.68,4.18,0,4.476666666666669,12.249999999999996,533.0,0,436.3333333333333,615.8571428571429,0.0300000000000002,2.6466666666666665,0.1,2.3233333333333333,1289.86,11.2024,93256.61150000001,17.496550000000003,0.0
2024-12-05,14.197333333333331,7.764833333333333,7.776000000000001,503.0216666666667,165.18483333333333,2.923833333333333,0.1631666666666666,0.1235,2.894833333333333,58362,宝山,宝山区,1022.629167,9.3375,77.0,0.1,1.270833,285.446412,-0.9638799762882548,0.2663369882508873,0.3,0.2999999999999716,0.4375,-11.7482857142856,2.495763481906332,1.6520829,0.5309999999999497,4.292999999999999,1.461104847801579,0.3324100091313029,0.9099998,4.859833333333333,-0.4208310085956556,0.9071390534005044,0.2264342133037132,563.0,2.33,5.78,2.69,5.78,0,4.7600000000000025,8.732857142857137,563.0,0,480.6666666666667,546.2857142857142,0.0099999999999997,2.6733333333333333,-0.0899999999999998,2.356666666666667,1311.79,15.5482,92999.06116666667,14.866634999999967,0.0
2024-12-06,13.740166666666669,7.769666666666667,7.709166666666667,507.0315,137.6105,2.869,0.2175,0.1221666666666666,2.8905,58362,宝山,宝山区,1024.0,9.729167,70.291667,0.0,1.295833,326.825371,-0.5471926443211989,0.8370066965089192,0.3,0.2999999999999716,0.0,-1.0559285714285809,2.0049032858686724,1.6845829,0.5108750009999516,4.329666666666666,1.4523218939370155,0.3852327942514021,0.8374998,4.010999666666667,-0.4051645224207563,0.9142437912130223,0.2572296959542507,682.0,2.35,10.4,2.71,10.4,0,6.786666666666669,6.118571428571423,682.0,0,592.6666666666666,529.7142857142857,0.02,2.6933333333333334,0.02,2.3666666666666667,1602.7,28.184,93850.361,2.7522100000000003,0.0
2024-12-07,13.380833333333332,7.7785,7.957166666666666,504.0971666666667,131.4775,3.0530000000000004,0.1849999999999999,0.1196666666666666,2.797166666666667,58362,宝山,宝山区,1028.658333,9.3,57.333333,0.0,3.2,345.100228,-0.2571289476033373,0.9663771025352372,0.1,0.2999999999999716,0.0,1.8917857142856749,4.022812632330679,3.5200000000000005,0.4719999989999554,4.178833333333333,1.464149901864573,0.2325581395348837,1.94,4.080833333333333,-0.3893781415452015,0.9210779895789526,0.2649110544613895,647.0,2.29,25.5,2.69,25.5,0,13.893333333333336,8.537142857142852,647.0,0,630.6666666666666,535.4285714285713,-0.02,2.6966666666666668,-0.06,2.3233333333333337,1481.63,68.595,85065.94249999999,7.888649999999999,0.0
2024-12-08,13.331833333333334,7.790166666666667,8.107166666666666,532.0696666666666,107.162,2.605166666666667,0.2163333333333333,0.1051666666666666,2.732833333333333,58362,宝山,宝山区,1030.158333,6.375,57.166667,0.0,1.791667,34.972183,0.5731786718940601,0.8194304180867106,0.0,0.2999999999999716,0.0,27.74714285714288,2.818612311536415,1.791667,0.4715000009999553,4.0008333333333335,1.6636341872157048,0.3582089124526671,1.0750002,6.956833333333334,-0.3734765374130707,0.9276396261490468,0.2993303671227858,587.0,2.29,27.6,2.65,27.6,0,21.166666666666668,11.81571428571428,587.0,0,638.6666666666666,541.1428571428571,-0.04,2.6833333333333336,0.0,2.31,1344.23,73.14,62904.094000000005,0.0,0.0
2024-12-09,12.329833333333331,7.709166666666667,7.887,549.8553333333333,90.23083333333334,2.785833333333333,0.2608333333333333,0.106,2.760333333333333,58362,宝山,宝山区,1025.266667,9.225,57.166667,0.0,1.295833,75.84969,0.969657729131649,0.244466538273142,0.0,0.2999999999999716,4.8916659999999865,38.41107142857141,2.5523474841138523,1.295833,0.4715000009999553,4.081166666666666,1.5444516971279372,0.1391304541398895,1.755832999999997,3.1048333333333336,-0.3574644155648614,0.9339267592294762,0.3282255647839042,866.0,2.35,26.0,2.62,26.0,0,26.36666666666667,14.825714285714282,866.0,0,700.0,603.4285714285714,-0.0299999999999998,2.6533333333333333,0.06,2.31,2035.1,68.12,78139.90166666667,5.41385,0.0
2024-12-10,12.714666666666666,7.762833333333333,8.117333333333333,531.1975,79.0245,2.7260000000000004,0.2196666666666666,0.102,2.7550000000000003,58362,宝山,宝山区,1023.0875,8.829167,88.5,15.0,2.495833,52.157927,0.789704734149609,0.6134871089613012,15.0,15.299999999999972,2.1791670000001204,13.64876190476184,4.466804135746822,39.933328,28.84049999999995,3.994666666666667,1.6346915486339528,0.0483675937122125,4.933333200000024,3.885499666666666,-0.3413465142450361,0.9399375283564132,0.3504710410718368,650.0,2.18,23.5,2.6,23.5,0,25.700000000000003,17.56571428571428,650.0,0,701.0,646.8571428571429,-0.02,2.623333333333333,-0.1699999999999999,2.273333333333333,1417.0,61.1,51365.925,13.434164999999993,0.0
2024-12-11,12.754333333333332,7.725,7.971666666666667,537.4806666666667,68.08466666666666,2.4736666666666665,0.216,0.0946666666666666,2.5735,58362,宝山,宝山区,1026.1,7.1875,85.0,1.4,2.329167,305.031665,-0.8188349273104095,0.5740290600801986,16.4,16.49999999999997,0.0,13.944452380952498,4.236370291138805,40.52750579999999,30.52499999999995,3.736166666666667,1.7193903228125675,0.0506863771795332,4.6775002,5.566833333333333,-0.3251276029999093,0.9456701548465688,0.3754220830574383,708.0,2.27,26.4,2.58,26.4,0,25.3,20.73999999999999,708.0,0,741.3333333333334,671.8571428571429,-0.02,2.6,0.0899999999999998,2.2666666666666666,1607.16,68.112,48203.943999999996,6.127619999999986,0.0
2024-12-12,12.6965,7.758166666666667,7.917999999999999,522.0771666666667,71.43866666666666,2.3625000000000003,0.2866666666666667,0.1038333333333333,2.588833333333333,58362,宝山,宝山区,1026.3125,8.691667,64.708333,0.0,2.025,27.324795,0.4590340645319153,0.8884186668453727,16.4,16.39999999999997,0.0,-4.181261904761868,2.9545439806771285,35.23499999999999,27.01216661199995,3.9138333333333337,1.6891733333333332,0.0514800514800514,4.494999999999999,4.004833,-0.3088124812662537,0.9511229423235356,0.3673753871438721,648.0,2.32,26.6,2.61,26.6,0,25.5,23.71428571428571,648.0,0,668.6666666666666,684.0,0.0299999999999998,2.5966666666666667,0.0499999999999998,2.2566666666666664,1503.36,69.426,46292.255999999994,3.5719333333333187,0.0
2024-12-13,12.259666666666668,7.737666666666667,7.774166666666666,519.9453333333333,77.183,2.6293333333333333,0.4498333333333333,0.1208333333333333,2.849833333333333,58362,宝山,宝山区,1028.979167,6.870833,65.375,0.0,3.25,290.81142,-0.9347548791149346,0.3552932816291689,1.4,16.39999999999997,0.0,-8.157928571428556,6.287953357123537,7.8,27.12149999999995,4.508,1.4702915681639086,0.1769911504424778,2.23,5.388833666666668,-0.2924059769510773,0.956294277219772,0.3544225732464594,775.0,2.34,31.1,2.6,31.1,0,28.03333333333333,26.671428571428567,775.0,0,710.3333333333334,697.2857142857143,-0.0099999999999997,2.5966666666666662,0.02,2.31,1813.5,80.86,59816.825000000004,1.5436600000000003,0.0
2024-12-14,11.866166666666668,7.766333333333333,7.941666666666666,508.3765,87.80283333333334,2.6613333333333333,0.2985,0.1128333333333333,2.6385,58362,宝山,宝山区,1031.866667,3.129167,56.208333,0.0,2.525,285.312918,-0.9644979006939636,0.2640905139472771,0.0,16.39999999999997,0.0,-20.338095238095264,4.9603571992522575,2.525,25.618166611999957,4.065333333333333,1.5608110321333817,0.2836879432624113,1.515,8.736999666666666,-0.2759129450029604,0.9611826292540836,0.3328040576362974,727.0,2.3,29.3,2.6,29.3,0,29.000000000000004,27.21428571428571,727.0,0,716.6666666666666,708.7142857142857,0.0,2.603333333333333,-0.04,2.32,1672.1,76.18,63832.65983333334,3.5121133333333336,0.0
2024-12-15,11.386333333333331,7.766166666666667,8.042666666666667,506.939,93.367,2.839,0.3311666666666666,0.1251666666666666,2.7851666666666666,58362,宝山,宝山区,1028.2125,2.475,62.208333,0.0,1.779167,271.330377,-0.999730440474462,0.0232173725631973,0.0,16.39999999999997,3.654166999999916,-18.18549999999999,3.5578544085876267,1.779167,26.602166611999955,4.368,1.4833850788478682,0.1554403983999607,1.7983335999999832,8.911333333333333,-0.2593382659754056,0.9657865518844574,0.3224887764671162,799.0,2.31,6.62,2.6,6.62,0,22.340000000000003,24.21714285714285,799.0,0,767.0,739.0,0.0,2.6,0.0100000000000002,2.3166666666666664,1845.69,17.212,74600.23300000001,0.9336700000000187,0.0
2024-12-16,11.208333333333334,7.752166666666667,8.1455,504.8708333333333,91.22483333333334,2.8665,0.246,0.1113333333333333,2.5803333333333334,58362,宝山,宝山区,1025.558333,3.916667,65.916667,0.0,1.066667,123.5138485,0.8337523934808619,-0.5521385209935402,0.0,16.39999999999997,2.654167000000143,-13.82730952380956,1.9560031642970503,1.066667,27.210333387999952,3.939666666666666,1.558698772125658,0.211826978029723,1.1708336000000288,7.291666333333334,-0.2426868445825954,0.9701046827361176,0.3263862301187158,720.0,2.25,6.07,2.63,6.07,0,13.99666666666667,21.37,720.0,0,748.6666666666666,718.1428571428571,0.0299999999999998,2.61,-0.06,2.286666666666666,1620.0,15.9641,65681.88,5.47349,0.0
2024-12-17,11.348,7.7875,8.298333333333334,495.37416666666667,101.27016666666668,2.810666666666666,0.2506666666666666,0.1133333333333333,2.7328333333333337,58362,宝山,宝山区,1026.675,7.695833,59.625,0.0,1.25,322.948181,-0.602537072593639,0.7980908946669469,0.0,1.3999999999999715,0.0,-18.206357142857144,2.003171340742049,1.25,2.2347499999999543,4.116833333333334,1.5974717659137578,0.4444444444444444,0.75,3.652166999999999,-0.225963608248019,0.974135744004672,0.3088375774701311,589.0,2.26,2.88,2.64,2.88,0,5.190000000000002,18.42428571428571,589.0,0,702.6666666666666,709.4285714285714,0.0100000000000002,2.623333333333333,0.0099999999999997,2.273333333333333,1331.14,7.6032,59648.12816666668,1.0127016666666364,0.0
2024-12-18,11.443666666666669,7.763666666666666,8.378666666666666,492.18966666666665,110.456,2.6261666666666668,0.2365,0.1151666666666666,2.767333333333333,58362,宝山,宝山区,1032.133333,5.541667,63.416667,0.0,3.1625,336.042881,-0.406052818436408,0.9138496094215116,0.0,0.0,0.0,-14.920714285714324,4.446642038305141,3.1625,0.0,4.1555,1.6709432958851291,0.2402402402402402,1.8975,5.901999666666667,-0.2091735056463563,0.9778785428342386,0.2942383543411844,455.0,2.31,3.61,2.65,3.61,0,4.186666666666668,15.168571428571424,455.0,0,588.0,673.2857142857143,0.0099999999999997,2.64,0.0500000000000002,2.273333333333333,1051.05,9.5665,50257.48,5.522800000000022,0.0
2024-12-19,10.79175,7.83325,8.354,494.603,114.978,2.44975,0.19325,0.1085,2.57275,58362,宝山,宝山区,1029.190476,4.428571,70.047619,0.0,1.666667,321.703647,-0.619729077830236,0.7848158192160026,0.0,0.0,2.942857000000004,-8.582500000000039,2.6995490029600857,1.666667,0.0,3.851,1.7669204737732656,0.1782682452200934,1.5885716000000007,6.363179000000001,-0.1923215052390948,0.9813319716704276,0.2874878898139239,670.0,2.4,3.87,2.67,3.87,0,3.453333333333336,11.921428571428564,670.0,0,571.3333333333334,676.4285714285714,0.02,2.6533333333333338,0.0899999999999998,2.3233333333333333,1608.0,10.3329,77035.26,10.348019999999977,0.0
2024-12-20,10.239666666666666,7.798666666666667,8.333833333333333,514.4735,115.271,2.936333333333333,0.2586666666666666,0.1198333333333333,2.9456666666666664,58362,宝山,宝山区,1024.633333,5.575,60.75,0.0,1.9375,283.608723,-0.9719251900867332,0.2352900866480934,0.0,0.0,4.557142999999996,12.069690476190374,3.820605055793045,1.9375,0.0,4.402666666666667,1.5452101359703336,0.1334286369610934,2.0739285999999995,4.664666666666666,-0.1754125938042784,0.9844950085880858,0.2870596221834072,736.0,2.34,7.44,2.68,7.44,0,4.973333333333336,8.541428571428565,736.0,0,620.3333333333334,670.8571428571429,0.0100000000000002,2.6666666666666665,-0.06,2.35,1722.2399999999998,19.939200000000003,84839.456,6.916259999999999,0.0
2024-12-21,10.3096,7.870399999999999,8.656,506.9458,102.093,2.744,0.2206,0.1068,2.7736,58362,宝山,宝山区,1030.241667,4.470833,49.291667,0.0,3.475,304.579845,-0.8233360686266005,0.5675541543311032,0.0,0.0,0.0,4.746376190476155,6.336092838477437,3.475,0.0,4.062200000000001,1.7199856932798157,0.223463687150838,2.085,5.838767,-0.1584517749608363,0.9873667175937016,0.3074774083808337,649.0,2.27,7.92,2.65,7.92,0,6.410000000000003,5.48714285714285,649.0,0,685.0,659.7142857142857,-0.0300000000000002,2.6666666666666665,-0.0699999999999998,2.3366666666666664,1473.23,20.988,66258.357,7.14650999999998,0.0
2024-12-22,9.301833333333333,7.777166666666666,8.499,567.976,89.32866666666666,2.95,0.3056666666666667,0.111,3.0076666666666667,58362,宝山,宝山区,1031.004167,5.516667,59.5,0.0,2.620833,14.406409,0.2487982295310243,0.968555337077974,0.0,0.0,0.0,57.05700476190475,3.272891610296483,2.620833,0.0,4.423333333333334,1.5839597440516866,0.2761795421108899,1.5724998,3.7851663333333327,-0.141444067687942,0.989946248902378,0.3299123998695873,842.0,2.34,24.5,2.64,24.5,0,13.286666666666669,8.041428571428565,842.0,0,742.3333333333334,665.8571428571429,-0.0099999999999997,2.6566666666666667,0.0699999999999998,2.3166666666666664,1970.28,64.68,75214.73733333332,6.253006666666648,0.0
2024-12-23,8.605333333333334,7.7505,8.462166666666667,579.695,78.9455,3.015333333333333,0.3258333333333333,0.105,2.974166666666666,58362,宝山,宝山区,1029.95,7.0875,67.333333,0.0,2.008333,43.58525,0.6894330929318856,0.7243493703803255,0.0,0.0,1.0541670000000067,58.086838095238136,3.392944231827172,2.008333,0.0,4.35,1.569635514885461,0.2461538461538457,1.4158332000000011,1.5178333333333338,-0.1243945048397999,0.9922328391893008,0.3506386857743041,843.0,2.26,24.5,2.57,24.5,0,18.973333333333336,10.674285714285707,843.0,0,778.0,683.4285714285714,-0.0700000000000002,2.62,-0.08,2.29,1905.18,62.965,66551.05649999999,6.31564,0.0
2024-12-24,8.7125,7.8051666666666675,8.640500000000001,590.3535,74.28733333333334,2.715666666666667,0.2548333333333333,0.0951666666666666,2.7091666666666665,58362,宝山,宝山区,1028.6625,7.370833,72.0,0.0,1.2625,86.383865,0.9980090064874167,0.0630715702198651,0.0,0.0,1.2875000000001364,55.17686190476195,2.5224863706903635,1.2625,0.0,3.915666666666666,1.7554261334778043,0.2816901408450595,1.0150000000000272,1.3416670000000002,-0.1073081316563624,0.994225811815616,0.3608284256366579,698.0,2.17,27.1,2.52,27.1,0,25.36666666666667,14.13428571428571,698.0,0,794.3333333333334,699.0,-0.0499999999999998,2.5766666666666667,-0.0899999999999998,2.2566666666666664,1514.66,68.292,51852.55866666667,6.685859999999986,0.0
2024-12-25,8.9768,7.8078,8.6948,607.581,67.9352,2.5782,0.2248,0.0888,2.5878,58362,宝山,宝山区,1027.483333,8.391667,76.333333,0.0,1.545833,294.306952,-0.9113533387127376,0.4116249409561402,0.0,0.0,1.1791670000000067,55.91988571428567,2.9546330656423274,1.545833,0.0,3.7006,1.853506714986144,0.2684563758389257,1.1633332000000014,0.5851330000000008,-0.0901900042703451,0.99592457702866,0.3757897073214415,851.0,2.24,26.1,2.49,26.1,0,25.90000000000001,17.347142857142853,851.0,0,797.3333333333334,755.5714285714286,-0.0299999999999998,2.526666666666667,0.0700000000000002,2.223333333333333,1906.24,64.989,57812.8552,4.755464000000013,0.0
2024-12-26,9.214833333333331,7.7875,8.915833333333333,613.4866666666667,167.778,2.625833333333333,0.2206666666666666,0.0801666666666666,2.2625,58362,宝山,宝山区,1030.870833,6.829167,65.958333,0.0,2.341667,5.626075,0.0980358122562142,0.995182887471074,0.0,0.0,0.0,44.84217142857142,2.571234226378573,2.341667,0.0,3.2848333333333333,1.9181397683674568,0.2992518404736318,1.4050002,2.385666333333333,-0.0730451882110474,0.9973286321364752,0.2238061020978368,613.0,2.16,27.1,2.48,27.1,0,26.76666666666667,20.66571428571428,613.0,0,720.6666666666666,747.4285714285714,-0.0100000000000002,2.4966666666666666,-0.08,2.19,1324.0800000000002,67.208,102847.91399999999,13.42224,0.0
2024-12-27,8.927666666666665,7.800666666666667,9.035166666666669,586.4531666666667,64.2265,2.941333333333333,0.2253333333333333,0.0895,1.161,58362,宝山,宝山区,1031.791667,5.383333,54.208333,0.0,2.3625,306.815633,-0.8005678991606251,0.5992420536256974,0.0,0.0,0.0,7.525861904761882,4.253841661766977,2.3625,0.0,2.281333333333333,1.785018109976951,0.2973977695167286,1.4174999999999998,3.544333666666665,-0.0558787569053731,0.9984375616565666,0.3851762371550772,784.0,2.2,26.8,2.46,26.8,0,26.66666666666667,23.431428571428565,784.0,0,749.3333333333334,754.2857142857143,-0.02,2.4766666666666666,0.04,2.2000000000000006,1724.8000000000002,65.928,50353.576,2.56906,0.0
2024-12-28,8.663166666666667,7.805333333333333,9.0455,570.063,74.37666666666667,2.7758333333333334,0.2381666666666666,0.091,1.41,58362,宝山,宝山区,1031.433333,0.879167,51.166667,0.0,1.9625,286.240452,-0.9600964728918702,0.2796690235628365,0.0,0.0,0.3583340000000135,-17.88104761904765,3.846689328050295,1.9625,0.0,2.5581666666666667,1.8370227457351744,0.3011291741773289,1.249166800000003,7.783999666666667,-0.0386957901765268,0.999251037438848,0.3606271434464841,818.0,2.14,26.8,2.46,26.8,0,26.90000000000001,26.128571428571423,818.0,0,738.3333333333334,778.4285714285714,0.0,2.466666666666667,-0.06,2.166666666666667,1750.5200000000002,65.928,60840.113333333335,4.4626,0.0
2024-12-29,8.712333333333333,7.825500000000001,9.0985,557.1705000000001,85.79416666666667,3.2435,0.2426666666666666,0.0983333333333333,3.0541666666666667,58362,宝山,宝山区,1025.954167,4.945833,55.625,0.0,1.541667,180.522558,-0.0091202311932008,-0.99995840982662,0.0,0.0,5.47916599999985,-29.229904761904663,1.5557273594629282,1.541667,0.0,4.280166666666666,1.6634975774750893,0.1246753298566394,2.0208333999999697,3.766500333333333,-0.0215013727408137,0.999768818762748,0.3366874473614494,691.0,2.08,24.5,2.45,24.5,0,26.03333333333333,26.128571428571423,691.0,0,764.3333333333334,756.8571428571429,-0.0099999999999997,2.4566666666666666,-0.06,2.14,1437.28,60.025000000000006,59283.769166666665,5.14765,0.0
2024-12-30,8.923499999999999,7.792333333333333,8.945,547.9986666666667,99.94066666666669,3.1766666666666663,0.2283333333333333,0.1016666666666666,3.124833333333333,58362,宝山,宝山区,1022.9625,7.454167,48.541667,0.0,2.595833,273.947444,-0.9976276164650552,0.0688414037208197,0.0,0.0,2.9916670000001204,-33.873690476190404,5.185507688531333,2.595833,0.0,4.369833333333333,1.6498616661543193,0.1518026565464867,2.155833200000024,1.469332999999999,-0.0043005927029819,0.9999907524084426,0.3110585793904497,586.0,2.09,3.72,2.45,3.72,0,18.340000000000003,23.16,586.0,0,698.3333333333334,720.1428571428571,0.0,2.4533333333333336,0.0099999999999997,2.103333333333333,1224.74,9.114,58565.23066666668,0.9994066666666369,0.0
2024-12-31,9.44,7.8374,9.0592,516.8525999999999,119.6468,2.7706,0.1836,0.105,3.0578,58362,宝山,宝山区,1025.004167,5.1375,67.75,0.0,1.4625,123.966557,0.8293638268762499,-0.5587089069177096,0.0,0.0,0.0,-54.51962857142871,2.6754445968065155,1.4625,0.0,4.2914,1.8103193317613209,0.4060913705583756,0.8775,4.302500000000001,0.0129014599494196,0.9999167727021951,0.2807890031513729,385.0,2.14,0.192,2.5,0.192,0,9.470666666666668,19.315999999999995,385.0,0,554.0,675.4285714285714,0.0499999999999998,2.466666666666667,0.0500000000000002,2.103333333333333,823.9000000000001,0.48,46064.018,5.982340000000024,0.0
