model,split,target_date,actual_turbidity,predicted_turbidity,actual_clearness,predicted_clearness,actual_turbidity_delta,actual_clearness_delta,actual_self_purification_failure,actual_turbidity_surge,actual_critical_transition,predicted_self_purification_failure_prob,predicted_turbidity_surge_prob,predicted_critical_transition_prob,physics_turbidity,physics_clearness,fusion_ratio,velocity_proxy,bed_shear_proxy,erosion_source,runoff_source,tidal_source,phytoplankton_source,krone_deposition_sink,flushing_sink,purification_sink,source_total,sink_total,physics_delta_log_turbidity
mscim,train,2023-09-06,115.24349975585938,142.45762634277344,0.28709977865219116,0.251395583152771,-46.48567199707031,0.0570988655090332,0.0,0.0,0.0,0.016726570203900337,0.01593351736664772,0.016934802755713463,,,,,,,,,,,,,,,
mscim,train,2024-03-28,101.82733154296875,66.10565185546875,0.3079153597354889,0.3803552985191345,57.402732849121094,-0.13867300748825073,1.0,1.0,1.0,0.5576578378677368,0.5415820479393005,0.5569801330566406,,,,,,,,,,,,,,,
mscim,train,2023-10-21,147.58766174316406,142.56314086914062,0.24543188512325287,0.25127077102661133,-8.20050048828125,0.009118258953094482,0.0,0.0,0.0,0.017791569232940674,0.017496313899755478,0.017925744876265526,,,,,,,,,,,,,,,
mscim,train,2022-12-19,164.559326171875,146.26051330566406,0.2270742803812027,0.24695467948913574,28.804489135742188,-0.03244312107563019,1.0,1.0,1.0,0.08142492175102234,0.07899914681911469,0.07751862704753876,,,,,,,,,,,,,,,
mscim,train,2024-01-02,106.35566711425781,121.85216522216797,0.30060046911239624,0.2777143120765686,-12.481666564941406,0.018668800592422485,0.0,0.0,0.0,0.03292578086256981,0.03225966915488243,0.03317909687757492,,,,,,,,,,,,,,,
mscim,train,2024-03-27,44.424598693847656,4.111169338226318,0.4465883672237396,0.8173956871032715,43.68159866333008,-0.553411602973938,1.0,1.0,1.0,0.6186291575431824,0.6100183129310608,0.6342893242835999,,,,,,,,,,,,,,,
mscim,train,2023-08-23,138.23550415039062,152.52743530273438,0.2564660608768463,0.23988080024719238,-33.649658203125,0.03674095869064331,0.0,0.0,0.0,0.018334215506911278,0.018053436651825905,0.01886363886296749,,,,,,,,,,,,,,,
mscim,train,2024-02-05,54.481834411621094,54.38997268676758,0.41264107823371887,0.41292232275009155,-5.9976654052734375,0.017422974109649658,0.0,0.0,0.0,0.01789083331823349,0.017662715166807175,0.018508264794945717,,,,,,,,,,,,,,,
mscim,train,2022-12-29,243.79733276367188,259.0291748046875,0.1606907695531845,0.15044498443603516,-27.314178466796875,0.017954766750335693,0.0,0.0,0.0,0.05679560825228691,0.055521126836538315,0.05528624355792999,,,,,,,,,,,,,,,
mscim,train,2022-12-03,198.88265991210938,250.16680908203125,0.19509606063365936,0.15633082389831543,-82.74349975585938,0.05879524350166321,0.0,0.0,0.0,0.04872414842247963,0.048195499926805496,0.047228652983903885,,,,,,,,,,,,,,,
mscim,train,2023-01-18,60.85649871826172,81.65219116210938,0.39418044686317444,0.344987154006958,-21.739501953125,0.05112051963806152,0.0,0.0,0.0,0.06594935059547424,0.06574004143476486,0.0659618079662323,,,,,,,,,,,,,,,
mscim,train,2023-10-28,195.44200134277344,170.45518493652344,0.19804322719573975,0.22113484144210815,40.53767395019531,-0.03922992944717407,1.0,1.0,1.0,0.5537015795707703,0.561265230178833,0.5791826248168945,,,,,,,,,,,,,,,
mscim,train,2023-03-17,122.56016540527344,161.24801635742188,0.2767389714717865,0.23050349950790405,-30.202667236328125,0.037118181586265564,0.0,0.0,0.0,0.12272776663303375,0.12502628564834595,0.1318415105342865,,,,,,,,,,,,,,,
mscim,train,2023-08-19,127.84383392333984,149.0077362060547,0.26963168382644653,0.24381738901138306,-17.35399627685547,0.02144765853881836,0.0,0.0,0.0,0.03183819726109505,0.031231053173542023,0.031884003430604935,,,,,,,,,,,,,,,
mscim,train,2024-03-18,60.678165435791016,66.29073333740234,0.3946704864501953,0.37988781929016113,-10.622333526611328,0.026971042156219482,0.0,0.0,0.0,0.045833930373191833,0.044301073998212814,0.0462910495698452,,,,,,,,,,,,,,,
mscim,train,2023-09-04,188.3541717529297,172.75283813476562,0.20428065955638885,0.21887534856796265,-1.5941619873046875,0.0014230161905288696,0.0,0.0,0.0,0.0242872703820467,0.023267166689038277,0.0243171826004982,,,,,,,,,,,,,,,
mscim,train,2023-07-13,100.99566650390625,94.98095703125,0.3092937767505646,0.3196102976799011,2.5364990234375,-0.004274457693099976,0.0,0.0,0.0,0.05726276710629463,0.05521842837333679,0.054386500269174576,,,,,,,,,,,,,,,
mscim,train,2024-01-23,83.45249938964844,69.10079956054688,0.3413297235965729,0.3729436993598938,20.362831115722656,-0.0468309223651886,1.0,1.0,1.0,0.10652002692222595,0.11477744579315186,0.11222733557224274,,,,,,,,,,,,,,,
mscim,train,2023-03-31,93.62799835205078,117.4835433959961,0.3220199644565582,0.2838600277900696,-28.74083709716797,0.04501795768737793,0.0,0.0,0.0,0.020054994150996208,0.01908089406788349,0.019981440156698227,,,,,,,,,,,,,,,
mscim,train,2024-02-12,105.4538345336914,105.335205078125,0.30203232169151306,0.30222153663635254,18.534164428710938,-0.03246822953224182,1.0,1.0,1.0,0.5487864017486572,0.5498276948928833,0.5694065093994141,,,,,,,,,,,,,,,
mscim,train,2023-02-09,280.0950012207031,268.6899108886719,0.13722287118434906,0.14425325393676758,22.058837890625,-0.01387159526348114,0.0,0.0,0.0,0.11170117557048798,0.11121309548616409,0.11415957659482956,,,,,,,,,,,,,,,
mscim,train,2023-05-16,98.92400360107422,96.47826385498047,0.3127768039703369,0.3169829249382019,3.9703369140625,-0.006881803274154663,0.0,0.0,0.0,0.09440657496452332,0.10239537805318832,0.09896771609783173,,,,,,,,,,,,,,,
mscim,train,2023-11-17,190.24716186523438,178.101806640625,0.20259222388267517,0.2137289047241211,6.451995849609375,-0.005825072526931763,0.0,0.0,0.0,0.03633112832903862,0.03618406876921654,0.03638380020856857,,,,,,,,,,,,,,,
mscim,train,2022-01-24,75.00499725341797,95.18314361572266,0.35921812057495117,0.319253146648407,-17.1683349609375,0.03456863760948181,0.0,0.0,0.0,0.02993241883814335,0.03176407143473625,0.032298311591148376,,,,,,,,,,,,,,,
mscim,train,2023-02-27,222.81166076660156,199.79840087890625,0.17590339481830597,0.1943202018737793,-19.007675170898438,0.013835564255714417,0.0,0.0,0.0,0.018969258293509483,0.018338950350880623,0.019052881747484207,,,,,,,,,,,,,,,
mscim,train,2023-08-31,170.3711700439453,153.30429077148438,0.2212180644273758,0.2390241026878357,29.970504760742188,-0.03262887895107269,1.0,1.0,1.0,0.1176711693406105,0.11816669255495071,0.1095995232462883,,,,,,,,,,,,,,,
mscim,train,2023-01-30,99.53216552734375,104.28400421142578,0.31174686551094055,0.3039078712463379,-11.333503723144531,0.018131256103515625,0.0,0.0,0.0,0.038748849183321,0.039099182933568954,0.03929945454001427,,,,,,,,,,,,,,,
mscim,train,2023-05-03,84.71800231933594,91.47236633300781,0.3388051688671112,0.32593125104904175,5.2505035400390625,-0.010728836059570312,0.0,0.0,0.0,0.11936821788549423,0.13652539253234863,0.13146835565567017,,,,,,,,,,,,,,,
mscim,train,2023-02-22,234.7173309326172,241.0994110107422,0.16710630059242249,0.16257178783416748,39.64849853515625,-0.03125967085361481,1.0,1.0,1.0,0.4325522482395172,0.4316825866699219,0.4560341536998749,,,,,,,,,,,,,,,
mscim,train,2023-08-27,73.25483703613281,77.41930389404297,0.3631722927093506,0.35391032695770264,-0.46533203125,0.0010603666305541992,0.0,0.0,0.0,0.028412211686372757,0.027184441685676575,0.028625084087252617,,,,,,,,,,,,,,,
mscim,train,2024-03-14,160.37615966796875,120.22373962402344,0.23141805827617645,0.27997922897338867,39.45765686035156,-0.0475911945104599,1.0,1.0,1.0,0.11142212152481079,0.10371734946966171,0.10544794797897339,,,,,,,,,,,,,,,
mscim,train,2023-08-13,95.9816665649414,91.2408447265625,0.3178498446941376,0.3263567090034485,10.413169860839844,-0.01927947998046875,0.0,0.0,0.0,0.07653021067380905,0.07699242234230042,0.07802091538906097,,,,,,,,,,,,,,,
mscim,train,2022-12-08,210.17550659179688,261.58123779296875,0.18576760590076447,0.148787260055542,-53.038330078125,0.03803238272666931,0.0,0.0,0.0,0.09732402116060257,0.09488923847675323,0.09362613409757614,,,,,,,,,,,,,,,
mscim,train,2023-12-07,68.02933502197266,79.94749450683594,0.375558078289032,0.3485245108604431,-5.3379974365234375,0.012642741203308105,0.0,0.0,0.0,0.05146536976099014,0.05223887041211128,0.050582241266965866,,,,,,,,,,,,,,,
mscim,train,2023-06-17,124.95116424560547,126.2050552368164,0.27348580956459045,0.2718043923377991,10.037330627441406,-0.01409602165222168,0.0,0.0,0.0,0.2773374319076538,0.2798042297363281,0.2845759689807892,,,,,,,,,,,,,,,
mscim,train,2023-12-14,137.87283325195312,182.40435791015625,0.2569087743759155,0.2096995711326599,-5.496673583984375,0.006588667631149292,0.0,0.0,0.0,0.24932916462421417,0.2501955032348633,0.2561793029308319,,,,,,,,,,,,,,,
mscim,train,2023-01-06,153.40933227539062,184.10520935058594,0.23890863358974457,0.20813274383544922,3.239166259765625,-0.003598541021347046,0.0,0.0,0.0,0.24678218364715576,0.24587105214595795,0.2395929992198944,,,,,,,,,,,,,,,
mscim,train,2024-01-03,85.38916778564453,104.74668884277344,0.3374813199043274,0.3031635880470276,-20.96649932861328,0.03688085079193115,0.0,0.0,0.0,0.03125303238630295,0.03113299235701561,0.03190711885690689,,,,,,,,,,,,,,,
mscim,train,2022-11-25,359.2120056152344,325.67388916015625,0.09512859582901001,0.11171680688858032,36.8603515625,-0.018323272466659546,0.0,0.0,0.0,0.08163580298423767,0.08014537394046783,0.079953134059906,,,,,,,,,,,,,,,
mscim,train,2023-11-22,117.67716979980469,110.44625854492188,0.2835828959941864,0.2942531704902649,6.195167541503906,-0.009100109338760376,0.0,0.0,0.0,0.03519352525472641,0.03426606208086014,0.03323539346456528,,,,,,,,,,,,,,,
mscim,train,2024-02-16,76.33782958984375,94.02066040039062,0.35626742243766785,0.32131707668304443,-20.4356689453125,0.039797812700271606,0.0,0.0,0.0,0.0459863506257534,0.047307200729846954,0.049142319709062576,,,,,,,,,,,,,,,
mscim,train,2023-11-30,148.81517028808594,168.00714111328125,0.24403543770313263,0.22357577085494995,-9.22149658203125,0.01013869047164917,0.0,0.0,0.0,0.06753077358007431,0.06936517357826233,0.06864653527736664,,,,,,,,,,,,,,,
mscim,train,2024-01-28,137.1718292236328,155.81930541992188,0.2577677071094513,0.2362799048423767,5.085662841796875,-0.006365299224853516,0.0,0.0,0.0,0.1958014816045761,0.20313802361488342,0.20223405957221985,,,,,,,,,,,,,,,
mscim,train,2022-12-11,206.45016479492188,228.33712768554688,0.18878860771656036,0.1717638373374939,6.0901641845703125,-0.0050575584173202515,0.0,0.0,0.0,0.19389554858207703,0.19020436704158783,0.18534646928310394,,,,,,,,,,,,,,,
mscim,train,2023-05-18,140.16017150878906,117.08782196044922,0.2541358768939972,0.2844278812408447,36.10283660888672,-0.05013781785964966,1.0,1.0,1.0,0.4962995648384094,0.5241745114326477,0.5187258720397949,,,,,,,,,,,,,,,
mscim,train,2023-06-15,107.7161636352539,104.91604614257812,0.29846295714378357,0.30289196968078613,5.5193328857421875,-0.008843570947647095,0.0,0.0,0.0,0.1517346054315567,0.16225691139698029,0.15243254601955414,,,,,,,,,,,,,,,
mscim,train,2023-05-04,113.21817016601562,101.66410827636719,0.2900831699371338,0.30818498134613037,28.500167846679688,-0.04872199892997742,1.0,1.0,1.0,0.5582606196403503,0.5779346227645874,0.5907476544380188,,,,,,,,,,,,,,,
mscim,train,2023-06-08,141.49533081054688,119.49259948730469,0.2525379955768585,0.2810060977935791,11.124832153320312,-0.013797342777252197,0.0,0.0,0.0,0.01861673966050148,0.017992785200476646,0.018902761861681938,,,,,,,,,,,,,,,
mscim,train,2023-11-09,93.60600280761719,102.17173767089844,0.3220594525337219,0.30734777450561523,-6.664161682128906,0.011554032564163208,0.0,0.0,0.0,0.03384729102253914,0.03257448226213455,0.0331752747297287,,,,,,,,,,,,,,,
mscim,train,2023-05-27,100.72566986083984,79.29867553710938,0.3097436726093292,0.34989047050476074,17.31000518798828,-0.031660109758377075,1.0,1.0,1.0,0.02448934130370617,0.02467167004942894,0.025686461478471756,,,,,,,,,,,,,,,
mscim,train,2023-01-27,218.76649475097656,226.67884826660156,0.17899924516677856,0.17299562692642212,-39.29701232910156,0.02792268991470337,0.0,0.0,0.0,0.05561946704983711,0.056423790752887726,0.05832602083683014,,,,,,,,,,,,,,,
mscim,train,2022-11-28,481.3721618652344,396.7835693359375,0.04556205868721008,0.0782882571220398,27.3453369140625,-0.009905654937028885,0.0,0.0,0.0,0.05226960778236389,0.05141345039010048,0.05108709633350372,,,,,,,,,,,,,,,
mscim,train,2024-04-04,41.55833435058594,45.410728454589844,0.45765137672424316,0.4429429769515991,-1.2458305358886719,0.004897385835647583,0.0,0.0,0.0,0.0372035950422287,0.03587963804602623,0.038191381841897964,,,,,,,,,,,,,,,
mscim,train,2024-01-13,128.24400329589844,143.68533325195312,0.26910531520843506,0.2499491572380066,16.06383514404297,-0.022527426481246948,0.0,0.0,0.0,0.5901539921760559,0.5958037376403809,0.6295078992843628,,,,,,,,,,,,,,,
mscim,train,2024-01-24,103.04366302490234,82.46186828613281,0.3059193789958954,0.3433324694633484,19.591163635253906,-0.03541034460067749,1.0,1.0,1.0,0.05870931223034859,0.060953449457883835,0.061198268085718155,,,,,,,,,,,,,,,
mscim,train,2023-04-24,150.91566467285156,152.47824096679688,0.24167218804359436,0.23993521928787231,-2.8621673583984375,0.003168150782585144,0.0,0.0,0.0,0.03189103677868843,0.032658226788043976,0.03387293592095375,,,,,,,,,,,,,,,
mscim,train,2024-01-19,87.18916320800781,96.66543579101562,0.33398106694221497,0.31665730476379395,-15.433670043945312,0.02737376093864441,0.0,0.0,0.0,0.03972657024860382,0.03906220942735672,0.041467249393463135,,,,,,,,,,,,,,,
mscim,train,2023-07-30,43.59450149536133,45.75091552734375,0.4497188329696655,0.4417033791542053,12.611501693725586,-0.05642092227935791,1.0,1.0,1.0,0.4922051429748535,0.4744686782360077,0.48597338795661926,,,,,,,,,,,,,,,
mscim,train,2023-08-04,201.21983337402344,196.57957458496094,0.19312292337417603,0.197063148021698,24.672164916992188,-0.0220852792263031,0.0,0.0,0.0,0.11314929276704788,0.10665783286094666,0.10723119229078293,,,,,,,,,,,,,,,
mscim,train,2024-03-17,71.30049896240234,96.18494415283203,0.36769944429397583,0.31749439239501953,-42.372337341308594,0.07829061150550842,0.0,0.0,0.0,0.041672367602586746,0.03941352665424347,0.041398786008358,,,,,,,,,,,,,,,
mscim,train,2023-02-04,129.65866088867188,124.99247741699219,0.26725754141807556,0.2734301686286926,33.48016357421875,-0.050248146057128906,1.0,1.0,1.0,0.6316441297531128,0.6431289911270142,0.6541796326637268,,,,,,,,,,,,,,,
mscim,train,2023-06-22,95.77433013916016,85.1330337524414,0.3182130753993988,0.3379852771759033,8.744827270507812,-0.016075581312179565,0.0,0.0,0.0,0.023658275604248047,0.022634435445070267,0.02404201030731201,,,,,,,,,,,,,,,
mscim,train,2024-01-17,127.9114990234375,147.79920959472656,0.2695425748825073,0.24519038200378418,-27.507675170898438,0.03282900154590607,0.0,0.0,0.0,0.051429383456707,0.05106160044670105,0.052494123578071594,,,,,,,,,,,,,,,
mscim,train,2023-04-22,178.01632690429688,185.64010620117188,0.21380993723869324,0.20673108100891113,4.04083251953125,-0.003875225782394409,0.0,0.0,0.0,0.06783964484930038,0.07150763273239136,0.0735623836517334,,,,,,,,,,,,,,,
mscim,train,2023-12-11,106.75216674804688,119.34536743164062,0.2999747395515442,0.28121358156204224,14.859832763671875,-0.025187402963638306,0.0,0.0,0.0,0.6159703135490417,0.623910129070282,0.6353699564933777,,,,,,,,,,,,,,,
mscim,train,2023-11-07,80.08716583251953,94.07989501953125,0.3482319116592407,0.3212113380432129,-13.3193359375,0.025814175605773926,0.0,0.0,0.0,0.027090923860669136,0.026285506784915924,0.027263283729553223,,,,,,,,,,,,,,,
mscim,train,2023-03-06,126.02816772460938,135.51913452148438,0.27204060554504395,0.2598101496696472,19.008331298828125,-0.02751299738883972,0.0,0.0,0.0,0.5663411617279053,0.569029688835144,0.5784318447113037,,,,,,,,,,,,,,,
mscim,train,2023-02-25,231.6544952392578,230.29061889648438,0.16932623088359833,0.1703241467475891,-27.111343383789062,0.0187092125415802,0.0,0.0,0.0,0.027428409084677696,0.026853501796722412,0.027701783925294876,,,,,,,,,,,,,,,
mscim,train,2023-05-29,67.62650299072266,77.48188781738281,0.3765515089035034,0.35377490520477295,-12.837165832519531,0.02910587191581726,0.0,0.0,0.0,0.022359667345881462,0.02152872271835804,0.022943656891584396,,,,,,,,,,,,,,,
mscim,train,2022-12-17,131.33250427246094,148.87661743164062,0.2650969326496124,0.24396580457687378,-14.489669799804688,0.017636209726333618,0.0,0.0,0.0,0.06271564960479736,0.06424356997013092,0.06252681463956833,,,,,,,,,,,,,,,
mscim,train,2023-05-24,99.65399932861328,98.37577819824219,0.3115413188934326,0.3137105703353882,0.5423355102539062,-0.0009170174598693848,0.0,0.0,0.0,0.02041230909526348,0.02012888714671135,0.021079152822494507,,,,,,,,,,,,,,,
mscim,train,2023-11-29,158.0366668701172,189.5079345703125,0.23389674723148346,0.20324957370758057,-4.6683349609375,0.004910632967948914,0.0,0.0,0.0,0.12254223227500916,0.12322178483009338,0.1257638782262802,,,,,,,,,,,,,,,
mscim,train,2023-04-15,80.18016815185547,87.36469268798828,0.34803736209869385,0.3336435556411743,-12.068832397460938,0.023525655269622803,0.0,0.0,0.0,0.029844680801033974,0.0309830941259861,0.03095642291009426,,,,,,,,,,,,,,,
mscim,train,2022-11-27,454.0268249511719,345.60540771484375,0.05546771362423897,0.10166436433792114,88.48748779296875,-0.036705274134874344,1.0,1.0,1.0,0.06150585785508156,0.06016888841986656,0.06052346155047417,,,,,,,,,,,,,,,
mscim,train,2023-08-14,115.11383056640625,116.85555267333984,0.28728920221328735,0.28476208448410034,19.132164001464844,-0.03056064248085022,1.0,1.0,1.0,0.5192791223526001,0.5210927724838257,0.5442245602607727,,,,,,,,,,,,,,,
mscim,train,2023-04-08,177.90834045410156,192.40248107910156,0.21391236782073975,0.20069003105163574,-20.289321899414062,0.018233612179756165,0.0,0.0,0.0,0.03753867745399475,0.03714712709188461,0.037495676428079605,,,,,,,,,,,,,,,
mscim,train,2023-02-13,224.70700073242188,183.85577392578125,0.17447204887866974,0.20836162567138672,9.352340698242188,-0.007182955741882324,0.0,0.0,0.0,0.030240489169955254,0.02968328632414341,0.030659137293696404,,,,,,,,,,,,,,,
mscim,train,2023-05-28,80.46366882324219,94.4661865234375,0.34744563698768616,0.32052314281463623,-20.262001037597656,0.037701964378356934,0.0,0.0,0.0,0.020017754286527634,0.01927976869046688,0.020627692341804504,,,,,,,,,,,,,,,
mscim,train,2023-05-08,133.41749572753906,143.2086944580078,0.262443482875824,0.25050926208496094,-10.801010131835938,0.013118624687194824,0.0,0.0,0.0,0.02746366709470749,0.028315020725131035,0.028745612129569054,,,,,,,,,,,,,,,
mscim,train,2023-09-14,145.34033203125,139.43370056152344,0.24801866710186005,0.2550116181373596,23.739166259765625,-0.03004281222820282,1.0,1.0,1.0,0.43422451615333557,0.44374579191207886,0.4424220025539398,,,,,,,,,,,,,,,
mscim,train,2023-08-02,181.12567138671875,173.0845489501953,0.2108871191740036,0.2185516357421875,47.336334228515625,-0.05108748376369476,1.0,1.0,1.0,0.5613744854927063,0.5445454716682434,0.5633965730667114,,,,,,,,,,,,,,,
mscim,train,2023-07-25,90.42366790771484,92.9957504272461,0.32786718010902405,0.3231578469276428,-10.8106689453125,0.018970131874084473,0.0,0.0,0.0,0.022345829755067825,0.020989667624235153,0.022128280252218246,,,,,,,,,,,,,,,
mscim,train,2023-02-15,178.843994140625,170.91690063476562,0.2130269855260849,0.2206783890724182,-25.30633544921875,0.02234615385532379,0.0,0.0,0.0,0.03169427439570427,0.031316813081502914,0.03173151612281799,,,,,,,,,,,,,,,
mscim,train,2023-12-18,184.9463348388672,165.4188232421875,0.20736321806907654,0.22619539499282837,13.276504516601562,-0.012573421001434326,0.0,0.0,0.0,0.04565125331282616,0.04572504386305809,0.04606674611568451,,,,,,,,,,,,,,,
mscim,train,2023-06-05,154.5865020751953,155.79058837890625,0.2376195341348648,0.2363109588623047,-0.4703369140625,0.0005123317241668701,0.0,0.0,0.0,0.04178839921951294,0.04124711453914642,0.04264547675848007,,,,,,,,,,,,,,,
mscim,train,2023-05-06,144.0500030517578,146.9414520263672,0.24952192604541779,0.24617165327072144,11.362838745117188,-0.013846293091773987,0.0,0.0,0.0,0.053749650716781616,0.05739406496286392,0.05630195140838623,,,,,,,,,,,,,,,
mscim,train,2023-01-12,179.91366577148438,198.56094360351562,0.21202044188976288,0.19536948204040527,-15.764007568359375,0.01418071985244751,0.0,0.0,0.0,0.044116515666246414,0.04112481325864792,0.04234909638762474,,,,,,,,,,,,,,,
mscim,train,2023-04-19,161.49366760253906,145.59410095214844,0.23024673759937286,0.24772459268569946,29.518997192382812,-0.034028515219688416,1.0,1.0,1.0,0.6146376132965088,0.6353517174720764,0.6486169099807739,,,,,,,,,,,,,,,
mscim,train,2024-02-13,121.1364974975586,120.37516784667969,0.27870601415634155,0.27976733446121216,15.682662963867188,-0.02332630753517151,0.0,0.0,0.0,0.5292332172393799,0.5332950353622437,0.5565782189369202,,,,,,,,,,,,,,,
mscim,train,2023-01-05,150.170166015625,160.81124877929688,0.2425071746110916,0.23096102476119995,6.38482666015625,-0.007324740290641785,0.0,0.0,0.0,0.10102427750825882,0.10042357444763184,0.09830904752016068,,,,,,,,,,,,,,,
mscim,train,2023-12-25,106.31999969482422,133.87860107421875,0.30065685510635376,0.26186221837997437,-5.404335021972656,0.008339136838912964,0.0,0.0,0.0,0.29577526450157166,0.30745819211006165,0.2979455292224884,,,,,,,,,,,,,,,
mscim,train,2022-12-22,202.52200317382812,218.06689453125,0.19203343987464905,0.17954039573669434,30.092330932617188,-0.02715793251991272,0.0,0.0,0.0,0.5037693381309509,0.5028282403945923,0.4936594069004059,,,,,,,,,,,,,,,
mscim,train,2024-01-20,77.22216796875,76.27051544189453,0.35433757305145264,0.3564152121543884,-9.966995239257812,0.02035650610923767,0.0,0.0,0.0,0.03773561492562294,0.03850872814655304,0.039700739085674286,,,,,,,,,,,,,,,
mscim,train,2023-02-06,184.70582580566406,195.76255798339844,0.20758289098739624,0.1977664828300476,33.85499572753906,-0.03416174650192261,1.0,1.0,1.0,0.6077545881271362,0.6064735054969788,0.6224640607833862,,,,,,,,,,,,,,,
mscim,train,2023-06-24,112.4365005493164,99.68455505371094,0.29124876856803894,0.3114897608757019,2.6614990234375,-0.0040298402309417725,0.0,0.0,0.0,0.022517584264278412,0.02171444334089756,0.023372087627649307,,,,,,,,,,,,,,,
mscim,train,2023-02-12,215.3546600341797,221.77137756347656,0.18165500462055206,0.17669415473937988,-14.80084228515625,0.01123163104057312,0.0,0.0,0.0,0.046262532472610474,0.045709967613220215,0.0469186045229435,,,,,,,,,,,,,,,
mscim,train,2023-09-07,83.35333251953125,104.44573211669922,0.34152916073799133,0.30364733934402466,-31.890167236328125,0.05442938208580017,0.0,0.0,0.0,0.01662953943014145,0.015917383134365082,0.017058562487363815,,,,,,,,,,,,,,,
mscim,train,2023-06-14,102.19683074951172,91.04931640625,0.30730652809143066,0.326709508895874,4.932167053222656,-0.00831255316734314,0.0,0.0,0.0,0.02353367954492569,0.0231124646961689,0.02420722134411335,,,,,,,,,,,,,,,
mscim,train,2023-08-25,79.41217041015625,90.7395248413086,0.3496507704257965,0.32728177309036255,-14.548995971679688,0.02822735905647278,0.0,0.0,0.0,0.01929934322834015,0.018348880112171173,0.0195731520652771,,,,,,,,,,,,,,,
mscim,train,2023-01-21,124.60649871826172,118.05077362060547,0.2739509344100952,0.28304940462112427,33.71033477783203,-0.053041279315948486,1.0,1.0,1.0,0.655809223651886,0.660938024520874,0.6811538338661194,,,,,,,,,,,,,,,
mscim,train,2023-12-10,91.892333984375,99.19426727294922,0.3251621425151825,0.3123183250427246,16.504165649414062,-0.03320243954658508,1.0,1.0,1.0,0.5408508777618408,0.5490270256996155,0.5699706673622131,,,,,,,,,,,,,,,
mscim,train,2023-09-12,102.72416687011719,105.0818862915039,0.30644139647483826,0.30262643098831177,13.34100341796875,-0.023368626832962036,0.0,0.0,0.0,0.43082132935523987,0.43267589807510376,0.44275012612342834,,,,,,,,,,,,,,,
mscim,train,2023-11-25,120.8895034790039,131.64422607421875,0.2790496349334717,0.2646975517272949,10.704338073730469,-0.015601664781570435,0.0,0.0,0.0,0.24405668675899506,0.2512367367744446,0.2539465129375458,,,,,,,,,,,,,,,
mscim,train,2023-08-07,239.2375030517578,220.06285095214844,0.16388224065303802,0.17800092697143555,-15.368331909179688,0.010525017976760864,0.0,0.0,0.0,0.028194833546876907,0.02703741565346718,0.02809506095945835,,,,,,,,,,,,,,,
mscim,train,2023-08-20,139.63633728027344,130.6186981201172,0.25476691126823425,0.2660149335861206,11.792503356933594,-0.01486477255821228,0.0,0.0,0.0,0.027482440695166588,0.026577485725283623,0.027682645246386528,,,,,,,,,,,,,,,
mscim,train,2023-01-31,67.1346664428711,97.7828598022461,0.37777236104011536,0.3147263526916504,-32.397499084472656,0.0660254955291748,0.0,0.0,0.0,0.04533827304840088,0.04606546089053154,0.046003080904483795,,,,,,,,,,,,,,,
mscim,train,2023-06-18,126.84100341796875,133.93939208984375,0.27095794677734375,0.26178574562072754,1.8898391723632812,-0.002527862787246704,0.0,0.0,0.0,0.07044176012277603,0.07068293541669846,0.06996937096118927,,,,,,,,,,,,,,,
mscim,train,2023-06-12,106.29283142089844,90.4200439453125,0.3006998300552368,0.3278738856315613,8.973663330078125,-0.014825135469436646,0.0,0.0,0.0,0.019922692328691483,0.019367637112736702,0.020810846239328384,,,,,,,,,,,,,,,
mscim,train,2023-09-18,127.62833404541016,128.7943878173828,0.2699158191680908,0.26838403940200806,-9.097999572753906,0.011599957942962646,0.0,0.0,0.0,0.03962433710694313,0.037890851497650146,0.038688402622938156,,,,,,,,,,,,,,,
mscim,train,2023-10-29,207.003173828125,209.10304260253906,0.18833674490451813,0.18663179874420166,11.561172485351562,-0.009706482291221619,0.0,0.0,0.0,0.07218215614557266,0.07018683105707169,0.07039480656385422,,,,,,,,,,,,,,,
mscim,train,2023-07-18,115.83716583251953,112.61767578125,0.28623512387275696,0.2909778356552124,7.6746673583984375,-0.011532396078109741,0.0,0.0,0.0,0.10368293523788452,0.09679480642080307,0.09449388086795807,,,,,,,,,,,,,,,
mscim,train,2022-12-27,305.878173828125,157.23883056640625,0.12232725322246552,0.2347503900527954,193.91000366210938,-0.1696237176656723,1.0,1.0,1.0,0.3088739812374115,0.30191752314567566,0.30182790756225586,,,,,,,,,,,,,,,
mscim,train,2023-06-16,114.91383361816406,114.17391204833984,0.28758183121681213,0.28866875171661377,7.197669982910156,-0.010881125926971436,0.0,0.0,0.0,0.07489387691020966,0.07629145681858063,0.07669313997030258,,,,,,,,,,,,,,,
mscim,train,2023-05-15,94.95366668701172,84.82841491699219,0.3196586072444916,0.33858662843704224,3.5895004272460938,-0.006471395492553711,0.0,0.0,0.0,0.031052151694893837,0.033164575695991516,0.03172982111573219,,,,,,,,,,,,,,,
mscim,train,2023-10-30,207.83200073242188,214.951416015625,0.18766175210475922,0.18197166919708252,0.828826904296875,-0.0006749927997589111,0.0,0.0,0.0,0.058201052248477936,0.05759110674262047,0.058420296758413315,,,,,,,,,,,,,,,
mscim,train,2023-06-07,130.37049865722656,141.45237731933594,0.2663353383541107,0.2525891661643982,-21.105331420898438,0.02528788149356842,0.0,0.0,0.0,0.022929662838578224,0.022267507389187813,0.023186884820461273,,,,,,,,,,,,,,,
mscim,train,2024-02-14,108.10633087158203,111.8897705078125,0.2978549003601074,0.2920687794685364,-13.030166625976562,0.01914888620376587,0.0,0.0,0.0,0.056578390300273895,0.057772960513830185,0.057307690382003784,,,,,,,,,,,,,,,
mscim,train,2023-12-21,107.3499984741211,120.76402282714844,0.29903560876846313,0.2792244553565979,-14.817832946777344,0.02175682783126831,0.0,0.0,0.0,0.061102695763111115,0.06378673762083054,0.06105581670999527,,,,,,,,,,,,,,,
mscim,train,2023-12-01,177.3818359375,162.97520446777344,0.2144125998020172,0.22870618104934692,28.566665649414062,-0.029622837901115417,1.0,1.0,1.0,0.07417541742324829,0.07831866294145584,0.07731156796216965,,,,,,,,,,,,,,,
mscim,train,2022-10-01,604.0363159179688,520.51953125,0.0071047767996788025,0.03231745958328247,-6.446533203125,0.0017989138141274452,0.0,0.0,0.0,0.06314637511968613,0.06328335404396057,0.06186888366937637,,,,,,,,,,,,,,,
mscim,train,2023-06-10,106.8584976196289,116.041259765625,0.2998073101043701,0.2859388589859009,-21.62017059326172,0.03100988268852234,0.0,0.0,0.0,0.017939409241080284,0.017412567511200905,0.018617084249854088,,,,,,,,,,,,,,,
mscim,train,2023-04-23,153.77783203125,177.24285888671875,0.23850403726100922,0.2145448923110962,-24.238494873046875,0.02469410002231598,0.0,0.0,0.0,0.04447653889656067,0.0452796146273613,0.04666593670845032,,,,,,,,,,,,,,,
mscim,train,2024-03-26,0.7429999709129333,90.78271484375,1.0,0.32720184326171875,-65.68720245361328,0.6204636096954346,0.0,0.0,0.0,0.6302996873855591,0.6304165124893188,0.6430391073226929,,,,,,,,,,,,,,,
mscim,train,2023-08-06,254.6058349609375,201.1190643310547,0.15335722267627716,0.1932075023651123,34.55517578125,-0.02465309202671051,0.0,0.0,0.0,0.03676757588982582,0.03513982519507408,0.03613128140568733,,,,,,,,,,,,,,,
mscim,train,2023-03-18,118.26782989501953,139.02047729492188,0.28274020552635193,0.2555118203163147,-4.292335510253906,0.00600123405456543,0.0,0.0,0.0,0.3510874807834625,0.3671213388442993,0.34384480118751526,,,,,,,,,,,,,,,
mscim,train,2024-03-31,71.68416595458984,85.31735229492188,0.36680111289024353,0.3376224637031555,-15.291999816894531,0.03240957856178284,0.0,0.0,0.0,0.03520485758781433,0.03320096805691719,0.03649041801691055,,,,,,,,,,,,,,,
mscim,train,2023-01-11,195.67767333984375,227.38388061523438,0.19783972203731537,0.1724708080291748,-5.915496826171875,0.0050298720598220825,0.0,0.0,0.0,0.08807595819234848,0.08420286327600479,0.08817315101623535,,,,,,,,,,,,,,,
mscim,train,2023-06-19,125.08032989501953,123.35502624511719,0.2733118534088135,0.2756505608558655,-1.7606735229492188,0.0023539066314697266,0.0,0.0,0.0,0.04110119491815567,0.040759094059467316,0.04161926731467247,,,,,,,,,,,,,,,
mscim,train,2024-01-25,123.20417022705078,98.60786437988281,0.275856614112854,0.31331461668014526,20.160507202148438,-0.030062764883041382,1.0,1.0,1.0,0.06278600543737411,0.06463468074798584,0.06570818275213242,,,,,,,,,,,,,,,
mscim,train,2023-08-28,77.54450225830078,86.5223159790039,0.3536395728588104,0.33526939153671265,4.289665222167969,-0.009532719850540161,0.0,0.0,0.0,0.18916508555412292,0.18750996887683868,0.18742775917053223,,,,,,,,,,,,,,,
mscim,train,2023-04-01,82.96733093261719,98.36909484863281,0.3423076272010803,0.31372201442718506,-10.660667419433594,0.020287662744522095,0.0,0.0,0.0,0.027492934837937355,0.026727329939603806,0.027789250016212463,,,,,,,,,,,,,,,
mscim,train,2022-12-16,145.82217407226562,165.33607482910156,0.2474607229232788,0.22627979516983032,-23.798828125,0.02549801766872406,0.0,0.0,0.0,0.042538370937108994,0.04077751561999321,0.040341027081012726,,,,,,,,,,,,,,,
mscim,train,2023-12-29,114.39350128173828,155.36920166015625,0.28834548592567444,0.23676776885986328,-1.8773345947265625,0.0027391910552978516,0.0,0.0,0.0,0.26727333664894104,0.26305317878723145,0.27419784665107727,,,,,,,,,,,,,,,
mscim,train,2023-01-15,110.06366729736328,111.27926635742188,0.2948368787765503,0.29298919439315796,-22.52916717529297,0.031348854303359985,0.0,0.0,0.0,0.042772676795721054,0.044801805168390274,0.04568346589803696,,,,,,,,,,,,,,,
mscim,train,2023-02-03,96.17849731445312,90.96131896972656,0.31750568747520447,0.3268718719482422,24.28966522216797,-0.04881814122200012,1.0,1.0,1.0,0.6217997670173645,0.6395459771156311,0.6472682952880859,,,,,,,,,,,,,,,
mscim,train,2023-05-26,83.41566467285156,86.97449493408203,0.3414037823677063,0.33439475297927856,-7.324333190917969,0.014122873544692993,0.0,0.0,0.0,0.01794108934700489,0.017427479848265648,0.018491312861442566,,,,,,,,,,,,,,,
mscim,train,2023-06-26,89.86983489990234,94.10057067871094,0.328898549079895,0.32117438316345215,-15.093162536621094,0.02608180046081543,0.0,0.0,0.0,0.019713090732693672,0.01864437572658062,0.02024679072201252,,,,,,,,,,,,,,,
mscim,train,2023-11-01,199.70399475097656,187.4322509765625,0.19440004229545593,0.20510905981063843,12.88116455078125,-0.011258870363235474,0.0,0.0,0.0,0.04390948265790939,0.04301849380135536,0.04313676059246063,,,,,,,,,,,,,,,
mscim,train,2023-09-15,166.4441680908203,150.52679443359375,0.22515282034873962,0.24210721254348755,21.103836059570312,-0.022865846753120422,0.0,0.0,0.0,0.05438617989420891,0.05285773053765297,0.05253409594297409,,,,,,,,,,,,,,,
mscim,train,2023-01-13,146.9586639404297,174.43167114257812,0.24615192413330078,0.21724319458007812,-32.95500183105469,0.0341314822435379,0.0,0.0,0.0,0.05473757162690163,0.05566592887043953,0.05538216605782509,,,,,,,,,,,,,,,
mscim,train,2024-03-20,46.02516555786133,57.03056335449219,0.4407106041908264,0.40501755475997925,-10.510833740234375,0.034240275621414185,0.0,0.0,0.0,0.052681513130664825,0.05124528333544731,0.05237095057964325,,,,,,,,,,,,,,,
mscim,train,2023-07-31,108.98833465576172,63.364131927490234,0.29648828506469727,0.38743525743484497,65.39382934570312,-0.15323054790496826,1.0,1.0,1.0,0.6003722548484802,0.5867623686790466,0.6038023829460144,,,,,,,,,,,,,,,
mscim,train,2023-11-20,128.14967346191406,156.07435607910156,0.2692292630672455,0.2360040545463562,-46.780487060546875,0.05246765911579132,0.0,0.0,0.0,0.025733288377523422,0.025610672309994698,0.025685273110866547,,,,,,,,,,,,,,,
mscim,train,2023-05-09,136.31117248535156,129.08572387695312,0.2588282823562622,0.2680034637451172,2.8936767578125,-0.0036152005195617676,0.0,0.0,0.0,0.01938311569392681,0.019652999937534332,0.020433129742741585,,,,,,,,,,,,,,,
mscim,train,2023-11-14,208.1991729736328,200.3197479248047,0.18736357986927032,0.1938800811767578,14.658172607421875,-0.012330204248428345,0.0,0.0,0.0,0.06902135163545609,0.0688808262348175,0.06897018104791641,,,,,,,,,,,,,,,
mscim,train,2023-12-02,162.079833984375,175.2553253173828,0.229635551571846,0.21644818782806396,-15.302001953125,0.015222951769828796,0.0,0.0,0.0,0.044653911143541336,0.04476272314786911,0.044763363897800446,,,,,,,,,,,,,,,
mscim,train,2023-12-19,152.5313262939453,173.07476806640625,0.23987653851509094,0.21856117248535156,-32.415008544921875,0.032513320446014404,0.0,0.0,0.0,0.04633800685405731,0.04628271237015724,0.046881433576345444,,,,,,,,,,,,,,,
mscim,train,2023-03-11,260.8438415527344,232.8719940185547,0.1492646187543869,0.16844028234481812,25.931503295898438,-0.017701327800750732,0.0,0.0,0.0,0.060167647898197174,0.05900583788752556,0.061424173414707184,,,,,,,,,,,,,,,
mscim,train,2022-11-26,365.5393371582031,348.39068603515625,0.09217298775911331,0.10030585527420044,6.32733154296875,-0.002955608069896698,0.0,0.0,0.0,0.07098686695098877,0.07073767483234406,0.06910645216703415,,,,,,,,,,,,,,,
mscim,train,2022-12-09,178.12399291992188,236.7933807373047,0.21370787918567657,0.16561788320541382,-32.051513671875,0.02794027328491211,0.0,0.0,0.0,0.17769156396389008,0.17250274121761322,0.16922427713871002,,,,,,,,,,,,,,,
mscim,train,2023-01-07,152.75149536132812,185.96212768554688,0.23963330686092377,0.20643848180770874,-0.6578369140625,0.0007246732711791992,0.0,0.0,0.0,0.29278939962387085,0.29073822498321533,0.2837028503417969,,,,,,,,,,,,,,,
mscim,train,2023-02-20,185.82232666015625,211.8257293701172,0.2065654695034027,0.1844463348388672,5.8326568603515625,-0.005383685231208801,0.0,0.0,0.0,0.22807838022708893,0.23084843158721924,0.23505881428718567,,,,,,,,,,,,,,,
mscim,train,2023-03-07,150.3731689453125,161.31765747070312,0.24227939546108246,0.23043066263198853,24.345001220703125,-0.029761210083961487,1.0,1.0,1.0,0.5638447403907776,0.5616608262062073,0.5666980743408203,,,,,,,,,,,,,,,
mscim,train,2023-03-23,301.662841796875,270.4606018066406,0.12467492371797562,0.1431424617767334,31.38134765625,-0.018579594790935516,0.0,0.0,0.0,0.07792583107948303,0.07634301483631134,0.07877188920974731,,,,,,,,,,,,,,,
mscim,train,2024-02-20,34.478599548339844,37.330482482910156,0.48853397369384766,0.4754107594490051,-0.12340164184570312,0.0005893409252166748,0.0,0.0,0.0,0.321541965007782,0.3340112268924713,0.3422453701496124,,,,,,,,,,,,,,,
mscim,train,2023-09-10,84.56183624267578,68.77993774414062,0.3391146659851074,0.3737223744392395,16.974334716796875,-0.037533342838287354,1.0,1.0,1.0,0.028725672513246536,0.02715197764337063,0.02887466922402382,,,,,,,,,,,,,,,
mscim,train,2023-07-14,93.78766632080078,95.26789093017578,0.32173383235931396,0.3191036581993103,-7.208000183105469,0.01244005560874939,0.0,0.0,0.0,0.04160577058792114,0.04043284431099892,0.04001137986779213,,,,,,,,,,,,,,,
mscim,train,2023-08-09,102.1336669921875,146.58197021484375,0.30741047859191895,0.24658459424972534,-59.408172607421875,0.07721404731273651,0.0,0.0,0.0,0.022725369781255722,0.022016556933522224,0.02299131639301777,,,,,,,,,,,,,,,
mscim,train,2023-07-16,100.16649627685547,97.12799835205078,0.31067925691604614,0.31585532426834106,8.685997009277344,-0.015237092971801758,0.0,0.0,0.0,0.19063936173915863,0.19415582716464996,0.17691174149513245,,,,,,,,,,,,,,,
mscim,train,2024-02-17,60.23400115966797,67.21590423583984,0.39589723944664,0.37757009267807007,-16.10382843017578,0.03962981700897217,0.0,0.0,0.0,0.044725362211465836,0.04450997710227966,0.04618409648537636,,,,,,,,,,,,,,,
mscim,train,2023-09-16,151.8302001953125,157.7455596923828,0.24065344035625458,0.23420768976211548,-14.613967895507812,0.015500620007514954,0.0,0.0,0.0,0.04694962874054909,0.04620962589979172,0.04596429690718651,,,,,,,,,,,,,,,
mscim,train,2023-06-20,107.91400146484375,116.84465026855469,0.298154354095459,0.28477776050567627,-17.16632843017578,0.024842500686645508,0.0,0.0,0.0,0.03171076253056526,0.030834097415208817,0.03219258412718773,,,,,,,,,,,,,,,
mscim,train,2023-03-10,234.91233825683594,247.04161071777344,0.16696594655513763,0.15845602750778198,12.1090087890625,-0.008943766355514526,0.0,0.0,0.0,0.11427927762269974,0.11104540526866913,0.11527746170759201,,,,,,,,,,,,,,,
mscim,train,2023-02-18,140.0398406982422,126.7101058959961,0.25428062677383423,0.27113181352615356,11.478347778320312,-0.014408230781555176,0.0,0.0,0.0,0.07743927091360092,0.07723791897296906,0.07310798764228821,,,,,,,,,,,,,,,
mscim,train,2024-02-09,74.49500274658203,65.7823257446289,0.36036089062690735,0.38117510080337524,14.92083740234375,-0.03737527132034302,1.0,1.0,1.0,0.5527765154838562,0.5732298493385315,0.5772647857666016,,,,,,,,,,,,,,,
mscim,train,2023-02-26,241.8193359375,204.44515991210938,0.16206783056259155,0.19043707847595215,10.164840698242188,-0.007258400321006775,0.0,0.0,0.0,0.021669266745448112,0.021238869056105614,0.022032300010323524,,,,,,,,,,,,,,,
mscim,train,2023-10-13,134.9344940185547,131.26060485839844,0.26053863763809204,0.26518917083740234,14.015327453613281,-0.018469691276550293,0.0,0.0,0.0,0.33812281489372253,0.3367254137992859,0.33076319098472595,,,,,,,,,,,,,,,
mscim,train,2023-10-31,186.8228302001953,213.91603088378906,0.2056589126586914,0.18278741836547852,-21.009170532226562,0.01799716055393219,0.0,0.0,0.0,0.05645529925823212,0.05522020161151886,0.055985137820243835,,,,,,,,,,,,,,,
mscim,train,2023-09-03,189.94833374023438,175.88172912597656,0.20285764336585999,0.2158460021018982,13.38616943359375,-0.012336701154708862,0.0,0.0,0.0,0.03911995887756348,0.0378476120531559,0.03830307722091675,,,,,,,,,,,,,,,
mscim,train,2023-06-23,109.7750015258789,91.56642150878906,0.2952786087989807,0.325758695602417,14.00067138671875,-0.02293446660041809,0.0,0.0,0.0,0.020370328798890114,0.01947406306862831,0.020655546337366104,,,,,,,,,,,,,,,
mscim,train,2023-07-08,168.01133728027344,157.5488739013672,0.22357161343097687,0.23441815376281738,-18.070831298828125,0.01724204421043396,0.0,0.0,0.0,0.02981780469417572,0.0284439604729414,0.030076129361987114,,,,,,,,,,,,,,,
mscim,train,2022-01-27,51.936668395996094,48.137176513671875,0.42061173915863037,0.4332536458969116,-3.234996795654297,0.010068058967590332,0.0,0.0,0.0,0.03728027641773224,0.040457069873809814,0.04102998226881027,,,,,,,,,,,,,,,
mscim,train,2023-02-01,62.1505012512207,71.70691680908203,0.39066633582115173,0.36674797534942627,-4.984165191650391,0.012893974781036377,0.0,0.0,0.0,0.05352060869336128,0.05330206826329231,0.05198107287287712,,,,,,,,,,,,,,,
mscim,train,2023-01-19,63.762664794921875,76.37017059326172,0.38638755679130554,0.35619646310806274,2.9061660766601562,-0.0077928900718688965,0.0,0.0,0.0,0.4104599356651306,0.4133074879646301,0.4077370762825012,,,,,,,,,,,,,,,
mscim,train,2023-03-29,171.98216247558594,202.8004913330078,0.2196298986673355,0.1918013095855713,-75.39849853515625,0.061405688524246216,0.0,0.0,0.0,0.016424672678112984,0.015739290043711662,0.016676701605319977,,,,,,,,,,,,,,,
mscim,train,2023-05-11,114.45349884033203,122.8102798461914,0.2882572412490845,0.2763957381248474,-21.32433319091797,0.028768390417099,0.0,0.0,0.0,0.01575338840484619,0.015568417496979237,0.016703708097338676,,,,,,,,,,,,,,,
mscim,train,2023-09-13,121.60116577148438,122.05232238769531,0.27806147933006287,0.2774379849433899,18.876998901367188,-0.02837991714477539,1.0,1.0,1.0,0.4964445233345032,0.5015395879745483,0.5120206475257874,,,,,,,,,,,,,,,
mscim,train,2023-01-14,132.59283447265625,133.0911102294922,0.2634880244731903,0.262856125831604,-14.365829467773438,0.017336100339889526,0.0,0.0,0.0,0.02445398084819317,0.022994594648480415,0.02486703172326088,,,,,,,,,,,,,,,
mscim,train,2023-11-16,183.795166015625,187.74258422851562,0.20841729640960693,0.20482975244522095,-6.5236663818359375,0.0058886706829071045,0.0,0.0,0.0,0.042947571724653244,0.04236327484250069,0.04410160705447197,,,,,,,,,,,,,,,
mscim,train,2024-03-25,66.4301986694336,92.41484069824219,0.3795364201068878,0.3242100477218628,-1.094970703125,0.0027340948581695557,0.0,0.0,0.0,0.61960768699646,0.610848069190979,0.6134231090545654,,,,,,,,,,,,,,,
mscim,train,2023-10-24,104.76266479492188,106.2424087524414,0.30313795804977417,0.3007795810699463,-11.67266845703125,0.017769604921340942,0.0,0.0,0.0,0.021154120564460754,0.020351039245724678,0.020901013165712357,,,,,,,,,,,,,,,
mscim,train,2023-06-11,97.31916809082031,99.8683090209961,0.31552496552467346,0.3111802935600281,-9.539329528808594,0.015717655420303345,0.0,0.0,0.0,0.018708426505327225,0.01797853223979473,0.019369501620531082,,,,,,,,,,,,,,,
mscim,train,2023-04-10,187.74949645996094,161.87339782714844,0.2048235386610031,0.22985053062438965,15.447494506835938,-0.014492824673652649,0.0,0.0,0.0,0.024082912132143974,0.023385239765048027,0.02411283366382122,,,,,,,,,,,,,,,
mscim,train,2023-07-09,143.91900634765625,146.46189880371094,0.24967528879642487,0.2467227578163147,-24.092330932617188,0.026103675365447998,0.0,0.0,0.0,0.026657309383153915,0.02585364133119583,0.026630712673068047,,,,,,,,,,,,,,,
mscim,train,2023-05-20,131.65032958984375,158.17852783203125,0.26468977332115173,0.23374539613723755,-11.005172729492188,0.013528138399124146,0.0,0.0,0.0,0.056435275822877884,0.05987449362874031,0.05884106457233429,,,,,,,,,,,,,,,
mscim,train,2023-05-01,79.49016571044922,92.7944107055664,0.34948620200157166,0.32352179288864136,-11.057334899902344,0.02184876799583435,0.0,0.0,0.0,0.030754094943404198,0.031411655247211456,0.031189581379294395,,,,,,,,,,,,,,,
mscim,train,2023-03-27,282.412841796875,244.4612274169922,0.13582903146743774,0.16023105382919312,-5.996826171875,0.003554016351699829,0.0,0.0,0.0,0.017585283145308495,0.01692519336938858,0.01797221042215824,,,,,,,,,,,,,,,
mscim,train,2023-11-23,103.06849670410156,113.37144470214844,0.3058788776397705,0.2898555397987366,-14.608673095703125,0.022295981645584106,0.0,0.0,0.0,0.03949514403939247,0.04045841842889786,0.039114270359277725,,,,,,,,,,,,,,,
mscim,train,2023-04-25,142.94667053222656,145.6438751220703,0.2508179545402527,0.24766695499420166,-7.968994140625,0.009145766496658325,0.0,0.0,0.0,0.023078562691807747,0.023344717919826508,0.024338409304618835,,,,,,,,,,,,,,,
mscim,train,2023-12-28,116.27083587646484,165.3857421875,0.2856062948703766,0.22622913122177124,-6.587333679199219,0.009276211261749268,0.0,0.0,0.0,0.3799789249897003,0.3715645670890808,0.3864763379096985,,,,,,,,,,,,,,,
mscim,train,2023-08-30,140.40066528320312,121.50037384033203,0.2538469433784485,0.27820104360580444,34.78966522216797,-0.04793497920036316,1.0,1.0,1.0,0.2210582047700882,0.2279946655035019,0.22020559012889862,,,,,,,,,,,,,,,
mscim,train,2023-05-07,144.218505859375,149.059326171875,0.24932485818862915,0.24375903606414795,0.1685028076171875,-0.00019706785678863525,0.0,0.0,0.0,0.03817261755466461,0.04010814428329468,0.0403677299618721,,,,,,,,,,,,,,,
mscim,train,2022-10-02,476.975341796875,509.4936828613281,0.04711629077792168,0.035944461822509766,-127.06097412109375,0.040011513978242874,0.0,0.0,0.0,0.05875063315033913,0.05892548710107803,0.057919103652238846,,,,,,,,,,,,,,,
mscim,train,2023-01-02,123.01349639892578,152.43740844726562,0.27611735463142395,0.23998039960861206,-27.486671447753906,0.033980295062065125,0.0,0.0,0.0,0.05446382611989975,0.05223161354660988,0.052988387644290924,,,,,,,,,,,,,,,
mscim,train,2023-11-27,160.9751739501953,168.60391235351562,0.2307891994714737,0.22297751903533936,13.774002075195312,-0.015084758400917053,0.0,0.0,0.0,0.517961323261261,0.5347607731819153,0.5365428328514099,,,,,,,,,,,,,,,
mscim,train,2023-04-14,92.2490005493164,120.10033416748047,0.32451170682907104,0.2801521420478821,-39.27300262451172,0.059657663106918335,0.0,0.0,0.0,0.025015220046043396,0.02418622560799122,0.024664144963026047,,,,,,,,,,,,,,,
mscim,train,2023-02-21,195.06883239746094,227.11428833007812,0.1983659714460373,0.17267131805419922,9.246505737304688,-0.008199498057365417,0.0,0.0,0.0,0.4547467529773712,0.4510842561721802,0.4680393636226654,,,,,,,,,,,,,,,
mscim,train,2023-11-18,192.47616577148438,175.53692626953125,0.20062538981437683,0.21617722511291504,2.22900390625,-0.00196683406829834,0.0,0.0,0.0,0.026784168556332588,0.02692987211048603,0.0273934006690979,,,,,,,,,,,,,,,
mscim,train,2023-08-21,163.23899841308594,136.66395568847656,0.22843334078788757,0.2583927512168884,23.6026611328125,-0.02633357048034668,0.0,0.0,0.0,0.023883381858468056,0.023310769349336624,0.024304857477545738,,,,,,,,,,,,,,,
mscim,train,2022-12-01,240.163330078125,217.68479919433594,0.16322936117649078,0.17983675003051758,3.601837158203125,-0.002554163336753845,0.0,0.0,0.0,0.04928482323884964,0.048144470900297165,0.04635925963521004,,,,,,,,,,,,,,,
mscim,train,2022-11-22,268.1426696777344,214.1866455078125,0.14459803700447083,0.18257379531860352,76.98567199707031,-0.057188600301742554,1.0,1.0,1.0,0.5249865055084229,0.5426533818244934,0.5461026430130005,,,,,,,,,,,,,,,
mscim,train,2023-02-07,243.96217346191406,234.5652618408203,0.16057652235031128,0.16721582412719727,59.25634765625,-0.04700636863708496,1.0,1.0,1.0,0.5996078252792358,0.6008960008621216,0.6254554986953735,,,,,,,,,,,,,,,
mscim,train,2023-11-05,106.60933685302734,112.6067886352539,0.30019986629486084,0.2909941077232361,-5.5594940185546875,0.008550137281417847,0.0,0.0,0.0,0.02484404481947422,0.02357642911374569,0.02515123039484024,,,,,,,,,,,,,,,
mscim,train,2023-01-26,258.0635070800781,250.31704711914062,0.1510765552520752,0.15622931718826294,-12.540313720703125,0.008023589849472046,0.0,0.0,0.0,0.07667621225118637,0.07387740910053253,0.0756712481379509,,,,,,,,,,,,,,,
mscim,train,2023-09-20,166.4409942626953,137.67819213867188,0.2251560389995575,0.25714677572250366,20.321334838867188,-0.021961107850074768,0.0,0.0,0.0,0.030065929517149925,0.02890171855688095,0.030135581269860268,,,,,,,,,,,,,,,
mscim,train,2023-05-21,120.30583190917969,131.57447814941406,0.2798643410205841,0.26478683948516846,-11.344497680664062,0.015174567699432373,0.0,0.0,0.0,0.028164202347397804,0.028836293146014214,0.028978100046515465,,,,,,,,,,,,,,,
mscim,train,2023-08-12,85.56849670410156,76.33019256591797,0.3371293246746063,0.3562842011451721,12.466163635253906,-0.026391923427581787,0.0,0.0,0.0,0.0310350488871336,0.029814288020133972,0.030693955719470978,,,,,,,,,,,,,,,
mscim,train,2023-09-17,136.72633361816406,140.86338806152344,0.2583158612251282,0.25329238176345825,-15.103866577148438,0.017662420868873596,0.0,0.0,0.0,0.046950820833444595,0.04669865965843201,0.04527057707309723,,,,,,,,,,,,,,,
mscim,train,2024-02-02,90.01166534423828,86.54627227783203,0.3286338150501251,0.3352229595184326,-5.527336120605469,0.010007470846176147,0.0,0.0,0.0,0.017819423228502274,0.01759985461831093,0.019059522077441216,,,,,,,,,,,,,,,
mscim,train,2024-04-03,42.80416488647461,52.754913330078125,0.4527539908885956,0.4180082082748413,-9.979503631591797,0.03483656048774719,0.0,0.0,0.0,0.03381999954581261,0.032031938433647156,0.03371739014983177,,,,,,,,,,,,,,,
mscim,train,2023-12-06,73.3673324584961,90.01201629638672,0.3629153370857239,0.3286331295967102,-13.342666625976562,0.028009504079818726,0.0,0.0,0.0,0.04184379801154137,0.04217255115509033,0.04023577272891998,,,,,,,,,,,,,,,
mscim,train,2024-01-07,63.421165466308594,69.86958312988281,0.3872849643230438,0.37109237909317017,-1.18316650390625,0.0030891001224517822,0.0,0.0,0.0,0.10084889829158783,0.10283569246530533,0.10060235112905502,,,,,,,,,,,,,,,
mscim,train,2022-12-02,281.62615966796875,219.91331481933594,0.13630081713199615,0.17811578512191772,41.46282958984375,-0.02692854404449463,0.0,0.0,0.0,0.0462348498404026,0.0452076755464077,0.04451048746705055,,,,,,,,,,,,,,,
mscim,train,2023-07-20,129.66383361816406,116.83464813232422,0.26725083589553833,0.2847921848297119,13.885665893554688,-0.019070029258728027,0.0,0.0,0.0,0.04591934755444527,0.04263431206345558,0.04305245727300644,,,,,,,,,,,,,,,
mscim,train,2023-05-19,142.65550231933594,149.45596313476562,0.2511616349220276,0.24331098794937134,2.495330810546875,-0.0029742419719696045,0.0,0.0,0.0,0.055781662464141846,0.061726998537778854,0.05750896409153938,,,,,,,,,,,,,,,
mscim,train,2024-01-21,65.64749908447266,73.62675476074219,0.38151815533638,0.36232423782348633,-11.574668884277344,0.027180582284927368,0.0,0.0,0.0,0.04479305073618889,0.0446016825735569,0.0457768552005291,,,,,,,,,,,,,,,
mscim,train,2023-08-24,93.96116638183594,129.84906005859375,0.32142341136932373,0.2670103907585144,-44.27433776855469,0.06495735049247742,0.0,0.0,0.0,0.0188925601541996,0.01837175339460373,0.019469356164336205,,,,,,,,,,,,,,,
mscim,train,2023-09-02,176.56216430664062,173.64585876464844,0.21519434452056885,0.2180052399635315,-1.26617431640625,0.0012060701847076416,0.0,0.0,0.0,0.04253397136926651,0.04154498502612114,0.04194900020956993,,,,,,,,,,,,,,,
mscim,train,2022-11-30,236.56149291992188,280.7453308105469,0.16578352451324463,0.1368306279182434,-69.57467651367188,0.04359891265630722,0.0,0.0,0.0,0.05192727595567703,0.05273531377315521,0.052070487290620804,,,,,,,,,,,,,,,
mscim,train,2023-01-08,139.56100463867188,194.71266174316406,0.2548578679561615,0.19867455959320068,-13.19049072265625,0.015224561095237732,0.0,0.0,0.0,0.406280517578125,0.3969024419784546,0.41104423999786377,,,,,,,,,,,,,,,
mscim,train,2023-04-17,99.52083587646484,100.15301513671875,0.31176602840423584,0.310701847076416,16.572669982910156,-0.030580371618270874,1.0,1.0,1.0,0.5466915965080261,0.5647501349449158,0.5770163536071777,,,,,,,,,,,,,,,
mscim,train,2023-10-25,117.10800170898438,101.396728515625,0.2843988835811615,0.3086276650428772,12.3453369140625,-0.01873907446861267,0.0,0.0,0.0,0.028209470212459564,0.026649972423911095,0.027037935331463814,,,,,,,,,,,,,,,
mscim,train,2023-04-13,131.52200317382812,138.89154052734375,0.2648540437221527,0.25566816329956055,-20.3248291015625,0.024219080805778503,0.0,0.0,0.0,0.023971064016222954,0.0236111581325531,0.02529611811041832,,,,,,,,,,,,,,,
mscim,train,2022-12-13,174.2431640625,211.29086303710938,0.21742571890354156,0.18487346172332764,-29.498672485351562,0.02640657126903534,0.0,0.0,0.0,0.06257414817810059,0.06067517399787903,0.05901038274168968,,,,,,,,,,,,,,,
mscim,train,2023-03-01,96.70700073242188,123.47296905517578,0.31658509373664856,0.2754896283149719,-45.360992431640625,0.06472787261009216,0.0,0.0,0.0,0.020363781601190567,0.020127184689044952,0.020192492753267288,,,,,,,,,,,,,,,
mscim,train,2023-06-25,104.96299743652344,103.15455627441406,0.3028167486190796,0.30573856830596924,-7.473503112792969,0.01156798005104065,0.0,0.0,0.0,0.020155807957053185,0.01928667537868023,0.020618071779608727,,,,,,,,,,,,,,,
mscim,train,2023-01-09,207.91883850097656,167.8963623046875,0.18759118020534515,0.2236870527267456,68.35783386230469,-0.06726668775081635,1.0,1.0,1.0,0.13519544899463654,0.12734819948673248,0.12813352048397064,,,,,,,,,,,,,,,
mscim,train,2023-10-23,116.43533325195312,115.78793334960938,0.2853683531284332,0.28630661964416504,-11.924331665039062,0.01641485095024109,0.0,0.0,0.0,0.018514472991228104,0.017791002988815308,0.01843288727104664,,,,,,,,,,,,,,,
mscim,train,2024-03-22,57.33700180053711,59.20893478393555,0.4041236340999603,0.39876264333724976,6.405834197998047,-0.019743114709854126,0.0,0.0,0.0,0.12500517070293427,0.12262468785047531,0.11721400916576385,,,,,,,,,,,,,,,
mscim,train,2023-11-15,190.31883239746094,204.50296020507812,0.20252862572669983,0.19038933515548706,-17.880340576171875,0.015165045857429504,0.0,0.0,0.0,0.05120263621211052,0.05118509754538536,0.05075085535645485,,,,,,,,,,,,,,,
mscim,train,2023-07-06,145.77749633789062,146.02406311035156,0.24751237034797668,0.24722743034362793,-11.61383056640625,0.012925475835800171,0.0,0.0,0.0,0.05391524359583855,0.05013331398367882,0.051536962389945984,,,,,,,,,,,,,,,
mscim,train,2023-07-21,126.19733428955078,120.87700653076172,0.2718147039413452,0.2790669798851013,-3.4664993286132812,0.004563868045806885,0.0,0.0,0.0,0.03914310783147812,0.03713572025299072,0.03721592202782631,,,,,,,,,,,,,,,
mscim,train,2023-01-23,231.07749938964844,218.22520446777344,0.1697477102279663,0.17941778898239136,45.51933288574219,-0.03705793619155884,1.0,1.0,1.0,0.6636870503425598,0.6661763191223145,0.6884043216705322,,,,,,,,,,,,,,,
mscim,train,2024-01-18,102.62283325195312,113.5890884399414,0.30660730600357056,0.2895328402519226,-25.288665771484375,0.03706473112106323,0.0,0.0,0.0,0.04312737286090851,0.043766677379608154,0.04658367484807968,,,,,,,,,,,,,,,
mscim,train,2023-12-03,143.72366333007812,158.03915405273438,0.24990421533584595,0.23389405012130737,-18.356170654296875,0.02026866376399994,0.0,0.0,0.0,0.03505426645278931,0.034935738891363144,0.035281646996736526,,,,,,,,,,,,,,,
mscim,train,2024-03-30,86.97616577148438,94.03905487060547,0.3343915343284607,0.3212842345237732,-9.929000854492188,0.01815032958984375,0.0,0.0,0.0,0.04046935215592384,0.03796558454632759,0.04079865291714668,,,,,,,,,,,,,,,
mscim,train,2023-02-23,252.0933380126953,234.382568359375,0.1550339013338089,0.1673474907875061,17.376007080078125,-0.012072399258613586,0.0,0.0,0.0,0.060575179755687714,0.05952629819512367,0.05986478552222252,,,,,,,,,,,,,,,
mscim,train,2023-12-04,119.0531997680664,143.2046356201172,0.2816261947154999,0.25051403045654297,-24.67046356201172,0.03172197937965393,0.0,0.0,0.0,0.0355948768556118,0.03510739281773567,0.03556300327181816,,,,,,,,,,,,,,,
mscim,train,2022-09-30,610.4828491210938,494.0116271972656,0.005305862985551357,0.04117178916931152,53.6915283203125,-0.015598970465362072,0.0,0.0,0.0,0.07345451414585114,0.073683962225914,0.0720299631357193,,,,,,,,,,,,,,,
mscim,train,2024-02-04,60.47949981689453,73.37821197509766,0.3952181041240692,0.36289048194885254,-21.657501220703125,0.05122363567352295,0.0,0.0,0.0,0.015927918255329132,0.015247790142893791,0.01644982025027275,,,,,,,,,,,,,,,
mscim,train,2023-01-01,150.5001678466797,179.53587341308594,0.24213705956935883,0.2123752236366272,-40.92683410644531,0.040588751435279846,0.0,0.0,0.0,0.04136350750923157,0.0397007018327713,0.040076177567243576,,,,,,,,,,,,,,,
mscim,train,2022-01-25,69.82833099365234,70.76189422607422,0.37119120359420776,0.3689686059951782,-5.176666259765625,0.011973083019256592,0.0,0.0,0.0,0.02500595711171627,0.026472648605704308,0.025947516784071922,,,,,,,,,,,,,,,
mscim,train,2023-04-27,113.23516845703125,115.13436889648438,0.290057897567749,0.28725916147232056,-13.789497375488281,0.01934361457824707,0.0,0.0,0.0,0.020590180531144142,0.020600389689207077,0.021739225834608078,,,,,,,,,,,,,,,
mscim,train,2023-08-01,133.78933715820312,130.0478057861328,0.26197460293769836,0.26675277948379517,24.801002502441406,-0.0345136821269989,1.0,1.0,1.0,0.6341539621353149,0.6289224624633789,0.6434048414230347,,,,,,,,,,,,,,,
mscim,train,2023-03-24,316.08099365234375,276.9169006347656,0.11677582561969757,0.13915282487869263,14.41815185546875,-0.007899098098278046,0.0,0.0,0.0,0.047433897852897644,0.04654484987258911,0.04819227382540703,,,,,,,,,,,,,,,
mscim,train,2023-07-22,97.52166748046875,119.48558807373047,0.31517574191093445,0.28101593255996704,-28.67566680908203,0.04336103796958923,0.0,0.0,0.0,0.029218386858701706,0.027639444917440414,0.028425555676221848,,,,,,,,,,,,,,,
mscim,train,2024-01-04,88.9403305053711,82.7914810180664,0.3306436836719513,0.3426634669303894,3.5511627197265625,-0.006837636232376099,0.0,0.0,0.0,0.035638950765132904,0.03659432381391525,0.03507787734270096,,,,,,,,,,,,,,,
mscim,train,2022-01-28,41.20833206176758,43.851802825927734,0.45905306935310364,0.4487423300743103,-10.728336334228516,0.03844133019447327,0.0,0.0,0.0,0.045692965388298035,0.04999145120382309,0.04820604622364044,,,,,,,,,,,,,,,
mscim,train,2023-02-05,150.850830078125,162.02024841308594,0.24174463748931885,0.22969752550125122,21.192169189453125,-0.025512903928756714,0.0,0.0,0.0,0.6310164928436279,0.6398418545722961,0.6617751717567444,,,,,,,,,,,,,,,
mscim,train,2024-02-06,47.3668327331543,52.202144622802734,0.43593573570251465,0.41976261138916016,-7.115001678466797,0.023294657468795776,0.0,0.0,0.0,0.020318908616900444,0.019846012815833092,0.020832400768995285,,,,,,,,,,,,,,,
mscim,train,2023-03-02,71.91649627685547,92.45828247070312,0.3662594258785248,0.3241311311721802,-24.790504455566406,0.04967433214187622,0.0,0.0,0.0,0.025014836341142654,0.02481299825012684,0.025365468114614487,,,,,,,,,,,,,,,
mscim,train,2023-08-03,176.54766845703125,210.21804809570312,0.21520820260047913,0.1857333779335022,-4.5780029296875,0.004321083426475525,0.0,0.0,0.0,0.18845392763614655,0.17846468091011047,0.18261787295341492,,,,,,,,,,,,,,,
mscim,train,2023-10-22,128.3596649169922,131.58534240722656,0.26895350217819214,0.264772891998291,-19.227996826171875,0.02352161705493927,0.0,0.0,0.0,0.01730235666036606,0.016638197004795074,0.017216011881828308,,,,,,,,,,,,,,,
mscim,train,2023-03-12,307.3838195800781,254.7615966796875,0.12149650603532791,0.15325379371643066,46.53997802734375,-0.02776811271905899,0.0,0.0,0.0,0.046156201511621475,0.04492375627160072,0.04766969755291939,,,,,,,,,,,,,,,
mscim,train,2023-11-06,93.40650177001953,103.53528594970703,0.3224177360534668,0.30511921644210815,-13.202835083007812,0.022217869758605957,0.0,0.0,0.0,0.02546912059187889,0.024428732693195343,0.025496533140540123,,,,,,,,,,,,,,,
mscim,train,2023-07-10,114.55850219726562,122.6220932006836,0.2881029546260834,0.27665388584136963,-29.360504150390625,0.03842766582965851,0.0,0.0,0.0,0.025108221918344498,0.02377074770629406,0.0249992236495018,,,,,,,,,,,,,,,
mscim,train,2022-01-22,84.2066650390625,106.30389404296875,0.3398207128047943,0.30068230628967285,-15.69000244140625,0.028688132762908936,0.0,0.0,0.0,0.04255006089806557,0.045005932450294495,0.04506421089172363,,,,,,,,,,,,,,,
mscim,train,2023-02-08,258.0361633300781,278.5753173828125,0.1510944664478302,0.13814300298690796,14.073989868164062,-0.009482055902481079,0.0,0.0,0.0,0.2138545662164688,0.21309804916381836,0.21868915855884552,,,,,,,,,,,,,,,
mscim,train,2024-03-21,50.93116760253906,49.85182189941406,0.42386674880981445,0.42743170261383057,4.906002044677734,-0.016843855381011963,0.0,0.0,0.0,0.06481122970581055,0.06361892819404602,0.06552478671073914,,,,,,,,,,,,,,,
mscim,train,2023-03-05,107.01983642578125,110.47016906738281,0.29955360293388367,0.29421675205230713,21.399673461914062,-0.03747445344924927,1.0,1.0,1.0,0.43923690915107727,0.4491165578365326,0.4508795142173767,,,,,,,,,,,,,,,
mscim,train,2023-01-17,82.59600067138672,91.89344787597656,0.3430599272251129,0.32516008615493774,-16.259666442871094,0.03016701340675354,0.0,0.0,0.0,0.03984283655881882,0.03926488384604454,0.03961711749434471,,,,,,,,,,,,,,,
mscim,train,2023-11-03,150.88282775878906,166.2238311767578,0.2417088747024536,0.22537630796432495,-27.416839599609375,0.028167366981506348,0.0,0.0,0.0,0.02855640836060047,0.027801841497421265,0.028645040467381477,,,,,,,,,,,,,,,
mscim,train,2022-12-24,80.6238021850586,248.2125701904297,0.3471123278141022,0.15765661001205444,-116.22753143310547,0.15028248727321625,0.0,0.0,0.0,0.4433247148990631,0.43314749002456665,0.43650561571121216,,,,,,,,,,,,,,,
mscim,train,2023-08-17,160.5279998779297,174.26019287109375,0.23125843703746796,0.2174091935157776,12.589340209960938,-0.013772964477539062,0.0,0.0,0.0,0.08563084900379181,0.08553976565599442,0.08530361950397491,,,,,,,,,,,,,,,
mscim,train,2023-10-14,160.87432861328125,148.18099975585938,0.23089489340782166,0.24475544691085815,25.939834594726562,-0.029643744230270386,1.0,1.0,1.0,0.4124375283718109,0.42170482873916626,0.38397157192230225,,,,,,,,,,,,,,,
mscim,train,2023-10-27,154.90432739257812,134.76953125,0.23727315664291382,0.26074475049972534,35.097496032714844,-0.04329085350036621,1.0,1.0,1.0,0.5058549046516418,0.510087788105011,0.5190736055374146,,,,,,,,,,,,,,,
mscim,train,2023-07-03,106.57416534423828,107.99929809570312,0.30025535821914673,0.29802149534225464,14.460166931152344,-0.02450224757194519,0.0,0.0,0.0,0.4978010058403015,0.4837287366390228,0.4776346683502197,,,,,,,,,,,,,,,
mscim,train,2024-03-16,113.67283630371094,126.49198150634766,0.2894088327884674,0.27142196893692017,-32.05433654785156,0.04183824360370636,0.0,0.0,0.0,0.05063197389245033,0.04866828769445419,0.05086136609315872,,,,,,,,,,,,,,,
mscim,train,2022-09-29,556.7913208007812,404.56317138671875,0.02090483345091343,0.07500076293945312,135.11782836914062,-0.04708191752433777,1.0,1.0,1.0,0.08936353027820587,0.08949370682239532,0.0871785432100296,,,,,,,,,,,,,,,
mscim,train,2023-03-16,152.76283264160156,198.99124145507812,0.23962078988552094,0.19500386714935303,-76.59550476074219,0.06861105561256409,0.0,0.0,0.0,0.032835107296705246,0.03289270028471947,0.035067297518253326,,,,,,,,,,,,,,,
mscim,train,2023-07-23,95.99066925048828,94.89738464355469,0.3178340792655945,0.31975817680358887,-1.5309982299804688,0.002658337354660034,0.0,0.0,0.0,0.022829225286841393,0.021354982629418373,0.022450093179941177,,,,,,,,,,,,,,,
mscim,train,2023-03-08,183.52833557128906,185.80438232421875,0.20866255462169647,0.20658177137374878,33.15516662597656,-0.033616840839385986,1.0,1.0,1.0,0.5977841019630432,0.5952373147010803,0.6144756078720093,,,,,,,,,,,,,,,
mscim,train,2023-11-02,178.29966735839844,189.5660858154297,0.21354150772094727,0.20319771766662598,-21.404327392578125,0.019141465425491333,0.0,0.0,0.0,0.03661719337105751,0.03596273437142372,0.0363636389374733,,,,,,,,,,,,,,,
mscim,train,2024-01-16,155.41917419433594,184.76351928710938,0.23671357333660126,0.20753014087677002,-18.292831420898438,0.018772602081298828,0.0,0.0,0.0,0.10234537720680237,0.10337893664836884,0.11154110729694366,,,,,,,,,,,,,,,
mscim,train,2023-12-23,111.37816619873047,111.32575225830078,0.29283976554870605,0.2929189205169678,2.6231689453125,-0.004008978605270386,0.0,0.0,0.0,0.0698736310005188,0.0714799091219902,0.07068835198879242,,,,,,,,,,,,,,,
mscim,train,2023-03-14,276.6335144042969,215.91770935058594,0.13932602107524872,0.1812138557434082,30.78350830078125,-0.01994742453098297,0.0,0.0,0.0,0.030101340264081955,0.029482198879122734,0.030468348413705826,,,,,,,,,,,,,,,
mscim,train,2024-02-18,44.208831787109375,53.3195915222168,0.44739654660224915,0.41623449325561523,-16.025169372558594,0.05149930715560913,0.0,0.0,0.0,0.04308050125837326,0.044208090752363205,0.04555942863225937,,,,,,,,,,,,,,,
mscim,train,2023-11-28,162.7050018310547,182.8793182373047,0.22898611426353455,0.20926058292388916,1.729827880859375,-0.001803085207939148,0.0,0.0,0.0,0.12494435161352158,0.1262950599193573,0.12139921635389328,,,,,,,,,,,,,,,
mscim,train,2023-04-04,95.9446029663086,132.83847045898438,0.3179147243499756,0.26317620277404785,-14.670394897460938,0.023918330669403076,0.0,0.0,0.0,0.5541846752166748,0.5666905641555786,0.582411527633667,,,,,,,,,,,,,,,
mscim,train,2023-11-12,165.37350463867188,140.45423889160156,0.22624161839485168,0.25378262996673584,36.4493408203125,-0.04197278618812561,1.0,1.0,1.0,0.5802723169326782,0.5955033898353577,0.599064290523529,,,,,,,,,,,,,,,
mscim,train,2023-12-05,86.70999908447266,114.3384017944336,0.33490583300590515,0.2884265184402466,-32.34320068359375,0.05327963829040527,0.0,0.0,0.0,0.03737417235970497,0.03807695955038071,0.036084264516830444,,,,,,,,,,,,,,,
mscim,train,2022-11-21,191.15699768066406,157.427734375,0.20178663730621338,0.23454785346984863,53.96449279785156,-0.0559556782245636,1.0,1.0,1.0,0.5160241723060608,0.533992350101471,0.5323230624198914,,,,,,,,,,,,,,,
mscim,train,2023-02-16,143.96417236328125,154.63291931152344,0.2496223896741867,0.2375689148902893,-34.87982177734375,0.03659540414810181,0.0,0.0,0.0,0.03390948846936226,0.03340514004230499,0.034163959324359894,,,,,,,,,,,,,,,
mscim,train,2023-05-13,83.02999877929688,87.08968353271484,0.342180997133255,0.33417266607284546,-10.940666198730469,0.02077457308769226,0.0,0.0,0.0,0.01732904464006424,0.017158348113298416,0.017859380692243576,,,,,,,,,,,,,,,
mscim,train,2022-01-26,55.17166519165039,63.22105407714844,0.41054368019104004,0.3878130316734314,-14.656665802001953,0.039352476596832275,0.0,0.0,0.0,0.024818751960992813,0.026001548394560814,0.02592402510344982,,,,,,,,,,,,,,,
mscim,train,2022-11-24,322.3516540527344,335.62347412109375,0.11345186829566956,0.10662436485290527,-14.586334228515625,0.007489040493965149,0.0,0.0,0.0,0.08362522721290588,0.08298881351947784,0.0823080837726593,,,,,,,,,,,,,,,
mscim,train,2023-04-30,90.54750061035156,95.65458679199219,0.3276374340057373,0.31842321157455444,-5.9478302001953125,0.010684221982955933,0.0,0.0,0.0,0.028251642361283302,0.02916555106639862,0.029377173632383347,,,,,,,,,,,,,,,
mscim,train,2023-08-15,122.5338363647461,139.19003295898438,0.27677515149116516,0.2553064227104187,7.420005798339844,-0.010514050722122192,0.0,0.0,0.0,0.5972660779953003,0.6032379865646362,0.6225854754447937,,,,,,,,,,,,,,,
mscim,train,2023-11-19,174.93016052246094,176.9904327392578,0.21676160395145416,0.2147853970527649,-17.546005249023438,0.01613621413707733,0.0,0.0,0.0,0.02647295594215393,0.026258451864123344,0.026973890140652657,,,,,,,,,,,,,,,
mscim,train,2023-05-02,79.46749877929688,84.51948547363281,0.3495340049266815,0.3391987085342407,-0.02266693115234375,4.780292510986328e-05,0.0,0.0,0.0,0.04279115051031113,0.04623710364103317,0.04567192867398262,,,,,,,,,,,,,,,
mscim,train,2023-11-24,110.18516540527344,108.10100555419922,0.2946512997150421,0.2978631854057312,7.116668701171875,-0.011227577924728394,0.0,0.0,0.0,0.06231514737010002,0.0645168349146843,0.064435213804245,,,,,,,,,,,,,,,
mscim,train,2022-12-26,111.96817016601562,301.610107421875,0.2919509708881378,0.12470448017120361,-155.67083740234375,0.14703498780727386,0.0,0.0,0.0,0.21610009670257568,0.2107405811548233,0.20989133417606354,,,,,,,,,,,,,,,
mscim,train,2023-09-11,89.38316345214844,86.80028533935547,0.3298100233078003,0.33473116159439087,4.821327209472656,-0.009304642677307129,0.0,0.0,0.0,0.05939279496669769,0.05925588309764862,0.06048750877380371,,,,,,,,,,,,,,,
mscim,train,2023-02-11,230.15550231933594,244.3869171142578,0.17042337357997894,0.1602824330329895,-33.92448425292969,0.023243680596351624,0.0,0.0,0.0,0.04648110270500183,0.046338774263858795,0.0474122054874897,,,,,,,,,,,,,,,
mscim,train,2024-04-01,67.95883178710938,68.6239242553711,0.37573152780532837,0.37410229444503784,-3.7253341674804688,0.008930414915084839,0.0,0.0,0.0,0.031575921922922134,0.029772073030471802,0.03258789703249931,,,,,,,,,,,,,,,
mscim,train,2023-03-30,122.36883544921875,150.2223358154297,0.2770020067691803,0.2424485683441162,-49.61332702636719,0.05737210810184479,0.0,0.0,0.0,0.018063515424728394,0.017381079494953156,0.01811901479959488,,,,,,,,,,,,,,,
mscim,train,2023-12-27,122.85816955566406,155.8313446044922,0.2763300836086273,0.2362668514251709,5.55267333984375,-0.007785230875015259,0.0,0.0,0.0,0.44858554005622864,0.44420698285102844,0.45680519938468933,,,,,,,,,,,,,,,
mscim,train,2023-01-25,270.60382080078125,312.5738525390625,0.14305296540260315,0.11866366863250732,-22.452178955078125,0.013481318950653076,0.0,0.0,0.0,0.20761683583259583,0.21117262542247772,0.2158784419298172,,,,,,,,,,,,,,,
mscim,train,2024-02-15,96.77349853515625,102.91133880615234,0.31646960973739624,0.306135356426239,-11.332832336425781,0.01861470937728882,0.0,0.0,0.0,0.04964253678917885,0.04793220013380051,0.052234020084142685,,,,,,,,,,,,,,,
mscim,train,2023-07-15,91.48049926757812,95.5073471069336,0.3259163498878479,0.3186820149421692,-2.3071670532226562,0.0041825175285339355,0.0,0.0,0.0,0.08459926396608353,0.08458089828491211,0.07982397824525833,,,,,,,,,,,,,,,
mscim,train,2023-12-20,122.16783142089844,143.08042907714844,0.2772787809371948,0.2506603002548218,-30.363494873046875,0.03740224242210388,0.0,0.0,0.0,0.050217777490615845,0.05167005956172943,0.05055992677807808,,,,,,,,,,,,,,,
mscim,train,2024-03-19,56.5359992980957,59.7132568359375,0.40647032856941223,0.3973468542098999,-4.1421661376953125,0.011799842119216919,0.0,0.0,0.0,0.04765930771827698,0.0447109118103981,0.046877726912498474,,,,,,,,,,,,,,,
mscim,train,2023-04-02,96.62816619873047,98.00714111328125,0.3167220950126648,0.31434136629104614,13.660835266113281,-0.025585532188415527,0.0,0.0,0.0,0.08755480498075485,0.09075368195772171,0.08447679132223129,,,,,,,,,,,,,,,
mscim,train,2024-04-02,52.783668518066406,64.3765640258789,0.4179174304008484,0.3847861886024475,-15.175163269042969,0.04218590259552002,0.0,0.0,0.0,0.03431976959109306,0.03156984597444534,0.03438861295580864,,,,,,,,,,,,,,,
mscim,train,2023-09-08,67.88933563232422,79.50340270996094,0.3759026825428009,0.3494582772254944,-15.463996887207031,0.03437352180480957,0.0,0.0,0.0,0.01853257790207863,0.017802737653255463,0.019080474972724915,,,,,,,,,,,,,,,
mscim,train,2024-01-10,82.81632995605469,87.77215576171875,0.342613160610199,0.3328626751899719,14.174163818359375,-0.031444698572158813,1.0,1.0,1.0,0.6196751594543457,0.6337564587593079,0.6555943489074707,,,,,,,,,,,,,,,
mscim,train,2023-07-05,157.39132690429688,132.6698455810547,0.2345868945121765,0.2633901834487915,20.699493408203125,-0.0237714946269989,0.0,0.0,0.0,0.10230866819620132,0.09486188739538193,0.09724394977092743,,,,,,,,,,,,,,,
mscim,train,2023-03-28,247.3806610107422,232.5401153564453,0.1582242101430893,0.1686813235282898,-35.03218078613281,0.02239517867565155,0.0,0.0,0.0,0.016542872413992882,0.015806792303919792,0.016704712063074112,,,,,,,,,,,,,,,
mscim,train,2023-07-19,115.77816772460938,119.49127197265625,0.28632086515426636,0.28100794553756714,-0.05899810791015625,8.574128150939941e-05,0.0,0.0,0.0,0.06550811976194382,0.060833875089883804,0.05991244688630104,,,,,,,,,,,,,,,
mscim,train,2023-12-13,143.3695068359375,170.4931182861328,0.25032010674476624,0.22109729051589966,14.237167358398438,-0.017622560262680054,0.0,0.0,0.0,0.5344034433364868,0.5376410484313965,0.5478857755661011,,,,,,,,,,,,,,,
mscim,train,2023-05-22,102.53849792480469,119.91505432128906,0.3067454993724823,0.2804120182991028,-17.767333984375,0.026881158351898193,0.0,0.0,0.0,0.027205942198634148,0.02753676287829876,0.02888604998588562,,,,,,,,,,,,,,,
mscim,train,2023-01-24,293.0559997558594,275.5984191894531,0.12957164645195007,0.13995999097824097,61.97850036621094,-0.040176063776016235,1.0,1.0,1.0,0.5926432609558105,0.5923038721084595,0.6153741478919983,,,,,,,,,,,,,,,
mscim,train,2023-08-18,145.1978302001953,168.96353149414062,0.24818402528762817,0.2226179838180542,-15.330169677734375,0.016925588250160217,0.0,0.0,0.0,0.04397722706198692,0.043977998197078705,0.0438847541809082,,,,,,,,,,,,,,,
mscim,train,2023-04-09,172.302001953125,173.08953857421875,0.21931636333465576,0.21854674816131592,-5.6063385009765625,0.005403995513916016,0.0,0.0,0.0,0.03087775595486164,0.03016875870525837,0.03170252591371536,,,,,,,,,,,,,,,
mscim,train,2023-10-15,170.1195068359375,165.35313415527344,0.2214675098657608,0.2262623906135559,9.24517822265625,-0.009427383542060852,0.0,0.0,0.0,0.044060807675123215,0.04342546686530113,0.04069852828979492,,,,,,,,,,,,,,,
mscim,train,2023-01-20,90.89616394042969,84.51512145996094,0.3269922137260437,0.33920735120773315,27.133499145507812,-0.05939534306526184,1.0,1.0,1.0,0.5363377332687378,0.544825553894043,0.5326731204986572,,,,,,,,,,,,,,,
mscim,train,2024-01-29,138.4425048828125,139.10723876953125,0.2562139332294464,0.2554066777229309,1.2706756591796875,-0.0015537738800048828,0.0,0.0,0.0,0.04776386544108391,0.04918919503688812,0.04908058047294617,,,,,,,,,,,,,,,
mscim,train,2023-10-26,119.80683135986328,116.65251159667969,0.28056401014328003,0.2850547432899475,2.6988296508789062,-0.0038348734378814697,0.0,0.0,0.0,0.05646778270602226,0.05570682883262634,0.054334867745637894,,,,,,,,,,,,,,,
mscim,train,2023-06-04,155.0568389892578,146.2718963623047,0.23710720241069794,0.24694156646728516,29.726837158203125,-0.035868868231773376,1.0,1.0,1.0,0.11200904101133347,0.11167840659618378,0.11581793427467346,,,,,,,,,,,,,,,
mscim,train,2023-08-22,171.88516235351562,152.4483184814453,0.219725102186203,0.23996829986572266,8.646163940429688,-0.00870823860168457,0.0,0.0,0.0,0.020327430218458176,0.01995524764060974,0.02070619910955429,,,,,,,,,,,,,,,
mscim,train,2023-08-05,220.0506591796875,193.8912811279297,0.17801031470298767,0.19938844442367554,18.830825805664062,-0.015112608671188354,0.0,0.0,0.0,0.053198207169771194,0.05077892169356346,0.0513283796608448,,,,,,,,,,,,,,,
mscim,train,2023-08-16,147.93865966796875,157.97068786621094,0.24503140151500702,0.23396718502044678,25.404823303222656,-0.03174374997615814,1.0,1.0,1.0,0.16094312071800232,0.1593390703201294,0.15845458209514618,,,,,,,,,,,,,,,
mscim,train,2023-01-28,168.14466857910156,207.03326416015625,0.22343775629997253,0.18831217288970947,-50.621826171875,0.04443851113319397,0.0,0.0,0.0,0.058188773691654205,0.05847487971186638,0.06003034859895706,,,,,,,,,,,,,,,
mscim,train,2024-01-09,68.64216613769531,82.54448699951172,0.3740578591823578,0.3431645631790161,7.291164398193359,-0.018771082162857056,0.0,0.0,0.0,0.5241189002990723,0.5323734879493713,0.5367521643638611,,,,,,,,,,,,,,,
mscim,train,2023-10-20,155.7881622314453,167.2734375,0.2363136261701584,0.22431427240371704,-28.309173583984375,0.028173640370368958,0.0,0.0,0.0,0.018612336367368698,0.018239298835396767,0.01869639754295349,,,,,,,,,,,,,,,
mscim,train,2023-11-10,91.4316635131836,97.5876693725586,0.3260059952735901,0.3150620460510254,-2.1743392944335938,0.003946542739868164,0.0,0.0,0.0,0.06779997795820236,0.07269386947154999,0.07215966284275055,,,,,,,,,,,,,,,
mscim,train,2024-03-29,96.90516662597656,106.62939453125,0.31624120473861694,0.3001682162284851,-4.9221649169921875,0.008325845003128052,0.0,0.0,0.0,0.0666927918791771,0.06435521692037582,0.06516189128160477,,,,,,,,,,,,,,,
mscim,train,2023-01-03,123.94249725341797,130.64154052734375,0.27485060691833496,0.26598548889160156,0.9290008544921875,-0.0012667477130889893,0.0,0.0,0.0,0.0663241595029831,0.0664445087313652,0.06630083173513412,,,,,,,,,,,,,,,
mscim,train,2023-06-29,81.04066467285156,68.4434585571289,0.34624767303466797,0.37454283237457275,14.615333557128906,-0.03330099582672119,1.0,1.0,1.0,0.09942294657230377,0.09380340576171875,0.0949641689658165,,,,,,,,,,,,,,,
mscim,train,2024-02-19,34.60200119018555,40.568359375,0.487944632768631,0.46164631843566895,-9.606830596923828,0.040548086166381836,0.0,0.0,0.0,0.09487511217594147,0.10064693540334702,0.09874089062213898,,,,,,,,,,,,,,,
mscim,train,2023-12-26,117.30549621582031,137.179443359375,0.2841153144836426,0.25775837898254395,10.985496520996094,-0.01654154062271118,0.0,0.0,0.0,0.3117401897907257,0.30951207876205444,0.3130783140659332,,,,,,,,,,,,,,,
mscim,train,2023-11-13,193.54100036621094,173.38938903808594,0.19969378411769867,0.2182546854019165,28.167495727539062,-0.026547834277153015,0.0,0.0,0.0,0.08401203900575638,0.08485694229602814,0.0857054814696312,,,,,,,,,,,,,,,
mscim,train,2023-06-02,97.66716766357422,95.53013610839844,0.31492525339126587,0.31864190101623535,16.988502502441406,-0.032073020935058594,1.0,1.0,1.0,0.4059500992298126,0.41434940695762634,0.40909016132354736,,,,,,,,,,,,,,,
mscim,train,2023-10-18,174.79049682617188,154.4477996826172,0.2168964147567749,0.2377709150314331,15.746826171875,-0.015928983688354492,0.0,0.0,0.0,0.02491358481347561,0.0240657776594162,0.024341680109500885,,,,,,,,,,,,,,,
mscim,train,2023-04-20,173.96800231933594,204.45779418945312,0.21769244968891144,0.19042664766311646,12.474334716796875,-0.012554287910461426,0.0,0.0,0.0,0.45027756690979004,0.4578245282173157,0.48094460368156433,,,,,,,,,,,,,,,
mscim,train,2023-06-30,82.57333374023438,88.0977554321289,0.3431059718132019,0.3322412371635437,1.5326690673828125,-0.0031417012214660645,0.0,0.0,0.0,0.30317559838294983,0.29487478733062744,0.28772178292274475,,,,,,,,,,,,,,,
mscim,train,2023-11-08,100.2701644897461,83.2853775024414,0.3105054199695587,0.34166592359542847,20.182998657226562,-0.03772649168968201,1.0,1.0,1.0,0.028600996360182762,0.02736549638211727,0.0286569781601429,,,,,,,,,,,,,,,
mscim,train,2023-08-10,79.4135971069336,99.34976196289062,0.34964773058891296,0.3120551109313965,-22.720069885253906,0.04223725199699402,0.0,0.0,0.0,0.02275226265192032,0.022245721891522408,0.02295638807117939,,,,,,,,,,,,,,,
mscim,train,2023-03-21,273.81915283203125,251.37503051757812,0.1410553902387619,0.15551626682281494,53.85697937011719,-0.03702288866043091,1.0,1.0,1.0,0.6158846616744995,0.6200196743011475,0.639245867729187,,,,,,,,,,,,,,,
mscim,train,2024-02-07,50.041500091552734,44.22444152832031,0.42679980397224426,0.44733792543411255,2.6746673583984375,-0.009135931730270386,0.0,0.0,0.0,0.03385162726044655,0.03564691171050072,0.03550243377685547,,,,,,,,,,,,,,,
mscim,train,2023-09-09,67.5875015258789,67.9503402709961,0.3766480088233948,0.37575244903564453,-0.3018341064453125,0.0007453262805938721,0.0,0.0,0.0,0.02229462005198002,0.02107468619942665,0.022732354700565338,,,,,,,,,,,,,,,
mscim,train,2023-02-14,204.15032958984375,192.135498046875,0.1906808316707611,0.20092451572418213,-20.556671142578125,0.01620878279209137,0.0,0.0,0.0,0.03093281388282776,0.030878519639372826,0.03185867890715599,,,,,,,,,,,,,,,
mscim,train,2022-12-18,135.7548370361328,140.92982482910156,0.2595174014568329,0.25321292877197266,4.422332763671875,-0.005579531192779541,0.0,0.0,0.0,0.07403869181871414,0.07282249629497528,0.06949062645435333,,,,,,,,,,,,,,,
mscim,train,2023-06-09,128.47866821289062,126.75987243652344,0.2687974274158478,0.2710656523704529,-13.01666259765625,0.016259431838989258,0.0,0.0,0.0,0.01804869994521141,0.017418475821614265,0.018368128687143326,,,,,,,,,,,,,,,
mscim,train,2023-07-04,136.69183349609375,119.71527099609375,0.2583583891391754,0.2806926965713501,30.11766815185547,-0.041896969079971313,1.0,1.0,1.0,0.19697250425815582,0.18040335178375244,0.18141013383865356,,,,,,,,,,,,,,,
mscim,train,2022-12-25,267.6390075683594,122.07268524169922,0.14491598308086395,0.2774099111557007,187.01519775390625,-0.20219634473323822,1.0,1.0,1.0,0.4303918778896332,0.42140641808509827,0.42582908272743225,,,,,,,,,,,,,,,
mscim,train,2024-01-15,173.71200561523438,173.97511291503906,0.21794097125530243,0.2176855206489563,-0.0168304443359375,1.6361474990844727e-05,0.0,0.0,0.0,0.09709855169057846,0.10122673958539963,0.10270697623491287,,,,,,,,,,,,,,,
mscim,train,2023-08-08,161.54183959960938,207.24307250976562,0.23019643127918243,0.18814104795455933,-77.69566345214844,0.06631419062614441,0.0,0.0,0.0,0.024577705189585686,0.02370121330022812,0.024733856320381165,,,,,,,,,,,,,,,
mscim,train,2023-05-17,104.05733489990234,105.58628845214844,0.30427369475364685,0.301821231842041,5.133331298828125,-0.008503109216690063,0.0,0.0,0.0,0.1343507468700409,0.15112417936325073,0.147613063454628,,,,,,,,,,,,,,,
mscim,train,2023-12-24,111.72433471679688,120.80827331542969,0.2923177182674408,0.27916276454925537,0.34616851806640625,-0.0005220472812652588,0.0,0.0,0.0,0.11587637662887573,0.12084414064884186,0.11465839296579361,,,,,,,,,,,,,,,
mscim,train,2023-07-11,107.72266387939453,100.93358612060547,0.29845279455184937,0.3093971014022827,-6.835838317871094,0.010349839925765991,0.0,0.0,0.0,0.02818785421550274,0.026621660217642784,0.027705032378435135,,,,,,,,,,,,,,,
mscim,train,2024-02-10,81.97450256347656,89.7712173461914,0.34432655572891235,0.3290828466415405,7.479499816894531,-0.016034334897994995,0.0,0.0,0.0,0.5333790183067322,0.542590320110321,0.5474218130111694,,,,,,,,,,,,,,,
mscim,train,2023-07-28,92.20700073242188,83.98974609375,0.3245881497859955,0.3402533531188965,9.496597290039062,-0.018239647150039673,0.0,0.0,0.0,0.07006797194480896,0.06784726679325104,0.0651988759636879,,,,,,,,,,,,,,,
mscim,train,2023-06-13,97.26466369628906,96.69049072265625,0.3156190812587738,0.31661373376846313,-9.028167724609375,0.014919251203536987,0.0,0.0,0.0,0.022182883694767952,0.021468816325068474,0.02282545529305935,,,,,,,,,,,,,,,
mscim,train,2023-06-06,151.475830078125,148.94393920898438,0.2410474568605423,0.24388957023620605,-3.1106719970703125,0.0034279227256774902,0.0,0.0,0.0,0.030847417190670967,0.03126184642314911,0.03165270760655403,,,,,,,,,,,,,,,
mscim,train,2023-02-24,258.7658386230469,225.592529296875,0.15061701834201813,0.17380738258361816,6.6725006103515625,-0.0044168829917907715,0.0,0.0,0.0,0.034007757902145386,0.033429767936468124,0.03471697121858597,,,,,,,,,,,,,,,
mscim,train,2023-04-06,184.04299926757812,181.48672485351562,0.20818981528282166,0.2105509638786316,20.4739990234375,-0.019902825355529785,0.0,0.0,0.0,0.07603160291910172,0.07800150662660599,0.0748649314045906,,,,,,,,,,,,,,,
mscim,train,2024-01-30,148.44566345214844,150.66456604003906,0.24445459246635437,0.24195295572280884,10.003158569335938,-0.011759340763092041,0.0,0.0,0.0,0.05117669701576233,0.053549252450466156,0.05305439978837967,,,,,,,,,,,,,,,
mscim,train,2023-04-26,127.02466583251953,133.12884521484375,0.27071428298950195,0.2628083825111389,-15.922004699707031,0.019896328449249268,0.0,0.0,0.0,0.02070925384759903,0.02085067704319954,0.02137868106365204,,,,,,,,,,,,,,,
mscim,train,2023-06-27,76.3479995727539,81.57919311523438,0.35624510049819946,0.3451371192932129,-13.521835327148438,0.027346551418304443,0.0,0.0,0.0,0.024695267900824547,0.02349570207297802,0.02519247494637966,,,,,,,,,,,,,,,
mscim,train,2023-04-21,173.97549438476562,189.1129150390625,0.21768516302108765,0.20360183715820312,0.0074920654296875,-7.286667823791504e-06,0.0,0.0,0.0,0.08133380860090256,0.08301997184753418,0.08412118256092072,,,,,,,,,,,,,,,
mscim,train,2023-10-19,184.0973358154297,163.26992797851562,0.20813998579978943,0.22840136289596558,9.306838989257812,-0.008756428956985474,0.0,0.0,0.0,0.02078470215201378,0.02023106999695301,0.020467914640903473,,,,,,,,,,,,,,,
mscim,train,2023-03-26,288.40966796875,264.7978515625,0.13227501511573792,0.14672064781188965,-21.579498291015625,0.01220647245645523,0.0,0.0,0.0,0.022662321105599403,0.0220163706690073,0.022842805832624435,,,,,,,,,,,,,,,
mscim,train,2023-07-12,98.45916748046875,98.85953521728516,0.31356823444366455,0.3128862977027893,-9.263496398925781,0.015115439891815186,0.0,0.0,0.0,0.03460118547081947,0.032654520124197006,0.033695947378873825,,,,,,,,,,,,,,,
mscim,train,2023-01-04,143.78533935546875,142.77633666992188,0.2498319149017334,0.2510188817977905,19.84284210205078,-0.025018692016601562,0.0,0.0,0.0,0.11098526418209076,0.10613241791725159,0.10401707142591476,,,,,,,,,,,,,,,
mscim,train,2024-01-12,112.18016815185547,132.29360961914062,0.291632741689682,0.26386862993240356,13.381668090820312,-0.02135738730430603,0.0,0.0,0.0,0.6106585264205933,0.608946681022644,0.6333106756210327,,,,,,,,,,,,,,,
mscim,train,2023-02-17,128.56149291992188,130.05686950683594,0.2686888575553894,0.2667410373687744,-15.402679443359375,0.019066467881202698,0.0,0.0,0.0,0.042363978922367096,0.04172312095761299,0.043056175112724304,,,,,,,,,,,,,,,
mscim,train,2023-02-10,264.0799865722656,270.43328857421875,0.14717969298362732,0.14315956830978394,-16.0150146484375,0.00995682179927826,0.0,0.0,0.0,0.07359492033720016,0.07302197813987732,0.07444007694721222,,,,,,,,,,,,,,,
mscim,train,2023-05-10,135.77783203125,125.72417449951172,0.2594888508319855,0.27244722843170166,-0.5333404541015625,0.0006605684757232666,0.0,0.0,0.0,0.01678953506052494,0.01662490703165531,0.017522364854812622,,,,,,,,,,,,,,,
mscim,train,2023-12-12,129.13233947753906,134.5982666015625,0.2679426670074463,0.2609589695930481,22.380172729492188,-0.0320320725440979,1.0,1.0,1.0,0.6167194843292236,0.6253281831741333,0.6455267071723938,,,,,,,,,,,,,,,
mscim,train,2022-11-29,306.13616943359375,403.36480712890625,0.12218461185693741,0.07550305128097534,-175.23599243164062,0.07662255316972733,0.0,0.0,0.0,0.04654689133167267,0.04628969728946686,0.04586668312549591,,,,,,,,,,,,,,,
mscim,train,2023-07-17,108.1624984741211,106.9601058959961,0.2977675199508667,0.2996474504470825,7.996002197265625,-0.012911736965179443,0.0,0.0,0.0,0.2372162789106369,0.23619045317173004,0.22062014043331146,,,,,,,,,,,,,,,
mscim,train,2022-12-30,219.92433166503906,221.87338256835938,0.1781073361635208,0.17661643028259277,-23.873001098632812,0.017416566610336304,0.0,0.0,0.0,0.044374436140060425,0.04360426962375641,0.04330025613307953,,,,,,,,,,,,,,,
mscim,train,2023-03-04,85.62016296386719,96.0124740600586,0.33702805638313293,0.31779587268829346,7.584663391113281,-0.015553772449493408,0.0,0.0,0.0,0.16214320063591003,0.16727349162101746,0.15420787036418915,,,,,,,,,,,,,,,
mscim,train,2023-05-25,90.73999786376953,97.32612609863281,0.3272809088230133,0.3155129551887512,-8.91400146484375,0.01573958992958069,0.0,0.0,0.0,0.018170585855841637,0.017799753695726395,0.0188517514616251,,,,,,,,,,,,,,,
mscim,train,2023-07-29,30.982999801635742,103.93211364746094,0.5061397552490234,0.30447614192962646,-61.2239990234375,0.18155160546302795,0.0,0.0,0.0,0.33809563517570496,0.32991674542427063,0.32877564430236816,,,,,,,,,,,,,,,
mscim,train,2024-01-14,173.7288360595703,161.59823608398438,0.21792460978031158,0.23013752698898315,45.484832763671875,-0.051180705428123474,1.0,1.0,1.0,0.6186496019363403,0.6234078407287598,0.6619588732719421,,,,,,,,,,,,,,,
mscim,train,2023-05-31,71.29000091552734,80.24432373046875,0.36772409081459045,0.3479032516479492,0.7433319091796875,-0.00175437331199646,0.0,0.0,0.0,0.2140638381242752,0.21482311189174652,0.2078561782836914,,,,,,,,,,,,,,,
mscim,train,2023-06-28,66.42533111572266,71.5088119506836,0.37954866886138916,0.36721110343933105,-9.92266845703125,0.023303568363189697,0.0,0.0,0.0,0.035074230283498764,0.03366270288825035,0.03585279360413551,,,,,,,,,,,,,,,
mscim,train,2023-04-29,96.49533081054688,99.09346008300781,0.31695321202278137,0.3124891519546509,-8.389999389648438,0.014012008905410767,0.0,0.0,0.0,0.024656696245074272,0.025027818977832794,0.02567315101623535,,,,,,,,,,,,,,,
mscim,train,2023-02-28,142.0679931640625,184.24295043945312,0.2518572211265564,0.20800650119781494,-80.74366760253906,0.07595382630825043,0.0,0.0,0.0,0.018952522426843643,0.018525294959545135,0.019150521606206894,,,,,,,,,,,,,,,
mscim,train,2023-12-31,133.72116088867188,144.97433471679688,0.2620604634284973,0.24844366312026978,-2.801666259765625,0.0034936070442199707,0.0,0.0,0.0,0.06370598077774048,0.06482822448015213,0.06267517060041428,,,,,,,,,,,,,,,
mscim,train,2022-12-23,196.85133361816406,249.21493530273438,0.19682984054088593,0.15697532892227173,-5.6706695556640625,0.0047964006662368774,0.0,0.0,0.0,0.4473639726638794,0.44056305289268494,0.44422319531440735,,,,,,,,,,,,,,,
mscim,train,2022-12-14,182.4808349609375,178.00439453125,0.20962882041931152,0.21382123231887817,8.2376708984375,-0.0077968984842300415,0.0,0.0,0.0,0.046551287174224854,0.04529436677694321,0.04532132297754288,,,,,,,,,,,,,,,
mscim,train,2023-12-17,171.66983032226562,175.1439971923828,0.21993663907051086,0.2165554165840149,2.271331787109375,-0.002247542142868042,0.0,0.0,0.0,0.07318037003278732,0.07542529702186584,0.07483606040477753,,,,,,,,,,,,,,,
mscim,train,2022-12-05,182.67166137695312,200.53787231445312,0.20945237576961517,0.1936962604522705,13.634994506835938,-0.01309262216091156,0.0,0.0,0.0,0.4798411428928375,0.48674002289772034,0.490466833114624,,,,,,,,,,,,,,,
mscim,train,2022-12-31,191.427001953125,202.7449188232422,0.20154830813407898,0.19184762239456177,-28.497329711914062,0.023440971970558167,0.0,0.0,0.0,0.04185490310192108,0.04080165922641754,0.0403384305536747,,,,,,,,,,,,,,,
mscim,train,2023-02-02,71.88883209228516,78.5887680053711,0.3663238286972046,0.3513977527618408,9.738330841064453,-0.024342507123947144,0.0,0.0,0.0,0.34563252329826355,0.36793360114097595,0.3754589259624481,,,,,,,,,,,,,,,
mscim,train,2023-04-12,151.84683227539062,175.3203887939453,0.2406349629163742,0.21638554334640503,-44.12400817871094,0.04304805397987366,0.0,0.0,0.0,0.021325552836060524,0.020669864490628242,0.021834122017025948,,,,,,,,,,,,,,,
mscim,train,2023-05-23,99.11166381835938,103.62879180908203,0.312458336353302,0.30496746301651,-3.4268341064453125,0.005712836980819702,0.0,0.0,0.0,0.023123636841773987,0.023447949439287186,0.023754838854074478,,,,,,,,,,,,,,,
mscim,train,2023-11-04,112.16883087158203,144.12989807128906,0.291649729013443,0.24942845106124878,-38.71399688720703,0.04994085431098938,0.0,0.0,0.0,0.024597659707069397,0.02352096140384674,0.02484356053173542,,,,,,,,,,,,,,,
mscim,train,2024-01-27,132.08616638183594,152.98580932617188,0.2641330063343048,0.2393748164176941,0.2111663818359375,-0.0002695322036743164,0.0,0.0,0.0,0.2128412425518036,0.22013244032859802,0.22201797366142273,,,,,,,,,,,,,,,
mscim,train,2023-03-20,219.96217346191406,169.0896759033203,0.1780782788991928,0.2224920392036438,80.11984252929688,-0.07644020020961761,1.0,1.0,1.0,0.6277245283126831,0.6305517554283142,0.6524932980537415,,,,,,,,,,,,,,,
mscim,train,2023-01-29,110.86566925048828,150.1777801513672,0.2936156094074249,0.24249863624572754,-57.27899932861328,0.07017785310745239,0.0,0.0,0.0,0.03906179592013359,0.03939390927553177,0.039163120090961456,,,,,,,,,,,,,,,
mscim,train,2023-01-22,185.55816650390625,163.06826782226562,0.20680564641952515,0.2286098599433899,60.95166778564453,-0.06714528799057007,1.0,1.0,1.0,0.6524009704589844,0.6493464708328247,0.6672241687774658,,,,,,,,,,,,,,,
mscim,train,2023-08-26,73.72016906738281,80.68739318847656,0.3621119260787964,0.34698009490966797,-5.6920013427734375,0.012461155652999878,0.0,0.0,0.0,0.02299296110868454,0.02172551490366459,0.02342209964990616,,,,,,,,,,,,,,,
mscim,train,2023-09-01,177.82833862304688,168.00497436523438,0.2139882743358612,0.22357797622680664,7.4571685791015625,-0.007229790091514587,0.0,0.0,0.0,0.046506788581609726,0.04493243619799614,0.04507085680961609,,,,,,,,,,,,,,,
mscim,train,2023-12-08,73.7665023803711,80.28291320800781,0.3620067238807678,0.3478226661682129,5.7371673583984375,-0.01355135440826416,0.0,0.0,0.0,0.09996050596237183,0.10236937552690506,0.0988461896777153,,,,,,,,,,,,,,,
mscim,train,2022-12-21,172.42967224121094,205.79736328125,0.21919137239456177,0.1893235445022583,3.9866790771484375,-0.003947272896766663,0.0,0.0,0.0,0.34666678309440613,0.34350916743278503,0.33786651492118835,,,,,,,,,,,,,,,
mscim,train,2023-06-03,125.33000183105469,115.607421875,0.2729760706424713,0.28656917810440063,27.66283416748047,-0.041949182748794556,1.0,1.0,1.0,0.12471117079257965,0.12342670559883118,0.12404409795999527,,,,,,,,,,,,,,,
mscim,train,2023-11-11,128.92416381835938,107.9725341796875,0.2682144045829773,0.29806315898895264,37.49250030517578,-0.05779159069061279,1.0,1.0,1.0,0.54765784740448,0.5579461455345154,0.5708469152450562,,,,,,,,,,,,,,,
mscim,train,2024-01-11,98.79850006103516,113.8516616821289,0.31299012899398804,0.2891443371772766,15.982170104980469,-0.029623031616210938,1.0,1.0,1.0,0.5826970338821411,0.581642210483551,0.5988208055496216,,,,,,,,,,,,,,,
mscim,train,2023-05-30,70.54666900634766,68.35728454589844,0.3694784641265869,0.37475359439849854,2.920166015625,-0.007073044776916504,0.0,0.0,0.0,0.03794840723276138,0.03744816407561302,0.03811094909906387,,,,,,,,,,,,,,,
mscim,train,2023-01-16,98.85566711425781,102.78016662597656,0.3128929138183594,0.3063497543334961,-11.208000183105469,0.018056035041809082,0.0,0.0,0.0,0.04224690422415733,0.0413145087659359,0.04072693735361099,,,,,,,,,,,,,,,
mscim,train,2022-12-12,203.74183654785156,229.49395751953125,0.19101914763450623,0.1709098219871521,-2.7083282470703125,0.002230539917945862,0.0,0.0,0.0,0.1090228408575058,0.10706791281700134,0.10666398704051971,,,,,,,,,,,,,,,
mscim,train,2022-12-15,169.62100219726562,182.61961364746094,0.22196270525455475,0.2095004916191101,-12.859832763671875,0.012333884835243225,0.0,0.0,0.0,0.048642951995134354,0.04694219306111336,0.0467049665749073,,,,,,,,,,,,,,,
mscim,train,2023-03-25,309.9891662597656,285.44500732421875,0.12006854265928268,0.13402271270751953,-6.091827392578125,0.0032927170395851135,0.0,0.0,0.0,0.03550952300429344,0.03482263907790184,0.03624572604894638,,,,,,,,,,,,,,,
mscim,train,2023-04-16,82.94816589355469,91.32392883300781,0.3423464000225067,0.32620394229888916,2.7679977416992188,-0.005690962076187134,0.0,0.0,0.0,0.14692524075508118,0.1653631180524826,0.14730551838874817,,,,,,,,,,,,,,,
mscim,train,2023-12-09,75.38816833496094,84.81491088867188,0.3583645820617676,0.3386133313179016,1.6216659545898438,-0.003642141819000244,0.0,0.0,0.0,0.09629159420728683,0.09739875793457031,0.09146973490715027,,,,,,,,,,,,,,,
mscim,train,2023-03-13,245.85000610351562,278.5411682128906,0.1592734456062317,0.13816368579864502,-61.5338134765625,0.03777693957090378,0.0,0.0,0.0,0.03641863167285919,0.035898663103580475,0.037632666528224945,,,,,,,,,,,,,,,
mscim,train,2023-10-17,159.04367065429688,167.1132049560547,0.2328253984451294,0.22447597980499268,-8.784988403320312,0.009070247411727905,0.0,0.0,0.0,0.03251608461141586,0.03142587095499039,0.03159521892666817,,,,,,,,,,,,,,,
mscim,train,2023-03-22,270.281494140625,282.3934631347656,0.14325451850891113,0.13584059476852417,-3.53765869140625,0.002199128270149231,0.0,0.0,0.0,0.1117473766207695,0.10734175890684128,0.11284307390451431,,,,,,,,,,,,,,,
mscim,train,2023-02-19,179.9896697998047,152.6328125,0.2119491547346115,0.23976433277130127,39.9498291015625,-0.04233147203922272,1.0,1.0,1.0,0.5898709297180176,0.6066678166389465,0.6154875159263611,,,,,,,,,,,,,,,
mscim,train,2023-03-03,78.0354995727539,79.64382934570312,0.35258182883262634,0.3491624593734741,6.1190032958984375,-0.013677597045898438,0.0,0.0,0.0,0.044210124760866165,0.04458684101700783,0.04487600550055504,,,,,,,,,,,,,,,
mscim,train,2023-03-19,139.8423309326172,133.67242431640625,0.2545184791088104,0.26212185621261597,21.574501037597656,-0.028221726417541504,1.0,1.0,1.0,0.5937541127204895,0.6131813526153564,0.6189418435096741,,,,,,,,,,,,,,,
mscim,train,2023-04-07,198.19766235351562,200.22119140625,0.19567875564098358,0.1939631700515747,14.1546630859375,-0.012511059641838074,0.0,0.0,0.0,0.06680047512054443,0.06954190880060196,0.06814958155155182,,,,,,,,,,,,,,,
mscim,train,2023-08-29,105.61100006103516,92.99552917480469,0.30178192257881165,0.3231582045555115,28.066497802734375,-0.05185765027999878,1.0,1.0,1.0,0.4688709080219269,0.477011501789093,0.4703477621078491,,,,,,,,,,,,,,,
mscim,train,2024-01-26,131.875,124.1723861694336,0.2644025385379791,0.2745385766029358,8.670829772949219,-0.011454075574874878,0.0,0.0,0.0,0.07349405437707901,0.0734768658876419,0.07637881487607956,,,,,,,,,,,,,,,
mscim,train,2023-03-09,222.80332946777344,227.26161193847656,0.17590971291065216,0.17256170511245728,39.274993896484375,-0.03275284171104431,1.0,1.0,1.0,0.5673590898513794,0.5628432035446167,0.5820683836936951,,,,,,,,,,,,,,,
mscim,train,2023-08-11,73.10233306884766,81.10011291503906,0.3635212481021881,0.34612470865249634,-6.3112640380859375,0.013873517513275146,0.0,0.0,0.0,0.024766894057393074,0.024391382932662964,0.02466484345495701,,,,,,,,,,,,,,,
mscim,train,2023-04-03,110.61499786376953,123.63855743408203,0.2939963936805725,0.2752639651298523,13.986831665039062,-0.022725701332092285,0.0,0.0,0.0,0.4129646122455597,0.41829413175582886,0.43030717968940735,,,,,,,,,,,,,,,
mscim,train,2024-03-24,67.5251693725586,86.18072509765625,0.37680232524871826,0.3359331488609314,1.2556686401367188,-0.003139108419418335,0.0,0.0,0.0,0.6343305706977844,0.632414698600769,0.6399223208427429,,,,,,,,,,,,,,,
mscim,train,2024-01-01,118.83733367919922,138.93670654296875,0.28193166851997375,0.25561338663101196,-14.883827209472656,0.01987120509147644,0.0,0.0,0.0,0.044079430401325226,0.04486136510968208,0.045280277729034424,,,,,,,,,,,,,,,
mscim,train,2023-05-12,93.97066497802734,102.84645080566406,0.32140642404556274,0.30624139308929443,-20.482833862304688,0.03314918279647827,0.0,0.0,0.0,0.016224557533860207,0.01600934937596321,0.01706571877002716,,,,,,,,,,,,,,,
mscim,train,2023-07-02,92.11399841308594,90.96714782714844,0.3247576057910919,0.3268611431121826,14.642997741699219,-0.029040873050689697,1.0,1.0,1.0,0.5248836874961853,0.5197047591209412,0.5157029032707214,,,,,,,,,,,,,,,
mscim,train,2023-04-11,195.97084045410156,169.80245971679688,0.19758690893650055,0.22178226709365845,8.221343994140625,-0.0072366297245025635,0.0,0.0,0.0,0.02193470112979412,0.02123136632144451,0.022219665348529816,,,,,,,,,,,,,,,
mscim,train,2022-11-23,336.93798828125,281.0841064453125,0.1059628278017044,0.13662666082382202,68.79531860351562,-0.03863520920276642,1.0,1.0,1.0,0.560558021068573,0.5783599019050598,0.586333692073822,,,,,,,,,,,,,,,
mscim,train,2024-02-08,59.57416534423828,56.286128997802734,0.39773616194725037,0.40720903873443604,9.532665252685547,-0.029063642024993896,1.0,1.0,1.0,0.49224430322647095,0.5100604295730591,0.5072922110557556,,,,,,,,,,,,,,,
mscim,train,2023-11-21,111.48200225830078,118.98238372802734,0.2926830053329468,0.28172630071640015,-16.66767120361328,0.023453742265701294,0.0,0.0,0.0,0.028669340535998344,0.02884409949183464,0.02945353090763092,,,,,,,,,,,,,,,
mscim,train,2024-01-22,63.08966827392578,64.16657257080078,0.3881606459617615,0.38533222675323486,-2.557830810546875,0.00664249062538147,0.0,0.0,0.0,0.08006199449300766,0.0858289822936058,0.08567729592323303,,,,,,,,,,,,,,,
mscim,train,2024-01-06,64.60433197021484,74.79888153076172,0.38419586420059204,0.35967904329299927,-12.029670715332031,0.028577208518981934,0.0,0.0,0.0,0.04384336620569229,0.044894132763147354,0.043593551963567734,,,,,,,,,,,,,,,
mscim,train,2023-07-27,82.71040344238281,78.07860565185547,0.34282779693603516,0.3524892330169678,3.9287338256835938,-0.008159071207046509,0.0,0.0,0.0,0.049231018871068954,0.04685581848025322,0.047242894768714905,,,,,,,,,,,,,,,
mscim,train,2023-09-05,161.7291717529297,170.3563690185547,0.23000091314315796,0.22123271226882935,-26.625,0.025720253586769104,0.0,0.0,0.0,0.019269462674856186,0.018564749509096146,0.01938675530254841,,,,,,,,,,,,,,,
mscim,train,2024-03-23,66.26950073242188,66.91481018066406,0.3799414336681366,0.37832093238830566,8.932498931884766,-0.02418220043182373,0.0,0.0,0.0,0.180744931101799,0.18621599674224854,0.17277826368808746,,,,,,,,,,,,,,,
mscim,train,2022-12-10,200.36000061035156,223.09857177734375,0.19384616613388062,0.17568594217300415,22.236007690429688,-0.01986171305179596,0.0,0.0,0.0,0.47981974482536316,0.4851223826408386,0.4738641083240509,,,,,,,,,,,,,,,
mscim,train,2023-04-28,104.88533020019531,105.95499420166016,0.3029412031173706,0.3012351393699646,-8.349838256835938,0.012883305549621582,0.0,0.0,0.0,0.02255186066031456,0.022500257939100266,0.023514404892921448,,,,,,,,,,,,,,,
mscim,train,2023-11-26,147.201171875,147.29388427734375,0.24587395787239075,0.2457677721977234,26.311668395996094,-0.03317567706108093,1.0,1.0,1.0,0.5087762475013733,0.5192731618881226,0.5250815749168396,,,,,,,,,,,,,,,
mscim,train,2024-01-05,76.63400268554688,84.5759048461914,0.3556186556816101,0.33908677101135254,-12.306327819824219,0.024974972009658813,0.0,0.0,0.0,0.03385716676712036,0.0337073840200901,0.03241194784641266,,,,,,,,,,,,,,,
mscim,train,2024-01-08,61.35100173950195,85.35820007324219,0.39282894134521484,0.33754217624664307,-2.0701637268066406,0.0055439770221710205,0.0,0.0,0.0,0.44329312443733215,0.43953749537467957,0.4575693607330322,,,,,,,,,,,,,,,
mscim,train,2023-10-16,167.8286590576172,173.31771850585938,0.2237551510334015,0.2183244228363037,-2.2908477783203125,0.002287641167640686,0.0,0.0,0.0,0.040872156620025635,0.04013029485940933,0.03916214033961296,,,,,,,,,,,,,,,
mscim,train,2022-12-07,263.2138366699219,239.24745178222656,0.14773522317409515,0.16387516260147095,27.788330078125,-0.018861904740333557,0.0,0.0,0.0,0.10042636096477509,0.0978807657957077,0.09495777636766434,,,,,,,,,,,,,,,
mscim,train,2023-04-18,131.97467041015625,116.49127960205078,0.2642752528190613,0.2852874994277954,32.453834533691406,-0.04749077558517456,1.0,1.0,1.0,0.602486252784729,0.6181358695030212,0.636932909488678,,,,,,,,,,,,,,,
mscim,train,2024-02-03,82.13700103759766,79.17857360839844,0.34399446845054626,0.35014456510543823,-7.874664306640625,0.015360653400421143,0.0,0.0,0.0,0.017082219943404198,0.016381120309233665,0.01762022078037262,,,,,,,,,,,,,,,
mscim,train,2023-06-01,80.67866516113281,84.99969482421875,0.34699827432632446,0.33824825286865234,9.388664245605469,-0.02072581648826599,0.0,0.0,0.0,0.4261380732059479,0.43336212635040283,0.43456554412841797,,,,,,,,,,,,,,,
mscim,train,2023-03-15,229.35833740234375,231.29864501953125,0.17100973427295685,0.16958600282669067,-47.275177001953125,0.03168371319770813,0.0,0.0,0.0,0.027719352394342422,0.027048902586102486,0.028245190158486366,,,,,,,,,,,,,,,
mscim,train,2024-02-01,95.53900146484375,114.6940689086914,0.318626344203949,0.28790390491485596,-21.20116424560547,0.03369799256324768,0.0,0.0,0.0,0.022049017250537872,0.02151741459965706,0.022653905674815178,,,,,,,,,,,,,,,
mscim,train,2023-12-16,169.39849853515625,175.9697265625,0.2221841812133789,0.21576160192489624,6.226165771484375,-0.006318077445030212,0.0,0.0,0.0,0.10237102955579758,0.10717996209859848,0.10495829582214355,,,,,,,,,,,,,,,
mscim,train,2023-01-10,201.59317016601562,230.0830535888672,0.1928098499774933,0.17047655582427979,-6.3256683349609375,0.005218669772148132,0.0,0.0,0.0,0.09584042429924011,0.09397653490304947,0.1000085175037384,,,,,,,,,,,,,,,
mscim,train,2023-07-24,101.23433685302734,91.16671752929688,0.3088970482349396,0.32649320363998413,5.2436676025390625,-0.008937031030654907,0.0,0.0,0.0,0.020700523629784584,0.019614746794104576,0.020624937489628792,,,,,,,,,,,,,,,
mscim,train,2022-12-04,169.0366668701172,194.91836547851562,0.22254499793052673,0.1984962821006775,-29.845993041992188,0.02744893729686737,0.0,0.0,0.0,0.06251413375139236,0.06058649346232414,0.05893339589238167,,,,,,,,,,,,,,,
mscim,train,2022-12-20,168.4429931640625,184.9248046875,0.22313864529132843,0.20738285779953003,3.8836669921875,-0.003935635089874268,0.0,0.0,0.0,0.1511007845401764,0.14414463937282562,0.14392447471618652,,,,,,,,,,,,,,,
mscim,train,2024-01-31,116.74016571044922,151.17266845703125,0.2849283516407013,0.24138528108596802,-31.70549774169922,0.040473759174346924,0.0,0.0,0.0,0.03250286728143692,0.03251371532678604,0.03345736116170883,,,,,,,,,,,,,,,
mscim,train,2023-07-01,77.47100067138672,91.9299545288086,0.3537984788417816,0.3250933885574341,-5.102333068847656,0.010692507028579712,0.0,0.0,0.0,0.3796885907649994,0.37855714559555054,0.3614015281200409,,,,,,,,,,,,,,,
mscim,train,2023-05-05,132.68716430664062,146.38970947265625,0.2633682191371918,0.2468058466911316,19.468994140625,-0.026714950799942017,0.0,0.0,0.0,0.3073035478591919,0.32671934366226196,0.3227854073047638,,,,,,,,,,,,,,,
mscim,train,2023-07-07,186.08216857910156,132.96661376953125,0.2063295692205429,0.2630137801170349,40.30467224121094,-0.04118280112743378,1.0,1.0,1.0,0.03874606639146805,0.03653028979897499,0.037849292159080505,,,,,,,,,,,,,,,
mscim,train,2024-02-11,86.91967010498047,96.56178283691406,0.3345005512237549,0.3168375492095947,4.945167541503906,-0.00982600450515747,0.0,0.0,0.0,0.5729344487190247,0.582779049873352,0.5944586992263794,,,,,,,,,,,,,,,
mscim,train,2023-07-26,78.78166961669922,86.25238037109375,0.35098686814308167,0.33579373359680176,-11.641998291015625,0.023119688034057617,0.0,0.0,0.0,0.02750699408352375,0.02582348883152008,0.02718094363808632,,,,,,,,,,,,,,,
mscim,train,2023-09-19,146.11965942382812,123.52277374267578,0.24711714684963226,0.27542173862457275,18.49132537841797,-0.022798672318458557,0.0,0.0,0.0,0.04004422575235367,0.03815989941358566,0.03931913524866104,,,,,,,,,,,,,,,
mscim,train,2023-12-22,108.75499725341797,108.05845642089844,0.29684874415397644,0.2979293465614319,1.404998779296875,-0.0021868646144866943,0.0,0.0,0.0,0.054106347262859344,0.05472460761666298,0.053904637694358826,,,,,,,,,,,,,,,
mscim,train,2022-12-28,271.11151123046875,301.48419189453125,0.14273600280284882,0.12477511167526245,-34.76666259765625,0.0204087495803833,0.0,0.0,0.0,0.07505574822425842,0.07339808344841003,0.07286806404590607,,,,,,,,,,,,,,,
mscim,train,2023-12-30,136.5228271484375,150.27828979492188,0.25856685638427734,0.24238580465316772,22.12932586669922,-0.029778629541397095,1.0,1.0,1.0,0.23905035853385925,0.2330738604068756,0.24493135511875153,,,,,,,,,,,,,,,
mscim,train,2023-05-14,91.36416625976562,78.0589599609375,0.3261300027370453,0.35253143310546875,8.33416748046875,-0.016050994396209717,0.0,0.0,0.0,0.019852781668305397,0.020055878907442093,0.02005724422633648,,,,,,,,,,,,,,,
mscim,train,2024-03-15,145.7271728515625,141.61895751953125,0.24757058918476105,0.2523907423019409,-14.64898681640625,0.016152530908584595,0.0,0.0,0.0,0.0649309977889061,0.06186503544449806,0.06452067941427231,,,,,,,,,,,,,,,
mscim,train,2023-04-05,163.56900024414062,121.28338623046875,0.22809264063835144,0.2785019874572754,67.62439727783203,-0.08982208371162415,1.0,1.0,1.0,0.5674561858177185,0.5821737051010132,0.5968618392944336,,,,,,,,,,,,,,,
mscim,train,2022-01-23,92.17333221435547,87.53453826904297,0.32464948296546936,0.3333176374435425,7.966667175292969,-0.015171229839324951,0.0,0.0,0.0,0.03213215246796608,0.03475146368145943,0.03463627025485039,,,,,,,,,,,,,,,
mscim,train,2023-06-21,87.02950286865234,101.23572540283203,0.33428865671157837,0.3088947534561157,-20.884498596191406,0.036134302616119385,0.0,0.0,0.0,0.02371533401310444,0.02280047908425331,0.02407434955239296,,,,,,,,,,,,,,,
mscim,train,2022-12-06,235.42550659179688,220.99166870117188,0.1665971279144287,0.17728924751281738,52.75384521484375,-0.04285524785518646,1.0,1.0,1.0,0.5328590273857117,0.5393925905227661,0.5255878567695618,,,,,,,,,,,,,,,
mscim,train,2023-12-15,163.17233276367188,169.03469848632812,0.22850225865840912,0.22254693508148193,25.29949951171875,-0.02840651571750641,1.0,1.0,1.0,0.49148887395858765,0.5021272301673889,0.5221073031425476,,,,,,,,,,,,,,,
mscim,val,2024-04-26,93.82633209228516,94.11149597167969,0.32166460156440735,0.3211548924446106,-0.8983383178710938,0.001600414514541626,0.0,0.0,0.0,0.045179333537817,0.042085181921720505,0.04519084468483925,,,,,,,,,,,,,,,
mscim,val,2024-04-27,93.57433319091797,91.57087707519531,0.32211625576019287,0.32575052976608276,-0.2519989013671875,0.00045165419578552246,0.0,0.0,0.0,0.03264669328927994,0.03037273697555065,0.033137332648038864,,,,,,,,,,,,,,,
mscim,val,2024-04-28,87.7308349609375,88.59494018554688,0.3329417407512665,0.33129674196243286,-5.843498229980469,0.010825484991073608,0.0,0.0,0.0,0.025780731812119484,0.024147924035787582,0.026299351826310158,,,,,,,,,,,,,,,
mscim,val,2024-04-29,83.41600036621094,83.16874694824219,0.3414030969142914,0.34190094470977783,-4.3148345947265625,0.008461356163024902,0.0,0.0,0.0,0.02242518961429596,0.02111690118908882,0.02285316027700901,,,,,,,,,,,,,,,
mscim,val,2024-04-30,69.024169921875,77.34014129638672,0.37312936782836914,0.35408174991607666,-14.391830444335938,0.03172627091407776,0.0,0.0,0.0,0.022359512746334076,0.021221356466412544,0.022886941209435463,,,,,,,,,,,,,,,
mscim,val,2024-05-01,63.25033187866211,64.56816101074219,0.38773566484451294,0.3842894434928894,-5.773838043212891,0.014606297016143799,0.0,0.0,0.0,0.02642655000090599,0.025725800544023514,0.027566121891140938,,,,,,,,,,,,,,,
mscim,val,2024-05-02,49.427833557128906,60.229713439941406,0.4288528561592102,0.3959091305732727,-13.822498321533203,0.041117191314697266,0.0,0.0,0.0,0.029472995549440384,0.028018511831760406,0.029829174280166626,,,,,,,,,,,,,,,
mscim,val,2024-05-03,44.40216827392578,50.821044921875,0.4466722309589386,0.4242270588874817,-5.025665283203125,0.017819374799728394,0.0,0.0,0.0,0.061272140592336655,0.059044286608695984,0.06169653311371803,,,,,,,,,,,,,,,
mscim,val,2024-05-04,49.4114990234375,46.49773406982422,0.4289078414440155,0.43901342153549194,5.009330749511719,-0.017764389514923096,0.0,0.0,0.0,0.055889952927827835,0.055283140391111374,0.058182328939437866,,,,,,,,,,,,,,,
mscim,val,2024-05-05,58.51566696166992,62.457786560058594,0.40072840452194214,0.3898423910140991,9.104167938232422,-0.028179436922073364,1.0,1.0,1.0,0.497673898935318,0.49955669045448303,0.4889300465583801,,,,,,,,,,,,,,,
mscim,val,2024-05-06,75.9798355102539,68.77993774414062,0.3570549488067627,0.3737223744392395,17.464168548583984,-0.04367345571517944,1.0,1.0,1.0,0.5738396048545837,0.5912744998931885,0.5824633240699768,,,,,,,,,,,,,,,
mscim,val,2024-05-07,104.36483001708984,85.70164489746094,0.30377763509750366,0.3368684649467468,28.384994506835938,-0.05327731370925903,1.0,1.0,1.0,0.6229701042175293,0.633985161781311,0.6379803419113159,,,,,,,,,,,,,,,
mscim,val,2024-05-08,113.64199829101562,118.00491333007812,0.28945448994636536,0.28311479091644287,9.277168273925781,-0.014323145151138306,0.0,0.0,0.0,0.5749247074127197,0.5736774206161499,0.5766259431838989,,,,,,,,,,,,,,,
mscim,val,2024-05-09,122.74766540527344,130.6344451904297,0.27648159861564636,0.265994668006897,9.105667114257812,-0.012972891330718994,0.0,0.0,0.0,0.2818543612957001,0.2770334780216217,0.29238590598106384,,,,,,,,,,,,,,,
mscim,val,2024-05-10,108.3981704711914,127.98743438720703,0.297401487827301,0.269442617893219,-14.349494934082031,0.020919889211654663,0.0,0.0,0.0,0.10448490083217621,0.10469892621040344,0.10375245660543442,,,,,,,,,,,,,,,
mscim,val,2024-05-11,93.32949829101562,106.41129302978516,0.3225562274456024,0.30051249265670776,-15.068672180175781,0.02515473961830139,0.0,0.0,0.0,0.07361330837011337,0.07261353731155396,0.0724114254117012,,,,,,,,,,,,,,,
mscim,val,2024-05-12,99.39066314697266,90.68966674804688,0.31198593974113464,0.32737404108047485,6.061164855957031,-0.010570287704467773,0.0,0.0,0.0,0.04739128798246384,0.04680259898304939,0.04649794101715088,,,,,,,,,,,,,,,
mscim,val,2024-05-13,87.72916412353516,96.73177337646484,0.33294492959976196,0.31654202938079834,-11.6614990234375,0.02095898985862732,0.0,0.0,0.0,0.034362439066171646,0.03345933556556702,0.0354510061442852,,,,,,,,,,,,,,,
mscim,val,2024-05-14,72.44149780273438,84.3250732421875,0.36504170298576355,0.33958500623703003,-15.287666320800781,0.03209677338600159,0.0,0.0,0.0,0.027258694171905518,0.026499219238758087,0.02778913453221321,,,,,,,,,,,,,,,
mscim,val,2024-05-15,56.36783218383789,68.0008544921875,0.4069671630859375,0.37562811374664307,-16.073665618896484,0.04192546010017395,0.0,0.0,0.0,0.02986905910074711,0.029696013778448105,0.03131546825170517,,,,,,,,,,,,,,,
mscim,val,2024-05-16,42.77799987792969,54.82083511352539,0.4528554081916809,0.41160714626312256,-13.589832305908203,0.04588824510574341,0.0,0.0,0.0,0.03365083038806915,0.0350533127784729,0.03526630997657776,,,,,,,,,,,,,,,
mscim,val,2024-05-17,47.94466781616211,45.475425720214844,0.4339199364185333,0.44270652532577515,5.166667938232422,-0.018935471773147583,0.0,0.0,0.0,0.034409429877996445,0.034481048583984375,0.034869369119405746,,,,,,,,,,,,,,,
mscim,val,2024-05-18,43.1341667175293,49.656349182128906,0.45148006081581116,0.42808544635772705,-4.8105010986328125,0.017560124397277832,0.0,0.0,0.0,0.0392439141869545,0.04025332257151604,0.04084738716483116,,,,,,,,,,,,,,,
mscim,val,2024-05-19,48.57816696166992,51.161903381347656,0.43173712491989136,0.42311424016952515,5.444000244140625,-0.0197429358959198,0.0,0.0,0.0,0.23519696295261383,0.25191834568977356,0.24642938375473022,,,,,,,,,,,,,,,
mscim,val,2024-05-20,58.162498474121094,61.443763732910156,0.40173861384391785,0.39257657527923584,9.584331512451172,-0.02999851107597351,1.0,1.0,1.0,0.6045472621917725,0.6197118759155273,0.6238518953323364,,,,,,,,,,,,,,,
mscim,val,2024-05-21,66.70500183105469,71.01071166992188,0.37884610891342163,0.3683810830116272,8.542503356933594,-0.022892504930496216,0.0,0.0,0.0,0.640206515789032,0.6561028361320496,0.6697660088539124,,,,,,,,,,,,,,,
mscim,val,2024-05-22,81.66466522216797,79.43111419677734,0.344961553812027,0.34961074590682983,14.959663391113281,-0.03388455510139465,1.0,1.0,1.0,0.6604546308517456,0.6761175394058228,0.6953279972076416,,,,,,,,,,,,,,,
mscim,val,2024-05-23,91.00382995605469,102.50272369384766,0.32679346203804016,0.30680418014526367,9.339164733886719,-0.018168091773986816,0.0,0.0,0.0,0.6566811800003052,0.6635080575942993,0.6831579208374023,,,,,,,,,,,,,,,
mscim,val,2024-05-24,96.33100128173828,118.9033432006836,0.31723952293395996,0.28183817863464355,5.327171325683594,-0.0095539391040802,0.0,0.0,0.0,0.3986113369464874,0.39215922355651855,0.4077768325805664,,,,,,,,,,,,,,,
mscim,val,2024-05-25,93.3489990234375,109.24649810791016,0.3225211501121521,0.29609036445617676,-2.9820022583007812,0.005281627178192139,0.0,0.0,0.0,0.11740676313638687,0.11805155873298645,0.12502339482307434,,,,,,,,,,,,,,,
mscim,val,2024-05-26,95.19300079345703,101.63024139404297,0.31923577189445496,0.30824100971221924,1.8440017700195312,-0.0032853782176971436,0.0,0.0,0.0,0.08579844236373901,0.08592168986797333,0.09070909768342972,,,,,,,,,,,,,,,
mscim,val,2024-05-27,92.75316619873047,93.30826568603516,0.3235964775085449,0.32259440422058105,-2.4398345947265625,0.004360705614089966,0.0,0.0,0.0,0.04905201122164726,0.05145600438117981,0.051162976771593094,,,,,,,,,,,,,,,
mscim,val,2024-05-28,89.54100036621094,92.56387329101562,0.32951387763023376,0.3239395022392273,-3.2121658325195312,0.005917400121688843,0.0,0.0,0.0,0.0355866439640522,0.0358838215470314,0.038634248077869415,,,,,,,,,,,,,,,
mscim,val,2024-05-29,74.1709976196289,87.60295104980469,0.36109089851379395,0.3331865072250366,-15.370002746582031,0.03157702088356018,0.0,0.0,0.0,0.030406465753912926,0.030568735674023628,0.032292742282152176,,,,,,,,,,,,,,,
mscim,val,2024-05-30,63.667667388916016,70.8198471069336,0.38663673400878906,0.3688315749168396,-10.50333023071289,0.025545835494995117,0.0,0.0,0.0,0.03132924810051918,0.03153200447559357,0.03358300030231476,,,,,,,,,,,,,,,
mscim,val,2024-05-31,60.48066711425781,58.07883071899414,0.39521488547325134,0.4019787907600403,-3.187000274658203,0.00857815146446228,0.0,0.0,0.0,0.038816530257463455,0.040783897042274475,0.04098215699195862,,,,,,,,,,,,,,,
mscim,val,2024-06-01,56.56966781616211,58.01705551147461,0.4063710570335388,0.40215641260147095,-3.910999298095703,0.011156171560287476,0.0,0.0,0.0,0.03492039814591408,0.035937100648880005,0.03610601648688316,,,,,,,,,,,,,,,
mscim,val,2024-06-02,54.444332122802734,61.38010787963867,0.4127558469772339,0.3927496671676636,-2.125335693359375,0.006384789943695068,0.0,0.0,0.0,0.13988974690437317,0.14145377278327942,0.15016905963420868,,,,,,,,,,,,,,,
mscim,val,2024-06-03,60.086334228515625,59.265377044677734,0.3963070511817932,0.398603618144989,5.642002105712891,-0.016448795795440674,0.0,0.0,0.0,0.2677913308143616,0.2764781713485718,0.2783816158771515,,,,,,,,,,,,,,,
mscim,val,2024-06-04,72.08516693115234,60.688262939453125,0.3658672571182251,0.39464271068573,11.998832702636719,-0.030439794063568115,1.0,1.0,1.0,0.3801974654197693,0.4165598452091217,0.4085332751274109,,,,,,,,,,,,,,,
mscim,val,2024-06-05,81.41533660888672,80.95672607421875,0.3454742729663849,0.34642142057418823,9.330169677734375,-0.02039298415184021,0.0,0.0,0.0,0.6253147721290588,0.6443859934806824,0.6694059371948242,,,,,,,,,,,,,,,
mscim,val,2024-06-06,97.0433349609375,105.43595123291016,0.316001832485199,0.3020608425140381,15.627998352050781,-0.029472440481185913,1.0,1.0,1.0,0.3998539447784424,0.4045286178588867,0.41238951683044434,,,,,,,,,,,,,,,
mscim,val,2024-06-07,103.7796630859375,108.53752136230469,0.3047229051589966,0.29718542098999023,6.736328125,-0.011278927326202393,0.0,0.0,0.0,0.08617427200078964,0.08878709375858307,0.08948589861392975,,,,,,,,,,,,,,,
mscim,val,2024-06-08,97.50749969482422,103.31927490234375,0.31520015001296997,0.30547034740448,-6.272163391113281,0.010477244853973389,0.0,0.0,0.0,0.05191383510828018,0.05219091847538948,0.0537639856338501,,,,,,,,,,,,,,,
mscim,val,2024-06-09,95.05783081054688,95.90406036376953,0.319474458694458,0.3179857134819031,-2.4496688842773438,0.004274308681488037,0.0,0.0,0.0,0.038551926612854004,0.0383613146841526,0.0408727191388607,,,,,,,,,,,,,,,
mscim,val,2024-06-10,90.34950256347656,91.237548828125,0.3280049264431,0.3263627886772156,-4.7083282470703125,0.008530467748641968,0.0,0.0,0.0,0.029814016073942184,0.02985968440771103,0.03137849271297455,,,,,,,,,,,,,,,
mscim,val,2024-06-11,88.15816497802734,86.96035766601562,0.3321262300014496,0.3344219923019409,-2.1913375854492188,0.004121303558349609,0.0,0.0,0.0,0.022785700857639313,0.022688444703817368,0.02419956773519516,,,,,,,,,,,,,,,
mscim,val,2024-06-12,75.58516693115234,83.48894500732422,0.3579274117946625,0.3412564992904663,-12.572998046875,0.02580118179321289,0.0,0.0,0.0,0.01730751432478428,0.016989920288324356,0.018253274261951447,,,,,,,,,,,,,,,
mscim,val,2024-06-13,64.05233001708984,69.89507293701172,0.3856300711631775,0.37103134393692017,-11.5328369140625,0.027702659368515015,0.0,0.0,0.0,0.01629873737692833,0.016042646020650864,0.017358316108584404,,,,,,,,,,,,,,,
mscim,val,2024-06-14,56.574501037597656,60.064422607421875,0.4063567817211151,0.3963679075241089,-7.4778289794921875,0.020726710557937622,0.0,0.0,0.0,0.018340803682804108,0.018121568486094475,0.01983875036239624,,,,,,,,,,,,,,,
mscim,val,2024-06-15,50.119998931884766,53.645137786865234,0.42653894424438477,0.4152202606201172,-6.454502105712891,0.020182162523269653,0.0,0.0,0.0,0.02025601640343666,0.020362798124551773,0.021711882203817368,,,,,,,,,,,,,,,
mscim,val,2024-06-16,47.753665924072266,47.799617767333984,0.4345836043357849,0.43442368507385254,-2.3663330078125,0.008044660091400146,0.0,0.0,0.0,0.02551254816353321,0.02578691765666008,0.02752499096095562,,,,,,,,,,,,,,,
mscim,val,2024-06-17,46.834999084472656,48.186954498291016,0.4378124475479126,0.4330817461013794,-0.9186668395996094,0.0032288432121276855,0.0,0.0,0.0,0.0773807242512703,0.08047779649496078,0.08299685269594193,,,,,,,,,,,,,,,
mscim,val,2024-06-18,51.17583465576172,47.96525192260742,0.42306894063949585,0.4338485598564148,4.3408355712890625,-0.014743506908416748,0.0,0.0,0.0,0.07413798570632935,0.07593953609466553,0.0788571834564209,,,,,,,,,,,,,,,
mscim,val,2024-06-19,45.6870002746582,57.24982833862305,0.44193562865257263,0.40437746047973633,-5.488834381103516,0.018866688013076782,0.0,0.0,0.0,0.40220004320144653,0.42547523975372314,0.42530858516693115,,,,,,,,,,,,,,,
mscim,val,2024-06-20,60.634334564208984,51.90734100341797,0.3947911560535431,0.42070579528808594,14.947334289550781,-0.04714447259902954,1.0,1.0,1.0,0.41494181752204895,0.4348737299442291,0.4232593774795532,,,,,,,,,,,,,,,
mscim,val,2024-06-21,38.46066665649414,62.95625305175781,0.47047847509384155,0.38851433992385864,-22.173667907714844,0.07568731904029846,0.0,0.0,0.0,0.057505372911691666,0.05638698488473892,0.05901402235031128,,,,,,,,,,,,,,,
mscim,val,2024-06-22,85.24250030517578,47.991573333740234,0.3377697169780731,0.43375736474990845,46.78183364868164,-0.13270875811576843,1.0,1.0,1.0,0.15591277182102203,0.15598511695861816,0.15694771707057953,,,,,,,,,,,,,,,
mscim,val,2024-06-23,91.21116638183594,84.19233703613281,0.3264113962650299,0.33984923362731934,5.968666076660156,-0.011358320713043213,0.0,0.0,0.0,0.03884657099843025,0.03997733071446419,0.04098644107580185,,,,,,,,,,,,,,,
mscim,val,2024-06-24,83.6449966430664,85.96490478515625,0.34094327688217163,0.3363538384437561,-7.566169738769531,0.014531880617141724,0.0,0.0,0.0,0.029933322221040726,0.02995413728058338,0.031167665496468544,,,,,,,,,,,,,,,
mscim,val,2024-06-25,88.79633331298828,79.79872131347656,0.3309156596660614,0.3488367795944214,5.151336669921875,-0.01002761721611023,0.0,0.0,0.0,0.026759060099720955,0.02638375014066696,0.027466079220175743,,,,,,,,,,,,,,,
mscim,val,2024-06-26,88.10116577148438,84.68096160888672,0.33223479986190796,0.3388785123825073,-0.6951675415039062,0.0013191401958465576,0.0,0.0,0.0,0.02080218680202961,0.020439965650439262,0.021641984581947327,,,,,,,,,,,,,,,
mscim,val,2024-06-27,81.45816802978516,78.73307800292969,0.3453860878944397,0.3510902523994446,-6.642997741699219,0.013151288032531738,0.0,0.0,0.0,0.019714578986167908,0.019042804837226868,0.020716127008199692,,,,,,,,,,,,,,,
mscim,val,2024-06-28,56.96616744995117,72.66407775878906,0.40520602464675903,0.3645280599594116,-24.492000579833984,0.059819936752319336,0.0,0.0,0.0,0.020234597846865654,0.019469980150461197,0.02108379453420639,,,,,,,,,,,,,,,
mscim,val,2024-06-29,52.085166931152344,54.36676025390625,0.4201362431049347,0.41299349069595337,-4.881000518798828,0.01493021845817566,0.0,0.0,0.0,0.024524835869669914,0.023820670321583748,0.02578388899564743,,,,,,,,,,,,,,,
mscim,val,2024-06-30,55.59550094604492,49.854270935058594,0.409267783164978,0.42742353677749634,3.510334014892578,-0.010868459939956665,0.0,0.0,0.0,0.03518003225326538,0.03449695184826851,0.03637261316180229,,,,,,,,,,,,,,,
mscim,val,2024-07-01,55.30950164794922,54.66977310180664,0.4101276993751526,0.4120670557022095,-0.2859992980957031,0.0008599162101745605,0.0,0.0,0.0,0.038334574550390244,0.03792820870876312,0.04005710035562515,,,,,,,,,,,,,,,
mscim,val,2024-07-02,40.50716781616211,53.619449615478516,0.4618963897228241,0.41530007123947144,-14.80233383178711,0.05176869034767151,0.0,0.0,0.0,0.030726367607712746,0.02942727506160736,0.03196139261126518,,,,,,,,,,,,,,,
mscim,val,2024-07-03,58.07866668701172,41.71855926513672,0.4019792973995209,0.4570135474205017,17.57149887084961,-0.05991709232330322,1.0,1.0,1.0,0.05946916341781616,0.056526701897382736,0.059543199837207794,,,,,,,,,,,,,,,
mscim,val,2024-07-04,52.16283416748047,58.03310012817383,0.41988810896873474,0.4021102786064148,-5.91583251953125,0.017908811569213867,0.0,0.0,0.0,0.07795228809118271,0.07339873164892197,0.07633286714553833,,,,,,,,,,,,,,,
mscim,val,2024-07-05,64.76266479492188,55.58660888671875,0.38378670811653137,0.4092944264411926,12.599830627441406,-0.03610140085220337,1.0,1.0,1.0,0.18588851392269135,0.17809626460075378,0.17078791558742523,,,,,,,,,,,,,,,
mscim,val,2024-07-06,86.30249786376953,70.65404510498047,0.3356962502002716,0.3692238926887512,21.539833068847656,-0.048090457916259766,1.0,1.0,1.0,0.27397671341896057,0.2626858055591583,0.2566041946411133,,,,,,,,,,,,,,,
mscim,val,2024-07-07,109.11433410644531,86.4615707397461,0.2962939441204071,0.3353872299194336,22.81183624267578,-0.0394023060798645,1.0,1.0,1.0,0.12203613668680191,0.11317562311887741,0.11540484428405762,,,,,,,,,,,,,,,
mscim,val,2024-07-08,120.86266326904297,103.7391586303711,0.27908700704574585,0.3047885298728943,11.748329162597656,-0.017206937074661255,0.0,0.0,0.0,0.07156743109226227,0.06810526549816132,0.07117323577404022,,,,,,,,,,,,,,,
mscim,val,2024-07-09,110.69950103759766,104.99906158447266,0.29386794567108154,0.30275899171829224,-10.163162231445312,0.014780938625335693,0.0,0.0,0.0,0.030459214001893997,0.02908048778772354,0.03088957443833351,,,,,,,,,,,,,,,
mscim,val,2024-07-10,119.88166809082031,96.91938781738281,0.28045889735221863,0.31621652841567993,9.182167053222656,-0.013409048318862915,0.0,0.0,0.0,0.024740660563111305,0.023595595732331276,0.02548753283917904,,,,,,,,,,,,,,,
mscim,val,2024-07-11,98.66999816894531,103.5749740600586,0.31320881843566895,0.30505478382110596,-21.211669921875,0.03274992108345032,0.0,0.0,0.0,0.020665286108851433,0.019733116030693054,0.02126937359571457,,,,,,,,,,,,,,,
mscim,val,2024-07-12,91.74674987792969,85.56363677978516,0.3254283666610718,0.337138831615448,-6.923248291015625,0.012219548225402832,0.0,0.0,0.0,0.022677112370729446,0.021478556096553802,0.023299314081668854,,,,,,,,,,,,,,,
mscim,val,2024-07-13,62.457000732421875,80.5340347290039,0.38984450697898865,0.34729909896850586,-29.289749145507812,0.06441614031791687,0.0,0.0,0.0,0.022153429687023163,0.021042723208665848,0.02261963114142418,,,,,,,,,,,,,,,
mscim,val,2024-07-14,52.44340133666992,58.48611831665039,0.4189946949481964,0.40081268548965454,-10.013599395751953,0.029150187969207764,0.0,0.0,0.0,0.026154009625315666,0.025149639695882797,0.026414021849632263,,,,,,,,,,,,,,,
mscim,val,2024-07-15,46.90299987792969,51.4267578125,0.43757131695747375,0.42225462198257446,-5.540401458740234,0.018576622009277344,0.0,0.0,0.0,0.03369876369833946,0.03269433602690697,0.033214349299669266,,,,,,,,,,,,,,,
mscim,val,2024-07-16,48.763668060302734,47.506134033203125,0.4311032295227051,0.4354475736618042,1.8606681823730469,-0.006468087434768677,0.0,0.0,0.0,0.04053953289985657,0.03852834925055504,0.03943801298737526,,,,,,,,,,,,,,,
mscim,val,2024-07-17,46.490665435791016,49.091773986816406,0.4390386641025543,0.4299877882003784,-2.2730026245117188,0.007935434579849243,0.0,0.0,0.0,0.042928870767354965,0.041038911789655685,0.0422336608171463,,,,,,,,,,,,,,,
mscim,val,2024-07-18,51.77333450317383,48.99134826660156,0.4211362600326538,0.4303284287452698,5.2826690673828125,-0.017902404069900513,0.0,0.0,0.0,0.0953102707862854,0.09571943432092667,0.09018222242593765,,,,,,,,,,,,,,,
mscim,val,2024-07-19,54.82316589355469,59.3489990234375,0.4116000533103943,0.398368239402771,3.0498313903808594,-0.009536206722259521,0.0,0.0,0.0,0.3586565852165222,0.3672143518924713,0.34206923842430115,,,,,,,,,,,,,,,
mscim,val,2024-07-20,69.66600036621094,64.05133056640625,0.37158069014549255,0.3856326937675476,14.84283447265625,-0.04001936316490173,1.0,1.0,1.0,0.4804711937904358,0.4936195909976959,0.46881091594696045,,,,,,,,,,,,,,,
mscim,val,2024-07-21,87.78266906738281,80.98048400878906,0.332842618227005,0.34637218713760376,18.116668701171875,-0.03873807191848755,1.0,1.0,1.0,0.5236678719520569,0.5215851068496704,0.5068939328193665,,,,,,,,,,,,,,,
mscim,val,2024-07-22,98.84449768066406,97.96946716308594,0.31291189789772034,0.31440597772598267,11.06182861328125,-0.019930720329284668,0.0,0.0,0.0,0.4756064713001251,0.47028306126594543,0.4693313539028168,,,,,,,,,,,,,,,
mscim,val,2024-07-23,122.2731704711914,110.32791900634766,0.27713367342948914,0.29443347454071045,23.428672790527344,-0.0357782244682312,1.0,1.0,1.0,0.14652416110038757,0.14466995000839233,0.14208795130252838,,,,,,,,,,,,,,,
mscim,val,2024-07-24,130.135498046875,117.49320220947266,0.26663923263549805,0.2838461995124817,7.862327575683594,-0.010494440793991089,0.0,0.0,0.0,0.053390100598335266,0.05327974632382393,0.05467403680086136,,,,,,,,,,,,,,,
mscim,val,2024-07-25,133.7811737060547,122.92137908935547,0.2619848847389221,0.2762434482574463,3.6456756591796875,-0.004654347896575928,0.0,0.0,0.0,0.04167228192090988,0.04167112708091736,0.043318018317222595,,,,,,,,,,,,,,,
mscim,val,2024-07-26,141.0395050048828,131.37693786621094,0.2530818283557892,0.26503992080688477,7.258331298828125,-0.008903056383132935,0.0,0.0,0.0,0.038983188569545746,0.03957653418183327,0.04013490304350853,,,,,,,,,,,,,,,
mscim,val,2024-07-27,131.18833923339844,133.36082458496094,0.26528194546699524,0.2625150680541992,-9.851165771484375,0.012200117111206055,0.0,0.0,0.0,0.03102133609354496,0.031676970422267914,0.03227382153272629,,,,,,,,,,,,,,,
mscim,val,2024-07-28,109.01066589355469,117.25579833984375,0.2964538335800171,0.28418660163879395,-22.17767333984375,0.03117188811302185,0.0,0.0,0.0,0.02650030143558979,0.026818979531526566,0.02799306809902191,,,,,,,,,,,,,,,
mscim,val,2024-07-29,88.85250091552734,96.73033142089844,0.3308095335960388,0.3165445327758789,-20.158164978027344,0.03435570001602173,0.0,0.0,0.0,0.0259526539593935,0.026264412328600883,0.02764229103922844,,,,,,,,,,,,,,,
mscim,val,2024-07-30,77.39167022705078,81.00285339355469,0.35397017002105713,0.3463258743286133,-11.460830688476562,0.02316063642501831,0.0,0.0,0.0,0.027144677937030792,0.027860531583428383,0.02930038422346115,,,,,,,,,,,,,,,
mscim,val,2024-07-31,75.24933624267578,72.83167266845703,0.3586733341217041,0.3641422986984253,-2.142333984375,0.004703164100646973,0.0,0.0,0.0,0.030944356694817543,0.03166557848453522,0.033127885311841965,,,,,,,,,,,,,,,
mscim,val,2024-08-01,73.45016479492188,70.1176528930664,0.3627263903617859,0.37049925327301025,-1.7991714477539062,0.004053056240081787,0.0,0.0,0.0,0.03658461570739746,0.03790448233485222,0.03953047841787338,,,,,,,,,,,,,,,
mscim,val,2024-08-02,92.82499694824219,73.19497680664062,0.3234664797782898,0.3633091449737549,19.374832153320312,-0.039259910583496094,1.0,1.0,1.0,0.28943371772766113,0.31880614161491394,0.32023927569389343,,,,,,,,,,,,,,,
mscim,val,2024-08-03,116.86866760253906,96.75675964355469,0.28474318981170654,0.31649863719940186,24.043670654296875,-0.03872328996658325,1.0,1.0,1.0,0.5681069493293762,0.5853745937347412,0.6020147800445557,,,,,,,,,,,,,,,
mscim,val,2024-08-04,125.10099792480469,136.48703002929688,0.27328401803970337,0.2586110234260559,8.232330322265625,-0.011459171772003174,0.0,0.0,0.0,0.34795379638671875,0.3630954325199127,0.37308090925216675,,,,,,,,,,,,,,,
mscim,val,2024-08-05,120.83316802978516,137.7293243408203,0.2791280746459961,0.2570842504501343,-4.267829895019531,0.005844056606292725,0.0,0.0,0.0,0.10289592295885086,0.11018664389848709,0.11255211383104324,,,,,,,,,,,,,,,
mscim,val,2024-08-06,116.02933502197266,126.46328735351562,0.28595617413520813,0.2714601755142212,-4.8038330078125,0.006828099489212036,0.0,0.0,0.0,0.056012704968452454,0.058925528079271317,0.06124037131667137,,,,,,,,,,,,,,,
mscim,val,2024-08-07,116.55149841308594,118.33495330810547,0.2852005362510681,0.28264468908309937,0.5221633911132812,-0.0007556378841400146,0.0,0.0,0.0,0.04162195324897766,0.04389190673828125,0.045744381844997406,,,,,,,,,,,,,,,
mscim,val,2024-08-08,112.18260192871094,114.6348876953125,0.2916291058063507,0.2879907488822937,-4.368896484375,0.006428569555282593,0.0,0.0,0.0,0.030121376737952232,0.03130365163087845,0.03290426731109619,,,,,,,,,,,,,,,
mscim,val,2024-08-09,130.64474487304688,110.99058532714844,0.26598137617111206,0.29342615604400635,18.462142944335938,-0.025647729635238647,0.0,0.0,0.0,0.02246932126581669,0.023133449256420135,0.024320149794220924,,,,,,,,,,,,,,,
mscim,val,2024-08-10,110.28700256347656,119.59013366699219,0.29449591040611267,0.2808687090873718,-20.357742309570312,0.02851453423500061,0.0,0.0,0.0,0.016436178237199783,0.016726665198802948,0.017993036657571793,,,,,,,,,,,,,,,
mscim,val,2024-08-11,94.27950286865234,99.29751586914062,0.32085537910461426,0.3121435046195984,-16.00749969482422,0.026359468698501587,0.0,0.0,0.0,0.014994106255471706,0.015232132747769356,0.01646462455391884,,,,,,,,,,,,,,,
mscim,val,2024-08-12,72.24140167236328,87.74223327636719,0.36550480127334595,0.3329198956489563,-22.038101196289062,0.04464942216873169,0.0,0.0,0.0,0.014738421887159348,0.015025119297206402,0.016313454136252403,,,,,,,,,,,,,,,
mscim,val,2024-08-13,50.115665435791016,70.1964111328125,0.426553338766098,0.370311439037323,-22.125736236572266,0.061048537492752075,0.0,0.0,0.0,0.015031506307423115,0.015418578870594501,0.0167120061814785,,,,,,,,,,,,,,,
mscim,val,2024-08-14,41.341331481933594,52.679710388183594,0.4585190713405609,0.418245792388916,-8.774333953857422,0.03196573257446289,0.0,0.0,0.0,0.016269011422991753,0.016621703281998634,0.017983153462409973,,,,,,,,,,,,,,,
mscim,val,2024-08-15,44.02316665649414,45.238487243652344,0.44809505343437195,0.44357407093048096,2.681835174560547,-0.010424017906188965,0.0,0.0,0.0,0.018029535189270973,0.018055211752653122,0.01996420882642269,,,,,,,,,,,,,,,
mscim,val,2024-08-16,48.2244987487793,47.74473190307617,0.43295228481292725,0.43461471796035767,4.201332092285156,-0.015142768621444702,0.0,0.0,0.0,0.019023584201931953,0.01882430724799633,0.02093643508851528,,,,,,,,,,,,,,,
mscim,test,2024-09-07,93.95316314697266,94.91791534423828,0.3214377164840698,0.31972187757492065,5.602996826171875,-0.010323405265808105,0.0,0.0,0.0,0.02173919975757599,0.021748708561062813,0.023043956607580185,,,,,,,,,,,,,,,
mscim,test,2024-09-08,102.64383697509766,95.46782684326172,0.30657291412353516,0.3187515139579773,8.690673828125,-0.014864802360534668,0.0,0.0,0.0,0.017297128215432167,0.0170805212110281,0.018451031297445297,,,,,,,,,,,,,,,
mscim,test,2024-09-09,107.69249725341797,101.54693603515625,0.2984999120235443,0.30837881565093994,5.0486602783203125,-0.008073002099990845,0.0,0.0,0.0,0.016440793871879578,0.016255363821983337,0.017632268369197845,,,,,,,,,,,,,,,
mscim,test,2024-09-10,88.54666900634766,101.14986419677734,0.3313882350921631,0.30903732776641846,-19.145828247070312,0.032888323068618774,0.0,0.0,0.0,0.015676211565732956,0.015495069324970245,0.0168746467679739,,,,,,,,,,,,,,,
mscim,test,2024-09-11,75.02999877929688,85.77548217773438,0.359162300825119,0.3367239832878113,-13.516670227050781,0.027774065732955933,0.0,0.0,0.0,0.01660427823662758,0.016468537971377373,0.01847318559885025,,,,,,,,,,,,,,,
mscim,test,2024-09-12,55.55416488647461,75.91749572753906,0.4093917906284332,0.3571924567222595,-19.475833892822266,0.05022948980331421,0.0,0.0,0.0,0.017123155295848846,0.016614573076367378,0.01834113337099552,,,,,,,,,,,,,,,
mscim,test,2024-09-13,53.781166076660156,58.21135711669922,0.4147982597351074,0.4015985131263733,-1.7729988098144531,0.005406469106674194,0.0,0.0,0.0,0.018259789794683456,0.01751946099102497,0.019330210983753204,,,,,,,,,,,,,,,
mscim,test,2024-09-14,54.09400177001953,55.63705825805664,0.4138317406177521,0.40914320945739746,0.312835693359375,-0.0009665191173553467,0.0,0.0,0.0,0.021250449120998383,0.02070445381104946,0.022779760882258415,,,,,,,,,,,,,,,
mscim,test,2024-09-15,55.83416748046875,56.48752975463867,0.40855351090431213,0.4066133499145508,1.7401657104492188,-0.005278229713439941,0.0,0.0,0.0,0.042563311755657196,0.04201347380876541,0.046747688204050064,,,,,,,,,,,,,,,
mscim,test,2024-09-16,48.1952018737793,67.333984375,0.4330533444881439,0.37727653980255127,-7.638965606689453,0.024499833583831787,0.0,0.0,0.0,0.49101704359054565,0.5154920816421509,0.5330761671066284,,,,,,,,,,,,,,,
mscim,test,2024-09-17,116.66533660888672,60.818443298339844,0.28503626585006714,0.3942849040031433,68.47013854980469,-0.14801707863807678,1.0,1.0,1.0,0.41958481073379517,0.4331696331501007,0.4553130865097046,,,,,,,,,,,,,,,
mscim,test,2024-09-18,176.28433227539062,111.93423461914062,0.2154601365327835,0.29200196266174316,59.618995666503906,-0.06957612931728363,1.0,1.0,1.0,0.04309704527258873,0.04191781207919121,0.04522839933633804,,,,,,,,,,,,,,,
mscim,test,2024-09-19,190.49400329589844,151.16468811035156,0.20237329602241516,0.24139416217803955,14.209671020507812,-0.013086840510368347,0.0,0.0,0.0,0.04277363047003746,0.04132864624261856,0.04685530439019203,,,,,,,,,,,,,,,
mscim,test,2024-09-20,231.56016540527344,160.47549438476562,0.1693950593471527,0.2313135862350464,41.066162109375,-0.03297823667526245,1.0,1.0,1.0,0.04844813793897629,0.0489179864525795,0.05405447632074356,,,,,,,,,,,,,,,
mscim,test,2024-09-21,150.12083435058594,197.69100952148438,0.24256257712841034,0.1961110234260559,-81.4393310546875,0.07316751778125763,0.0,0.0,0.0,0.03366471081972122,0.0332709439098835,0.03565678000450134,,,,,,,,,,,,,,,
mscim,test,2024-09-22,135.26283264160156,131.61734008789062,0.2601291537284851,0.2647319436073303,-14.858001708984375,0.017566576600074768,0.0,0.0,0.0,0.02401060052216053,0.023432286456227303,0.025302832946181297,,,,,,,,,,,,,,,
mscim,test,2024-09-23,123.44149780273438,118.89865112304688,0.2755325734615326,0.2818447947502136,-11.821334838867188,0.015403419733047485,0.0,0.0,0.0,0.020010080188512802,0.01944948360323906,0.02108851820230484,,,,,,,,,,,,,,,
mscim,test,2024-10-18,245.25950622558594,216.9370574951172,0.15967996418476105,0.18041807413101196,54.393341064453125,-0.042363762855529785,1.0,1.0,1.0,0.15590038895606995,0.15809187293052673,0.16193312406539917,,,,,,,,,,,,,,,
mscim,test,2024-10-19,296.135009765625,241.36807250976562,0.12780362367630005,0.1623835563659668,50.87550354003906,-0.031876340508461,1.0,1.0,1.0,0.07279856503009796,0.0753205195069313,0.07686842978000641,,,,,,,,,,,,,,,
mscim,test,2024-10-20,265.0311584472656,267.55230712890625,0.14657174050807953,0.14497071504592896,-31.103851318359375,0.01876811683177948,0.0,0.0,0.0,0.04986276850104332,0.05035478621721268,0.05274968594312668,,,,,,,,,,,,,,,
mscim,test,2024-10-21,223.7191619873047,232.84388732910156,0.17521655559539795,0.1684606671333313,-41.31199645996094,0.02864481508731842,0.0,0.0,0.0,0.03720744699239731,0.03745696693658829,0.03835499659180641,,,,,,,,,,,,,,,
mscim,test,2024-10-22,199.46200561523438,199.00306701660156,0.19460482895374298,0.19499385356903076,-24.257156372070312,0.019388273358345032,0.0,0.0,0.0,0.032660145312547684,0.03282936289906502,0.03379198908805847,,,,,,,,,,,,,,,
mscim,test,2024-10-23,131.52149963378906,178.41209411621094,0.26485469937324524,0.2134351134300232,-67.94050598144531,0.07024987041950226,0.0,0.0,0.0,0.032352399080991745,0.0323188453912735,0.03361552581191063,,,,,,,,,,,,,,,
mscim,test,2024-10-24,92.78983306884766,123.58894348144531,0.3235301077365875,0.2753315567970276,-38.731666564941406,0.058675408363342285,0.0,0.0,0.0,0.030444473028182983,0.030042661353945732,0.03151680529117584,,,,,,,,,,,,,,,
mscim,test,2024-10-25,64.95050048828125,89.14720153808594,0.38330259919166565,0.3302537202835083,-27.839332580566406,0.059772491455078125,0.0,0.0,0.0,0.03124084509909153,0.03055574931204319,0.03242458403110504,,,,,,,,,,,,,,,
mscim,test,2024-10-26,58.926334381103516,64.3708267211914,0.39956122636795044,0.3848010301589966,-6.024166107177734,0.01625862717628479,0.0,0.0,0.0,0.04437666013836861,0.04488089308142662,0.04817955568432808,,,,,,,,,,,,,,,
mscim,test,2024-10-27,56.665164947509766,69.10206604003906,0.406089723110199,0.3729405999183655,-2.26116943359375,0.006528496742248535,0.0,0.0,0.0,0.3698749840259552,0.3731136918067932,0.37010079622268677,,,,,,,,,,,,,,,
mscim,test,2024-10-28,58.47999954223633,53.66716003417969,0.40083014965057373,0.4151518940925598,1.8148345947265625,-0.005259573459625244,0.0,0.0,0.0,0.3992929756641388,0.42270076274871826,0.42049306631088257,,,,,,,,,,,,,,,
mscim,test,2024-10-29,73.51300048828125,66.72132873535156,0.362583190202713,0.37880516052246094,15.033000946044922,-0.03824695944786072,1.0,1.0,1.0,0.5602507591247559,0.5919661521911621,0.5862143635749817,,,,,,,,,,,,,,,
mscim,test,2024-10-30,97.34549713134766,92.14178466796875,0.3154795169830322,0.32470691204071045,23.832496643066406,-0.047103673219680786,1.0,1.0,1.0,0.6000615358352661,0.63071209192276,0.6373438239097595,,,,,,,,,,,,,,,
mscim,test,2024-10-31,113.06800079345703,113.67916870117188,0.2903064787387848,0.2893994450569153,15.722503662109375,-0.025173038244247437,0.0,0.0,0.0,0.654546320438385,0.6830045580863953,0.6956647634506226,,,,,,,,,,,,,,,
mscim,test,2024-11-01,134.73974609375,120.76129150390625,0.2607819736003876,0.27922821044921875,21.67174530029297,-0.029524505138397217,1.0,1.0,1.0,0.6082389950752258,0.6350385546684265,0.624078631401062,,,,,,,,,,,,,,,
mscim,test,2024-11-02,57.730499267578125,142.4647979736328,0.40298256278038025,0.2513870596885681,-77.00924682617188,0.14220058917999268,0.0,0.0,0.0,0.12943585216999054,0.1265013962984085,0.13154198229312897,,,,,,,,,,,,,,,
mscim,test,2024-11-03,55.44150161743164,64.55656433105469,0.40973028540611267,0.3843194842338562,-2.2889976501464844,0.006747722625732422,0.0,0.0,0.0,0.07653993368148804,0.07247605919837952,0.07692695409059525,,,,,,,,,,,,,,,
mscim,test,2024-11-04,58.58300018310547,61.432777404785156,0.4005364775657654,0.3926064372062683,3.141498565673828,-0.00919380784034729,0.0,0.0,0.0,0.06149054318666458,0.058429088443517685,0.061796434223651886,,,,,,,,,,,,,,,
mscim,test,2024-11-05,70.3145980834961,63.39965057373047,0.37002989649772644,0.38734161853790283,11.731597900390625,-0.03050658106803894,1.0,1.0,1.0,0.04860157147049904,0.046551287174224854,0.05075167119503021,,,,,,,,,,,,,,,
mscim,test,2024-11-06,90.01166534423828,74.26497650146484,0.3286338150501251,0.3608788251876831,19.697067260742188,-0.04139608144760132,1.0,1.0,1.0,0.03675202652812004,0.03546883165836334,0.03826387599110603,,,,,,,,,,,,,,,
mscim,test,2024-11-07,83.07050323486328,89.13121032714844,0.34209921956062317,0.3302838206291199,-6.941162109375,0.013465404510498047,0.0,0.0,0.0,0.02924964763224125,0.02807881310582161,0.03041142225265503,,,,,,,,,,,,,,,
mscim,test,2024-11-08,68.03433227539062,78.54339599609375,0.37554579973220825,0.35149455070495605,-15.036170959472656,0.03344658017158508,0.0,0.0,0.0,0.02779778093099594,0.027233147993683815,0.029548248276114464,,,,,,,,,,,,,,,
mscim,test,2024-11-09,51.39619827270508,62.6719856262207,0.4223535656929016,0.3892704248428345,-16.638134002685547,0.04680776596069336,0.0,0.0,0.0,0.03962698578834534,0.03878764808177948,0.04194903001189232,,,,,,,,,,,,,,,
mscim,test,2024-11-10,46.75419998168945,52.403114318847656,0.43809938430786133,0.41912269592285156,-4.641998291015625,0.015745818614959717,0.0,0.0,0.0,0.3592815101146698,0.38021939992904663,0.3856702148914337,,,,,,,,,,,,,,,
mscim,test,2024-11-11,55.27299880981445,41.709190368652344,0.41023775935173035,0.45705080032348633,8.518798828125,-0.02786162495613098,1.0,1.0,1.0,0.26294752955436707,0.27211400866508484,0.25840523838996887,,,,,,,,,,,,,,,
mscim,test,2024-11-12,60.32416534423828,63.72406768798828,0.39564749598503113,0.38648873567581177,5.051166534423828,-0.014590263366699219,0.0,0.0,0.0,0.5705963373184204,0.5954626202583313,0.5873294472694397,,,,,,,,,,,,,,,
mscim,test,2024-11-13,77.5,75.85466003417969,0.3537357449531555,0.35733115673065186,17.17583465576172,-0.04191175103187561,1.0,1.0,1.0,0.6195173263549805,0.636434018611908,0.6362759470939636,,,,,,,,,,,,,,,
mscim,test,2024-11-14,108.54566955566406,91.66622924804688,0.29717278480529785,0.3255757689476013,31.045669555664062,-0.056562960147857666,1.0,1.0,1.0,0.6536487936973572,0.6698333621025085,0.678547739982605,,,,,,,,,,,,,,,
mscim,test,2024-11-15,154.7183380126953,120.89321899414062,0.23747578263282776,0.2790444493293762,46.17266845703125,-0.05969700217247009,1.0,1.0,1.0,0.660334050655365,0.679482638835907,0.6877020001411438,,,,,,,,,,,,,,,
mscim,test,2024-11-16,194.50782775878906,182.66717529296875,0.1988523155450821,0.20945650339126587,39.78948974609375,-0.038623467087745667,1.0,1.0,1.0,0.39057841897010803,0.3837466537952423,0.4031530022621155,,,,,,,,,,,,,,,
mscim,test,2024-11-17,190.64332580566406,200.21083068847656,0.2022409737110138,0.1939719319343567,-3.864501953125,0.0033886581659317017,0.0,0.0,0.0,0.1575249284505844,0.15391592681407928,0.1639164686203003,,,,,,,,,,,,,,,
mscim,test,2024-11-18,165.2895965576172,208.02830505371094,0.22632724046707153,0.18750226497650146,-25.353729248046875,0.02408626675605774,0.0,0.0,0.0,0.21146845817565918,0.21009862422943115,0.2248898446559906,,,,,,,,,,,,,,,
mscim,test,2024-11-19,180.87783813476562,172.37088012695312,0.21111825108528137,0.21924889087677002,15.588241577148438,-0.015208989381790161,0.0,0.0,0.0,0.11353451758623123,0.10990367084741592,0.11715047806501389,,,,,,,,,,,,,,,
mscim,test,2024-11-20,157.04266357421875,161.3325958251953,0.23496094346046448,0.23041504621505737,-23.835174560546875,0.023842692375183105,0.0,0.0,0.0,0.05539685860276222,0.0531674399971962,0.0576254203915596,,,,,,,,,,,,,,,
mscim,test,2024-11-21,159.2792510986328,138.84112548828125,0.23257572948932648,0.2557293772697449,2.2365875244140625,-0.0023852139711380005,0.0,0.0,0.0,0.04197918623685837,0.040724508464336395,0.044037435203790665,,,,,,,,,,,,,,,
mscim,test,2024-11-22,96.08450317382812,140.07850646972656,0.31766995787620544,0.25423407554626465,-63.19474792480469,0.08509422838687897,0.0,0.0,0.0,0.03907779976725578,0.0378950797021389,0.04032030701637268,,,,,,,,,,,,,,,
mscim,test,2024-11-23,66.27283477783203,88.28578186035156,0.3799329996109009,0.33188343048095703,-29.811668395996094,0.062263041734695435,0.0,0.0,0.0,0.04148387163877487,0.04003118723630905,0.04343196749687195,,,,,,,,,,,,,,,
mscim,test,2024-11-24,55.54033279418945,65.28227233886719,0.4094333350658417,0.38245081901550293,-10.732501983642578,0.029500335454940796,0.0,0.0,0.0,0.054779235273599625,0.052649639546871185,0.056870587170124054,,,,,,,,,,,,,,,
mscim,test,2024-11-25,51.41699981689453,62.69564437866211,0.4222862124443054,0.3892073631286621,-4.123332977294922,0.012852877378463745,0.0,0.0,0.0,0.09295738488435745,0.08888404071331024,0.0947975441813469,,,,,,,,,,,,,,,
mscim,test,2024-11-26,81.43599700927734,60.823280334472656,0.34543171525001526,0.3942716121673584,30.018997192382812,-0.07685449719429016,1.0,1.0,1.0,0.2115568071603775,0.2263367921113968,0.21739594638347626,,,,,,,,,,,,,,,
mscim,test,2024-11-27,83.51333618164062,104.87236785888672,0.34120750427246094,0.30296194553375244,2.0773391723632812,-0.004224210977554321,0.0,0.0,0.0,0.4898318350315094,0.5086597800254822,0.5069300532341003,,,,,,,,,,,,,,,
mscim,test,2024-11-28,89.02716827392578,102.77120971679688,0.3304798901081085,0.30636441707611084,5.513832092285156,-0.010727614164352417,0.0,0.0,0.0,0.25187045335769653,0.2637985944747925,0.2621362507343292,,,,,,,,,,,,,,,
mscim,test,2024-11-29,116.90283203125,101.8308334350586,0.28469398617744446,0.3079095482826233,27.87566375732422,-0.04578590393066406,1.0,1.0,1.0,0.14572185277938843,0.1516304314136505,0.15301646292209625,,,,,,,,,,,,,,,
mscim,test,2024-11-30,136.15066528320312,138.23934936523438,0.25902679562568665,0.25646138191223145,19.247833251953125,-0.025667190551757812,0.0,0.0,0.0,0.19998610019683838,0.20290376245975494,0.20958435535430908,,,,,,,,,,,,,,,
mscim,test,2024-12-01,149.07850646972656,171.4681854248047,0.2437373548746109,0.22013497352600098,12.927841186523438,-0.015289440751075745,0.0,0.0,0.0,0.2557007074356079,0.2583580017089844,0.2631272077560425,,,,,,,,,,,,,,,
mscim,test,2024-12-02,180.03782653808594,192.6839599609375,0.21190398931503296,0.20044314861297607,30.959320068359375,-0.03183336555957794,1.0,1.0,1.0,0.4235449731349945,0.42760467529296875,0.43873119354248047,,,,,,,,,,,,,,,
mscim,test,2024-12-03,198.78750610351562,213.2517547607422,0.195176899433136,0.18331283330917358,18.749679565429688,-0.016727089881896973,0.0,0.0,0.0,0.15698941051959991,0.1641026735305786,0.1698535829782486,,,,,,,,,,,,,,,
mscim,test,2024-12-04,174.9654998779297,233.26364135742188,0.21672752499580383,0.16815626621246338,-23.822006225585938,0.021550625562667847,0.0,0.0,0.0,0.16605570912361145,0.17082479596138,0.1815778762102127,,,,,,,,,,,,,,,
mscim,test,2024-12-05,165.18482971191406,182.81997680664062,0.22643421590328217,0.20931535959243774,-9.780670166015625,0.009706690907478333,0.0,0.0,0.0,0.04732167720794678,0.04762318730354309,0.050196293741464615,,,,,,,,,,,,,,,
mscim,test,2024-12-06,137.61050415039062,162.072265625,0.25722968578338623,0.22964340448379517,-27.574325561523438,0.030795469880104065,0.0,0.0,0.0,0.03178894519805908,0.03260026127099991,0.03344538062810898,,,,,,,,,,,,,,,
mscim,test,2024-12-07,131.4774932861328,134.55502319335938,0.26491105556488037,0.26101309061050415,-6.1330108642578125,0.007681369781494141,0.0,0.0,0.0,0.027485281229019165,0.027955537661910057,0.028920646756887436,,,,,,,,,,,,,,,
mscim,test,2024-12-08,107.16200256347656,121.87162017822266,0.29933035373687744,0.2776874303817749,-24.31549072265625,0.03441929817199707,0.0,0.0,0.0,0.03069279156625271,0.032050129026174545,0.03356305509805679,,,,,,,,,,,,,,,
mscim,test,2024-12-09,90.2308349609375,105.6202392578125,0.3282255530357361,0.30176717042922974,-16.931167602539062,0.028895199298858643,0.0,0.0,0.0,0.04632696509361267,0.049202922731637955,0.052339524030685425,,,,,,,,,,,,,,,
mscim,test,2024-12-10,79.02449798583984,89.12639617919922,0.35047104954719543,0.33029288053512573,-11.206336975097656,0.02224549651145935,0.0,0.0,0.0,0.04868050292134285,0.04787186160683632,0.050351545214653015,,,,,,,,,,,,,,,
mscim,test,2024-12-11,68.08466339111328,86.07789611816406,0.37542209029197693,0.3361334800720215,-10.939834594726562,0.024951040744781494,0.0,0.0,0.0,0.1358862966299057,0.14267802238464355,0.15640617907047272,,,,,,,,,,,,,,,
mscim,test,2024-12-12,71.43866729736328,86.62240600585938,0.36737537384033203,0.33507537841796875,3.35400390625,-0.008046716451644897,0.0,0.0,0.0,0.522813618183136,0.5526190400123596,0.5356907844543457,,,,,,,,,,,,,,,
mscim,test,2024-12-13,77.18299865722656,92.66484069824219,0.35442256927490234,0.32375645637512207,5.744331359863281,-0.012952804565429688,0.0,0.0,0.0,0.6227052211761475,0.6456356048583984,0.6548547148704529,,,,,,,,,,,,,,,
mscim,test,2024-12-14,87.8028335571289,96.16571044921875,0.3328040540218353,0.31752800941467285,10.619834899902344,-0.021618515253067017,0.0,0.0,0.0,0.6231611371040344,0.6582372188568115,0.6657758355140686,,,,,,,,,,,,,,,
mscim,test,2024-12-15,93.36699676513672,114.55767059326172,0.32248878479003906,0.28810417652130127,5.5641632080078125,-0.010315269231796265,0.0,0.0,0.0,0.6305446028709412,0.6541966795921326,0.6685543656349182,,,,,,,,,,,,,,,
mscim,test,2024-12-16,91.2248306274414,123.28229522705078,0.3263862431049347,0.2757498621940613,-2.1421661376953125,0.00389745831489563,0.0,0.0,0.0,0.2988881468772888,0.3057214021682739,0.3041810095310211,,,,,,,,,,,,,,,
mscim,test,2024-12-17,101.2701644897461,126.29145812988281,0.30883756279945374,0.27168911695480347,10.045333862304688,-0.017548680305480957,0.0,0.0,0.0,0.4052698016166687,0.399988055229187,0.4232054054737091,,,,,,,,,,,,,,,
mscim,test,2024-12-18,110.45600128173828,135.29681396484375,0.2942383587360382,0.2600867748260498,9.185836791992188,-0.014599204063415527,0.0,0.0,0.0,0.40057989954948425,0.40672191977500916,0.4185095429420471,,,,,,,,,,,,,,,
mscim,test,2024-12-19,114.97799682617188,143.36996459960938,0.2874878942966461,0.25031954050064087,4.521995544433594,-0.00675046443939209,0.0,0.0,0.0,0.3595083951950073,0.3773278594017029,0.3852984309196472,,,,,,,,,,,,,,,
mscim,test,2024-12-20,115.27100372314453,124.12911987304688,0.28705963492393494,0.2745972275733948,0.29300689697265625,-0.00042825937271118164,0.0,0.0,0.0,0.09446126967668533,0.09725143015384674,0.09799881279468536,,,,,,,,,,,,,,,
mscim,test,2024-12-21,102.09300231933594,116.28227233886719,0.3074774146080017,0.28558969497680664,-13.178001403808594,0.020417779684066772,0.0,0.0,0.0,0.0665830448269844,0.07004116475582123,0.07098507136106491,,,,,,,,,,,,,,,
mscim,test,2024-12-22,89.32866668701172,105.32100677490234,0.329912394285202,0.30224424600601196,-12.764335632324219,0.022434979677200317,0.0,0.0,0.0,0.0699077770113945,0.07348056137561798,0.07626999914646149,,,,,,,,,,,,,,,
mscim,test,2024-12-23,78.94550323486328,85.66597747802734,0.3506386876106262,0.3369383215904236,-10.383163452148438,0.020726293325424194,0.0,0.0,0.0,0.05906060338020325,0.061347343027591705,0.06324262171983719,,,,,,,,,,,,,,,
mscim,test,2024-12-24,74.2873306274414,74.80422973632812,0.3608284294605255,0.3596670627593994,-4.658172607421875,0.010189741849899292,0.0,0.0,0.0,0.06657858192920685,0.06728217005729675,0.07176129519939423,,,,,,,,,,,,,,,
mscim,test,2024-12-25,67.9352035522461,77.83399963378906,0.37578970193862915,0.35301506519317627,-6.3521270751953125,0.014961272478103638,0.0,0.0,0.0,0.1718614399433136,0.17996762692928314,0.1890369951725006,,,,,,,,,,,,,,,
mscim,test,2024-12-26,167.7779998779297,78.27791595458984,0.22380609810352325,0.3520619869232178,99.8427963256836,-0.1519836038351059,1.0,1.0,1.0,0.4372660517692566,0.4635242521762848,0.44004565477371216,,,,,,,,,,,,,,,
mscim,test,2024-12-27,64.22650146484375,160.40467834472656,0.38517624139785767,0.23138803243637085,-103.55149841308594,0.1613701432943344,0.0,0.0,0.0,0.31743142008781433,0.3414340019226074,0.34950992465019226,,,,,,,,,,,,,,,
mscim,test,2024-12-28,74.37666320800781,81.41582489013672,0.360627144575119,0.3454732298851013,10.150161743164062,-0.024549096822738647,0.0,0.0,0.0,0.49623414874076843,0.5222018957138062,0.5149796009063721,,,,,,,,,,,,,,,
mscim,test,2024-12-29,85.7941665649414,93.4954833984375,0.33668744564056396,0.3222578167915344,11.417503356933594,-0.023939698934555054,0.0,0.0,0.0,0.45260104537010193,0.47425150871276855,0.47427916526794434,,,,,,,,,,,,,,,
mscim,test,2024-12-30,99.94066619873047,113.22297668457031,0.31105858087539673,0.29007601737976074,14.146499633789062,-0.025628864765167236,0.0,0.0,0.0,0.6022166609764099,0.6206901669502258,0.6283135414123535,,,,,,,,,,,,,,,
mscim,test,2024-12-31,119.64679718017578,133.5281524658203,0.28078901767730713,0.26230376958847046,19.706130981445312,-0.0302695631980896,1.0,1.0,1.0,0.6022560596466064,0.6159631609916687,0.6228309869766235,,,,,,,,,,,,,,,
mscim_no_kg,train,2023-12-26,117.30549621582031,117.60026550292969,0.2841153144836426,0.2836928963661194,10.985496520996094,-0.01654154062271118,0.0,0.0,0.0,0.13215002417564392,0.14081831276416779,0.14026103913784027,,,,,,,,,,,,,,,
mscim_no_kg,train,2023-08-12,85.56849670410156,76.45233917236328,0.3371293246746063,0.35601627826690674,12.466163635253906,-0.026391923427581787,0.0,0.0,0.0,0.02552681416273117,0.025752689689397812,0.025067446753382683,,,,,,,,,,,,,,,
mscim_no_kg,train,2022-11-26,365.5393371582031,356.9447937011719,0.09217298775911331,0.09620028734207153,6.32733154296875,-0.002955608069896698,0.0,0.0,0.0,0.07420501112937927,0.07055309414863586,0.06928540021181107,,,,,,,,,,,,,,,
mscim_no_kg,train,2023-04-02,96.62816619873047,96.05767822265625,0.3167220950126648,0.3177168369293213,13.660835266113281,-0.025585532188415527,0.0,0.0,0.0,0.030353408306837082,0.029680218547582626,0.030913593247532845,,,,,,,,,,,,,,,
mscim_no_kg,train,2023-05-18,140.16017150878906,119.21701049804688,0.2541358768939972,0.28139472007751465,36.10283660888672,-0.05013781785964966,1.0,1.0,1.0,0.7022895216941833,0.6752128601074219,0.6915575265884399,,,,,,,,,,,,,,,
mscim_no_kg,train,2023-07-19,115.77816772460938,117.74513244628906,0.28632086515426636,0.2834857106208801,-0.05899810791015625,8.574128150939941e-05,0.0,0.0,0.0,0.06834302842617035,0.06400198489427567,0.0661422610282898,,,,,,,,,,,,,,,
mscim_no_kg,train,2023-07-06,145.77749633789062,163.0251007080078,0.24751237034797668,0.22865450382232666,-11.61383056640625,0.012925475835800171,0.0,0.0,0.0,0.23248012363910675,0.23126472532749176,0.23949572443962097,,,,,,,,,,,,,,,
mscim_no_kg,train,2022-12-05,182.67166137695312,199.96975708007812,0.20945237576961517,0.19417542219161987,13.634994506835938,-0.01309262216091156,0.0,0.0,0.0,0.3273336589336395,0.3229962885379791,0.32061198353767395,,,,,,,,,,,,,,,
mscim_no_kg,train,2024-01-08,61.35100173950195,76.5069808959961,0.39282894134521484,0.35589659214019775,-2.0701637268066406,0.0055439770221710205,0.0,0.0,0.0,0.19882060587406158,0.2145095318555832,0.21410119533538818,,,,,,,,,,,,,,,
mscim_no_kg,train,2023-12-24,111.72433471679688,115.82207489013672,0.2923177182674408,0.2862570285797119,0.34616851806640625,-0.0005220472812652588,0.0,0.0,0.0,0.093665212392807,0.09585290402173996,0.09595952928066254,,,,,,,,,,,,,,,
mscim_no_kg,train,2022-10-02,476.975341796875,544.8461303710938,0.04711629077792168,0.024579167366027832,-127.06097412109375,0.040011513978242874,0.0,0.0,0.0,0.13305865228176117,0.1300428807735443,0.12854237854480743,,,,,,,,,,,,,,,
mscim_no_kg,train,2023-12-20,122.16783142089844,134.34059143066406,0.2772787809371948,0.2612818479537964,-30.363494873046875,0.03740224242210388,0.0,0.0,0.0,0.02821117267012596,0.025797095149755478,0.025452949106693268,,,,,,,,,,,,,,,
mscim_no_kg,train,2023-11-12,165.37350463867188,145.55978393554688,0.22624161839485168,0.24776428937911987,36.4493408203125,-0.04197278618812561,1.0,1.0,1.0,0.7169702649116516,0.6886913180351257,0.6899438500404358,,,,,,,,,,,,,,,
mscim_no_kg,train,2022-12-20,168.4429931640625,172.21388244628906,0.22313864529132843,0.21940267086029053,3.8836669921875,-0.003935635089874268,0.0,0.0,0.0,0.14345937967300415,0.15012089908123016,0.1541815996170044,,,,,,,,,,,,,,,
mscim_no_kg,train,2023-05-09,136.31117248535156,124.80355072021484,0.2588282823562622,0.27368485927581787,2.8936767578125,-0.0036152005195617676,0.0,0.0,0.0,0.015842804685235023,0.014319770969450474,0.014216670766472816,,,,,,,,,,,,,,,
mscim_no_kg,train,2023-03-28,247.3806610107422,238.60997009277344,0.1582242101430893,0.16432619094848633,-35.03218078613281,0.02239517867565155,0.0,0.0,0.0,0.007903670892119408,0.006912464741617441,0.007939684204757214,,,,,,,,,,,,,,,
mscim_no_kg,train,2024-01-15,173.71200561523438,162.72683715820312,0.21794097125530243,0.2289634346961975,-0.0168304443359375,1.6361474990844727e-05,0.0,0.0,0.0,0.07205341011285782,0.06876145303249359,0.06482160091400146,,,,,,,,,,,,,,,
mscim_no_kg,train,2023-11-29,158.0366668701172,171.8398895263672,0.23389674723148346,0.21976953744888306,-4.6683349609375,0.004910632967948914,0.0,0.0,0.0,0.09292218834161758,0.09819638729095459,0.09901031106710434,,,,,,,,,,,,,,,
mscim_no_kg,train,2024-03-21,50.93116760253906,48.411537170410156,0.42386674880981445,0.432308554649353,4.906002044677734,-0.016843855381011963,0.0,0.0,0.0,0.09789762645959854,0.10633473098278046,0.10165252536535263,,,,,,,,,,,,,,,
mscim_no_kg,train,2023-11-09,93.60600280761719,99.24263000488281,0.3220594525337219,0.3122364282608032,-6.664161682128906,0.011554032564163208,0.0,0.0,0.0,0.028116967529058456,0.02743934467434883,0.027931615710258484,,,,,,,,,,,,,,,
mscim_no_kg,train,2023-05-01,79.49016571044922,92.53384399414062,0.34948620200157166,0.323993980884552,-11.057334899902344,0.02184876799583435,0.0,0.0,0.0,0.030811576172709465,0.028957385569810867,0.029782187193632126,,,,,,,,,,,,,,,
mscim_no_kg,train,2023-06-12,106.29283142089844,92.00167846679688,0.3006998300552368,0.32496243715286255,8.973663330078125,-0.014825135469436646,0.0,0.0,0.0,0.016273079439997673,0.015106722712516785,0.0150624243542552,,,,,,,,,,,,,,,
mscim_no_kg,train,2023-01-28,168.14466857910156,199.83363342285156,0.22343775629997253,0.1942903995513916,-50.621826171875,0.04443851113319397,0.0,0.0,0.0,0.04170972481369972,0.039311058819293976,0.03973438963294029,,,,,,,,,,,,,,,
mscim_no_kg,train,2023-01-01,150.5001678466797,169.76597595214844,0.24213705956935883,0.22181850671768188,-40.92683410644531,0.040588751435279846,0.0,0.0,0.0,0.03134419396519661,0.030252937227487564,0.03207477554678917,,,,,,,,,,,,,,,
mscim_no_kg,train,2023-09-17,136.72633361816406,153.88229370117188,0.2583158612251282,0.2383894920349121,-15.103866577148438,0.017662420868873596,0.0,0.0,0.0,0.05791784077882767,0.05607835575938225,0.053056225180625916,,,,,,,,,,,,,,,
mscim_no_kg,train,2023-04-21,173.97549438476562,180.52772521972656,0.21768516302108765,0.21144527196884155,0.0074920654296875,-7.286667823791504e-06,0.0,0.0,0.0,0.04942282289266586,0.04567897692322731,0.04636894911527634,,,,,,,,,,,,,,,
mscim_no_kg,train,2023-07-04,136.69183349609375,130.6080780029297,0.2583583891391754,0.26602864265441895,30.11766815185547,-0.041896969079971313,1.0,1.0,1.0,0.7379819750785828,0.7252339124679565,0.723762571811676,,,,,,,,,,,,,,,
mscim_no_kg,train,2023-06-09,128.47866821289062,129.27206420898438,0.2687974274158478,0.2677605152130127,-13.01666259765625,0.016259431838989258,0.0,0.0,0.0,0.017892986536026,0.01649024710059166,0.01677781157195568,,,,,,,,,,,,,,,
mscim_no_kg,train,2022-12-26,111.96817016601562,264.93450927734375,0.2919509708881378,0.14663338661193848,-155.67083740234375,0.14703498780727386,0.0,0.0,0.0,0.14902158081531525,0.1566886305809021,0.15841229259967804,,,,,,,,,,,,,,,
mscim_no_kg,train,2023-08-28,77.54450225830078,82.44344329833984,0.3536395728588104,0.3433699607849121,4.289665222167969,-0.009532719850540161,0.0,0.0,0.0,0.06113992631435394,0.061737287789583206,0.059904105961322784,,,,,,,,,,,,,,,
mscim_no_kg,train,2023-02-24,258.7658386230469,225.76893615722656,0.15061701834201813,0.1736752986907959,6.6725006103515625,-0.0044168829917907715,0.0,0.0,0.0,0.021575627848505974,0.02080421708524227,0.021317213773727417,,,,,,,,,,,,,,,
mscim_no_kg,train,2023-10-26,119.80683135986328,112.98358154296875,0.28056401014328003,0.2904320955276489,2.6988296508789062,-0.0038348734378814697,0.0,0.0,0.0,0.024401461705565453,0.02519530989229679,0.025281090289354324,,,,,,,,,,,,,,,
mscim_no_kg,train,2024-02-11,86.91967010498047,99.0916976928711,0.3345005512237549,0.3124921917915344,4.945167541503906,-0.00982600450515747,0.0,0.0,0.0,0.6492586135864258,0.6598868370056152,0.6416032314300537,,,,,,,,,,,,,,,
mscim_no_kg,train,2023-07-23,95.99066925048828,94.87950134277344,0.3178340792655945,0.3197898268699646,-1.5309982299804688,0.002658337354660034,0.0,0.0,0.0,0.022291075438261032,0.02052539587020874,0.021468888968229294,,,,,,,,,,,,,,,
mscim_no_kg,train,2024-01-27,132.08616638183594,138.3333282470703,0.2641330063343048,0.25634682178497314,0.2111663818359375,-0.0002695322036743164,0.0,0.0,0.0,0.17219604551792145,0.18330654501914978,0.18218682706356049,,,,,,,,,,,,,,,
mscim_no_kg,train,2024-02-14,108.10633087158203,121.09617614746094,0.2978549003601074,0.2787620425224304,-13.030166625976562,0.01914888620376587,0.0,0.0,0.0,0.09501151740550995,0.09969765692949295,0.10248860716819763,,,,,,,,,,,,,,,
mscim_no_kg,train,2023-08-21,163.23899841308594,131.5616455078125,0.22843334078788757,0.26480329036712646,23.6026611328125,-0.02633357048034668,0.0,0.0,0.0,0.015690824016928673,0.014691377058625221,0.014026966877281666,,,,,,,,,,,,,,,
mscim_no_kg,train,2023-12-06,73.3673324584961,87.69569396972656,0.3629153370857239,0.33300894498825073,-13.342666625976562,0.028009504079818726,0.0,0.0,0.0,0.043467987328767776,0.04295247420668602,0.045202452689409256,,,,,,,,,,,,,,,
mscim_no_kg,train,2023-07-24,101.23433685302734,92.07239532470703,0.3088970482349396,0.3248334527015686,5.2436676025390625,-0.008937031030654907,0.0,0.0,0.0,0.0189057607203722,0.017469031736254692,0.018169138580560684,,,,,,,,,,,,,,,
mscim_no_kg,train,2023-10-19,184.0973358154297,166.36582946777344,0.20813998579978943,0.22523224353790283,9.306838989257812,-0.008756428956985474,0.0,0.0,0.0,0.02029958739876747,0.019574083387851715,0.018939746543765068,,,,,,,,,,,,,,,
mscim_no_kg,train,2023-09-14,145.34033203125,138.74713134765625,0.24801866710186005,0.25584352016448975,23.739166259765625,-0.03004281222820282,1.0,1.0,1.0,0.773360550403595,0.738641083240509,0.7359347343444824,,,,,,,,,,,,,,,
mscim_no_kg,train,2023-12-21,107.3499984741211,121.6628646850586,0.29903560876846313,0.2779760956764221,-14.817832946777344,0.02175682783126831,0.0,0.0,0.0,0.08514480292797089,0.08234629034996033,0.077663853764534,,,,,,,,,,,,,,,
mscim_no_kg,train,2023-08-07,239.2375030517578,217.49790954589844,0.16388224065303802,0.17998182773590088,-15.368331909179688,0.010525017976760864,0.0,0.0,0.0,0.02134285680949688,0.02008185349404812,0.019477199763059616,,,,,,,,,,,,,,,
mscim_no_kg,train,2023-07-15,91.48049926757812,94.41361999511719,0.3259163498878479,0.32061660289764404,-2.3071670532226562,0.0041825175285339355,0.0,0.0,0.0,0.06174813583493233,0.06070626154541969,0.06515088677406311,,,,,,,,,,,,,,,
mscim_no_kg,train,2023-11-11,128.92416381835938,111.9599838256836,0.2682144045829773,0.29196327924728394,37.49250030517578,-0.05779159069061279,1.0,1.0,1.0,0.6828564405441284,0.662446916103363,0.6748067736625671,,,,,,,,,,,,,,,
mscim_no_kg,train,2023-03-24,316.08099365234375,276.5336608886719,0.11677582561969757,0.1393870711326599,14.41815185546875,-0.007899098098278046,0.0,0.0,0.0,0.015581883490085602,0.013569016009569168,0.015146070159971714,,,,,,,,,,,,,,,
mscim_no_kg,train,2023-04-27,113.23516845703125,113.55789184570312,0.290057897567749,0.28957903385162354,-13.789497375488281,0.01934361457824707,0.0,0.0,0.0,0.010809160768985748,0.00970338936895132,0.009976089000701904,,,,,,,,,,,,,,,
mscim_no_kg,train,2023-10-23,116.43533325195312,118.56346893310547,0.2853683531284332,0.28231996297836304,-11.924331665039062,0.01641485095024109,0.0,0.0,0.0,0.01480075903236866,0.014071312732994556,0.014014269225299358,,,,,,,,,,,,,,,
mscim_no_kg,train,2023-11-15,190.31883239746094,202.17242431640625,0.20252862572669983,0.19232523441314697,-17.880340576171875,0.015165045857429504,0.0,0.0,0.0,0.04910283908247948,0.0488683320581913,0.04822496324777603,,,,,,,,,,,,,,,
mscim_no_kg,train,2023-02-04,129.65866088867188,131.25643920898438,0.26725754141807556,0.26519453525543213,33.48016357421875,-0.050248146057128906,1.0,1.0,1.0,0.7216074466705322,0.7162089347839355,0.7108649015426636,,,,,,,,,,,,,,,
mscim_no_kg,train,2023-06-17,124.95116424560547,122.22366333007812,0.27348580956459045,0.2772018313407898,10.037330627441406,-0.01409602165222168,0.0,0.0,0.0,0.07331207394599915,0.07247675210237503,0.0691506415605545,,,,,,,,,,,,,,,
mscim_no_kg,train,2023-07-14,93.78766632080078,98.2817153930664,0.32173383235931396,0.3138713240623474,-7.208000183105469,0.01244005560874939,0.0,0.0,0.0,0.04035711660981178,0.039160795509815216,0.04155470058321953,,,,,,,,,,,,,,,
mscim_no_kg,train,2023-02-11,230.15550231933594,228.40362548828125,0.17042337357997894,0.1717146635055542,-33.92448425292969,0.023243680596351624,0.0,0.0,0.0,0.022272204980254173,0.02086924947798252,0.02161078155040741,,,,,,,,,,,,,,,
mscim_no_kg,train,2023-10-22,128.3596649169922,133.11477661132812,0.26895350217819214,0.262826144695282,-19.227996826171875,0.02352161705493927,0.0,0.0,0.0,0.013248578645288944,0.012487918138504028,0.012376694940030575,,,,,,,,,,,,,,,
mscim_no_kg,train,2023-10-15,170.1195068359375,171.75518798828125,0.2214675098657608,0.2198527455329895,9.24517822265625,-0.009427383542060852,0.0,0.0,0.0,0.07341381907463074,0.07193176448345184,0.06997460126876831,,,,,,,,,,,,,,,
mscim_no_kg,train,2023-01-11,195.67767333984375,202.90440368652344,0.19783972203731537,0.1917148232460022,-5.915496826171875,0.0050298720598220825,0.0,0.0,0.0,0.046845052391290665,0.04518186300992966,0.046835336834192276,,,,,,,,,,,,,,,
mscim_no_kg,train,2022-12-04,169.0366668701172,187.74205017089844,0.22254499793052673,0.20483022928237915,-29.845993041992188,0.02744893729686737,0.0,0.0,0.0,0.042631812393665314,0.0408041849732399,0.04063832014799118,,,,,,,,,,,,,,,
mscim_no_kg,train,2024-02-05,54.481834411621094,55.45333480834961,0.41264107823371887,0.4096946716308594,-5.9976654052734375,0.017422974109649658,0.0,0.0,0.0,0.013707336038351059,0.012894135899841785,0.013786538504064083,,,,,,,,,,,,,,,
mscim_no_kg,train,2023-12-10,91.892333984375,97.20504760742188,0.3251621425151825,0.31572210788726807,16.504165649414062,-0.03320243954658508,1.0,1.0,1.0,0.4168850779533386,0.43272149562835693,0.4531027674674988,,,,,,,,,,,,,,,
mscim_no_kg,train,2022-12-17,131.33250427246094,142.40933227539062,0.2650969326496124,0.2514527440071106,-14.489669799804688,0.017636209726333618,0.0,0.0,0.0,0.038911640644073486,0.036675095558166504,0.036954689770936966,,,,,,,,,,,,,,,
mscim_no_kg,train,2023-05-19,142.65550231933594,139.64425659179688,0.2511616349220276,0.2547573447227478,2.495330810546875,-0.0029742419719696045,0.0,0.0,0.0,0.05407682806253433,0.047263454645872116,0.044527921825647354,,,,,,,,,,,,,,,
mscim_no_kg,train,2023-07-09,143.91900634765625,149.71475219726562,0.24967528879642487,0.24301928281784058,-24.092330932617188,0.026103675365447998,0.0,0.0,0.0,0.026728112250566483,0.02546852082014084,0.027079550549387932,,,,,,,,,,,,,,,
mscim_no_kg,train,2023-07-05,157.39132690429688,152.93472290039062,0.2345868945121765,0.23943114280700684,20.699493408203125,-0.0237714946269989,0.0,0.0,0.0,0.4635048806667328,0.46384960412979126,0.46838098764419556,,,,,,,,,,,,,,,
mscim_no_kg,train,2023-09-18,127.62833404541016,134.90411376953125,0.2699158191680908,0.2605765461921692,-9.097999572753906,0.011599957942962646,0.0,0.0,0.0,0.0345587395131588,0.03348728269338608,0.03154372051358223,,,,,,,,,,,,,,,
mscim_no_kg,train,2023-01-18,60.85649871826172,89.34872436523438,0.39418044686317444,0.3298746943473816,-21.739501953125,0.05112051963806152,0.0,0.0,0.0,0.09673023223876953,0.09433826059103012,0.10497388243675232,,,,,,,,,,,,,,,
mscim_no_kg,train,2024-04-01,67.95883178710938,65.42503356933594,0.37573152780532837,0.3820856809616089,-3.7253341674804688,0.008930414915084839,0.0,0.0,0.0,0.017618488520383835,0.01773008704185486,0.01719789206981659,,,,,,,,,,,,,,,
mscim_no_kg,train,2023-01-25,270.60382080078125,306.135986328125,0.14305296540260315,0.12218469381332397,-22.452178955078125,0.013481318950653076,0.0,0.0,0.0,0.2457711547613144,0.23753248155117035,0.2275567352771759,,,,,,,,,,,,,,,
mscim_no_kg,train,2023-01-12,179.91366577148438,191.59693908691406,0.21202044188976288,0.20139843225479126,-15.764007568359375,0.01418071985244751,0.0,0.0,0.0,0.028074294328689575,0.026557682082057,0.02929520048201084,,,,,,,,,,,,,,,
mscim_no_kg,train,2023-10-25,117.10800170898438,100.1621322631836,0.2843988835811615,0.3106865882873535,12.3453369140625,-0.01873907446861267,0.0,0.0,0.0,0.018646711483597755,0.018285982310771942,0.01845969818532467,,,,,,,,,,,,,,,
mscim_no_kg,train,2023-07-31,108.98833465576172,65.51730346679688,0.29648828506469727,0.38185006380081177,65.39382934570312,-0.15323054790496826,1.0,1.0,1.0,0.7216817140579224,0.7185587882995605,0.6990646719932556,,,,,,,,,,,,,,,
mscim_no_kg,train,2023-03-02,71.91649627685547,89.32572174072266,0.3662594258785248,0.32991790771484375,-24.790504455566406,0.04967433214187622,0.0,0.0,0.0,0.01472922321408987,0.01365096028894186,0.014491098001599312,,,,,,,,,,,,,,,
mscim_no_kg,train,2022-01-23,92.17333221435547,83.28043365478516,0.32464948296546936,0.34167587757110596,7.966667175292969,-0.015171229839324951,0.0,0.0,0.0,0.02450765296816826,0.02392943575978279,0.02539011277258396,,,,,,,,,,,,,,,
mscim_no_kg,train,2023-06-05,154.5865020751953,168.44085693359375,0.2376195341348648,0.22314077615737915,-0.4703369140625,0.0005123317241668701,0.0,0.0,0.0,0.08978062868118286,0.08621157705783844,0.08325411379337311,,,,,,,,,,,,,,,
mscim_no_kg,train,2023-09-08,67.88933563232422,82.1258544921875,0.3759026825428009,0.3440172076225281,-15.463996887207031,0.03437352180480957,0.0,0.0,0.0,0.013420279137790203,0.012701427564024925,0.012455053627490997,,,,,,,,,,,,,,,
mscim_no_kg,train,2023-03-29,171.98216247558594,211.23976135253906,0.2196298986673355,0.18491429090499878,-75.39849853515625,0.061405688524246216,0.0,0.0,0.0,0.00840623676776886,0.007342211436480284,0.008249311707913876,,,,,,,,,,,,,,,
mscim_no_kg,train,2023-10-14,160.87432861328125,162.7638397216797,0.23089489340782166,0.22892510890960693,25.939834594726562,-0.029643744230270386,1.0,1.0,1.0,0.6034705638885498,0.5849839448928833,0.5816035866737366,,,,,,,,,,,,,,,
mscim_no_kg,train,2024-01-19,87.18916320800781,88.59716033935547,0.33398106694221497,0.3312925100326538,-15.433670043945312,0.02737376093864441,0.0,0.0,0.0,0.020967870950698853,0.020859377458691597,0.020602291449904442,,,,,,,,,,,,,,,
mscim_no_kg,train,2023-08-19,127.84383392333984,144.38499450683594,0.26963168382644653,0.24913036823272705,-17.35399627685547,0.02144765853881836,0.0,0.0,0.0,0.025254730135202408,0.02423674426972866,0.02231539599597454,,,,,,,,,,,,,,,
mscim_no_kg,train,2024-01-20,77.22216796875,75.51580047607422,0.35433757305145264,0.35808122158050537,-9.966995239257812,0.02035650610923767,0.0,0.0,0.0,0.021146679297089577,0.020788375288248062,0.02130645141005516,,,,,,,,,,,,,,,
mscim_no_kg,train,2023-09-19,146.11965942382812,125.09314727783203,0.24711714684963226,0.2732945680618286,18.49132537841797,-0.022798672318458557,0.0,0.0,0.0,0.025801241397857666,0.02499696984887123,0.02372286655008793,,,,,,,,,,,,,,,
mscim_no_kg,train,2023-02-25,231.6544952392578,222.0693359375,0.16932623088359833,0.17646729946136475,-27.111343383789062,0.0187092125415802,0.0,0.0,0.0,0.0149882473051548,0.013963364064693451,0.014564240351319313,,,,,,,,,,,,,,,
mscim_no_kg,train,2024-04-04,41.55833435058594,42.58790969848633,0.45765137672424316,0.45359402894973755,-1.2458305358886719,0.004897385835647583,0.0,0.0,0.0,0.022819818928837776,0.02182406187057495,0.022242341190576553,,,,,,,,,,,,,,,
mscim_no_kg,train,2023-05-15,94.95366668701172,87.72209167480469,0.3196586072444916,0.332958459854126,3.5895004272460938,-0.006471395492553711,0.0,0.0,0.0,0.020028958097100258,0.018159808591008186,0.01885344088077545,,,,,,,,,,,,,,,
mscim_no_kg,train,2022-12-28,271.11151123046875,275.4792175292969,0.14273600280284882,0.14003318548202515,-34.76666259765625,0.0204087495803833,0.0,0.0,0.0,0.05598830059170723,0.055536553263664246,0.05734982341527939,,,,,,,,,,,,,,,
mscim_no_kg,train,2023-01-30,99.53216552734375,106.68863677978516,0.31174686551094055,0.30007481575012207,-11.333503723144531,0.018131256103515625,0.0,0.0,0.0,0.031454816460609436,0.030107861384749413,0.03160500153899193,,,,,,,,,,,,,,,
mscim_no_kg,train,2023-02-12,215.3546600341797,206.82594299316406,0.18165500462055206,0.1884813904762268,-14.80084228515625,0.01123163104057312,0.0,0.0,0.0,0.021885951980948448,0.020959999412298203,0.0217569749802351,,,,,,,,,,,,,,,
mscim_no_kg,train,2023-10-18,174.79049682617188,158.918701171875,0.2168964147567749,0.23295795917510986,15.746826171875,-0.015928983688354492,0.0,0.0,0.0,0.026561958715319633,0.02648651972413063,0.02524871937930584,,,,,,,,,,,,,,,
mscim_no_kg,train,2022-12-23,196.85133361816406,231.63917541503906,0.19682984054088593,0.16933739185333252,-5.6706695556640625,0.0047964006662368774,0.0,0.0,0.0,0.4581153094768524,0.47921863198280334,0.4672333300113678,,,,,,,,,,,,,,,
mscim_no_kg,train,2022-10-01,604.0363159179688,563.8567504882812,0.0071047767996788025,0.018768310546875,-6.446533203125,0.0017989138141274452,0.0,0.0,0.0,0.16806842386722565,0.16384640336036682,0.162561297416687,,,,,,,,,,,,,,,
mscim_no_kg,train,2024-01-11,98.79850006103516,102.19796752929688,0.31299012899398804,0.3073046803474426,15.982170104980469,-0.029623031616210938,1.0,1.0,1.0,0.3937402665615082,0.4205922484397888,0.41714996099472046,,,,,,,,,,,,,,,
mscim_no_kg,train,2023-04-13,131.52200317382812,141.29942321777344,0.2648540437221527,0.2527714967727661,-20.3248291015625,0.024219080805778503,0.0,0.0,0.0,0.013573975302278996,0.011942414566874504,0.01235596276819706,,,,,,,,,,,,,,,
mscim_no_kg,train,2024-01-25,123.20417022705078,103.54635620117188,0.275856614112854,0.30510127544403076,20.160507202148438,-0.030062764883041382,1.0,1.0,1.0,0.11823393404483795,0.12189432978630066,0.12449789047241211,,,,,,,,,,,,,,,
mscim_no_kg,train,2023-11-23,103.06849670410156,110.20689392089844,0.3058788776397705,0.2946181297302246,-14.608673095703125,0.022295981645584106,0.0,0.0,0.0,0.028359390795230865,0.02723858691751957,0.029731206595897675,,,,,,,,,,,,,,,
mscim_no_kg,train,2023-11-28,162.7050018310547,164.92138671875,0.22898611426353455,0.2267034649848938,1.729827880859375,-0.001803085207939148,0.0,0.0,0.0,0.10692118108272552,0.10975059121847153,0.11185204237699509,,,,,,,,,,,,,,,
mscim_no_kg,train,2023-08-25,79.41217041015625,90.82534790039062,0.3496507704257965,0.3271230459213257,-14.548995971679688,0.02822735905647278,0.0,0.0,0.0,0.013268878683447838,0.012426265515387058,0.012048028409481049,,,,,,,,,,,,,,,
mscim_no_kg,train,2024-03-28,101.82733154296875,67.32583618164062,0.3079153597354889,0.3772967457771301,57.402732849121094,-0.13867300748825073,1.0,1.0,1.0,0.6255833506584167,0.6300912499427795,0.6180769205093384,,,,,,,,,,,,,,,
mscim_no_kg,train,2023-08-15,122.5338363647461,139.14585876464844,0.27677515149116516,0.2553598880767822,7.420005798339844,-0.010514050722122192,0.0,0.0,0.0,0.7642225623130798,0.7393226623535156,0.7383484840393066,,,,,,,,,,,,,,,
mscim_no_kg,train,2022-11-30,236.56149291992188,277.5304870605469,0.16578352451324463,0.13877850770950317,-69.57467651367188,0.04359891265630722,0.0,0.0,0.0,0.0353640541434288,0.03240625560283661,0.031430382281541824,,,,,,,,,,,,,,,
mscim_no_kg,train,2023-09-13,121.60116577148438,123.95787811279297,0.27806147933006287,0.2748296856880188,18.876998901367188,-0.02837991714477539,1.0,1.0,1.0,0.746897280216217,0.7183671593666077,0.7237194776535034,,,,,,,,,,,,,,,
mscim_no_kg,train,2023-12-09,75.38816833496094,84.65579986572266,0.3583645820617676,0.33892834186553955,1.6216659545898438,-0.003642141819000244,0.0,0.0,0.0,0.134176567196846,0.14061926305294037,0.1519135683774948,,,,,,,,,,,,,,,
mscim_no_kg,train,2023-02-27,222.81166076660156,200.71670532226562,0.17590339481830597,0.19354575872421265,-19.007675170898438,0.013835564255714417,0.0,0.0,0.0,0.011579276993870735,0.01076539047062397,0.01122194528579712,,,,,,,,,,,,,,,
mscim_no_kg,train,2023-02-26,241.8193359375,199.85488891601562,0.16206783056259155,0.1942724585533142,10.164840698242188,-0.007258400321006775,0.0,0.0,0.0,0.01303132250905037,0.011952248401939869,0.012461225502192974,,,,,,,,,,,,,,,
mscim_no_kg,train,2023-01-16,98.85566711425781,100.41400146484375,0.3128929138183594,0.3102644681930542,-11.208000183105469,0.018056035041809082,0.0,0.0,0.0,0.026429254561662674,0.022470388561487198,0.023335397243499756,,,,,,,,,,,,,,,
mscim_no_kg,train,2023-05-14,91.36416625976562,80.6637954711914,0.3261300027370453,0.3470291495323181,8.33416748046875,-0.016050994396209717,0.0,0.0,0.0,0.015825437381863594,0.014660604298114777,0.015056822448968887,,,,,,,,,,,,,,,
mscim_no_kg,train,2023-06-16,114.91383361816406,105.75994110107422,0.28758183121681213,0.3015449643135071,7.197669982910156,-0.010881125926971436,0.0,0.0,0.0,0.03593677282333374,0.0364961139857769,0.034649159759283066,,,,,,,,,,,,,,,
mscim_no_kg,train,2023-03-15,229.35833740234375,241.0308380126953,0.17100973427295685,0.16261988878250122,-47.275177001953125,0.03168371319770813,0.0,0.0,0.0,0.016339309513568878,0.014535695314407349,0.016497278586030006,,,,,,,,,,,,,,,
mscim_no_kg,train,2023-06-20,107.91400146484375,120.77581024169922,0.298154354095459,0.2792080044746399,-17.16632843017578,0.024842500686645508,0.0,0.0,0.0,0.02324986457824707,0.021368158981204033,0.022231590002775192,,,,,,,,,,,,,,,
mscim_no_kg,train,2024-02-06,47.3668327331543,52.993927001953125,0.43593573570251465,0.417255163192749,-7.115001678466797,0.023294657468795776,0.0,0.0,0.0,0.028218163177371025,0.026647062972187996,0.027264028787612915,,,,,,,,,,,,,,,
mscim_no_kg,train,2023-03-21,273.81915283203125,273.4828186035156,0.1410553902387619,0.14126324653625488,53.85697937011719,-0.03702288866043091,1.0,1.0,1.0,0.7707758545875549,0.7489546537399292,0.7657648921012878,,,,,,,,,,,,,,,
mscim_no_kg,train,2023-01-02,123.01349639892578,140.94044494628906,0.27611735463142395,0.2532002329826355,-27.486671447753906,0.033980295062065125,0.0,0.0,0.0,0.036754488945007324,0.03563313186168671,0.038596540689468384,,,,,,,,,,,,,,,
mscim_no_kg,train,2024-02-07,50.041500091552734,48.34741973876953,0.42679980397224426,0.43252891302108765,2.6746673583984375,-0.009135931730270386,0.0,0.0,0.0,0.04346529021859169,0.04199835658073425,0.04346228018403053,,,,,,,,,,,,,,,
mscim_no_kg,train,2023-08-17,160.5279998779297,188.75473022460938,0.23125843703746796,0.20392197370529175,12.589340209960938,-0.013772964477539062,0.0,0.0,0.0,0.2994585931301117,0.3036867380142212,0.2940772473812103,,,,,,,,,,,,,,,
mscim_no_kg,train,2022-11-27,454.0268249511719,343.0093078613281,0.05546771362423897,0.10294044017791748,88.48748779296875,-0.036705274134874344,1.0,1.0,1.0,0.04828033596277237,0.04611991345882416,0.045000988990068436,,,,,,,,,,,,,,,
mscim_no_kg,train,2024-01-21,65.64749908447266,69.28385162353516,0.38151815533638,0.37250107526779175,-11.574668884277344,0.027180582284927368,0.0,0.0,0.0,0.02758607268333435,0.0268251933157444,0.026773972436785698,,,,,,,,,,,,,,,
mscim_no_kg,train,2023-09-07,83.35333251953125,106.49085998535156,0.34152916073799133,0.30038684606552124,-31.890167236328125,0.05442938208580017,0.0,0.0,0.0,0.012175502255558968,0.011237104423344135,0.011053505353629589,,,,,,,,,,,,,,,
mscim_no_kg,train,2023-02-03,96.17849731445312,96.79811096191406,0.31750568747520447,0.3164268732070923,24.28966522216797,-0.04881814122200012,1.0,1.0,1.0,0.7415938377380371,0.7325332760810852,0.7294067144393921,,,,,,,,,,,,,,,
mscim_no_kg,train,2023-05-20,131.65032958984375,148.60427856445312,0.26468977332115173,0.24427449703216553,-11.005172729492188,0.013528138399124146,0.0,0.0,0.0,0.04298730939626694,0.04043186455965042,0.038931336253881454,,,,,,,,,,,,,,,
mscim_no_kg,train,2023-03-13,245.85000610351562,270.59149169921875,0.1592734456062317,0.1430606245994568,-61.5338134765625,0.03777693957090378,0.0,0.0,0.0,0.017300881445407867,0.015267140232026577,0.016514122486114502,,,,,,,,,,,,,,,
mscim_no_kg,train,2024-03-20,46.02516555786133,55.43592071533203,0.4407106041908264,0.40974706411361694,-10.510833740234375,0.034240275621414185,0.0,0.0,0.0,0.07878822088241577,0.08493232727050781,0.08155632019042969,,,,,,,,,,,,,,,
mscim_no_kg,train,2023-12-13,143.3695068359375,156.51373291015625,0.25032010674476624,0.23552995920181274,14.237167358398438,-0.017622560262680054,0.0,0.0,0.0,0.39594531059265137,0.4052268862724304,0.39450347423553467,,,,,,,,,,,,,,,
mscim_no_kg,train,2022-12-15,169.62100219726562,172.6183319091797,0.22196270525455475,0.21900677680969238,-12.859832763671875,0.012333884835243225,0.0,0.0,0.0,0.029010511934757233,0.027989475056529045,0.027361655607819557,,,,,,,,,,,,,,,
mscim_no_kg,train,2024-01-30,148.44566345214844,150.06053161621094,0.24445459246635437,0.24263030290603638,10.003158569335938,-0.011759340763092041,0.0,0.0,0.0,0.07259777933359146,0.07608161121606827,0.07458575069904327,,,,,,,,,,,,,,,
mscim_no_kg,train,2023-12-18,184.9463348388672,156.20863342285156,0.20736321806907654,0.23585903644561768,13.276504516601562,-0.012573421001434326,0.0,0.0,0.0,0.03248098865151405,0.03128814697265625,0.031194748356938362,,,,,,,,,,,,,,,
mscim_no_kg,train,2023-07-17,108.1624984741211,109.4439697265625,0.2977675199508667,0.2957865595817566,7.996002197265625,-0.012911736965179443,0.0,0.0,0.0,0.23815321922302246,0.24033090472221375,0.24990901350975037,,,,,,,,,,,,,,,
mscim_no_kg,train,2023-02-01,62.1505012512207,74.80972290039062,0.39066633582115173,0.3596547245979309,-4.984165191650391,0.012893974781036377,0.0,0.0,0.0,0.06394559144973755,0.06572255492210388,0.06959699094295502,,,,,,,,,,,,,,,
mscim_no_kg,train,2023-08-20,139.63633728027344,125.6970443725586,0.25476691126823425,0.27248358726501465,11.792503356933594,-0.01486477255821228,0.0,0.0,0.0,0.019232159480452538,0.018098831176757812,0.01693449355661869,,,,,,,,,,,,,,,
mscim_no_kg,train,2023-05-28,80.46366882324219,94.02342224121094,0.34744563698768616,0.32131218910217285,-20.262001037597656,0.037701964378356934,0.0,0.0,0.0,0.014439361169934273,0.012970990501344204,0.013441363349556923,,,,,,,,,,,,,,,
mscim_no_kg,train,2023-04-29,96.49533081054688,97.20321655273438,0.31695321202278137,0.3157252073287964,-8.389999389648438,0.014012008905410767,0.0,0.0,0.0,0.016474632546305656,0.014849335886538029,0.015707984566688538,,,,,,,,,,,,,,,
mscim_no_kg,train,2023-06-08,141.49533081054688,122.19328308105469,0.2525379955768585,0.2772436738014221,11.124832153320312,-0.013797342777252197,0.0,0.0,0.0,0.019000358879566193,0.01753419078886509,0.017487676814198494,,,,,,,,,,,,,,,
mscim_no_kg,train,2022-12-18,135.7548370361328,136.89285278320312,0.2595174014568329,0.25811076164245605,4.422332763671875,-0.005579531192779541,0.0,0.0,0.0,0.08812645077705383,0.08788900822401047,0.08822662383317947,,,,,,,,,,,,,,,
mscim_no_kg,train,2024-02-19,34.60200119018555,39.561588287353516,0.487944632768631,0.46580785512924194,-9.606830596923828,0.040548086166381836,0.0,0.0,0.0,0.03720967099070549,0.03935466334223747,0.04413773491978645,,,,,,,,,,,,,,,
mscim_no_kg,train,2023-03-30,122.36883544921875,152.71575927734375,0.2770020067691803,0.2396727204322815,-49.61332702636719,0.05737210810184479,0.0,0.0,0.0,0.008881939575076103,0.007831086404621601,0.00867031142115593,,,,,,,,,,,,,,,
mscim_no_kg,train,2023-08-23,138.23550415039062,148.54237365722656,0.2564660608768463,0.2443447709083557,-33.649658203125,0.03674095869064331,0.0,0.0,0.0,0.01215987280011177,0.011202876456081867,0.011052572168409824,,,,,,,,,,,,,,,
mscim_no_kg,train,2023-01-04,143.78533935546875,129.8984832763672,0.2498319149017334,0.2669462561607361,19.84284210205078,-0.025018692016601562,0.0,0.0,0.0,0.06662937253713608,0.06768124550580978,0.07140794396400452,,,,,,,,,,,,,,,
mscim_no_kg,train,2023-04-08,177.90834045410156,186.93673706054688,0.21391236782073975,0.2055559754371643,-20.289321899414062,0.018233612179756165,0.0,0.0,0.0,0.01702050492167473,0.015276219695806503,0.016255280002951622,,,,,,,,,,,,,,,
mscim_no_kg,train,2022-12-31,191.427001953125,189.0555419921875,0.20154830813407898,0.20365309715270996,-28.497329711914062,0.023440971970558167,0.0,0.0,0.0,0.029637742787599564,0.02864334173500538,0.030031278729438782,,,,,,,,,,,,,,,
mscim_no_kg,train,2022-12-19,164.559326171875,144.56459045410156,0.2270742803812027,0.24892079830169678,28.804489135742188,-0.03244312107563019,1.0,1.0,1.0,0.10017426311969757,0.10294178873300552,0.1049417033791542,,,,,,,,,,,,,,,
mscim_no_kg,train,2023-02-06,184.70582580566406,195.51773071289062,0.20758289098739624,0.19797778129577637,33.85499572753906,-0.03416174650192261,1.0,1.0,1.0,0.6710169315338135,0.6759898662567139,0.6731415390968323,,,,,,,,,,,,,,,
mscim_no_kg,train,2023-06-29,81.04066467285156,73.84691619873047,0.34624767303466797,0.3618242144584656,14.615333557128906,-0.03330099582672119,1.0,1.0,1.0,0.10091345757246017,0.10042799264192581,0.10692199319601059,,,,,,,,,,,,,,,
mscim_no_kg,train,2023-04-30,90.54750061035156,89.89717102050781,0.3276374340057373,0.3288474678993225,-5.9478302001953125,0.010684221982955933,0.0,0.0,0.0,0.01901206374168396,0.017267974093556404,0.018002893775701523,,,,,,,,,,,,,,,
mscim_no_kg,train,2022-01-22,84.2066650390625,103.69351959228516,0.3398207128047943,0.30486249923706055,-15.69000244140625,0.028688132762908936,0.0,0.0,0.0,0.05142346769571304,0.05198032036423683,0.0519392155110836,,,,,,,,,,,,,,,
mscim_no_kg,train,2023-06-15,107.7161636352539,97.18303680419922,0.29846295714378357,0.31576013565063477,5.5193328857421875,-0.008843570947647095,0.0,0.0,0.0,0.032475706189870834,0.03187558427453041,0.032652825117111206,,,,,,,,,,,,,,,
mscim_no_kg,train,2023-11-02,178.29966735839844,187.46774291992188,0.21354150772094727,0.20507705211639404,-21.404327392578125,0.019141465425491333,0.0,0.0,0.0,0.0296649020165205,0.028969556093215942,0.02853182889521122,,,,,,,,,,,,,,,
mscim_no_kg,train,2024-01-13,128.24400329589844,134.1538848876953,0.26910531520843506,0.26151615381240845,16.06383514404297,-0.022527426481246948,0.0,0.0,0.0,0.5756187438964844,0.5871864557266235,0.5993554592132568,,,,,,,,,,,,,,,
mscim_no_kg,train,2023-02-14,204.15032958984375,187.51260375976562,0.1906808316707611,0.2050366997718811,-20.556671142578125,0.01620878279209137,0.0,0.0,0.0,0.016976434737443924,0.015395750291645527,0.0161332655698061,,,,,,,,,,,,,,,
mscim_no_kg,train,2023-05-17,104.05733489990234,112.61811065673828,0.30427369475364685,0.29097723960876465,5.133331298828125,-0.008503109216690063,0.0,0.0,0.0,0.17838861048221588,0.15760377049446106,0.1595560759305954,,,,,,,,,,,,,,,
mscim_no_kg,train,2023-11-17,190.24716186523438,169.163818359375,0.20259222388267517,0.22241806983947754,6.451995849609375,-0.005825072526931763,0.0,0.0,0.0,0.024697154760360718,0.023064013570547104,0.022542137652635574,,,,,,,,,,,,,,,
mscim_no_kg,train,2023-08-13,95.9816665649414,90.23531341552734,0.3178498446941376,0.32821720838546753,10.413169860839844,-0.01927947998046875,0.0,0.0,0.0,0.04741104319691658,0.04896823316812515,0.04774397239089012,,,,,,,,,,,,,,,
mscim_no_kg,train,2023-11-19,174.93016052246094,169.2090301513672,0.21676160395145416,0.22237300872802734,-17.546005249023438,0.01613621413707733,0.0,0.0,0.0,0.018338559195399284,0.017291869968175888,0.017233729362487793,,,,,,,,,,,,,,,
mscim_no_kg,train,2023-08-05,220.0506591796875,196.9127197265625,0.17801031470298767,0.19677716493606567,18.830825805664062,-0.015112608671188354,0.0,0.0,0.0,0.05552847683429718,0.053157586604356766,0.04998783767223358,,,,,,,,,,,,,,,
mscim_no_kg,train,2023-04-20,173.96800231933594,191.21775817871094,0.21769244968891144,0.20173299312591553,12.474334716796875,-0.012554287910461426,0.0,0.0,0.0,0.3973247706890106,0.37305766344070435,0.3852091133594513,,,,,,,,,,,,,,,
mscim_no_kg,train,2023-11-08,100.2701644897461,83.98727416992188,0.3105054199695587,0.34025830030441284,20.182998657226562,-0.03772649168968201,1.0,1.0,1.0,0.027254706248641014,0.026849599555134773,0.026904387399554253,,,,,,,,,,,,,,,
mscim_no_kg,train,2023-11-16,183.795166015625,180.715576171875,0.20841729640960693,0.21126973628997803,-6.5236663818359375,0.0058886706829071045,0.0,0.0,0.0,0.033038120716810226,0.03190985694527626,0.031327325850725174,,,,,,,,,,,,,,,
mscim_no_kg,train,2023-09-10,84.56183624267578,72.37577056884766,0.3391146659851074,0.3651936650276184,16.974334716796875,-0.037533342838287354,1.0,1.0,1.0,0.02597389928996563,0.026105016469955444,0.02556643635034561,,,,,,,,,,,,,,,
mscim_no_kg,train,2023-04-09,172.302001953125,174.1827392578125,0.21931636333465576,0.2174842357635498,-5.6063385009765625,0.005403995513916016,0.0,0.0,0.0,0.018008867278695107,0.01616206020116806,0.016966626048088074,,,,,,,,,,,,,,,
mscim_no_kg,train,2024-03-26,0.7429999709129333,86.643798828125,1.0,0.33503395318984985,-65.68720245361328,0.6204636096954346,0.0,0.0,0.0,0.6850346326828003,0.6871147155761719,0.6655657291412354,,,,,,,,,,,,,,,
mscim_no_kg,train,2022-12-21,172.42967224121094,189.60061645507812,0.21919137239456177,0.20316696166992188,3.9866790771484375,-0.003947272896766663,0.0,0.0,0.0,0.2950233221054077,0.31090694665908813,0.3146471679210663,,,,,,,,,,,,,,,
mscim_no_kg,train,2022-12-25,267.6390075683594,113.19918060302734,0.14491598308086395,0.29011136293411255,187.01519775390625,-0.20219634473323822,1.0,1.0,1.0,0.4823406934738159,0.5024054646492004,0.48346027731895447,,,,,,,,,,,,,,,
mscim_no_kg,train,2023-05-31,71.29000091552734,88.214111328125,0.36772409081459045,0.33201974630355835,0.7433319091796875,-0.00175437331199646,0.0,0.0,0.0,0.532532811164856,0.5088561773300171,0.5400619506835938,,,,,,,,,,,,,,,
mscim_no_kg,train,2023-06-14,102.19683074951172,91.83406829833984,0.30730652809143066,0.32526862621307373,4.932167053222656,-0.00831255316734314,0.0,0.0,0.0,0.021006297320127487,0.020940368995070457,0.020566903054714203,,,,,,,,,,,,,,,
mscim_no_kg,train,2023-04-19,161.49366760253906,148.11102294921875,0.23024673759937286,0.24483507871627808,29.518997192382812,-0.034028515219688416,1.0,1.0,1.0,0.7562993764877319,0.7359575033187866,0.7409684658050537,,,,,,,,,,,,,,,
mscim_no_kg,train,2023-04-05,163.56900024414062,127.95809936523438,0.22809264063835144,0.26948118209838867,67.62439727783203,-0.08982208371162415,1.0,1.0,1.0,0.7026292681694031,0.6755836009979248,0.6761341094970703,,,,,,,,,,,,,,,
mscim_no_kg,train,2023-10-21,147.58766174316406,141.34625244140625,0.24543188512325287,0.2527156472206116,-8.20050048828125,0.009118258953094482,0.0,0.0,0.0,0.01354038156569004,0.012454032897949219,0.012187937274575233,,,,,,,,,,,,,,,
mscim_no_kg,train,2023-06-11,97.31916809082031,100.9007797241211,0.31552496552467346,0.30945175886154175,-9.539329528808594,0.015717655420303345,0.0,0.0,0.0,0.016917292028665543,0.015674276277422905,0.015878135338425636,,,,,,,,,,,,,,,
mscim_no_kg,train,2023-11-22,117.67716979980469,107.0807876586914,0.2835828959941864,0.299457848072052,6.195167541503906,-0.009100109338760376,0.0,0.0,0.0,0.02711809054017067,0.026691818609833717,0.028250858187675476,,,,,,,,,,,,,,,
mscim_no_kg,train,2022-12-08,210.17550659179688,256.7366943359375,0.18576760590076447,0.15194803476333618,-53.038330078125,0.03803238272666931,0.0,0.0,0.0,0.07811442017555237,0.07711611688137054,0.0749596431851387,,,,,,,,,,,,,,,
mscim_no_kg,train,2023-08-24,93.96116638183594,122.86939239501953,0.32142341136932373,0.2763146758079529,-44.27433776855469,0.06495735049247742,0.0,0.0,0.0,0.011699733324348927,0.010847250930964947,0.010635798797011375,,,,,,,,,,,,,,,
mscim_no_kg,train,2023-03-04,85.62016296386719,96.56954956054688,0.33702805638313293,0.3168240189552307,7.584663391113281,-0.015553772449493408,0.0,0.0,0.0,0.25344234704971313,0.2700957953929901,0.2643195390701294,,,,,,,,,,,,,,,
mscim_no_kg,train,2023-01-15,110.06366729736328,119.47248840332031,0.2948368787765503,0.2810344099998474,-22.52916717529297,0.031348854303359985,0.0,0.0,0.0,0.01670222170650959,0.014004345051944256,0.015356716699898243,,,,,,,,,,,,,,,
mscim_no_kg,train,2024-03-27,44.424598693847656,4.087301731109619,0.4465883672237396,0.8181901574134827,43.68159866333008,-0.553411602973938,1.0,1.0,1.0,0.7293704748153687,0.7171490788459778,0.699863076210022,,,,,,,,,,,,,,,
mscim_no_kg,train,2023-01-23,231.07749938964844,220.510986328125,0.1697477102279663,0.17765718698501587,45.51933288574219,-0.03705793619155884,1.0,1.0,1.0,0.7357448935508728,0.7270064949989319,0.7225137948989868,,,,,,,,,,,,,,,
mscim_no_kg,train,2023-06-04,155.0568389892578,164.19351196289062,0.23710720241069794,0.2274497151374817,29.726837158203125,-0.035868868231773376,1.0,1.0,1.0,0.6634291410446167,0.6380696892738342,0.6498190760612488,,,,,,,,,,,,,,,
mscim_no_kg,train,2023-11-18,192.47616577148438,172.18490600585938,0.20062538981437683,0.2194310426712036,2.22900390625,-0.00196683406829834,0.0,0.0,0.0,0.021832410246133804,0.01990189589560032,0.019516360014677048,,,,,,,,,,,,,,,
mscim_no_kg,train,2022-11-21,191.15699768066406,172.22900390625,0.20178663730621338,0.21938782930374146,53.96449279785156,-0.0559556782245636,1.0,1.0,1.0,0.6510015726089478,0.6354420781135559,0.6451253890991211,,,,,,,,,,,,,,,
mscim_no_kg,train,2023-06-18,126.84100341796875,128.26124572753906,0.27095794677734375,0.2690826654434204,1.8898391723632812,-0.002527862787246704,0.0,0.0,0.0,0.04164872318506241,0.041440144181251526,0.040014997124671936,,,,,,,,,,,,,,,
mscim_no_kg,train,2024-03-15,145.7271728515625,136.8388214111328,0.24757058918476105,0.2581772804260254,-14.64898681640625,0.016152530908584595,0.0,0.0,0.0,0.11145114153623581,0.1260882467031479,0.12084992229938507,,,,,,,,,,,,,,,
mscim_no_kg,train,2023-11-14,208.1991729736328,195.04527282714844,0.18736357986927032,0.19838637113571167,14.658172607421875,-0.012330204248428345,0.0,0.0,0.0,0.06749244034290314,0.06772936880588531,0.06551090627908707,,,,,,,,,,,,,,,
mscim_no_kg,train,2023-01-20,90.89616394042969,86.81356048583984,0.3269922137260437,0.33470553159713745,27.133499145507812,-0.05939534306526184,1.0,1.0,1.0,0.6259894371032715,0.6379918456077576,0.6393174529075623,,,,,,,,,,,,,,,
mscim_no_kg,train,2023-04-03,110.61499786376953,114.48963928222656,0.2939963936805725,0.2882041335105896,13.986831665039062,-0.022725701332092285,0.0,0.0,0.0,0.08936607092618942,0.0851982906460762,0.08412493020296097,,,,,,,,,,,,,,,
mscim_no_kg,train,2023-07-07,186.08216857910156,150.3150177001953,0.2063295692205429,0.24234461784362793,40.30467224121094,-0.04118280112743378,1.0,1.0,1.0,0.13803179562091827,0.13716165721416473,0.1456364393234253,,,,,,,,,,,,,,,
mscim_no_kg,train,2023-03-27,282.412841796875,246.56341552734375,0.13582903146743774,0.15878361463546753,-5.996826171875,0.003554016351699829,0.0,0.0,0.0,0.007818078622221947,0.006776583380997181,0.00780136976391077,,,,,,,,,,,,,,,
mscim_no_kg,train,2024-02-01,95.53900146484375,111.22017669677734,0.318626344203949,0.29307854175567627,-21.20116424560547,0.03369799256324768,0.0,0.0,0.0,0.01687812991440296,0.016712075099349022,0.017097413539886475,,,,,,,,,,,,,,,
mscim_no_kg,train,2023-06-28,66.42533111572266,78.27066040039062,0.37954866886138916,0.35207754373550415,-9.92266845703125,0.023303568363189697,0.0,0.0,0.0,0.04073948785662651,0.039317674934864044,0.041118621826171875,,,,,,,,,,,,,,,
mscim_no_kg,train,2023-08-01,133.78933715820312,136.48565673828125,0.26197460293769836,0.2586126923561096,24.801002502441406,-0.0345136821269989,1.0,1.0,1.0,0.7209261059761047,0.7227996587753296,0.7096895575523376,,,,,,,,,,,,,,,
mscim_no_kg,train,2023-08-22,171.88516235351562,147.38238525390625,0.219725102186203,0.24566650390625,8.646163940429688,-0.00870823860168457,0.0,0.0,0.0,0.014126039110124111,0.01304322574287653,0.012748236767947674,,,,,,,,,,,,,,,
mscim_no_kg,train,2023-12-07,68.02933502197266,78.71699523925781,0.375558078289032,0.35112452507019043,-5.3379974365234375,0.012642741203308105,0.0,0.0,0.0,0.08126770704984665,0.08178836107254028,0.08499731123447418,,,,,,,,,,,,,,,
mscim_no_kg,train,2023-05-13,83.02999877929688,88.22049713134766,0.342180997133255,0.33200758695602417,-10.940666198730469,0.02077457308769226,0.0,0.0,0.0,0.013229877687990665,0.012186328880488873,0.012241067364811897,,,,,,,,,,,,,,,
mscim_no_kg,train,2022-12-27,305.878173828125,140.53912353515625,0.12232725322246552,0.2536808252334595,193.91000366210938,-0.1696237176656723,1.0,1.0,1.0,0.29986831545829773,0.3153071999549866,0.30545666813850403,,,,,,,,,,,,,,,
mscim_no_kg,train,2024-01-06,64.60433197021484,71.18167877197266,0.38419586420059204,0.36797863245010376,-12.029670715332031,0.028577208518981934,0.0,0.0,0.0,0.027014056220650673,0.02648455835878849,0.0290012676268816,,,,,,,,,,,,,,,
mscim_no_kg,train,2023-05-27,100.72566986083984,81.17860412597656,0.3097436726093292,0.3459625244140625,17.31000518798828,-0.031660109758377075,1.0,1.0,1.0,0.014110933057963848,0.012749647721648216,0.013124573975801468,,,,,,,,,,,,,,,
mscim_no_kg,train,2023-06-30,82.57333374023438,94.37550354003906,0.3431059718132019,0.32068443298339844,1.5326690673828125,-0.0031417012214660645,0.0,0.0,0.0,0.32000648975372314,0.3231309950351715,0.3420046269893646,,,,,,,,,,,,,,,
mscim_no_kg,train,2023-02-19,179.9896697998047,160.62225341796875,0.2119491547346115,0.23115938901901245,39.9498291015625,-0.04233147203922272,1.0,1.0,1.0,0.689292311668396,0.6846722364425659,0.6813267469406128,,,,,,,,,,,,,,,
mscim_no_kg,train,2023-07-16,100.16649627685547,94.10619354248047,0.31067925691604614,0.3211643695831299,8.685997009277344,-0.015237092971801758,0.0,0.0,0.0,0.0749325156211853,0.07446631789207458,0.07841870933771133,,,,,,,,,,,,,,,
mscim_no_kg,train,2023-07-28,92.20700073242188,85.89762878417969,0.3245881497859955,0.33648520708084106,9.496597290039062,-0.018239647150039673,0.0,0.0,0.0,0.052425261586904526,0.05279248580336571,0.05235231667757034,,,,,,,,,,,,,,,
mscim_no_kg,train,2023-03-17,122.56016540527344,152.3291015625,0.2767389714717865,0.24010026454925537,-30.202667236328125,0.037118181586265564,0.0,0.0,0.0,0.03576349839568138,0.03229307010769844,0.033079542219638824,,,,,,,,,,,,,,,
mscim_no_kg,train,2024-02-15,96.77349853515625,99.7105712890625,0.31646960973739624,0.3114458918571472,-11.332832336425781,0.01861470937728882,0.0,0.0,0.0,0.04150095954537392,0.04454049468040466,0.046980082988739014,,,,,,,,,,,,,,,
mscim_no_kg,train,2024-02-16,76.33782958984375,87.39583587646484,0.35626742243766785,0.3335837721824646,-20.4356689453125,0.039797812700271606,0.0,0.0,0.0,0.0384419783949852,0.039185356348752975,0.037845779210329056,,,,,,,,,,,,,,,
mscim_no_kg,train,2023-03-31,93.62799835205078,117.62317657470703,0.3220199644565582,0.2836601138114929,-28.74083709716797,0.04501795768737793,0.0,0.0,0.0,0.010351828299462795,0.009322511032223701,0.010156265459954739,,,,,,,,,,,,,,,
mscim_no_kg,train,2023-12-17,171.66983032226562,162.55625915527344,0.21993663907051086,0.22914040088653564,2.271331787109375,-0.002247542142868042,0.0,0.0,0.0,0.05775440111756325,0.056216154247522354,0.05428450554609299,,,,,,,,,,,,,,,
mscim_no_kg,train,2023-06-22,95.77433013916016,84.81756591796875,0.3182130753993988,0.3386080861091614,8.744827270507812,-0.016075581312179565,0.0,0.0,0.0,0.01492262352257967,0.013639022596180439,0.013930391520261765,,,,,,,,,,,,,,,
mscim_no_kg,train,2023-12-12,129.13233947753906,130.06536865234375,0.2679426670074463,0.26673001050949097,22.380172729492188,-0.0320320725440979,1.0,1.0,1.0,0.6975598931312561,0.689022958278656,0.6820250749588013,,,,,,,,,,,,,,,
mscim_no_kg,train,2022-11-24,322.3516540527344,343.22113037109375,0.11345186829566956,0.10283595323562622,-14.586334228515625,0.007489040493965149,0.0,0.0,0.0,0.09337954223155975,0.09085458517074585,0.08896072953939438,,,,,,,,,,,,,,,
mscim_no_kg,train,2023-12-28,116.27083587646484,132.4514617919922,0.2856062948703766,0.2636677026748657,-6.587333679199219,0.009276211261749268,0.0,0.0,0.0,0.10254506766796112,0.10919693112373352,0.10988068580627441,,,,,,,,,,,,,,,
mscim_no_kg,train,2023-04-10,187.74949645996094,167.10037231445312,0.2048235386610031,0.22448891401290894,15.447494506835938,-0.014492824673652649,0.0,0.0,0.0,0.017013253644108772,0.015087593346834183,0.016020065173506737,,,,,,,,,,,,,,,
mscim_no_kg,train,2023-07-12,98.45916748046875,101.3922348022461,0.31356823444366455,0.3086351156234741,-9.263496398925781,0.015115439891815186,0.0,0.0,0.0,0.03032865934073925,0.029153987765312195,0.031099820509552956,,,,,,,,,,,,,,,
mscim_no_kg,train,2023-10-30,207.83200073242188,222.78271484375,0.18766175210475922,0.17592531442642212,0.828826904296875,-0.0006749927997589111,0.0,0.0,0.0,0.09034138172864914,0.09409915655851364,0.08974916487932205,,,,,,,,,,,,,,,
mscim_no_kg,train,2023-02-08,258.0361633300781,269.8694152832031,0.1510944664478302,0.14351248741149902,14.073989868164062,-0.009482055902481079,0.0,0.0,0.0,0.22774691879749298,0.2388501614332199,0.24040593206882477,,,,,,,,,,,,,,,
mscim_no_kg,train,2024-02-10,81.97450256347656,88.93441009521484,0.34432655572891235,0.3306548595428467,7.479499816894531,-0.016034334897994995,0.0,0.0,0.0,0.5428918600082397,0.5714712738990784,0.5555421710014343,,,,,,,,,,,,,,,
mscim_no_kg,train,2024-03-14,160.37615966796875,142.02178955078125,0.23141805827617645,0.25191205739974976,39.45765686035156,-0.0475911945104599,1.0,1.0,1.0,0.6803873181343079,0.6843668818473816,0.6564821004867554,,,,,,,,,,,,,,,
mscim_no_kg,train,2024-01-04,88.9403305053711,76.09268188476562,0.3306436836719513,0.35680627822875977,3.5511627197265625,-0.006837636232376099,0.0,0.0,0.0,0.01884433999657631,0.017626075074076653,0.0177169032394886,,,,,,,,,,,,,,,
mscim_no_kg,train,2023-12-05,86.70999908447266,115.88977813720703,0.33490583300590515,0.2861586809158325,-32.34320068359375,0.05327963829040527,0.0,0.0,0.0,0.04199596121907234,0.040959637612104416,0.04291214421391487,,,,,,,,,,,,,,,
mscim_no_kg,train,2024-01-23,83.45249938964844,74.41280364990234,0.3413297235965729,0.3605457544326782,20.362831115722656,-0.0468309223651886,1.0,1.0,1.0,0.5835171937942505,0.5869327783584595,0.5694851279258728,,,,,,,,,,,,,,,
mscim_no_kg,train,2023-09-05,161.7291717529297,168.57940673828125,0.23000091314315796,0.22300201654434204,-26.625,0.025720253586769104,0.0,0.0,0.0,0.015225561335682869,0.014479968696832657,0.014159646816551685,,,,,,,,,,,,,,,
mscim_no_kg,train,2024-02-04,60.47949981689453,72.3345947265625,0.3952181041240692,0.3652889132499695,-21.657501220703125,0.05122363567352295,0.0,0.0,0.0,0.010816790163516998,0.010019594803452492,0.010773950256407261,,,,,,,,,,,,,,,
mscim_no_kg,train,2023-11-30,148.81517028808594,167.94227600097656,0.24403543770313263,0.22364091873168945,-9.22149658203125,0.01013869047164917,0.0,0.0,0.0,0.1039661094546318,0.09882426261901855,0.09649286419153214,,,,,,,,,,,,,,,
mscim_no_kg,train,2023-11-03,150.88282775878906,165.98446655273438,0.2417088747024536,0.22561943531036377,-27.416839599609375,0.028167366981506348,0.0,0.0,0.0,0.02606787532567978,0.024903614073991776,0.024751316756010056,,,,,,,,,,,,,,,
mscim_no_kg,train,2023-07-21,126.19733428955078,125.57452392578125,0.2718147039413452,0.27264779806137085,-3.4664993286132812,0.004563868045806885,0.0,0.0,0.0,0.041033435612916946,0.039188507944345474,0.0403568334877491,,,,,,,,,,,,,,,
mscim_no_kg,train,2023-02-18,140.0398406982422,124.66990661621094,0.25428062677383423,0.273865282535553,11.478347778320312,-0.014408230781555176,0.0,0.0,0.0,0.05136106163263321,0.05309014022350311,0.054663799703121185,,,,,,,,,,,,,,,
mscim_no_kg,train,2023-10-29,207.003173828125,206.283203125,0.18833674490451813,0.18892526626586914,11.561172485351562,-0.009706482291221619,0.0,0.0,0.0,0.08518188446760178,0.09070491790771484,0.08770570904016495,,,,,,,,,,,,,,,
mscim_no_kg,train,2023-07-20,129.66383361816406,120.05870819091797,0.26725083589553833,0.2802104949951172,13.885665893554688,-0.019070029258728027,0.0,0.0,0.0,0.06027737259864807,0.05847345292568207,0.058142419904470444,,,,,,,,,,,,,,,
mscim_no_kg,train,2023-04-14,92.2490005493164,121.46549987792969,0.32451170682907104,0.2782493829727173,-39.27300262451172,0.059657663106918335,0.0,0.0,0.0,0.013889461755752563,0.012415065430104733,0.013220825232565403,,,,,,,,,,,,,,,
mscim_no_kg,train,2023-12-03,143.72366333007812,157.7498016357422,0.24990421533584595,0.23420315980911255,-18.356170654296875,0.02026866376399994,0.0,0.0,0.0,0.03994438424706459,0.039261672645807266,0.04005540907382965,,,,,,,,,,,,,,,
mscim_no_kg,train,2022-12-13,174.2431640625,199.37754821777344,0.21742571890354156,0.19467633962631226,-29.498672485351562,0.02640657126903534,0.0,0.0,0.0,0.03816528245806694,0.036550745368003845,0.03539188951253891,,,,,,,,,,,,,,,
mscim_no_kg,train,2023-11-26,147.201171875,147.66204833984375,0.24587395787239075,0.24534690380096436,26.311668395996094,-0.03317567706108093,1.0,1.0,1.0,0.5135754942893982,0.5225619077682495,0.5192777514457703,,,,,,,,,,,,,,,
mscim_no_kg,train,2023-06-19,125.08032989501953,133.4913330078125,0.2733118534088135,0.26235026121139526,-1.7606735229492188,0.0023539066314697266,0.0,0.0,0.0,0.056236788630485535,0.0533723384141922,0.05543481931090355,,,,,,,,,,,,,,,
mscim_no_kg,train,2023-10-31,186.8228302001953,208.04156494140625,0.2056589126586914,0.18749147653579712,-21.009170532226562,0.01799716055393219,0.0,0.0,0.0,0.044876109808683395,0.046515658497810364,0.044183239340782166,,,,,,,,,,,,,,,
mscim_no_kg,train,2023-08-27,73.25483703613281,79.91731262207031,0.3631722927093506,0.3485878109931946,-0.46533203125,0.0010603666305541992,0.0,0.0,0.0,0.027577117085456848,0.027649030089378357,0.0260308925062418,,,,,,,,,,,,,,,
mscim_no_kg,train,2024-01-09,68.64216613769531,81.35426330566406,0.3740578591823578,0.34560006856918335,7.291164398193359,-0.018771082162857056,0.0,0.0,0.0,0.4873104989528656,0.510829746723175,0.5169877409934998,,,,,,,,,,,,,,,
mscim_no_kg,train,2024-03-31,71.68416595458984,82.88682556152344,0.36680111289024353,0.3424704074859619,-15.291999816894531,0.03240957856178284,0.0,0.0,0.0,0.0239859726279974,0.023044638335704803,0.022783029824495316,,,,,,,,,,,,,,,
mscim_no_kg,train,2023-05-08,133.41749572753906,135.5626983642578,0.262443482875824,0.25975602865219116,-10.801010131835938,0.013118624687194824,0.0,0.0,0.0,0.021958498284220695,0.020162532106041908,0.0198493842035532,,,,,,,,,,,,,,,
mscim_no_kg,train,2023-02-16,143.96417236328125,158.8486328125,0.2496223896741867,0.23303234577178955,-34.87982177734375,0.03659540414810181,0.0,0.0,0.0,0.025336258113384247,0.024329928681254387,0.02570187859237194,,,,,,,,,,,,,,,
mscim_no_kg,train,2023-09-06,115.24349975585938,142.04470825195312,0.28709977865219116,0.2518848180770874,-46.48567199707031,0.0570988655090332,0.0,0.0,0.0,0.012361422181129456,0.01133645512163639,0.011169279925525188,,,,,,,,,,,,,,,
mscim_no_kg,train,2023-08-10,79.4135971069336,96.83682250976562,0.34964773058891296,0.3163596987724304,-22.720069885253906,0.04223725199699402,0.0,0.0,0.0,0.01451367512345314,0.013571012765169144,0.013231465592980385,,,,,,,,,,,,,,,
mscim_no_kg,train,2023-10-17,159.04367065429688,174.46498107910156,0.2328253984451294,0.21721100807189941,-8.784988403320312,0.009070247411727905,0.0,0.0,0.0,0.04164206236600876,0.04321148619055748,0.041305020451545715,,,,,,,,,,,,,,,
mscim_no_kg,train,2023-12-31,133.72116088867188,131.7609100341797,0.2620604634284973,0.26454830169677734,-2.801666259765625,0.0034936070442199707,0.0,0.0,0.0,0.034013986587524414,0.033216845244169235,0.0334201417863369,,,,,,,,,,,,,,,
mscim_no_kg,train,2024-03-22,57.33700180053711,59.86981964111328,0.4041236340999603,0.3969097137451172,6.405834197998047,-0.019743114709854126,0.0,0.0,0.0,0.28031933307647705,0.3070353865623474,0.30056264996528625,,,,,,,,,,,,,,,
mscim_no_kg,train,2024-02-20,34.478599548339844,31.343250274658203,0.48853397369384766,0.5042386054992676,-0.12340164184570312,0.0005893409252166748,0.0,0.0,0.0,0.1851990520954132,0.20737411081790924,0.20383401215076447,,,,,,,,,,,,,,,
mscim_no_kg,train,2023-03-18,118.26782989501953,148.81051635742188,0.28274020552635193,0.24404066801071167,-4.292335510253906,0.00600123405456543,0.0,0.0,0.0,0.4531601071357727,0.4279763996601105,0.45442119240760803,,,,,,,,,,,,,,,
mscim_no_kg,train,2023-01-03,123.94249725341797,119.78009796142578,0.27485060691833496,0.2806015610694885,0.9290008544921875,-0.0012667477130889893,0.0,0.0,0.0,0.040417760610580444,0.03877820074558258,0.04146037995815277,,,,,,,,,,,,,,,
mscim_no_kg,train,2022-12-29,243.79733276367188,238.19444274902344,0.1606907695531845,0.1646207571029663,-27.314178466796875,0.017954766750335693,0.0,0.0,0.0,0.04049224779009819,0.03893149644136429,0.040597088634967804,,,,,,,,,,,,,,,
mscim_no_kg,train,2023-03-22,270.281494140625,283.1394348144531,0.14325451850891113,0.1353943943977356,-3.53765869140625,0.002199128270149231,0.0,0.0,0.0,0.06283742934465408,0.05745762959122658,0.06576010584831238,,,,,,,,,,,,,,,
mscim_no_kg,train,2023-10-28,195.44200134277344,180.81063842773438,0.19804322719573975,0.2111809253692627,40.53767395019531,-0.03922992944717407,1.0,1.0,1.0,0.6719993948936462,0.6560301184654236,0.6601505279541016,,,,,,,,,,,,,,,
mscim_no_kg,train,2023-01-07,152.75149536132812,165.96337890625,0.23963330686092377,0.2256408929824829,-0.6578369140625,0.0007246732711791992,0.0,0.0,0.0,0.13886022567749023,0.13520510494709015,0.1419496387243271,,,,,,,,,,,,,,,
mscim_no_kg,train,2023-08-02,181.12567138671875,170.040771484375,0.2108871191740036,0.22154557704925537,47.336334228515625,-0.05108748376369476,1.0,1.0,1.0,0.7065281271934509,0.7078924775123596,0.697262167930603,,,,,,,,,,,,,,,
mscim_no_kg,train,2023-07-26,78.78166961669922,88.15436553955078,0.35098686814308167,0.3321334719657898,-11.641998291015625,0.023119688034057617,0.0,0.0,0.0,0.025397688150405884,0.023699384182691574,0.024187298491597176,,,,,,,,,,,,,,,
mscim_no_kg,train,2023-09-12,102.72416687011719,105.97167205810547,0.30644139647483826,0.3012086749076843,13.34100341796875,-0.023368626832962036,0.0,0.0,0.0,0.194783553481102,0.20844796299934387,0.20503626763820648,,,,,,,,,,,,,,,
mscim_no_kg,train,2022-12-02,281.62615966796875,221.15516662597656,0.13630081713199615,0.17716431617736816,41.46282958984375,-0.02692854404449463,0.0,0.0,0.0,0.03899071738123894,0.03721868619322777,0.037088848650455475,,,,,,,,,,,,,,,
mscim_no_kg,train,2023-04-11,195.97084045410156,171.52098083496094,0.19758690893650055,0.22008299827575684,8.221343994140625,-0.0072366297245025635,0.0,0.0,0.0,0.013233128935098648,0.011546480469405651,0.012523874640464783,,,,,,,,,,,,,,,
mscim_no_kg,train,2023-01-05,150.170166015625,144.69131469726562,0.2425071746110916,0.24877309799194336,6.38482666015625,-0.007324740290641785,0.0,0.0,0.0,0.05286305397748947,0.052388764917850494,0.055714093148708344,,,,,,,,,,,,,,,
mscim_no_kg,train,2023-05-03,84.71800231933594,94.174560546875,0.3388051688671112,0.32104241847991943,5.2505035400390625,-0.010728836059570312,0.0,0.0,0.0,0.1761835366487503,0.1623382866382599,0.15607887506484985,,,,,,,,,,,,,,,
mscim_no_kg,train,2023-05-29,67.62650299072266,79.05976104736328,0.3765515089035034,0.3503962755203247,-12.837165832519531,0.02910587191581726,0.0,0.0,0.0,0.015971370041370392,0.014244390651583672,0.01490578893572092,,,,,,,,,,,,,,,
mscim_no_kg,train,2024-01-26,131.875,120.54903411865234,0.2644025385379791,0.27952438592910767,8.670829772949219,-0.011454075574874878,0.0,0.0,0.0,0.09000873565673828,0.09433253109455109,0.09606295078992844,,,,,,,,,,,,,,,
mscim_no_kg,train,2023-06-24,112.4365005493164,105.09725952148438,0.29124876856803894,0.30260181427001953,2.6614990234375,-0.0040298402309417725,0.0,0.0,0.0,0.020600831136107445,0.018963562324643135,0.019591210409998894,,,,,,,,,,,,,,,
mscim_no_kg,train,2023-07-30,43.59450149536133,47.90700912475586,0.4497188329696655,0.4340505599975586,12.611501693725586,-0.05642092227935791,1.0,1.0,1.0,0.653118908405304,0.652241051197052,0.6360778212547302,,,,,,,,,,,,,,,
mscim_no_kg,train,2023-01-27,218.76649475097656,226.25518798828125,0.17899924516677856,0.1733117699623108,-39.29701232910156,0.02792268991470337,0.0,0.0,0.0,0.039246223866939545,0.03685378283262253,0.03841432183980942,,,,,,,,,,,,,,,
mscim_no_kg,train,2023-05-23,99.11166381835938,98.54556274414062,0.312458336353302,0.313420832157135,-3.4268341064453125,0.005712836980819702,0.0,0.0,0.0,0.013936079107224941,0.0123866256326437,0.012151370756328106,,,,,,,,,,,,,,,
mscim_no_kg,train,2023-04-18,131.97467041015625,120.67962646484375,0.2642752528190613,0.2793421149253845,32.453834533691406,-0.04749077558517456,1.0,1.0,1.0,0.7277889847755432,0.7140104174613953,0.7241218686103821,,,,,,,,,,,,,,,
mscim_no_kg,train,2023-03-05,107.01983642578125,109.91832733154297,0.29955360293388367,0.2950591444969177,21.399673461914062,-0.03747445344924927,1.0,1.0,1.0,0.4248451888561249,0.4453325569629669,0.44621944427490234,,,,,,,,,,,,,,,
mscim_no_kg,train,2023-02-21,195.06883239746094,221.11767578125,0.1983659714460373,0.17719292640686035,9.246505737304688,-0.008199498057365417,0.0,0.0,0.0,0.3916196823120117,0.40346163511276245,0.40006905794143677,,,,,,,,,,,,,,,
mscim_no_kg,train,2023-07-25,90.42366790771484,94.8345718383789,0.32786718010902405,0.31986939907073975,-10.8106689453125,0.018970131874084473,0.0,0.0,0.0,0.01942746341228485,0.017820164561271667,0.018165284767746925,,,,,,,,,,,,,,,
mscim_no_kg,train,2023-02-17,128.56149291992188,134.45156860351562,0.2686888575553894,0.26114267110824585,-15.402679443359375,0.019066467881202698,0.0,0.0,0.0,0.03321003168821335,0.03234838321805,0.03401470556855202,,,,,,,,,,,,,,,
mscim_no_kg,train,2023-04-26,127.02466583251953,126.84403228759766,0.27071428298950195,0.270953893661499,-15.922004699707031,0.019896328449249268,0.0,0.0,0.0,0.010435061529278755,0.00921424850821495,0.009702032431960106,,,,,,,,,,,,,,,
mscim_no_kg,train,2023-12-02,162.079833984375,177.49844360351562,0.229635551571846,0.21430164575576782,-15.302001953125,0.015222951769828796,0.0,0.0,0.0,0.0622054859995842,0.062316376715898514,0.061641983687877655,,,,,,,,,,,,,,,
mscim_no_kg,train,2023-12-08,73.7665023803711,77.66371154785156,0.3620067238807678,0.3533821105957031,5.7371673583984375,-0.01355135440826416,0.0,0.0,0.0,0.1027914509177208,0.10470078140497208,0.11224310845136642,,,,,,,,,,,,,,,
mscim_no_kg,train,2022-11-28,481.3721618652344,397.7326965332031,0.04556205868721008,0.077883780002594,27.3453369140625,-0.009905654937028885,0.0,0.0,0.0,0.04222959280014038,0.03958772122859955,0.03891412168741226,,,,,,,,,,,,,,,
mscim_no_kg,train,2023-08-14,115.11383056640625,121.25959777832031,0.28728920221328735,0.27853500843048096,19.132164001464844,-0.03056064248085022,1.0,1.0,1.0,0.6883328557014465,0.6726192831993103,0.681924045085907,,,,,,,,,,,,,,,
mscim_no_kg,train,2023-09-01,177.82833862304688,178.66848754882812,0.2139882743358612,0.21319270133972168,7.4571685791015625,-0.007229790091514587,0.0,0.0,0.0,0.11220372468233109,0.1083051785826683,0.10307671129703522,,,,,,,,,,,,,,,
mscim_no_kg,train,2024-01-03,85.38916778564453,98.07537841796875,0.3374813199043274,0.3142244219779968,-20.96649932861328,0.03688085079193115,0.0,0.0,0.0,0.015902988612651825,0.015048980712890625,0.015583845786750317,,,,,,,,,,,,,,,
mscim_no_kg,train,2022-11-25,359.2120056152344,336.0587158203125,0.09512859582901001,0.10640501976013184,36.8603515625,-0.018323272466659546,0.0,0.0,0.0,0.09627221524715424,0.09498410671949387,0.09271059185266495,,,,,,,,,,,,,,,
mscim_no_kg,train,2023-12-01,177.3818359375,162.9332275390625,0.2144125998020172,0.22874963283538818,28.566665649414062,-0.029622837901115417,1.0,1.0,1.0,0.14119015634059906,0.1371169537305832,0.13140039145946503,,,,,,,,,,,,,,,
mscim_no_kg,train,2022-12-07,263.2138366699219,243.7201690673828,0.14773522317409515,0.16074424982070923,27.788330078125,-0.018861904740333557,0.0,0.0,0.0,0.10016030818223953,0.10071363300085068,0.09903428703546524,,,,,,,,,,,,,,,
mscim_no_kg,train,2023-12-11,106.75216674804688,115.5482177734375,0.2999747395515442,0.2866554260253906,14.859832763671875,-0.025187402963638306,0.0,0.0,0.0,0.7146978378295898,0.7013731002807617,0.7030654549598694,,,,,,,,,,,,,,,
mscim_no_kg,train,2023-11-10,91.4316635131836,95.84451293945312,0.3260059952735901,0.31809002161026,-2.1743392944335938,0.003946542739868164,0.0,0.0,0.0,0.03608749061822891,0.033798180520534515,0.03327285125851631,,,,,,,,,,,,,,,
mscim_no_kg,train,2023-08-08,161.54183959960938,199.9945831298828,0.23019643127918243,0.19415444135665894,-77.69566345214844,0.06631419062614441,0.0,0.0,0.0,0.01583910919725895,0.014857854694128036,0.014619254507124424,,,,,,,,,,,,,,,
mscim_no_kg,train,2023-07-02,92.11399841308594,97.83511352539062,0.3247576057910919,0.31463658809661865,14.642997741699219,-0.029040873050689697,1.0,1.0,1.0,0.7494271993637085,0.7349522113800049,0.7309097051620483,,,,,,,,,,,,,,,
mscim_no_kg,train,2023-08-16,147.93865966796875,162.77157592773438,0.24503140151500702,0.22891706228256226,25.404823303222656,-0.03174374997615814,1.0,1.0,1.0,0.6865377426147461,0.6646697521209717,0.6683492660522461,,,,,,,,,,,,,,,
mscim_no_kg,train,2023-08-29,105.61100006103516,94.6807861328125,0.30178192257881165,0.3201419711112976,28.066497802734375,-0.05185765027999878,1.0,1.0,1.0,0.7046127319335938,0.6799291372299194,0.6849188208580017,,,,,,,,,,,,,,,
mscim_no_kg,train,2023-05-11,114.45349884033203,120.80792236328125,0.2882572412490845,0.2791632413864136,-21.32433319091797,0.028768390417099,0.0,0.0,0.0,0.011652582325041294,0.01052281353622675,0.010711444541811943,,,,,,,,,,,,,,,
mscim_no_kg,train,2023-01-08,139.56100463867188,183.65164184570312,0.2548578679561615,0.2085491418838501,-13.19049072265625,0.015224561095237732,0.0,0.0,0.0,0.29590678215026855,0.30393674969673157,0.3157786726951599,,,,,,,,,,,,,,,
mscim_no_kg,train,2022-12-09,178.12399291992188,216.25112915039062,0.21370787918567657,0.18095314502716064,-32.051513671875,0.02794027328491211,0.0,0.0,0.0,0.08716575801372528,0.08643268048763275,0.08448014408349991,,,,,,,,,,,,,,,
mscim_no_kg,train,2023-06-07,130.37049865722656,141.43145751953125,0.2663353383541107,0.2526140809059143,-21.105331420898438,0.02528788149356842,0.0,0.0,0.0,0.023571226745843887,0.02218557707965374,0.021885836496949196,,,,,,,,,,,,,,,
mscim_no_kg,train,2024-03-17,71.30049896240234,95.94001770019531,0.36769944429397583,0.3179227113723755,-42.372337341308594,0.07829061150550842,0.0,0.0,0.0,0.04437638446688652,0.04707242175936699,0.04495839774608612,,,,,,,,,,,,,,,
mscim_no_kg,train,2022-01-24,75.00499725341797,81.9052505493164,0.35921812057495117,0.34446823596954346,-17.1683349609375,0.03456863760948181,0.0,0.0,0.0,0.016669893637299538,0.015533487312495708,0.016273582354187965,,,,,,,,,,,,,,,
mscim_no_kg,train,2023-01-26,258.0635070800781,258.88092041015625,0.1510765552520752,0.1505417823791504,-12.540313720703125,0.008023589849472046,0.0,0.0,0.0,0.06896663457155228,0.06852178275585175,0.0729159340262413,,,,,,,,,,,,,,,
mscim_no_kg,train,2024-01-22,63.08966827392578,63.723541259765625,0.3881606459617615,0.3864901065826416,-2.557830810546875,0.00664249062538147,0.0,0.0,0.0,0.07661343365907669,0.0761142149567604,0.07391387969255447,,,,,,,,,,,,,,,
mscim_no_kg,train,2023-02-10,264.0799865722656,259.5734558105469,0.14717969298362732,0.15009009838104248,-16.0150146484375,0.00995682179927826,0.0,0.0,0.0,0.040392663329839706,0.038426902145147324,0.0394938625395298,,,,,,,,,,,,,,,
mscim_no_kg,train,2023-04-25,142.94667053222656,134.95590209960938,0.2508179545402527,0.2605118751525879,-7.968994140625,0.009145766496658325,0.0,0.0,0.0,0.010523716919124126,0.009239578619599342,0.009481932036578655,,,,,,,,,,,,,,,
mscim_no_kg,train,2023-07-03,106.57416534423828,115.44384002685547,0.30025535821914673,0.28680747747421265,14.460166931152344,-0.02450224757194519,0.0,0.0,0.0,0.7161018252372742,0.7087181806564331,0.7115111947059631,,,,,,,,,,,,,,,
mscim_no_kg,train,2023-04-07,198.19766235351562,186.548583984375,0.19567875564098358,0.2059069275856018,14.1546630859375,-0.012511059641838074,0.0,0.0,0.0,0.027431974187493324,0.025309057906270027,0.026682496070861816,,,,,,,,,,,,,,,
mscim_no_kg,train,2024-01-28,137.1718292236328,146.4605712890625,0.2577677071094513,0.24672430753707886,5.085662841796875,-0.006365299224853516,0.0,0.0,0.0,0.25485914945602417,0.27217918634414673,0.2694285213947296,,,,,,,,,,,,,,,
mscim_no_kg,train,2024-04-03,42.80416488647461,52.415489196777344,0.4527539908885956,0.4190833568572998,-9.979503631591797,0.03483656048774719,0.0,0.0,0.0,0.023546868935227394,0.02333344705402851,0.02499673329293728,,,,,,,,,,,,,,,
mscim_no_kg,train,2023-06-26,89.86983489990234,96.6070556640625,0.328898549079895,0.31675881147384644,-15.093162536621094,0.02608180046081543,0.0,0.0,0.0,0.014136004261672497,0.013087890110909939,0.01408847514539957,,,,,,,,,,,,,,,
mscim_no_kg,train,2024-04-02,52.783668518066406,64.17195129394531,0.4179174304008484,0.38531821966171265,-15.175163269042969,0.04218590259552002,0.0,0.0,0.0,0.020586013793945312,0.02007458359003067,0.01996089331805706,,,,,,,,,,,,,,,
mscim_no_kg,train,2024-01-10,82.81632995605469,86.6512451171875,0.342613160610199,0.3350195288658142,14.174163818359375,-0.031444698572158813,1.0,1.0,1.0,0.6919234395027161,0.6945832371711731,0.6875882148742676,,,,,,,,,,,,,,,
mscim_no_kg,train,2023-08-04,201.21983337402344,192.27304077148438,0.19312292337417603,0.20080363750457764,24.672164916992188,-0.0220852792263031,0.0,0.0,0.0,0.14400266110897064,0.14608952403068542,0.13922011852264404,,,,,,,,,,,,,,,
mscim_no_kg,train,2023-01-13,146.9586639404297,173.28097534179688,0.24615192413330078,0.21836018562316895,-32.95500183105469,0.0341314822435379,0.0,0.0,0.0,0.024819670245051384,0.02237671986222267,0.026169056072831154,,,,,,,,,,,,,,,
mscim_no_kg,train,2023-03-26,288.40966796875,267.1325988769531,0.13227501511573792,0.14523619413375854,-21.579498291015625,0.01220647245645523,0.0,0.0,0.0,0.008912171237170696,0.00772193493321538,0.008867560885846615,,,,,,,,,,,,,,,
mscim_no_kg,train,2024-02-09,74.49500274658203,72.00164794921875,0.36036089062690735,0.36606132984161377,14.92083740234375,-0.03737527132034302,1.0,1.0,1.0,0.6559818387031555,0.6614685654640198,0.6419655084609985,,,,,,,,,,,,,,,
mscim_no_kg,train,2023-06-21,87.02950286865234,101.31594848632812,0.33428865671157837,0.3087615966796875,-20.884498596191406,0.036134302616119385,0.0,0.0,0.0,0.015227469615638256,0.013846702873706818,0.014465284533798695,,,,,,,,,,,,,,,
mscim_no_kg,train,2023-08-11,73.10233306884766,80.8622817993164,0.3635212481021881,0.34661710262298584,-6.3112640380859375,0.013873517513275146,0.0,0.0,0.0,0.019362570717930794,0.018900273367762566,0.018372969701886177,,,,,,,,,,,,,,,
mscim_no_kg,train,2023-01-19,63.762664794921875,81.088134765625,0.38638755679130554,0.3461494445800781,2.9061660766601562,-0.0077928900718688965,0.0,0.0,0.0,0.5184400081634521,0.5322191119194031,0.5403674244880676,,,,,,,,,,,,,,,
mscim_no_kg,train,2024-01-14,173.7288360595703,149.01724243164062,0.21792460978031158,0.2438066005706787,45.484832763671875,-0.051180705428123474,1.0,1.0,1.0,0.5825112462043762,0.5895377397537231,0.5941940546035767,,,,,,,,,,,,,,,
mscim_no_kg,train,2023-04-22,178.01632690429688,175.83349609375,0.21380993723869324,0.21589231491088867,4.04083251953125,-0.003875225782394409,0.0,0.0,0.0,0.03064439631998539,0.02700258605182171,0.02677685022354126,,,,,,,,,,,,,,,
mscim_no_kg,train,2022-11-22,268.1426696777344,232.68292236328125,0.14459803700447083,0.16857755184173584,76.98567199707031,-0.057188600301742554,1.0,1.0,1.0,0.6666610836982727,0.6492445468902588,0.660811185836792,,,,,,,,,,,,,,,
mscim_no_kg,train,2023-02-22,234.7173309326172,239.48011779785156,0.16710630059242249,0.16371089220046997,39.64849853515625,-0.03125967085361481,1.0,1.0,1.0,0.5133565664291382,0.5157962441444397,0.5103715062141418,,,,,,,,,,,,,,,
mscim_no_kg,train,2022-12-12,203.74183654785156,207.35421752929688,0.19101914763450623,0.1880505084991455,-2.7083282470703125,0.002230539917945862,0.0,0.0,0.0,0.04678286984562874,0.04411565884947777,0.042072657495737076,,,,,,,,,,,,,,,
mscim_no_kg,train,2023-05-07,144.218505859375,142.12828063964844,0.24932485818862915,0.2517856955528259,0.1685028076171875,-0.00019706785678863525,0.0,0.0,0.0,0.03380323201417923,0.031335413455963135,0.0308430977165699,,,,,,,,,,,,,,,
mscim_no_kg,train,2023-10-24,104.76266479492188,109.2140121459961,0.30313795804977417,0.2961403727531433,-11.67266845703125,0.017769604921340942,0.0,0.0,0.0,0.016512349247932434,0.015871474519371986,0.015758026391267776,,,,,,,,,,,,,,,
mscim_no_kg,train,2022-12-24,80.6238021850586,229.79595947265625,0.3471123278141022,0.17068755626678467,-116.22753143310547,0.15028248727321625,0.0,0.0,0.0,0.45546090602874756,0.47581619024276733,0.46387070417404175,,,,,,,,,,,,,,,
mscim_no_kg,train,2024-01-16,155.41917419433594,159.46905517578125,0.23671357333660126,0.23237484693527222,-18.292831420898438,0.018772602081298828,0.0,0.0,0.0,0.04403037950396538,0.045319292694330215,0.04360181465744972,,,,,,,,,,,,,,,
mscim_no_kg,train,2023-07-22,97.52166748046875,119.84220123291016,0.31517574191093445,0.28051429986953735,-28.67566680908203,0.04336103796958923,0.0,0.0,0.0,0.028373291715979576,0.02666270174086094,0.02826704829931259,,,,,,,,,,,,,,,
mscim_no_kg,train,2023-04-24,150.91566467285156,139.7666473388672,0.24167218804359436,0.25460970401763916,-2.8621673583984375,0.003168150782585144,0.0,0.0,0.0,0.012076877988874912,0.010586164891719818,0.010791212320327759,,,,,,,,,,,,,,,
mscim_no_kg,train,2023-09-09,67.5875015258789,71.16065216064453,0.3766480088233948,0.36802804470062256,-0.3018341064453125,0.0007453262805938721,0.0,0.0,0.0,0.018328089267015457,0.017900027334690094,0.017633968964219093,,,,,,,,,,,,,,,
mscim_no_kg,train,2023-03-20,219.96217346191406,188.41265869140625,0.1780782788991928,0.2042282223701477,80.11984252929688,-0.07644020020961761,1.0,1.0,1.0,0.7437501549720764,0.7282627820968628,0.745262622833252,,,,,,,,,,,,,,,
mscim_no_kg,train,2023-04-01,82.96733093261719,95.56019592285156,0.3423076272010803,0.31858909130096436,-10.660667419433594,0.020287662744522095,0.0,0.0,0.0,0.01236647553741932,0.011224189773201942,0.012178801000118256,,,,,,,,,,,,,,,
mscim_no_kg,train,2023-10-27,154.90432739257812,144.14720153808594,0.23727315664291382,0.24940818548202515,35.097496032714844,-0.04329085350036621,1.0,1.0,1.0,0.5792328715324402,0.5730565190315247,0.5881733298301697,,,,,,,,,,,,,,,
mscim_no_kg,train,2022-12-06,235.42550659179688,230.3552703857422,0.1665971279144287,0.17027676105499268,52.75384521484375,-0.04285524785518646,1.0,1.0,1.0,0.5935423970222473,0.5840780138969421,0.583728015422821,,,,,,,,,,,,,,,
mscim_no_kg,train,2023-03-09,222.80332946777344,229.23153686523438,0.17590971291065216,0.17110317945480347,39.274993896484375,-0.03275284171104431,1.0,1.0,1.0,0.7376011610031128,0.7320460081100464,0.7346640825271606,,,,,,,,,,,,,,,
mscim_no_kg,train,2023-12-22,108.75499725341797,108.9573745727539,0.29684874415397644,0.29653602838516235,1.404998779296875,-0.0021868646144866943,0.0,0.0,0.0,0.07059120386838913,0.06979577988386154,0.06857363879680634,,,,,,,,,,,,,,,
mscim_no_kg,train,2023-03-16,152.76283264160156,200.55075073242188,0.23962078988552094,0.1936854124069214,-76.59550476074219,0.06861105561256409,0.0,0.0,0.0,0.016113363206386566,0.014328804798424244,0.01611284166574478,,,,,,,,,,,,,,,
mscim_no_kg,train,2022-01-28,41.20833206176758,47.33551788330078,0.45905306935310364,0.43604564666748047,-10.728336334228516,0.03844133019447327,0.0,0.0,0.0,0.029958732426166534,0.02848379872739315,0.029528368264436722,,,,,,,,,,,,,,,
mscim_no_kg,train,2023-06-25,104.96299743652344,105.72940063476562,0.3028167486190796,0.30159348249435425,-7.473503112792969,0.01156798005104065,0.0,0.0,0.0,0.017421526834368706,0.016133666038513184,0.01696915552020073,,,,,,,,,,,,,,,
mscim_no_kg,train,2024-03-25,66.4301986694336,86.55516052246094,0.3795364201068878,0.33520573377609253,-1.094970703125,0.0027340948581695557,0.0,0.0,0.0,0.665002703666687,0.6703925132751465,0.6613852977752686,,,,,,,,,,,,,,,
mscim_no_kg,train,2023-12-23,111.37816619873047,110.14593505859375,0.29283976554870605,0.294711172580719,2.6231689453125,-0.004008978605270386,0.0,0.0,0.0,0.06916636973619461,0.06972582638263702,0.06993799656629562,,,,,,,,,,,,,,,
mscim_no_kg,train,2023-12-19,152.5313262939453,163.38816833496094,0.23987653851509094,0.2282792329788208,-32.415008544921875,0.032513320446014404,0.0,0.0,0.0,0.029810378327965736,0.028596505522727966,0.029375329613685608,,,,,,,,,,,,,,,
mscim_no_kg,train,2023-04-04,95.9446029663086,143.1973419189453,0.3179147243499756,0.2505226135253906,-14.670394897460938,0.023918330669403076,0.0,0.0,0.0,0.4384789764881134,0.41357743740081787,0.41656678915023804,,,,,,,,,,,,,,,
mscim_no_kg,train,2023-07-01,77.47100067138672,99.96546936035156,0.3537984788417816,0.31101685762405396,-5.102333068847656,0.010692507028579712,0.0,0.0,0.0,0.5199317336082458,0.5225346088409424,0.5468138456344604,,,,,,,,,,,,,,,
mscim_no_kg,train,2023-05-12,93.97066497802734,105.09979248046875,0.32140642404556274,0.3025977611541748,-20.482833862304688,0.03314918279647827,0.0,0.0,0.0,0.01250521745532751,0.011385895311832428,0.011561647057533264,,,,,,,,,,,,,,,
mscim_no_kg,train,2023-03-14,276.6335144042969,231.78076171875,0.13932602107524872,0.16923409700393677,30.78350830078125,-0.01994742453098297,0.0,0.0,0.0,0.019727041944861412,0.017600588500499725,0.019455965608358383,,,,,,,,,,,,,,,
mscim_no_kg,train,2023-04-23,153.77783203125,167.03025817871094,0.23850403726100922,0.2245597243309021,-24.238494873046875,0.02469410002231598,0.0,0.0,0.0,0.017474066466093063,0.015465456061065197,0.01560152880847454,,,,,,,,,,,,,,,
mscim_no_kg,train,2023-11-01,199.70399475097656,183.9465789794922,0.19440004229545593,0.20827823877334595,12.88116455078125,-0.011258870363235474,0.0,0.0,0.0,0.03452407196164131,0.034600015729665756,0.03373546525835991,,,,,,,,,,,,,,,
mscim_no_kg,train,2023-02-13,224.70700073242188,186.50601196289062,0.17447204887866974,0.2059454321861267,9.352340698242188,-0.007182955741882324,0.0,0.0,0.0,0.017532391473650932,0.016040492802858353,0.017295369878411293,,,,,,,,,,,,,,,
mscim_no_kg,train,2024-01-29,138.4425048828125,144.34645080566406,0.2562139332294464,0.24917536973953247,1.2706756591796875,-0.0015537738800048828,0.0,0.0,0.0,0.08914843201637268,0.09779500961303711,0.09829144924879074,,,,,,,,,,,,,,,
mscim_no_kg,train,2023-08-18,145.1978302001953,166.79949951171875,0.24818402528762817,0.22479301691055298,-15.330169677734375,0.016925588250160217,0.0,0.0,0.0,0.04339758679270744,0.041623882949352264,0.03799368068575859,,,,,,,,,,,,,,,
mscim_no_kg,train,2023-08-26,73.72016906738281,85.29484558105469,0.3621119260787964,0.33766674995422363,-5.6920013427734375,0.012461155652999878,0.0,0.0,0.0,0.024880899116396904,0.024646978825330734,0.023350931704044342,,,,,,,,,,,,,,,
mscim_no_kg,train,2024-01-24,103.04366302490234,89.43289947509766,0.3059193789958954,0.32971662282943726,19.591163635253906,-0.03541034460067749,1.0,1.0,1.0,0.25836214423179626,0.2703782618045807,0.2669592499732971,,,,,,,,,,,,,,,
mscim_no_kg,train,2023-09-11,89.38316345214844,87.46385192871094,0.3298100233078003,0.3334531784057617,4.821327209472656,-0.009304642677307129,0.0,0.0,0.0,0.031105300411581993,0.03189530223608017,0.03119533695280552,,,,,,,,,,,,,,,
mscim_no_kg,train,2023-11-05,106.60933685302734,107.16080474853516,0.30019986629486084,0.2993322014808655,-5.5594940185546875,0.008550137281417847,0.0,0.0,0.0,0.016959939152002335,0.0160541869699955,0.016026847064495087,,,,,,,,,,,,,,,
mscim_no_kg,train,2023-09-02,176.56216430664062,178.0609130859375,0.21519434452056885,0.2137676477432251,-1.26617431640625,0.0012060701847076416,0.0,0.0,0.0,0.06202235445380211,0.0596151240170002,0.054104335606098175,,,,,,,,,,,,,,,
mscim_no_kg,train,2022-12-16,145.82217407226562,159.7528076171875,0.2474607229232788,0.23207497596740723,-23.798828125,0.02549801766872406,0.0,0.0,0.0,0.02994101122021675,0.028698137030005455,0.028898393735289574,,,,,,,,,,,,,,,
mscim_no_kg,train,2023-11-21,111.48200225830078,118.04135131835938,0.2926830053329468,0.28306281566619873,-16.66767120361328,0.023453742265701294,0.0,0.0,0.0,0.02060757949948311,0.01972384750843048,0.02039671689271927,,,,,,,,,,,,,,,
mscim_no_kg,train,2023-07-10,114.55850219726562,126.79191589355469,0.2881029546260834,0.27102309465408325,-29.360504150390625,0.03842766582965851,0.0,0.0,0.0,0.020885175094008446,0.019253084436058998,0.020490014925599098,,,,,,,,,,,,,,,
mscim_no_kg,train,2023-07-29,30.982999801635742,96.29251098632812,0.5061397552490234,0.31730663776397705,-61.2239990234375,0.18155160546302795,0.0,0.0,0.0,0.1568194031715393,0.1585511863231659,0.15989650785923004,,,,,,,,,,,,,,,
mscim_no_kg,train,2023-12-04,119.0531997680664,138.5430450439453,0.2816261947154999,0.25609153509140015,-24.67046356201172,0.03172197937965393,0.0,0.0,0.0,0.0317685604095459,0.031205642968416214,0.031752970069646835,,,,,,,,,,,,,,,
mscim_no_kg,train,2023-06-10,106.8584976196289,117.94075012207031,0.2998073101043701,0.2832062840461731,-21.62017059326172,0.03100988268852234,0.0,0.0,0.0,0.017230022698640823,0.015855351462960243,0.01612214371562004,,,,,,,,,,,,,,,
mscim_no_kg,train,2022-12-14,182.4808349609375,170.19711303710938,0.20962882041931152,0.22139054536819458,8.2376708984375,-0.0077968984842300415,0.0,0.0,0.0,0.030560536310076714,0.02843903750181198,0.027770673856139183,,,,,,,,,,,,,,,
mscim_no_kg,train,2023-09-15,166.4441680908203,157.90383911132812,0.22515282034873962,0.23403853178024292,21.103836059570312,-0.022865846753120422,0.0,0.0,0.0,0.0879320278763771,0.08664780110120773,0.08073082566261292,,,,,,,,,,,,,,,
mscim_no_kg,train,2023-01-14,132.59283447265625,128.31407165527344,0.2634880244731903,0.26901328563690186,-14.365829467773438,0.017336100339889526,0.0,0.0,0.0,0.011331955902278423,0.009998507797718048,0.011416568420827389,,,,,,,,,,,,,,,
mscim_no_kg,train,2023-03-03,78.0354995727539,74.6455307006836,0.35258182883262634,0.36002278327941895,6.1190032958984375,-0.013677597045898438,0.0,0.0,0.0,0.02801259607076645,0.027408597990870476,0.027885807678103447,,,,,,,,,,,,,,,
mscim_no_kg,train,2022-01-27,51.936668395996094,49.51539611816406,0.42061173915863037,0.4285584092140198,-3.234996795654297,0.010068058967590332,0.0,0.0,0.0,0.019971106201410294,0.01915578916668892,0.020127566531300545,,,,,,,,,,,,,,,
mscim_no_kg,train,2024-01-02,106.35566711425781,112.71572875976562,0.30060046911239624,0.29083144664764404,-12.481666564941406,0.018668800592422485,0.0,0.0,0.0,0.01818174496293068,0.01787636987864971,0.01785030961036682,,,,,,,,,,,,,,,
mscim_no_kg,train,2024-03-24,67.5251693725586,83.06622314453125,0.37680232524871826,0.3421078324317932,1.2556686401367188,-0.003139108419418335,0.0,0.0,0.0,0.7048099040985107,0.7066479921340942,0.6976569294929504,,,,,,,,,,,,,,,
mscim_no_kg,train,2024-02-13,121.1364974975586,123.46537017822266,0.27870601415634155,0.27549999952316284,15.682662963867188,-0.02332630753517151,0.0,0.0,0.0,0.6314705014228821,0.6396542191505432,0.6230285167694092,,,,,,,,,,,,,,,
mscim_no_kg,train,2023-06-27,76.3479995727539,85.80308532714844,0.35624510049819946,0.3366699814796448,-13.521835327148438,0.027346551418304443,0.0,0.0,0.0,0.018686780706048012,0.01747090555727482,0.018311744555830956,,,,,,,,,,,,,,,
mscim_no_kg,train,2023-03-23,301.662841796875,265.390625,0.12467492371797562,0.14634251594543457,31.38134765625,-0.018579594790935516,0.0,0.0,0.0,0.030761905014514923,0.02731006033718586,0.031207820400595665,,,,,,,,,,,,,,,
mscim_no_kg,train,2023-09-03,189.94833374023438,164.0386505126953,0.20285764336585999,0.22760891914367676,13.38616943359375,-0.012336701154708862,0.0,0.0,0.0,0.032012030482292175,0.03145713359117508,0.02945134788751602,,,,,,,,,,,,,,,
mscim_no_kg,train,2023-03-11,260.8438415527344,257.92205810546875,0.1492646187543869,0.15116924047470093,25.931503295898438,-0.017701327800750732,0.0,0.0,0.0,0.0844285786151886,0.07993565499782562,0.08727727085351944,,,,,,,,,,,,,,,
mscim_no_kg,train,2023-04-06,184.04299926757812,168.67857360839844,0.20818981528282166,0.2229028344154358,20.4739990234375,-0.019902825355529785,0.0,0.0,0.0,0.03522495552897453,0.03120558336377144,0.03232245147228241,,,,,,,,,,,,,,,
mscim_no_kg,train,2023-11-07,80.08716583251953,94.93428802490234,0.3482319116592407,0.31969285011291504,-13.3193359375,0.025814175605773926,0.0,0.0,0.0,0.025932401418685913,0.024757079780101776,0.024459173902869225,,,,,,,,,,,,,,,
mscim_no_kg,train,2023-01-06,153.40933227539062,154.76246643066406,0.23890863358974457,0.23742765188217163,3.239166259765625,-0.003598541021347046,0.0,0.0,0.0,0.0674980953335762,0.06814965605735779,0.0727255642414093,,,,,,,,,,,,,,,
mscim_no_kg,train,2023-06-01,80.67866516113281,88.930419921875,0.34699827432632446,0.3306623697280884,9.388664245605469,-0.02072581648826599,0.0,0.0,0.0,0.7165123224258423,0.6929126381874084,0.7087112665176392,,,,,,,,,,,,,,,
mscim_no_kg,train,2023-02-02,71.88883209228516,83.14122009277344,0.3663238286972046,0.3419564962387085,9.738330841064453,-0.024342507123947144,0.0,0.0,0.0,0.4839518666267395,0.4992377460002899,0.5024362206459045,,,,,,,,,,,,,,,
mscim_no_kg,train,2023-02-23,252.0933380126953,258.1316833496094,0.1550339013338089,0.15103185176849365,17.376007080078125,-0.012072399258613586,0.0,0.0,0.0,0.09239586442708969,0.09276146441698074,0.0932602733373642,,,,,,,,,,,,,,,
mscim_no_kg,train,2023-03-12,307.3838195800781,249.81997680664062,0.12149650603532791,0.1565653681755066,46.53997802734375,-0.02776811271905899,0.0,0.0,0.0,0.025349482893943787,0.02271471917629242,0.025141578167676926,,,,,,,,,,,,,,,
mscim_no_kg,train,2023-05-04,113.21817016601562,102.30268859863281,0.2900831699371338,0.3071324825286865,28.500167846679688,-0.04872199892997742,1.0,1.0,1.0,0.7439695596694946,0.7213426828384399,0.7259594202041626,,,,,,,,,,,,,,,
mscim_no_kg,train,2023-08-30,140.40066528320312,129.12753295898438,0.2538469433784485,0.2679489254951477,34.78966522216797,-0.04793497920036316,1.0,1.0,1.0,0.6976404786109924,0.6708278656005859,0.6789596080780029,,,,,,,,,,,,,,,
mscim_no_kg,train,2023-05-21,120.30583190917969,129.58346557617188,0.2798643410205841,0.2673552632331848,-11.344497680664062,0.015174567699432373,0.0,0.0,0.0,0.022009622305631638,0.020550398156046867,0.020063301548361778,,,,,,,,,,,,,,,
mscim_no_kg,train,2023-10-13,134.9344940185547,129.03146362304688,0.26053863763809204,0.26807427406311035,14.015327453613281,-0.018469691276550293,0.0,0.0,0.0,0.061831649392843246,0.062434058636426926,0.06075998395681381,,,,,,,,,,,,,,,
mscim_no_kg,train,2023-02-07,243.96217346191406,229.9982147216797,0.16057652235031128,0.17053890228271484,59.25634765625,-0.04700636863708496,1.0,1.0,1.0,0.7557332515716553,0.7437101006507874,0.7347683310508728,,,,,,,,,,,,,,,
mscim_no_kg,train,2023-03-06,126.02816772460938,139.55335998535156,0.27204060554504395,0.2548670768737793,19.008331298828125,-0.02751299738883972,0.0,0.0,0.0,0.6704376339912415,0.6724026799201965,0.6745628118515015,,,,,,,,,,,,,,,
mscim_no_kg,train,2022-09-30,610.4828491210938,544.72021484375,0.005305862985551357,0.02461838722229004,53.6915283203125,-0.015598970465362072,0.0,0.0,0.0,0.2525380253791809,0.2460484653711319,0.2459070086479187,,,,,,,,,,,,,,,
mscim_no_kg,train,2023-04-17,99.52083587646484,99.31626892089844,0.31176602840423584,0.3121117949485779,16.572669982910156,-0.030580371618270874,1.0,1.0,1.0,0.6440834999084473,0.6329531669616699,0.6503114700317383,,,,,,,,,,,,,,,
mscim_no_kg,train,2024-02-08,59.57416534423828,60.38178253173828,0.39773616194725037,0.39548808336257935,9.532665252685547,-0.029063642024993896,1.0,1.0,1.0,0.6001574993133545,0.6122929453849792,0.5934990048408508,,,,,,,,,,,,,,,
mscim_no_kg,train,2022-11-29,306.13616943359375,397.4029541015625,0.12218461185693741,0.07802420854568481,-175.23599243164062,0.07662255316972733,0.0,0.0,0.0,0.032664354890584946,0.03024546056985855,0.029667604714632034,,,,,,,,,,,,,,,
mscim_no_kg,train,2024-03-18,60.678165435791016,62.583152770996094,0.3946704864501953,0.3895074129104614,-10.622333526611328,0.026971042156219482,0.0,0.0,0.0,0.04828881099820137,0.05127283185720444,0.046872857958078384,,,,,,,,,,,,,,,
mscim_no_kg,train,2023-09-04,188.3541717529297,178.45684814453125,0.20428065955638885,0.2133927345275879,-1.5941619873046875,0.0014230161905288696,0.0,0.0,0.0,0.02669832669198513,0.02567949891090393,0.024813096970319748,,,,,,,,,,,,,,,
mscim_no_kg,train,2023-08-31,170.3711700439453,157.40249633789062,0.2212180644273758,0.23457491397857666,29.970504760742188,-0.03262887895107269,1.0,1.0,1.0,0.7384636998176575,0.705001950263977,0.7025786638259888,,,,,,,,,,,,,,,
mscim_no_kg,train,2022-12-10,200.36000061035156,189.22164916992188,0.19384616613388062,0.2035048007965088,22.236007690429688,-0.01986171305179596,0.0,0.0,0.0,0.09700306504964828,0.0945373997092247,0.08886323869228363,,,,,,,,,,,,,,,
mscim_no_kg,train,2022-01-25,69.82833099365234,68.3230972290039,0.37119120359420776,0.3748372793197632,-5.176666259765625,0.011973083019256592,0.0,0.0,0.0,0.01614454761147499,0.014831801876425743,0.015266274102032185,,,,,,,,,,,,,,,
mscim_no_kg,train,2022-09-29,556.7913208007812,469.99664306640625,0.02090483345091343,0.04961276054382324,135.11782836914062,-0.04708191752433777,1.0,1.0,1.0,0.42764103412628174,0.4158126711845398,0.42407307028770447,,,,,,,,,,,,,,,
mscim_no_kg,train,2023-10-16,167.8286590576172,170.08432006835938,0.2237551510334015,0.2215023636817932,-2.2908477783203125,0.002287641167640686,0.0,0.0,0.0,0.03870095685124397,0.03884343057870865,0.03705664351582527,,,,,,,,,,,,,,,
mscim_no_kg,train,2023-04-28,104.88533020019531,103.56684875488281,0.3029412031173706,0.3050680160522461,-8.349838256835938,0.012883305549621582,0.0,0.0,0.0,0.013514724560081959,0.012158969417214394,0.012513099238276482,,,,,,,,,,,,,,,
mscim_no_kg,train,2023-03-25,309.9891662597656,278.48187255859375,0.12006854265928268,0.13819974660873413,-6.091827392578125,0.0032927170395851135,0.0,0.0,0.0,0.010973794385790825,0.00957308430224657,0.010779216885566711,,,,,,,,,,,,,,,
mscim_no_kg,train,2024-03-29,96.90516662597656,109.33342742919922,0.31624120473861694,0.295956552028656,-4.9221649169921875,0.008325845003128052,0.0,0.0,0.0,0.08495942503213882,0.0902111753821373,0.08640656620264053,,,,,,,,,,,,,,,
mscim_no_kg,train,2023-05-30,70.54666900634766,70.96873474121094,0.3694784641265869,0.3684800863265991,2.920166015625,-0.007073044776916504,0.0,0.0,0.0,0.02410852536559105,0.021963635459542274,0.02198895998299122,,,,,,,,,,,,,,,
mscim_no_kg,train,2023-07-13,100.99566650390625,95.31307220458984,0.3092937767505646,0.3190240263938904,2.5364990234375,-0.004274457693099976,0.0,0.0,0.0,0.03645821288228035,0.035282619297504425,0.03806769847869873,,,,,,,,,,,,,,,
mscim_no_kg,train,2023-11-24,110.18516540527344,103.09622192382812,0.2946512997150421,0.305833637714386,7.116668701171875,-0.011227577924728394,0.0,0.0,0.0,0.04408257454633713,0.042037494480609894,0.04349315166473389,,,,,,,,,,,,,,,
mscim_no_kg,train,2022-12-22,202.52200317382812,208.43487548828125,0.19203343987464905,0.18717241287231445,30.092330932617188,-0.02715793251991272,0.0,0.0,0.0,0.565161943435669,0.5834712982177734,0.5733322501182556,,,,,,,,,,,,,,,
mscim_no_kg,train,2023-05-16,98.92400360107422,104.88473510742188,0.3127768039703369,0.302942156791687,3.9703369140625,-0.006881803274154663,0.0,0.0,0.0,0.08899802714586258,0.08065294474363327,0.08634243160486221,,,,,,,,,,,,,,,
mscim_no_kg,train,2023-01-29,110.86566925048828,151.7566680908203,0.2936156094074249,0.24073511362075806,-57.27899932861328,0.07017785310745239,0.0,0.0,0.0,0.027241839095950127,0.02581954374909401,0.027099670842289925,,,,,,,,,,,,,,,
mscim_no_kg,train,2023-06-06,151.475830078125,149.02963256835938,0.2410474568605423,0.2437925934791565,-3.1106719970703125,0.0034279227256774902,0.0,0.0,0.0,0.03558537736535072,0.032757122069597244,0.032290082424879074,,,,,,,,,,,,,,,
mscim_no_kg,train,2024-01-17,127.9114990234375,140.21041870117188,0.2695425748825073,0.25407546758651733,-27.507675170898438,0.03282900154590607,0.0,0.0,0.0,0.033095717430114746,0.03330954536795616,0.03346529230475426,,,,,,,,,,,,,,,
mscim_no_kg,train,2023-11-25,120.8895034790039,118.60498046875,0.2790496349334717,0.28226107358932495,10.704338073730469,-0.015601664781570435,0.0,0.0,0.0,0.0919070839881897,0.09454657137393951,0.09272632002830505,,,,,,,,,,,,,,,
mscim_no_kg,train,2023-05-05,132.68716430664062,140.29473876953125,0.2633682191371918,0.25397413969039917,19.468994140625,-0.026714950799942017,0.0,0.0,0.0,0.7221052646636963,0.6951127648353577,0.7065832018852234,,,,,,,,,,,,,,,
mscim_no_kg,train,2023-07-08,168.01133728027344,167.8437042236328,0.22357161343097687,0.22374004125595093,-18.070831298828125,0.01724204421043396,0.0,0.0,0.0,0.04130348190665245,0.04009713605046272,0.04211119934916496,,,,,,,,,,,,,,,
mscim_no_kg,train,2022-12-01,240.163330078125,216.18597412109375,0.16322936117649078,0.18100404739379883,3.601837158203125,-0.002554163336753845,0.0,0.0,0.0,0.03512348234653473,0.032439641654491425,0.03244766220450401,,,,,,,,,,,,,,,
mscim_no_kg,train,2024-03-30,86.97616577148438,94.92056274414062,0.3343915343284607,0.3197171688079834,-9.929000854492188,0.01815032958984375,0.0,0.0,0.0,0.033501967787742615,0.032557714730501175,0.03270695358514786,,,,,,,,,,,,,,,
mscim_no_kg,train,2023-12-27,122.85816955566406,129.66151428222656,0.2763300836086273,0.2672538161277771,5.55267333984375,-0.007785230875015259,0.0,0.0,0.0,0.14714449644088745,0.156959667801857,0.15603816509246826,,,,,,,,,,,,,,,
mscim_no_kg,train,2023-03-08,183.52833557128906,194.21029663085938,0.20866255462169647,0.19911080598831177,33.15516662597656,-0.033616840839385986,1.0,1.0,1.0,0.7274276614189148,0.7234245538711548,0.7284874320030212,,,,,,,,,,,,,,,
mscim_no_kg,train,2024-01-07,63.421165466308594,66.91824340820312,0.3872849643230438,0.378312349319458,-1.18316650390625,0.0030891001224517822,0.0,0.0,0.0,0.06281746178865433,0.06361576169729233,0.0688125267624855,,,,,,,,,,,,,,,
mscim_no_kg,train,2023-05-22,102.53849792480469,113.18921661376953,0.3067454993724823,0.29012614488601685,-17.767333984375,0.026881158351898193,0.0,0.0,0.0,0.015860410407185555,0.014320564456284046,0.014169967733323574,,,,,,,,,,,,,,,
mscim_no_kg,train,2023-03-19,139.8423309326172,142.38136291503906,0.2545184791088104,0.25148582458496094,21.574501037597656,-0.028221726417541504,1.0,1.0,1.0,0.755567193031311,0.733747661113739,0.7486404180526733,,,,,,,,,,,,,,,
mscim_no_kg,train,2023-09-20,166.4409942626953,144.92457580566406,0.2251560389995575,0.24850153923034668,20.321334838867188,-0.021961107850074768,0.0,0.0,0.0,0.03265215456485748,0.031620562076568604,0.030135786160826683,,,,,,,,,,,,,,,
mscim_no_kg,train,2024-01-18,102.62283325195312,116.16310119628906,0.30660730600357056,0.2857622504234314,-25.288665771484375,0.03706473112106323,0.0,0.0,0.0,0.030526015907526016,0.029988620430231094,0.030505016446113586,,,,,,,,,,,,,,,
mscim_no_kg,train,2023-12-14,137.87283325195312,172.75315856933594,0.2569087743759155,0.21887505054473877,-5.496673583984375,0.006588667631149292,0.0,0.0,0.0,0.2611207067966461,0.27411049604415894,0.2755598723888397,,,,,,,,,,,,,,,
mscim_no_kg,train,2023-03-01,96.70700073242188,124.21459197998047,0.31658509373664856,0.2744813561439514,-45.360992431640625,0.06472787261009216,0.0,0.0,0.0,0.012648681178689003,0.011638115160167217,0.012417755089700222,,,,,,,,,,,,,,,
mscim_no_kg,train,2023-11-13,193.54100036621094,171.99102783203125,0.19969378411769867,0.2196211814880371,28.167495727539062,-0.026547834277153015,0.0,0.0,0.0,0.10180383175611496,0.10157620906829834,0.09844807535409927,,,,,,,,,,,,,,,
mscim_no_kg,train,2023-07-27,82.71040344238281,80.89363098144531,0.34282779693603516,0.34655213356018066,3.9287338256835938,-0.008159071207046509,0.0,0.0,0.0,0.03576532378792763,0.034229449927806854,0.034232620149850845,,,,,,,,,,,,,,,
mscim_no_kg,train,2023-04-16,82.94816589355469,83.62454223632812,0.3423464000225067,0.3409842848777771,2.7679977416992188,-0.005690962076187134,0.0,0.0,0.0,0.07428156584501266,0.07062965631484985,0.08222947269678116,,,,,,,,,,,,,,,
mscim_no_kg,train,2022-12-30,219.92433166503906,208.23931884765625,0.1781073361635208,0.187330961227417,-23.873001098632812,0.017416566610336304,0.0,0.0,0.0,0.03130003809928894,0.029889270663261414,0.031154656782746315,,,,,,,,,,,,,,,
mscim_no_kg,train,2023-06-13,97.26466369628906,98.4103775024414,0.3156190812587738,0.31365150213241577,-9.028167724609375,0.014919251203536987,0.0,0.0,0.0,0.01813318021595478,0.017113864421844482,0.016872022300958633,,,,,,,,,,,,,,,
mscim_no_kg,train,2023-05-06,144.0500030517578,140.28335571289062,0.24952192604541779,0.25398778915405273,11.362838745117188,-0.013846293091773987,0.0,0.0,0.0,0.07090270519256592,0.06729209423065186,0.0690407082438469,,,,,,,,,,,,,,,
mscim_no_kg,train,2023-06-02,97.66716766357422,97.70606231689453,0.31492525339126587,0.3148583173751831,16.988502502441406,-0.032073020935058594,1.0,1.0,1.0,0.7428776025772095,0.7157727479934692,0.7274895310401917,,,,,,,,,,,,,,,
mscim_no_kg,train,2023-01-21,124.60649871826172,122.81937408447266,0.2739509344100952,0.27638328075408936,33.71033477783203,-0.053041279315948486,1.0,1.0,1.0,0.6708297729492188,0.6798440217971802,0.6796132326126099,,,,,,,,,,,,,,,
mscim_no_kg,train,2023-12-15,163.17233276367188,164.67709350585938,0.22850225865840912,0.22695356607437134,25.29949951171875,-0.02840651571750641,1.0,1.0,1.0,0.5642164349555969,0.5522741675376892,0.5530573129653931,,,,,,,,,,,,,,,
mscim_no_kg,train,2023-11-04,112.16883087158203,141.15170288085938,0.291649729013443,0.25294774770736694,-38.71399688720703,0.04994085431098938,0.0,0.0,0.0,0.019522450864315033,0.01864161156117916,0.018687238916754723,,,,,,,,,,,,,,,
mscim_no_kg,train,2023-05-25,90.73999786376953,93.80319213867188,0.3272809088230133,0.32170599699020386,-8.91400146484375,0.01573958992958069,0.0,0.0,0.0,0.011972954496741295,0.010828684084117413,0.010924264788627625,,,,,,,,,,,,,,,
mscim_no_kg,train,2022-12-11,206.45016479492188,202.95176696777344,0.18878860771656036,0.1916753649711609,6.0901641845703125,-0.0050575584173202515,0.0,0.0,0.0,0.0696544349193573,0.06639496982097626,0.06220431998372078,,,,,,,,,,,,,,,
mscim_no_kg,train,2023-08-03,176.54766845703125,223.8726043701172,0.21520820260047913,0.1751006841659546,-4.5780029296875,0.004321083426475525,0.0,0.0,0.0,0.561869204044342,0.5643884539604187,0.5533038973808289,,,,,,,,,,,,,,,
mscim_no_kg,train,2023-10-20,155.7881622314453,163.2042999267578,0.2363136261701584,0.22846919298171997,-28.309173583984375,0.028173640370368958,0.0,0.0,0.0,0.013231119140982628,0.012361613102257252,0.012204009108245373,,,,,,,,,,,,,,,
mscim_no_kg,train,2023-05-02,79.46749877929688,87.80399322509766,0.3495340049266815,0.33280181884765625,-0.02266693115234375,4.780292510986328e-05,0.0,0.0,0.0,0.05265025794506073,0.04940716177225113,0.04927462711930275,,,,,,,,,,,,,,,
mscim_no_kg,train,2023-01-22,185.55816650390625,162.46978759765625,0.20680564641952515,0.22923016548156738,60.95166778564453,-0.06714528799057007,1.0,1.0,1.0,0.6433345675468445,0.6530839204788208,0.653802752494812,,,,,,,,,,,,,,,
mscim_no_kg,train,2022-01-26,55.17166519165039,63.390869140625,0.41054368019104004,0.38736480474472046,-14.656665802001953,0.039352476596832275,0.0,0.0,0.0,0.014755617827177048,0.013906275853514671,0.01435914821922779,,,,,,,,,,,,,,,
mscim_no_kg,train,2023-12-25,106.31999969482422,122.32523345947266,0.30065685510635376,0.27706199884414673,-5.404335021972656,0.008339136838912964,0.0,0.0,0.0,0.1714206039905548,0.18005454540252686,0.1787061095237732,,,,,,,,,,,,,,,
mscim_no_kg,train,2023-07-11,107.72266387939453,104.74956512451172,0.29845279455184937,0.3031589388847351,-6.835838317871094,0.010349839925765991,0.0,0.0,0.0,0.022893492132425308,0.02130749635398388,0.022263525053858757,,,,,,,,,,,,,,,
mscim_no_kg,train,2022-12-03,198.88265991210938,252.45257568359375,0.19509606063365936,0.1547931432723999,-82.74349975585938,0.05879524350166321,0.0,0.0,0.0,0.04131460562348366,0.03945913538336754,0.03945158049464226,,,,,,,,,,,,,,,
mscim_no_kg,train,2023-06-23,109.7750015258789,94.57308197021484,0.2952786087989807,0.32033318281173706,14.00067138671875,-0.02293446660041809,0.0,0.0,0.0,0.01945193111896515,0.018000710755586624,0.01832304149866104,,,,,,,,,,,,,,,
mscim_no_kg,train,2023-04-15,80.18016815185547,84.58647155761719,0.34803736209869385,0.3390657901763916,-12.068832397460938,0.023525655269622803,0.0,0.0,0.0,0.013852178119122982,0.012141123414039612,0.013641254976391792,,,,,,,,,,,,,,,
mscim_no_kg,train,2024-03-16,113.67283630371094,123.55288696289062,0.2894088327884674,0.2753806710243225,-32.05433654785156,0.04183824360370636,0.0,0.0,0.0,0.07330720871686935,0.07906854152679443,0.07503552734851837,,,,,,,,,,,,,,,
mscim_no_kg,train,2023-02-15,178.843994140625,173.17979431152344,0.2130269855260849,0.21845877170562744,-25.30633544921875,0.02234615385532379,0.0,0.0,0.0,0.018357763066887856,0.01706804521381855,0.01821466162800789,,,,,,,,,,,,,,,
mscim_no_kg,train,2024-01-31,116.74016571044922,141.95571899414062,0.2849283516407013,0.2519904375076294,-31.70549774169922,0.040473759174346924,0.0,0.0,0.0,0.02415374480187893,0.02465660311281681,0.02491772174835205,,,,,,,,,,,,,,,
mscim_no_kg,train,2024-02-03,82.13700103759766,80.22151184082031,0.34399446845054626,0.34795093536376953,-7.874664306640625,0.015360653400421143,0.0,0.0,0.0,0.010850772261619568,0.00996001809835434,0.010557799600064754,,,,,,,,,,,,,,,
mscim_no_kg,train,2023-03-10,234.91233825683594,263.0285949707031,0.16696594655513763,0.1478542685508728,12.1090087890625,-0.008943766355514526,0.0,0.0,0.0,0.2015426903963089,0.21138735115528107,0.23071682453155518,,,,,,,,,,,,,,,
mscim_no_kg,train,2023-11-06,93.40650177001953,103.10967254638672,0.3224177360534668,0.30581170320510864,-13.202835083007812,0.022217869758605957,0.0,0.0,0.0,0.020122727379202843,0.018877387046813965,0.018893403932452202,,,,,,,,,,,,,,,
mscim_no_kg,train,2023-01-09,207.91883850097656,162.27542114257812,0.18759118020534515,0.22943204641342163,68.35783386230469,-0.06726668775081635,1.0,1.0,1.0,0.12216811627149582,0.12217051535844803,0.13209110498428345,,,,,,,,,,,,,,,
mscim_no_kg,train,2023-12-30,136.5228271484375,130.922119140625,0.25856685638427734,0.26562410593032837,22.12932586669922,-0.029778629541397095,1.0,1.0,1.0,0.09624332934617996,0.1034368947148323,0.1010306179523468,,,,,,,,,,,,,,,
mscim_no_kg,train,2024-01-01,118.83733367919922,122.1118392944336,0.28193166851997375,0.27735596895217896,-14.883827209472656,0.01987120509147644,0.0,0.0,0.0,0.021537721157073975,0.0205101165920496,0.020685506984591484,,,,,,,,,,,,,,,
mscim_no_kg,train,2022-11-23,336.93798828125,304.0579833984375,0.1059628278017044,0.12333697080612183,68.79531860351562,-0.03863520920276642,1.0,1.0,1.0,0.7152811288833618,0.6959748268127441,0.6988727450370789,,,,,,,,,,,,,,,
mscim_no_kg,train,2024-02-17,60.23400115966797,71.30892944335938,0.39589723944664,0.3676796555519104,-16.10382843017578,0.03962981700897217,0.0,0.0,0.0,0.03521992638707161,0.03728998079895973,0.037132225930690765,,,,,,,,,,,,,,,
mscim_no_kg,train,2024-02-02,90.01166534423828,86.7188491821289,0.3286338150501251,0.3348886966705322,-5.527336120605469,0.010007470846176147,0.0,0.0,0.0,0.011831648647785187,0.010853628627955914,0.0111803924664855,,,,,,,,,,,,,,,
mscim_no_kg,train,2023-01-31,67.1346664428711,98.12736511230469,0.37777236104011536,0.31413543224334717,-32.397499084472656,0.0660254955291748,0.0,0.0,0.0,0.034963224083185196,0.034060586243867874,0.03591599315404892,,,,,,,,,,,,,,,
mscim_no_kg,train,2023-11-27,160.9751739501953,171.78994750976562,0.2307891994714737,0.2198185920715332,13.774002075195312,-0.015084758400917053,0.0,0.0,0.0,0.5371594429016113,0.5398187637329102,0.5391334891319275,,,,,,,,,,,,,,,
mscim_no_kg,train,2024-01-12,112.18016815185547,126.91116333007812,0.291632741689682,0.2708647847175598,13.381668090820312,-0.02135738730430603,0.0,0.0,0.0,0.6152383089065552,0.6224680542945862,0.6235398054122925,,,,,,,,,,,,,,,
mscim_no_kg,train,2023-12-29,114.39350128173828,131.92630004882812,0.28834548592567444,0.2643370032310486,-1.8773345947265625,0.0027391910552978516,0.0,0.0,0.0,0.11222746223211288,0.12244906276464462,0.12032120674848557,,,,,,,,,,,,,,,
mscim_no_kg,train,2023-04-12,151.84683227539062,170.24952697753906,0.2406349629163742,0.22133857011795044,-44.12400817871094,0.04304805397987366,0.0,0.0,0.0,0.010817687958478928,0.009437675587832928,0.01019764132797718,,,,,,,,,,,,,,,
mscim_no_kg,train,2023-02-20,185.82232666015625,197.61410522460938,0.2065654695034027,0.1961767077445984,5.8326568603515625,-0.005383685231208801,0.0,0.0,0.0,0.22197110950946808,0.23465414345264435,0.23328983783721924,,,,,,,,,,,,,,,
mscim_no_kg,train,2023-02-09,280.0950012207031,246.51419067382812,0.13722287118434906,0.1588173508644104,22.058837890625,-0.01387159526348114,0.0,0.0,0.0,0.06305260956287384,0.062087591737508774,0.06172832101583481,,,,,,,,,,,,,,,
mscim_no_kg,train,2024-03-19,56.5359992980957,55.64802551269531,0.40647032856941223,0.40911030769348145,-4.1421661376953125,0.011799842119216919,0.0,0.0,0.0,0.05013078451156616,0.054476041346788406,0.052772268652915955,,,,,,,,,,,,,,,
mscim_no_kg,train,2024-01-05,76.63400268554688,81.26054382324219,0.3556186556816101,0.34579336643218994,-12.306327819824219,0.024974972009658813,0.0,0.0,0.0,0.021595299243927002,0.021387066692113876,0.022426893934607506,,,,,,,,,,,,,,,
mscim_no_kg,train,2023-01-17,82.59600067138672,96.94932556152344,0.3430599272251129,0.31616461277008057,-16.259666442871094,0.03016701340675354,0.0,0.0,0.0,0.06793003529310226,0.06285130977630615,0.0682435929775238,,,,,,,,,,,,,,,
mscim_no_kg,train,2023-07-18,115.83716583251953,112.14828491210938,0.28623512387275696,0.29168057441711426,7.6746673583984375,-0.011532396078109741,0.0,0.0,0.0,0.10547813028097153,0.10086262226104736,0.10511574149131775,,,,,,,,,,,,,,,
mscim_no_kg,train,2023-09-16,151.8302001953125,167.01007080078125,0.24065344035625458,0.22458010911941528,-14.613967895507812,0.015500620007514954,0.0,0.0,0.0,0.056619808077812195,0.05529336631298065,0.051939673721790314,,,,,,,,,,,,,,,
mscim_no_kg,train,2023-01-10,201.59317016601562,198.83424377441406,0.1928098499774933,0.19513720273971558,-6.3256683349609375,0.005218669772148132,0.0,0.0,0.0,0.036020420491695404,0.03312414139509201,0.035850271582603455,,,,,,,,,,,,,,,
mscim_no_kg,train,2023-11-20,128.14967346191406,154.3389434814453,0.2692292630672455,0.23788982629776,-46.780487060546875,0.05246765911579132,0.0,0.0,0.0,0.01956920698285103,0.018388625234365463,0.018635950982570648,,,,,,,,,,,,,,,
mscim_no_kg,train,2024-02-12,105.4538345336914,105.83892822265625,0.30203232169151306,0.30141937732696533,18.534164428710938,-0.03246822953224182,1.0,1.0,1.0,0.6108976006507874,0.627109706401825,0.6166587471961975,,,,,,,,,,,,,,,
mscim_no_kg,train,2023-01-24,293.0559997558594,268.0107421875,0.12957164645195007,0.14468121528625488,61.97850036621094,-0.040176063776016235,1.0,1.0,1.0,0.5440049767494202,0.5488852262496948,0.5498575568199158,,,,,,,,,,,,,,,
mscim_no_kg,train,2023-05-26,83.41566467285156,86.1529541015625,0.3414037823677063,0.3359872102737427,-7.324333190917969,0.014122873544692993,0.0,0.0,0.0,0.011772621423006058,0.010712414048612118,0.010692914947867393,,,,,,,,,,,,,,,
mscim_no_kg,train,2023-05-24,99.65399932861328,95.72927856445312,0.3115413188934326,0.31829214096069336,0.5423355102539062,-0.0009170174598693848,0.0,0.0,0.0,0.013255045749247074,0.012009222991764545,0.012088455259799957,,,,,,,,,,,,,,,
mscim_no_kg,train,2023-03-07,150.3731689453125,167.0704803466797,0.24227939546108246,0.22451907396316528,24.345001220703125,-0.029761210083961487,1.0,1.0,1.0,0.6519069671630859,0.6547396183013916,0.6635903716087341,,,,,,,,,,,,,,,
mscim_no_kg,train,2024-03-23,66.26950073242188,66.3041763305664,0.3799414336681366,0.37985390424728394,8.932498931884766,-0.02418220043182373,0.0,0.0,0.0,0.28679272532463074,0.31652918457984924,0.31709209084510803,,,,,,,,,,,,,,,
mscim_no_kg,train,2023-08-09,102.1336669921875,142.48361206054688,0.30741047859191895,0.2513648271560669,-59.408172607421875,0.07721404731273651,0.0,0.0,0.0,0.014344505034387112,0.01341248955577612,0.013169476762413979,,,,,,,,,,,,,,,
mscim_no_kg,train,2023-05-10,135.77783203125,124.25113677978516,0.2594888508319855,0.27443182468414307,-0.5333404541015625,0.0006605684757232666,0.0,0.0,0.0,0.013252420350909233,0.012002130039036274,0.012086690403521061,,,,,,,,,,,,,,,
mscim_no_kg,train,2023-12-16,169.39849853515625,157.4683837890625,0.2221841812133789,0.2345043420791626,6.226165771484375,-0.006318077445030212,0.0,0.0,0.0,0.07197277247905731,0.06958096474409103,0.06531413644552231,,,,,,,,,,,,,,,
mscim_no_kg,train,2023-08-06,254.6058349609375,199.05276489257812,0.15335722267627716,0.19495165348052979,34.55517578125,-0.02465309202671051,0.0,0.0,0.0,0.02955063059926033,0.02805834636092186,0.026972495019435883,,,,,,,,,,,,,,,
mscim_no_kg,train,2023-02-28,142.0679931640625,183.92665100097656,0.2518572211265564,0.208296537399292,-80.74366760253906,0.07595382630825043,0.0,0.0,0.0,0.011714652180671692,0.010864541865885258,0.01130583044141531,,,,,,,,,,,,,,,
mscim_no_kg,train,2024-02-18,44.208831787109375,56.15924835205078,0.44739654660224915,0.4075854420661926,-16.025169372558594,0.05149930715560913,0.0,0.0,0.0,0.03606503829360008,0.03762073814868927,0.03893335163593292,,,,,,,,,,,,,,,
mscim_no_kg,train,2023-02-05,150.850830078125,169.47349548339844,0.24174463748931885,0.22210949659347534,21.192169189453125,-0.025512903928756714,0.0,0.0,0.0,0.683588445186615,0.6885488629341125,0.6851743459701538,,,,,,,,,,,,,,,
mscim_no_kg,train,2023-06-03,125.33000183105469,129.7355499267578,0.2729760706424713,0.2671576738357544,27.66283416748047,-0.041949182748794556,1.0,1.0,1.0,0.6094859838485718,0.5815277099609375,0.6095772385597229,,,,,,,,,,,,,,,
mscim_no_kg,val,2024-04-26,93.82633209228516,101.2603988647461,0.32166460156440735,0.30885380506515503,-0.8983383178710938,0.001600414514541626,0.0,0.0,0.0,0.06942629814147949,0.06807243078947067,0.06709504872560501,,,,,,,,,,,,,,,
mscim_no_kg,val,2024-04-27,93.57433319091797,89.60810089111328,0.32211625576019287,0.3293880820274353,-0.2519989013671875,0.00045165419578552246,0.0,0.0,0.0,0.02155509777367115,0.020867669954895973,0.021016526967287064,,,,,,,,,,,,,,,
mscim_no_kg,val,2024-04-28,87.7308349609375,86.11290740966797,0.3329417407512665,0.33606523275375366,-5.843498229980469,0.010825484991073608,0.0,0.0,0.0,0.016392381861805916,0.01538129337131977,0.01539747603237629,,,,,,,,,,,,,,,
mscim_no_kg,val,2024-04-29,83.41600036621094,81.65633392333984,0.3414030969142914,0.3449786305427551,-4.3148345947265625,0.008461356163024902,0.0,0.0,0.0,0.01494104228913784,0.014063369482755661,0.01412327028810978,,,,,,,,,,,,,,,
mscim_no_kg,val,2024-04-30,69.024169921875,76.82599639892578,0.37312936782836914,0.35519939661026,-14.391830444335938,0.03172627091407776,0.0,0.0,0.0,0.014473477378487587,0.013548440299928188,0.013860401697456837,,,,,,,,,,,,,,,
mscim_no_kg,val,2024-05-01,63.25033187866211,63.9122314453125,0.38773566484451294,0.3859959840774536,-5.773838043212891,0.014606297016143799,0.0,0.0,0.0,0.014184062369167805,0.013374041765928268,0.013378485105931759,,,,,,,,,,,,,,,
mscim_no_kg,val,2024-05-02,49.427833557128906,61.13753128051758,0.4288528561592102,0.3934110403060913,-13.822498321533203,0.041117191314697266,0.0,0.0,0.0,0.019623519852757454,0.018800636753439903,0.01902657002210617,,,,,,,,,,,,,,,
mscim_no_kg,val,2024-05-03,44.40216827392578,48.099090576171875,0.4466722309589386,0.4333852529525757,-5.025665283203125,0.017819374799728394,0.0,0.0,0.0,0.022645436227321625,0.02256832644343376,0.02253895252943039,,,,,,,,,,,,,,,
mscim_no_kg,val,2024-05-04,49.4114990234375,46.816307067871094,0.4289078414440155,0.4378787875175476,5.009330749511719,-0.017764389514923096,0.0,0.0,0.0,0.04761524125933647,0.047410741448402405,0.047785624861717224,,,,,,,,,,,,,,,
mscim_no_kg,val,2024-05-05,58.51566696166992,59.71334457397461,0.40072840452194214,0.3973466157913208,9.104167938232422,-0.028179436922073364,1.0,1.0,1.0,0.5962771773338318,0.5996215343475342,0.6156179904937744,,,,,,,,,,,,,,,
mscim_no_kg,val,2024-05-06,75.9798355102539,57.89985275268555,0.3570549488067627,0.40249383449554443,17.464168548583984,-0.04367345571517944,1.0,1.0,1.0,0.7258656620979309,0.7144743800163269,0.7106995582580566,,,,,,,,,,,,,,,
mscim_no_kg,val,2024-05-07,104.36483001708984,81.9984359741211,0.30377763509750366,0.344277560710907,28.384994506835938,-0.05327731370925903,1.0,1.0,1.0,0.7496331930160522,0.7316436767578125,0.7263171672821045,,,,,,,,,,,,,,,
mscim_no_kg,val,2024-05-08,113.64199829101562,120.7098617553711,0.28945448994636536,0.27929991483688354,9.277168273925781,-0.014323145151138306,0.0,0.0,0.0,0.7197343707084656,0.7035583853721619,0.7051267623901367,,,,,,,,,,,,,,,
mscim_no_kg,val,2024-05-09,122.74766540527344,134.2334442138672,0.27648159861564636,0.2614162564277649,9.105667114257812,-0.012972891330718994,0.0,0.0,0.0,0.6836150884628296,0.671006977558136,0.66347336769104,,,,,,,,,,,,,,,
mscim_no_kg,val,2024-05-10,108.3981704711914,141.00009155273438,0.297401487827301,0.25312888622283936,-14.349494934082031,0.020919889211654663,0.0,0.0,0.0,0.3564643859863281,0.36027878522872925,0.3506541848182678,,,,,,,,,,,,,,,
mscim_no_kg,val,2024-05-11,93.32949829101562,115.00015258789062,0.3225562274456024,0.2874554395675659,-15.068672180175781,0.02515473961830139,0.0,0.0,0.0,0.12070263177156448,0.12122243642807007,0.12006522715091705,,,,,,,,,,,,,,,
mscim_no_kg,val,2024-05-12,99.39066314697266,88.48960876464844,0.31198593974113464,0.3314964175224304,6.061164855957031,-0.010570287704467773,0.0,0.0,0.0,0.03331979364156723,0.032669730484485626,0.032484449446201324,,,,,,,,,,,,,,,
mscim_no_kg,val,2024-05-13,87.72916412353516,94.42217254638672,0.33294492959976196,0.3206014037132263,-11.6614990234375,0.02095898985862732,0.0,0.0,0.0,0.023542555049061775,0.022832676768302917,0.022703738883137703,,,,,,,,,,,,,,,
mscim_no_kg,val,2024-05-14,72.44149780273438,83.5166244506836,0.36504170298576355,0.34120088815689087,-15.287666320800781,0.03209677338600159,0.0,0.0,0.0,0.018635153770446777,0.017919417470693588,0.017778458073735237,,,,,,,,,,,,,,,
mscim_no_kg,val,2024-05-15,56.36783218383789,71.07835388183594,0.4069671630859375,0.3682217597961426,-16.073665618896484,0.04192546010017395,0.0,0.0,0.0,0.020444681867957115,0.019994478672742844,0.020059337839484215,,,,,,,,,,,,,,,
mscim_no_kg,val,2024-05-16,42.77799987792969,57.312355041503906,0.4528554081916809,0.40419530868530273,-13.589832305908203,0.04588824510574341,0.0,0.0,0.0,0.028265612199902534,0.027701739221811295,0.027397088706493378,,,,,,,,,,,,,,,
mscim_no_kg,val,2024-05-17,47.94466781616211,47.25298309326172,0.4339199364185333,0.4363357424736023,5.166667938232422,-0.018935471773147583,0.0,0.0,0.0,0.038122307509183884,0.03844005614519119,0.03903379663825035,,,,,,,,,,,,,,,
mscim_no_kg,val,2024-05-18,43.1341667175293,50.67359924316406,0.45148006081581116,0.4247106909751892,-4.8105010986328125,0.017560124397277832,0.0,0.0,0.0,0.04284558817744255,0.04307716712355614,0.04434698447585106,,,,,,,,,,,,,,,
mscim_no_kg,val,2024-05-19,48.57816696166992,47.648277282714844,0.43173712491989136,0.43495088815689087,5.444000244140625,-0.0197429358959198,0.0,0.0,0.0,0.10816723853349686,0.11463307589292526,0.1181812584400177,,,,,,,,,,,,,,,
mscim_no_kg,val,2024-05-20,58.162498474121094,61.16053009033203,0.40173861384391785,0.39334821701049805,9.584331512451172,-0.02999851107597351,1.0,1.0,1.0,0.7143551111221313,0.7063019871711731,0.7134250402450562,,,,,,,,,,,,,,,
mscim_no_kg,val,2024-05-21,66.70500183105469,69.88878631591797,0.37884610891342163,0.37104642391204834,8.542503356933594,-0.022892504930496216,0.0,0.0,0.0,0.7543830275535583,0.7384763360023499,0.7369704842567444,,,,,,,,,,,,,,,
mscim_no_kg,val,2024-05-22,81.66466522216797,79.28849792480469,0.344961553812027,0.34991198778152466,14.959663391113281,-0.03388455510139465,1.0,1.0,1.0,0.7734284996986389,0.7528370022773743,0.748170018196106,,,,,,,,,,,,,,,
mscim_no_kg,val,2024-05-23,91.00382995605469,103.20408630371094,0.32679346203804016,0.30565786361694336,9.339164733886719,-0.018168091773986816,0.0,0.0,0.0,0.7478439211845398,0.7326856255531311,0.7348961234092712,,,,,,,,,,,,,,,
mscim_no_kg,val,2024-05-24,96.33100128173828,116.86083221435547,0.31723952293395996,0.2847544550895691,5.327171325683594,-0.0095539391040802,0.0,0.0,0.0,0.7098044753074646,0.6936740875244141,0.6989603638648987,,,,,,,,,,,,,,,
mscim_no_kg,val,2024-05-25,93.3489990234375,110.36290740966797,0.3225211501121521,0.29438018798828125,-2.9820022583007812,0.005281627178192139,0.0,0.0,0.0,0.3138505220413208,0.3259032070636749,0.3255870044231415,,,,,,,,,,,,,,,
mscim_no_kg,val,2024-05-26,95.19300079345703,101.68956756591797,0.31923577189445496,0.30814290046691895,1.8440017700195312,-0.0032853782176971436,0.0,0.0,0.0,0.1396663337945938,0.14263761043548584,0.1432003676891327,,,,,,,,,,,,,,,
mscim_no_kg,val,2024-05-27,92.75316619873047,101.97720336914062,0.3235964775085449,0.30766814947128296,-2.4398345947265625,0.004360705614089966,0.0,0.0,0.0,0.09915317595005035,0.09697671234607697,0.0987367257475853,,,,,,,,,,,,,,,
mscim_no_kg,val,2024-05-28,89.54100036621094,91.26847839355469,0.32951387763023376,0.32630592584609985,-3.2121658325195312,0.005917400121688843,0.0,0.0,0.0,0.03461083397269249,0.03269077092409134,0.03310424089431763,,,,,,,,,,,,,,,
mscim_no_kg,val,2024-05-29,74.1709976196289,89.16714477539062,0.36109089851379395,0.3302161693572998,-15.370002746582031,0.03157702088356018,0.0,0.0,0.0,0.030292052775621414,0.028769247233867645,0.02939152717590332,,,,,,,,,,,,,,,
mscim_no_kg,val,2024-05-30,63.667667388916016,76.1978530883789,0.38663673400878906,0.3565748929977417,-10.50333023071289,0.025545835494995117,0.0,0.0,0.0,0.03287667781114578,0.031083904206752777,0.031595662236213684,,,,,,,,,,,,,,,
mscim_no_kg,val,2024-05-31,60.48066711425781,64.0825424194336,0.39521488547325134,0.3855512738227844,-3.187000274658203,0.00857815146446228,0.0,0.0,0.0,0.032587338238954544,0.031021185219287872,0.03245965391397476,,,,,,,,,,,,,,,
mscim_no_kg,val,2024-06-01,56.56966781616211,59.83708953857422,0.4063710570335388,0.3970010280609131,-3.910999298095703,0.011156171560287476,0.0,0.0,0.0,0.030058065429329872,0.02885713428258896,0.030201496556401253,,,,,,,,,,,,,,,
mscim_no_kg,val,2024-06-02,54.444332122802734,55.72616958618164,0.4127558469772339,0.40887635946273804,-2.125335693359375,0.006384789943695068,0.0,0.0,0.0,0.04415369778871536,0.04365905374288559,0.04765339568257332,,,,,,,,,,,,,,,
mscim_no_kg,val,2024-06-03,60.086334228515625,66.16481018066406,0.3963070511817932,0.38020575046539307,5.642002105712891,-0.016448795795440674,0.0,0.0,0.0,0.3162824809551239,0.32492563128471375,0.3399542570114136,,,,,,,,,,,,,,,
mscim_no_kg,val,2024-06-04,72.08516693115234,72.33330535888672,0.3658672571182251,0.365291953086853,11.998832702636719,-0.030439794063568115,1.0,1.0,1.0,0.5422058701515198,0.5330392122268677,0.547664225101471,,,,,,,,,,,,,,,
mscim_no_kg,val,2024-06-05,81.41533660888672,82.83500671386719,0.3454742729663849,0.3425753116607666,9.330169677734375,-0.02039298415184021,0.0,0.0,0.0,0.7635500431060791,0.7429170608520508,0.7411930561065674,,,,,,,,,,,,,,,
mscim_no_kg,val,2024-06-06,97.0433349609375,98.57357788085938,0.316001832485199,0.3133730888366699,15.627998352050781,-0.029472440481185913,1.0,1.0,1.0,0.5984035730361938,0.5957955121994019,0.6149114370346069,,,,,,,,,,,,,,,
mscim_no_kg,val,2024-06-07,103.7796630859375,110.00732421875,0.3047229051589966,0.29492300748825073,6.736328125,-0.011278927326202393,0.0,0.0,0.0,0.12549488246440887,0.13649868965148926,0.13963915407657623,,,,,,,,,,,,,,,
mscim_no_kg,val,2024-06-08,97.50749969482422,106.14069366455078,0.31520015001296997,0.30094069242477417,-6.272163391113281,0.010477244853973389,0.0,0.0,0.0,0.05086611211299896,0.050913020968437195,0.051131874322891235,,,,,,,,,,,,,,,
mscim_no_kg,val,2024-06-09,95.05783081054688,95.99166107177734,0.319474458694458,0.317832350730896,-2.4496688842773438,0.004274308681488037,0.0,0.0,0.0,0.02903835102915764,0.028342127799987793,0.02853909134864807,,,,,,,,,,,,,,,
mscim_no_kg,val,2024-06-10,90.34950256347656,95.80587005615234,0.3280049264431,0.31815779209136963,-4.7083282470703125,0.008530467748641968,0.0,0.0,0.0,0.027839969843626022,0.02662835828959942,0.027476495131850243,,,,,,,,,,,,,,,
mscim_no_kg,val,2024-06-11,88.15816497802734,86.40249633789062,0.3321262300014496,0.33550190925598145,-2.1913375854492188,0.004121303558349609,0.0,0.0,0.0,0.015091617591679096,0.01406928151845932,0.014390429481863976,,,,,,,,,,,,,,,
mscim_no_kg,val,2024-06-12,75.58516693115234,82.6529541015625,0.3579274117946625,0.34294432401657104,-12.572998046875,0.02580118179321289,0.0,0.0,0.0,0.01059670839458704,0.009845211170613766,0.010267822071909904,,,,,,,,,,,,,,,
mscim_no_kg,val,2024-06-13,64.05233001708984,71.25341033935547,0.3856300711631775,0.3678100109100342,-11.5328369140625,0.027702659368515015,0.0,0.0,0.0,0.009721524082124233,0.009027831256389618,0.009355956688523293,,,,,,,,,,,,,,,
mscim_no_kg,val,2024-06-14,56.574501037597656,60.38506317138672,0.4063567817211151,0.3954790234565735,-7.4778289794921875,0.020726710557937622,0.0,0.0,0.0,0.009481802582740784,0.008847865276038647,0.009164022281765938,,,,,,,,,,,,,,,
mscim_no_kg,val,2024-06-15,50.119998931884766,55.4719123840332,0.42653894424438477,0.40963882207870483,-6.454502105712891,0.020182162523269653,0.0,0.0,0.0,0.011007651686668396,0.01049831509590149,0.010801968164741993,,,,,,,,,,,,,,,
mscim_no_kg,val,2024-06-16,47.753665924072266,50.46467208862305,0.4345836043357849,0.4253983497619629,-2.3663330078125,0.008044660091400146,0.0,0.0,0.0,0.014015172608196735,0.013863316737115383,0.014136197976768017,,,,,,,,,,,,,,,
mscim_no_kg,val,2024-06-17,46.834999084472656,48.840919494628906,0.4378124475479126,0.4308398962020874,-0.9186668395996094,0.0032288432121276855,0.0,0.0,0.0,0.02633153833448887,0.027361243963241577,0.027273261919617653,,,,,,,,,,,,,,,
mscim_no_kg,val,2024-06-18,51.17583465576172,51.018287658691406,0.42306894063949585,0.4235822558403015,4.3408355712890625,-0.014743506908416748,0.0,0.0,0.0,0.05978374183177948,0.06445332616567612,0.06678938865661621,,,,,,,,,,,,,,,
mscim_no_kg,val,2024-06-19,45.6870002746582,57.29842758178711,0.44193562865257263,0.4042358994483948,-5.488834381103516,0.018866688013076782,0.0,0.0,0.0,0.11166594177484512,0.11312372237443924,0.11758732050657272,,,,,,,,,,,,,,,
mscim_no_kg,val,2024-06-20,60.634334564208984,56.25120162963867,0.3947911560535431,0.4073125720024109,14.947334289550781,-0.04714447259902954,1.0,1.0,1.0,0.5467216968536377,0.5372571349143982,0.5775934457778931,,,,,,,,,,,,,,,
mscim_no_kg,val,2024-06-21,38.46066665649414,62.70162582397461,0.47047847509384155,0.3891914486885071,-22.173667907714844,0.07568731904029846,0.0,0.0,0.0,0.041464537382125854,0.042222507297992706,0.047734443098306656,,,,,,,,,,,,,,,
mscim_no_kg,val,2024-06-22,85.24250030517578,46.84650421142578,0.3377697169780731,0.43777161836624146,46.78183364868164,-0.13270875811576843,1.0,1.0,1.0,0.17111217975616455,0.1705865114927292,0.19919753074645996,,,,,,,,,,,,,,,
mscim_no_kg,val,2024-06-23,91.21116638183594,84.54934692382812,0.3264113962650299,0.339139461517334,5.968666076660156,-0.011358320713043213,0.0,0.0,0.0,0.04749654605984688,0.04679717868566513,0.05341004580259323,,,,,,,,,,,,,,,
mscim_no_kg,val,2024-06-24,83.6449966430664,88.19722747802734,0.34094327688217163,0.3320518732070923,-7.566169738769531,0.014531880617141724,0.0,0.0,0.0,0.0288834311068058,0.02748047560453415,0.029199112206697464,,,,,,,,,,,,,,,
mscim_no_kg,val,2024-06-25,88.79633331298828,81.29515075683594,0.3309156596660614,0.345721960067749,5.151336669921875,-0.01002761721611023,0.0,0.0,0.0,0.021641476079821587,0.02040925994515419,0.02139977738261223,,,,,,,,,,,,,,,
mscim_no_kg,val,2024-06-26,88.10116577148438,85.09858703613281,0.33223479986190796,0.3380531668663025,-0.6951675415039062,0.0013191401958465576,0.0,0.0,0.0,0.017410583794116974,0.01664331555366516,0.017728151753544807,,,,,,,,,,,,,,,
mscim_no_kg,val,2024-06-27,81.45816802978516,83.73222351074219,0.3453860878944397,0.3407684564590454,-6.642997741699219,0.013151288032531738,0.0,0.0,0.0,0.017724547535181046,0.016577988862991333,0.018132148310542107,,,,,,,,,,,,,,,
mscim_no_kg,val,2024-06-28,56.96616744995117,76.77668762207031,0.40520602464675903,0.3553069233894348,-24.492000579833984,0.059819936752319336,0.0,0.0,0.0,0.01750597357749939,0.016284646466374397,0.01791669800877571,,,,,,,,,,,,,,,
mscim_no_kg,val,2024-06-29,52.085166931152344,57.624332427978516,0.4201362431049347,0.40328967571258545,-4.881000518798828,0.01493021845817566,0.0,0.0,0.0,0.021532520651817322,0.020556114614009857,0.022874968126416206,,,,,,,,,,,,,,,
mscim_no_kg,val,2024-06-30,55.59550094604492,54.420143127441406,0.409267783164978,0.4128298759460449,3.510334014892578,-0.010868459939956665,0.0,0.0,0.0,0.031095309183001518,0.02997152879834175,0.03255676478147507,,,,,,,,,,,,,,,
mscim_no_kg,val,2024-07-01,55.30950164794922,58.767852783203125,0.4101276993751526,0.40001070499420166,-0.2859992980957031,0.0008599162101745605,0.0,0.0,0.0,0.06203015521168709,0.061534591019153595,0.07000178843736649,,,,,,,,,,,,,,,
mscim_no_kg,val,2024-07-02,40.50716781616211,59.519020080566406,0.4618963897228241,0.39789074659347534,-14.80233383178711,0.05176869034767151,0.0,0.0,0.0,0.06560038030147552,0.06508386880159378,0.07495422661304474,,,,,,,,,,,,,,,
mscim_no_kg,val,2024-07-03,58.07866668701172,46.48760986328125,0.4019792973995209,0.4390496015548706,17.57149887084961,-0.05991709232330322,1.0,1.0,1.0,0.10953977704048157,0.1084628626704216,0.11872208118438721,,,,,,,,,,,,,,,
mscim_no_kg,val,2024-07-04,52.16283416748047,63.712772369384766,0.41988810896873474,0.38651835918426514,-5.91583251953125,0.017908811569213867,0.0,0.0,0.0,0.1548503190279007,0.1602107584476471,0.17311543226242065,,,,,,,,,,,,,,,
mscim_no_kg,val,2024-07-05,64.76266479492188,62.01738739013672,0.38378670811653137,0.39102447032928467,12.599830627441406,-0.03610140085220337,1.0,1.0,1.0,0.3368088901042938,0.3498886227607727,0.3655013144016266,,,,,,,,,,,,,,,
mscim_no_kg,val,2024-07-06,86.30249786376953,76.313232421875,0.3356962502002716,0.35632139444351196,21.539833068847656,-0.048090457916259766,1.0,1.0,1.0,0.4404052793979645,0.45778244733810425,0.4698238968849182,,,,,,,,,,,,,,,
mscim_no_kg,val,2024-07-07,109.11433410644531,97.59626770019531,0.2962939441204071,0.3150472640991211,22.81183624267578,-0.0394023060798645,1.0,1.0,1.0,0.4877735674381256,0.5058131814002991,0.5116816163063049,,,,,,,,,,,,,,,
mscim_no_kg,val,2024-07-08,120.86266326904297,116.31364440917969,0.27908700704574585,0.28554433584213257,11.748329162597656,-0.017206937074661255,0.0,0.0,0.0,0.30403751134872437,0.3195013701915741,0.3349175751209259,,,,,,,,,,,,,,,
mscim_no_kg,val,2024-07-09,110.69950103759766,122.26274108886719,0.29386794567108154,0.2771480083465576,-10.163162231445312,0.014780938625335693,0.0,0.0,0.0,0.14621643722057343,0.15001830458641052,0.16112574934959412,,,,,,,,,,,,,,,
mscim_no_kg,val,2024-07-10,119.88166809082031,105.34037780761719,0.28045889735221863,0.30221331119537354,9.182167053222656,-0.013409048318862915,0.0,0.0,0.0,0.04097195714712143,0.0398259200155735,0.04372045770287514,,,,,,,,,,,,,,,
mscim_no_kg,val,2024-07-11,98.66999816894531,107.28424072265625,0.31320881843566895,0.299138605594635,-21.211669921875,0.03274992108345032,0.0,0.0,0.0,0.022892026230692863,0.02166666090488434,0.02355917915701866,,,,,,,,,,,,,,,
mscim_no_kg,val,2024-07-12,91.74674987792969,89.3477783203125,0.3254283666610718,0.32987648248672485,-6.923248291015625,0.012219548225402832,0.0,0.0,0.0,0.01971946470439434,0.018789142370224,0.020257076248526573,,,,,,,,,,,,,,,
mscim_no_kg,val,2024-07-13,62.457000732421875,83.5301284790039,0.38984450697898865,0.34117376804351807,-29.289749145507812,0.06441614031791687,0.0,0.0,0.0,0.019163047894835472,0.018176864832639694,0.020147569477558136,,,,,,,,,,,,,,,
mscim_no_kg,val,2024-07-14,52.44340133666992,61.124820709228516,0.4189946949481964,0.3934457302093506,-10.013599395751953,0.029150187969207764,0.0,0.0,0.0,0.02140531875193119,0.020121190696954727,0.021768298000097275,,,,,,,,,,,,,,,
mscim_no_kg,val,2024-07-15,46.90299987792969,54.35005187988281,0.43757131695747375,0.41304469108581543,-5.540401458740234,0.018576622009277344,0.0,0.0,0.0,0.027175169438123703,0.026357654482126236,0.02805732563138008,,,,,,,,,,,,,,,
mscim_no_kg,val,2024-07-16,48.763668060302734,50.640472412109375,0.4311032295227051,0.4248195290565491,1.8606681823730469,-0.006468087434768677,0.0,0.0,0.0,0.03479504585266113,0.03397409990429878,0.03632724657654762,,,,,,,,,,,,,,,
mscim_no_kg,val,2024-07-17,46.490665435791016,53.519142150878906,0.4390386641025543,0.41561204195022583,-2.2730026245117188,0.007935434579849243,0.0,0.0,0.0,0.051042623817920685,0.050433214753866196,0.05373641103506088,,,,,,,,,,,,,,,
mscim_no_kg,val,2024-07-18,51.77333450317383,51.62600326538086,0.4211362600326538,0.4216107726097107,5.2826690673828125,-0.017902404069900513,0.0,0.0,0.0,0.06077158451080322,0.06154770776629448,0.06575152277946472,,,,,,,,,,,,,,,
mscim_no_kg,val,2024-07-19,54.82316589355469,58.34016036987305,0.4116000533103943,0.4012296795845032,3.0498313903808594,-0.009536206722259521,0.0,0.0,0.0,0.14696139097213745,0.1578069031238556,0.17043852806091309,,,,,,,,,,,,,,,
mscim_no_kg,val,2024-07-20,69.66600036621094,64.90691375732422,0.37158069014549255,0.3834148049354553,14.84283447265625,-0.04001936316490173,1.0,1.0,1.0,0.33257168531417847,0.35672757029533386,0.3708706796169281,,,,,,,,,,,,,,,
mscim_no_kg,val,2024-07-21,87.78266906738281,78.23351287841797,0.332842618227005,0.3521571159362793,18.116668701171875,-0.03873807191848755,1.0,1.0,1.0,0.2505589723587036,0.27077820897102356,0.2855013906955719,,,,,,,,,,,,,,,
mscim_no_kg,val,2024-07-22,98.84449768066406,99.44157409667969,0.31291189789772034,0.31189990043640137,11.06182861328125,-0.019930720329284668,0.0,0.0,0.0,0.3368512690067291,0.35855671763420105,0.3682618737220764,,,,,,,,,,,,,,,
mscim_no_kg,val,2024-07-23,122.2731704711914,110.99314880371094,0.27713367342948914,0.29342228174209595,23.428672790527344,-0.0357782244682312,1.0,1.0,1.0,0.25487443804740906,0.27205419540405273,0.2782288193702698,,,,,,,,,,,,,,,
mscim_no_kg,val,2024-07-24,130.135498046875,125.9035873413086,0.26663923263549805,0.2722071409225464,7.862327575683594,-0.010494440793991089,0.0,0.0,0.0,0.10588384419679642,0.10756773501634598,0.11097787320613861,,,,,,,,,,,,,,,
mscim_no_kg,val,2024-07-25,133.7811737060547,126.87091827392578,0.2619848847389221,0.27091819047927856,3.6456756591796875,-0.004654347896575928,0.0,0.0,0.0,0.05302815139293671,0.05242515727877617,0.053250450640916824,,,,,,,,,,,,,,,
mscim_no_kg,val,2024-07-26,141.0395050048828,121.55441284179688,0.2530818283557892,0.27812618017196655,7.258331298828125,-0.008903056383132935,0.0,0.0,0.0,0.02529529482126236,0.025638941675424576,0.02631119079887867,,,,,,,,,,,,,,,
mscim_no_kg,val,2024-07-27,131.18833923339844,122.36217498779297,0.26528194546699524,0.2770111560821533,-9.851165771484375,0.012200117111206055,0.0,0.0,0.0,0.01764572039246559,0.01737511157989502,0.01799919456243515,,,,,,,,,,,,,,,
mscim_no_kg,val,2024-07-28,109.01066589355469,115.55794525146484,0.2964538335800171,0.2866412401199341,-22.17767333984375,0.03117188811302185,0.0,0.0,0.0,0.017581503838300705,0.01648535393178463,0.017340432852506638,,,,,,,,,,,,,,,
mscim_no_kg,val,2024-07-29,88.85250091552734,97.55152893066406,0.3308095335960388,0.3151242733001709,-20.158164978027344,0.03435570001602173,0.0,0.0,0.0,0.01660923846065998,0.015580561012029648,0.01654963754117489,,,,,,,,,,,,,,,
mscim_no_kg,val,2024-07-30,77.39167022705078,82.64840698242188,0.35397017002105713,0.34295356273651123,-11.460830688476562,0.02316063642501831,0.0,0.0,0.0,0.019142167642712593,0.018369775265455246,0.019719839096069336,,,,,,,,,,,,,,,
mscim_no_kg,val,2024-07-31,75.24933624267578,73.43757629394531,0.3586733341217041,0.36275506019592285,-2.142333984375,0.004703164100646973,0.0,0.0,0.0,0.022602584213018417,0.02206343784928322,0.024249421432614326,,,,,,,,,,,,,,,
mscim_no_kg,val,2024-08-01,73.45016479492188,72.28433227539062,0.3627263903617859,0.3654053211212158,-1.7991714477539062,0.004053056240081787,0.0,0.0,0.0,0.029530055820941925,0.029626857489347458,0.03308422490954399,,,,,,,,,,,,,,,
mscim_no_kg,val,2024-08-02,92.82499694824219,74.10138702392578,0.3234664797782898,0.3612481355667114,19.374832153320312,-0.039259910583496094,1.0,1.0,1.0,0.08890547603368759,0.09406636655330658,0.10864739865064621,,,,,,,,,,,,,,,
mscim_no_kg,val,2024-08-03,116.86866760253906,100.9527359008789,0.28474318981170654,0.3093652129173279,24.043670654296875,-0.03872328996658325,1.0,1.0,1.0,0.6463679075241089,0.641330361366272,0.651271641254425,,,,,,,,,,,,,,,
mscim_no_kg,val,2024-08-04,125.10099792480469,128.54229736328125,0.27328401803970337,0.2687140107154846,8.232330322265625,-0.011459171772003174,0.0,0.0,0.0,0.6350350975990295,0.6309552192687988,0.6393035054206848,,,,,,,,,,,,,,,
mscim_no_kg,val,2024-08-05,120.83316802978516,140.33282470703125,0.2791280746459961,0.25392836332321167,-4.267829895019531,0.005844056606292725,0.0,0.0,0.0,0.574378490447998,0.5691342949867249,0.5760053992271423,,,,,,,,,,,,,,,
mscim_no_kg,val,2024-08-06,116.02933502197266,132.06912231445312,0.28595617413520813,0.26415473222732544,-4.8038330078125,0.006828099489212036,0.0,0.0,0.0,0.1927453577518463,0.1954052597284317,0.20324759185314178,,,,,,,,,,,,,,,
mscim_no_kg,val,2024-08-07,116.55149841308594,122.1037368774414,0.2852005362510681,0.27736711502075195,0.5221633911132812,-0.0007556378841400146,0.0,0.0,0.0,0.07286954671144485,0.07183099538087845,0.07597798854112625,,,,,,,,,,,,,,,
mscim_no_kg,val,2024-08-08,112.18260192871094,113.56231689453125,0.2916291058063507,0.28957247734069824,-4.368896484375,0.006428569555282593,0.0,0.0,0.0,0.024015959352254868,0.022707542404532433,0.023924892768263817,,,,,,,,,,,,,,,
mscim_no_kg,val,2024-08-09,130.64474487304688,107.96260833740234,0.26598137617111206,0.29807859659194946,18.462142944335938,-0.025647729635238647,0.0,0.0,0.0,0.01620434783399105,0.015336993150413036,0.016170524060726166,,,,,,,,,,,,,,,
mscim_no_kg,val,2024-08-10,110.28700256347656,117.42914581298828,0.29449591040611267,0.2839379906654358,-20.357742309570312,0.02851453423500061,0.0,0.0,0.0,0.012545824982225895,0.01138696912676096,0.012056220322847366,,,,,,,,,,,,,,,
mscim_no_kg,val,2024-08-11,94.27950286865234,100.25657653808594,0.32085537910461426,0.3105281591415405,-16.00749969482422,0.026359468698501587,0.0,0.0,0.0,0.011527948081493378,0.010411660186946392,0.010955458506941795,,,,,,,,,,,,,,,
mscim_no_kg,val,2024-08-12,72.24140167236328,86.62348937988281,0.36550480127334595,0.3350732922554016,-22.038101196289062,0.04464942216873169,0.0,0.0,0.0,0.010608622804284096,0.009740118868649006,0.010369115509092808,,,,,,,,,,,,,,,
mscim_no_kg,val,2024-08-13,50.115665435791016,69.1583480834961,0.426553338766098,0.3728044033050537,-22.125736236572266,0.061048537492752075,0.0,0.0,0.0,0.010248500853776932,0.009478941559791565,0.009921048767864704,,,,,,,,,,,,,,,
mscim_no_kg,val,2024-08-14,41.341331481933594,52.07732391357422,0.4585190713405609,0.42016130685806274,-8.774333953857422,0.03196573257446289,0.0,0.0,0.0,0.011610613204538822,0.010751921683549881,0.011056789197027683,,,,,,,,,,,,,,,
mscim_no_kg,val,2024-08-15,44.02316665649414,44.84698486328125,0.44809505343437195,0.44501733779907227,2.681835174560547,-0.010424017906188965,0.0,0.0,0.0,0.013509404845535755,0.012717623263597488,0.013246361166238785,,,,,,,,,,,,,,,
mscim_no_kg,val,2024-08-16,48.2244987487793,48.06471252441406,0.43295228481292725,0.4335041046142578,4.201332092285156,-0.015142768621444702,0.0,0.0,0.0,0.016616778448224068,0.015899622812867165,0.016736233606934547,,,,,,,,,,,,,,,
mscim_no_kg,test,2024-09-07,93.95316314697266,92.1877670288086,0.3214377164840698,0.324623167514801,5.602996826171875,-0.010323405265808105,0.0,0.0,0.0,0.01610540598630905,0.0153666902333498,0.015447852201759815,,,,,,,,,,,,,,,
mscim_no_kg,test,2024-09-08,102.64383697509766,92.40299224853516,0.30657291412353516,0.3242316246032715,8.690673828125,-0.014864802360534668,0.0,0.0,0.0,0.012396941892802715,0.011408998630940914,0.011723272502422333,,,,,,,,,,,,,,,
mscim_no_kg,test,2024-09-09,107.69249725341797,98.28072357177734,0.2984999120235443,0.3138729929924011,5.0486602783203125,-0.008073002099990845,0.0,0.0,0.0,0.01158348098397255,0.010609623976051807,0.010900872759521008,,,,,,,,,,,,,,,
mscim_no_kg,test,2024-09-10,88.54666900634766,99.8861083984375,0.3313882350921631,0.31115031242370605,-19.145828247070312,0.032888323068618774,0.0,0.0,0.0,0.01099944207817316,0.01004217192530632,0.010253454558551311,,,,,,,,,,,,,,,
mscim_no_kg,test,2024-09-11,75.02999877929688,82.93864440917969,0.359162300825119,0.3423656225204468,-13.516670227050781,0.027774065732955933,0.0,0.0,0.0,0.010643458925187588,0.009726905263960361,0.010177388787269592,,,,,,,,,,,,,,,
mscim_no_kg,test,2024-09-12,55.55416488647461,72.968505859375,0.4093917906284332,0.36382806301116943,-19.475833892822266,0.05022948980331421,0.0,0.0,0.0,0.011255900375545025,0.010452589951455593,0.011105657555162907,,,,,,,,,,,,,,,
mscim_no_kg,test,2024-09-13,53.781166076660156,57.62609100341797,0.4147982597351074,0.40328454971313477,-1.7729988098144531,0.005406469106674194,0.0,0.0,0.0,0.01280660554766655,0.012056971900165081,0.012678486295044422,,,,,,,,,,,,,,,
mscim_no_kg,test,2024-09-14,54.09400177001953,57.49058532714844,0.4138317406177521,0.4036773443222046,0.312835693359375,-0.0009665191173553467,0.0,0.0,0.0,0.017270052805542946,0.016650628298521042,0.017363252118229866,,,,,,,,,,,,,,,
mscim_no_kg,test,2024-09-15,55.83416748046875,59.293373107910156,0.40855351090431213,0.39852482080459595,1.7401657104492188,-0.005278229713439941,0.0,0.0,0.0,0.03184383362531662,0.03189621865749359,0.03360583260655403,,,,,,,,,,,,,,,
mscim_no_kg,test,2024-09-16,48.1952018737793,68.962646484375,0.4330533444881439,0.37327855825424194,-7.638965606689453,0.024499833583831787,0.0,0.0,0.0,0.6926990747451782,0.6713656783103943,0.6744979619979858,,,,,,,,,,,,,,,
mscim_no_kg,test,2024-09-17,116.66533660888672,63.95207977294922,0.28503626585006714,0.385891854763031,68.47013854980469,-0.14801707863807678,1.0,1.0,1.0,0.393700510263443,0.39159145951271057,0.38698649406433105,,,,,,,,,,,,,,,
mscim_no_kg,test,2024-09-18,176.28433227539062,115.52015686035156,0.2154601365327835,0.28669625520706177,59.618995666503906,-0.06957612931728363,1.0,1.0,1.0,0.0451589971780777,0.04527150094509125,0.04911942780017853,,,,,,,,,,,,,,,
mscim_no_kg,test,2024-09-19,190.49400329589844,157.53179931640625,0.20237329602241516,0.23443645238876343,14.209671020507812,-0.013086840510368347,0.0,0.0,0.0,0.03906773775815964,0.0375567190349102,0.038821760565042496,,,,,,,,,,,,,,,
mscim_no_kg,test,2024-09-20,231.56016540527344,171.42434692382812,0.1693950593471527,0.22017812728881836,41.066162109375,-0.03297823667526245,1.0,1.0,1.0,0.04838348180055618,0.04621310532093048,0.04559478536248207,,,,,,,,,,,,,,,
mscim_no_kg,test,2024-09-21,150.12083435058594,201.47607421875,0.24256257712841034,0.1929079294204712,-81.4393310546875,0.07316751778125763,0.0,0.0,0.0,0.03903356194496155,0.03679480776190758,0.037507135421037674,,,,,,,,,,,,,,,
mscim_no_kg,test,2024-09-22,135.26283264160156,137.96302795410156,0.2601291537284851,0.25679856538772583,-14.858001708984375,0.017566576600074768,0.0,0.0,0.0,0.024532539770007133,0.023077165707945824,0.023349126800894737,,,,,,,,,,,,,,,
mscim_no_kg,test,2024-09-23,123.44149780273438,129.4354248046875,0.2755325734615326,0.2675477862358093,-11.821334838867188,0.015403419733047485,0.0,0.0,0.0,0.029124680906534195,0.02703947387635708,0.02649828977882862,,,,,,,,,,,,,,,
mscim_no_kg,test,2024-10-18,245.25950622558594,203.80508422851562,0.15967996418476105,0.19096672534942627,54.393341064453125,-0.042363762855529785,1.0,1.0,1.0,0.28287243843078613,0.29813164472579956,0.2927832007408142,,,,,,,,,,,,,,,
mscim_no_kg,test,2024-10-19,296.135009765625,235.8541259765625,0.12780362367630005,0.16628968715667725,50.87550354003906,-0.031876340508461,1.0,1.0,1.0,0.09659026563167572,0.09423261135816574,0.09016293287277222,,,,,,,,,,,,,,,
mscim_no_kg,test,2024-10-20,265.0311584472656,254.0218963623047,0.14657174050807953,0.15374541282653809,-31.103851318359375,0.01876811683177948,0.0,0.0,0.0,0.0288684219121933,0.027677584439516068,0.02676396630704403,,,,,,,,,,,,,,,
mscim_no_kg,test,2024-10-21,223.7191619873047,221.8860321044922,0.17521655559539795,0.17660683393478394,-41.31199645996094,0.02864481508731842,0.0,0.0,0.0,0.019860561937093735,0.01890181191265583,0.0188718494027853,,,,,,,,,,,,,,,
mscim_no_kg,test,2024-10-22,199.46200561523438,192.08871459960938,0.19460482895374298,0.20096564292907715,-24.257156372070312,0.019388273358345032,0.0,0.0,0.0,0.017658047378063202,0.016758905723690987,0.01689145900309086,,,,,,,,,,,,,,,
mscim_no_kg,test,2024-10-23,131.52149963378906,169.1961212158203,0.26485469937324524,0.22238588333129883,-67.94050598144531,0.07024987041950226,0.0,0.0,0.0,0.01673075184226036,0.015691088512539864,0.015880102291703224,,,,,,,,,,,,,,,
mscim_no_kg,test,2024-10-24,92.78983306884766,120.42217254638672,0.3235301077365875,0.2797016501426697,-38.731666564941406,0.058675408363342285,0.0,0.0,0.0,0.018033482134342194,0.01727256178855896,0.017654120922088623,,,,,,,,,,,,,,,
mscim_no_kg,test,2024-10-25,64.95050048828125,90.05026245117188,0.38330259919166565,0.32856184244155884,-27.839332580566406,0.059772491455078125,0.0,0.0,0.0,0.019597088918089867,0.018835216760635376,0.019136039540171623,,,,,,,,,,,,,,,
mscim_no_kg,test,2024-10-26,58.926334381103516,65.93793487548828,0.39956122636795044,0.38078010082244873,-6.024166107177734,0.01625862717628479,0.0,0.0,0.0,0.01919608935713768,0.018425388261675835,0.01864197663962841,,,,,,,,,,,,,,,
mscim_no_kg,test,2024-10-27,56.665164947509766,60.861053466796875,0.406089723110199,0.394167959690094,-2.26116943359375,0.006528496742248535,0.0,0.0,0.0,0.026164991781115532,0.026857906952500343,0.02848193794488907,,,,,,,,,,,,,,,
mscim_no_kg,test,2024-10-28,58.47999954223633,61.88563919067383,0.40083014965057373,0.391379714012146,1.8148345947265625,-0.005259573459625244,0.0,0.0,0.0,0.06579982489347458,0.06556243449449539,0.07023129612207413,,,,,,,,,,,,,,,
mscim_no_kg,test,2024-10-29,73.51300048828125,71.32510375976562,0.362583190202713,0.3676416873931885,15.033000946044922,-0.03824695944786072,1.0,1.0,1.0,0.15613214671611786,0.15970568358898163,0.16582323610782623,,,,,,,,,,,,,,,
mscim_no_kg,test,2024-10-30,97.34549713134766,93.08843994140625,0.3154795169830322,0.3229905366897583,23.832496643066406,-0.047103673219680786,1.0,1.0,1.0,0.6369377970695496,0.6294389367103577,0.6057057976722717,,,,,,,,,,,,,,,
mscim_no_kg,test,2024-10-31,113.06800079345703,118.78350830078125,0.2903064787387848,0.2820078730583191,15.722503662109375,-0.025173038244247437,0.0,0.0,0.0,0.7222096920013428,0.7045075297355652,0.688670814037323,,,,,,,,,,,,,,,
mscim_no_kg,test,2024-11-01,134.73974609375,136.67401123046875,0.2607819736003876,0.25838035345077515,21.67174530029297,-0.029524505138397217,1.0,1.0,1.0,0.6199457049369812,0.6109379529953003,0.5986324548721313,,,,,,,,,,,,,,,
mscim_no_kg,test,2024-11-02,57.730499267578125,144.2083282470703,0.40298256278038025,0.24933671951293945,-77.00924682617188,0.14220058917999268,0.0,0.0,0.0,0.11529125273227692,0.11951406300067902,0.12026023119688034,,,,,,,,,,,,,,,
mscim_no_kg,test,2024-11-03,55.44150161743164,69.51456451416016,0.40973028540611267,0.371944785118103,-2.2889976501464844,0.006747722625732422,0.0,0.0,0.0,0.06420367956161499,0.06419026106595993,0.06795624643564224,,,,,,,,,,,,,,,
mscim_no_kg,test,2024-11-04,58.58300018310547,65.10734558105469,0.4005364775657654,0.3828994035720825,3.141498565673828,-0.00919380784034729,0.0,0.0,0.0,0.04418141767382622,0.04391692951321602,0.043918151408433914,,,,,,,,,,,,,,,
mscim_no_kg,test,2024-11-05,70.3145980834961,70.75145721435547,0.37002989649772644,0.36899328231811523,11.731597900390625,-0.03050658106803894,1.0,1.0,1.0,0.06108004227280617,0.06076262518763542,0.061308603733778,,,,,,,,,,,,,,,
mscim_no_kg,test,2024-11-06,90.01166534423828,84.7015151977539,0.3286338150501251,0.33883780241012573,19.697067260742188,-0.04139608144760132,1.0,1.0,1.0,0.08819038420915604,0.0877285748720169,0.08752375096082687,,,,,,,,,,,,,,,
mscim_no_kg,test,2024-11-07,83.07050323486328,103.14303588867188,0.34209921956062317,0.3057573437690735,-6.941162109375,0.013465404510498047,0.0,0.0,0.0,0.07501979917287827,0.07407066971063614,0.07382240891456604,,,,,,,,,,,,,,,
mscim_no_kg,test,2024-11-08,68.03433227539062,89.50421142578125,0.37554579973220825,0.3295828700065613,-15.036170959472656,0.03344658017158508,0.0,0.0,0.0,0.03537915274500847,0.03474386781454086,0.034951500594615936,,,,,,,,,,,,,,,
mscim_no_kg,test,2024-11-09,51.39619827270508,72.21266174316406,0.4223535656929016,0.36557137966156006,-16.638134002685547,0.04680776596069336,0.0,0.0,0.0,0.030216220766305923,0.02955150604248047,0.029941920191049576,,,,,,,,,,,,,,,
mscim_no_kg,test,2024-11-10,46.75419998168945,56.43872833251953,0.43809938430786133,0.40675753355026245,-4.641998291015625,0.015745818614959717,0.0,0.0,0.0,0.03669779375195503,0.036917611956596375,0.03689679875969887,,,,,,,,,,,,,,,
mscim_no_kg,test,2024-11-11,55.27299880981445,53.03964614868164,0.41023775935173035,0.41711151599884033,8.518798828125,-0.02786162495613098,1.0,1.0,1.0,0.050232548266649246,0.05201343446969986,0.053438521921634674,,,,,,,,,,,,,,,
mscim_no_kg,test,2024-11-12,60.32416534423828,63.76380157470703,0.39564749598503113,0.3863845467567444,5.051166534423828,-0.014590263366699219,0.0,0.0,0.0,0.08461997658014297,0.09064780920743942,0.09313967823982239,,,,,,,,,,,,,,,
mscim_no_kg,test,2024-11-13,77.5,70.88878631591797,0.3537357449531555,0.36866873502731323,17.17583465576172,-0.04191175103187561,1.0,1.0,1.0,0.15400375425815582,0.1716572791337967,0.17646071314811707,,,,,,,,,,,,,,,
mscim_no_kg,test,2024-11-14,108.54566955566406,93.83023071289062,0.29717278480529785,0.32165759801864624,31.045669555664062,-0.056562960147857666,1.0,1.0,1.0,0.31746286153793335,0.34905779361724854,0.3509651720523834,,,,,,,,,,,,,,,
mscim_no_kg,test,2024-11-15,154.7183380126953,132.97607421875,0.23747578263282776,0.26300179958343506,46.17266845703125,-0.05969700217247009,1.0,1.0,1.0,0.5881989002227783,0.6054516434669495,0.5942181348800659,,,,,,,,,,,,,,,
mscim_no_kg,test,2024-11-16,194.50782775878906,160.8546142578125,0.1988523155450821,0.23091554641723633,39.78948974609375,-0.038623467087745667,1.0,1.0,1.0,0.16928371787071228,0.18815810978412628,0.19083423912525177,,,,,,,,,,,,,,,
mscim_no_kg,test,2024-11-17,190.64332580566406,202.28773498535156,0.2022409737110138,0.19222891330718994,-3.864501953125,0.0033886581659317017,0.0,0.0,0.0,0.16389510035514832,0.17783284187316895,0.17582465708255768,,,,,,,,,,,,,,,
mscim_no_kg,test,2024-11-18,165.2895965576172,209.41363525390625,0.22632724046707153,0.1863810420036316,-25.353729248046875,0.02408626675605774,0.0,0.0,0.0,0.25931236147880554,0.27745160460472107,0.26637834310531616,,,,,,,,,,,,,,,
mscim_no_kg,test,2024-11-19,180.87783813476562,181.67111206054688,0.21111825108528137,0.21037954092025757,15.588241577148438,-0.015208989381790161,0.0,0.0,0.0,0.1722009927034378,0.18510624766349792,0.17784932255744934,,,,,,,,,,,,,,,
mscim_no_kg,test,2024-11-20,157.04266357421875,172.31039428710938,0.23496094346046448,0.21930813789367676,-23.835174560546875,0.023842692375183105,0.0,0.0,0.0,0.045047614723443985,0.04524141550064087,0.046098850667476654,,,,,,,,,,,,,,,
mscim_no_kg,test,2024-11-21,159.2792510986328,146.03787231445312,0.23257572948932648,0.2472115159034729,2.2365875244140625,-0.0023852139711380005,0.0,0.0,0.0,0.02767077647149563,0.027069635689258575,0.027858814224600792,,,,,,,,,,,,,,,
mscim_no_kg,test,2024-11-22,96.08450317382812,143.26419067382812,0.31766995787620544,0.2504439353942871,-63.19474792480469,0.08509422838687897,0.0,0.0,0.0,0.02699059061706066,0.02642282098531723,0.02728147991001606,,,,,,,,,,,,,,,
mscim_no_kg,test,2024-11-23,66.27283477783203,93.53766632080078,0.3799329996109009,0.3221820592880249,-29.811668395996094,0.062263041734695435,0.0,0.0,0.0,0.026933085173368454,0.02640106901526451,0.027216488495469093,,,,,,,,,,,,,,,
mscim_no_kg,test,2024-11-24,55.54033279418945,71.5924301147461,0.4094333350658417,0.3670154809951782,-10.732501983642578,0.029500335454940796,0.0,0.0,0.0,0.04044130817055702,0.04174011945724487,0.04202156141400337,,,,,,,,,,,,,,,
mscim_no_kg,test,2024-11-25,51.41699981689453,63.70937728881836,0.4222862124443054,0.38652724027633667,-4.123332977294922,0.012852877378463745,0.0,0.0,0.0,0.05259641259908676,0.05488296225667,0.05544007942080498,,,,,,,,,,,,,,,
mscim_no_kg,test,2024-11-26,81.43599700927734,60.108524322509766,0.34543171525001526,0.39624541997909546,30.018997192382812,-0.07685449719429016,1.0,1.0,1.0,0.10000773519277573,0.10520967096090317,0.10410355776548386,,,,,,,,,,,,,,,
mscim_no_kg,test,2024-11-27,83.51333618164062,93.67855834960938,0.34120750427246094,0.32192927598953247,2.0773391723632812,-0.004224210977554321,0.0,0.0,0.0,0.17903850972652435,0.19020763039588928,0.18552951514720917,,,,,,,,,,,,,,,
mscim_no_kg,test,2024-11-28,89.02716827392578,96.46469116210938,0.3304798901081085,0.31700652837753296,5.513832092285156,-0.010727614164352417,0.0,0.0,0.0,0.18596313893795013,0.19764618575572968,0.19516925513744354,,,,,,,,,,,,,,,
mscim_no_kg,test,2024-11-29,116.90283203125,101.65461730957031,0.28469398617744446,0.3082007169723511,27.87566375732422,-0.04578590393066406,1.0,1.0,1.0,0.18536695837974548,0.19536761939525604,0.19310469925403595,,,,,,,,,,,,,,,
mscim_no_kg,test,2024-11-30,136.15066528320312,122.96930694580078,0.25902679562568665,0.2761778235435486,19.247833251953125,-0.025667190551757812,0.0,0.0,0.0,0.09301135689020157,0.0984535962343216,0.09999428689479828,,,,,,,,,,,,,,,
mscim_no_kg,test,2024-12-01,149.07850646972656,142.7592010498047,0.2437373548746109,0.25103914737701416,12.927841186523438,-0.015289440751075745,0.0,0.0,0.0,0.08985619992017746,0.09571997821331024,0.0986357182264328,,,,,,,,,,,,,,,
mscim_no_kg,test,2024-12-02,180.03782653808594,168.82994079589844,0.21190398931503296,0.2227514386177063,30.959320068359375,-0.03183336555957794,1.0,1.0,1.0,0.219578817486763,0.2359422892332077,0.24011412262916565,,,,,,,,,,,,,,,
mscim_no_kg,test,2024-12-03,198.78750610351562,201.78778076171875,0.195176899433136,0.19264686107635498,18.749679565429688,-0.016727089881896973,0.0,0.0,0.0,0.2658504545688629,0.2746920585632324,0.27880245447158813,,,,,,,,,,,,,,,
mscim_no_kg,test,2024-12-04,174.9654998779297,214.00611877441406,0.21672752499580383,0.1827162504196167,-23.822006225585938,0.021550625562667847,0.0,0.0,0.0,0.16234134137630463,0.16833515465259552,0.16686047613620758,,,,,,,,,,,,,,,
mscim_no_kg,test,2024-12-05,165.18482971191406,173.73748779296875,0.22643421590328217,0.21791619062423706,-9.780670166015625,0.009706690907478333,0.0,0.0,0.0,0.03999724239110947,0.04073081910610199,0.04266657680273056,,,,,,,,,,,,,,,
mscim_no_kg,test,2024-12-06,137.61050415039062,150.63816833496094,0.25722968578338623,0.24198246002197266,-27.574325561523438,0.030795469880104065,0.0,0.0,0.0,0.0209494736045599,0.019934646785259247,0.021103618666529655,,,,,,,,,,,,,,,
mscim_no_kg,test,2024-12-07,131.4774932861328,124.91157531738281,0.26491105556488037,0.2735391855239868,-6.1330108642578125,0.007681369781494141,0.0,0.0,0.0,0.017781006172299385,0.016980191692709923,0.01823783479630947,,,,,,,,,,,,,,,
mscim_no_kg,test,2024-12-08,107.16200256347656,119.02129364013672,0.29933035373687744,0.28167128562927246,-24.31549072265625,0.03441929817199707,0.0,0.0,0.0,0.021816814318299294,0.020044635981321335,0.021011769771575928,,,,,,,,,,,,,,,
mscim_no_kg,test,2024-12-09,90.2308349609375,100.47945404052734,0.3282255530357361,0.3101549744606018,-16.931167602539062,0.028895199298858643,0.0,0.0,0.0,0.03021845780313015,0.03013535961508751,0.031205441802740097,,,,,,,,,,,,,,,
mscim_no_kg,test,2024-12-10,79.02449798583984,90.17472839355469,0.35047104954719543,0.32832998037338257,-11.206336975097656,0.02224549651145935,0.0,0.0,0.0,0.037579722702503204,0.038845788687467575,0.04245464503765106,,,,,,,,,,,,,,,
mscim_no_kg,test,2024-12-11,68.08466339111328,78.1787109375,0.37542209029197693,0.3522745370864868,-10.939834594726562,0.024951040744781494,0.0,0.0,0.0,0.033141158521175385,0.03265383839607239,0.035395458340644836,,,,,,,,,,,,,,,
mscim_no_kg,test,2024-12-12,71.43866729736328,72.74515533447266,0.36737537384033203,0.3643413186073303,3.35400390625,-0.008046716451644897,0.0,0.0,0.0,0.2832326292991638,0.29160046577453613,0.29361650347709656,,,,,,,,,,,,,,,
mscim_no_kg,test,2024-12-13,77.18299865722656,86.94383239746094,0.35442256927490234,0.33445388078689575,5.744331359863281,-0.012952804565429688,0.0,0.0,0.0,0.5045114755630493,0.5128417015075684,0.5140216946601868,,,,,,,,,,,,,,,
mscim_no_kg,test,2024-12-14,87.8028335571289,90.49789428710938,0.3328040540218353,0.32772940397262573,10.619834899902344,-0.021618515253067017,0.0,0.0,0.0,0.6827875971794128,0.6754283308982849,0.6652656197547913,,,,,,,,,,,,,,,
mscim_no_kg,test,2024-12-15,93.36699676513672,107.50126647949219,0.32248878479003906,0.2987987995147705,5.5641632080078125,-0.010315269231796265,0.0,0.0,0.0,0.5764756798744202,0.5884830951690674,0.5856232643127441,,,,,,,,,,,,,,,
mscim_no_kg,test,2024-12-16,91.2248306274414,104.59461975097656,0.3263862431049347,0.30340784788131714,-2.1421661376953125,0.00389745831489563,0.0,0.0,0.0,0.16934418678283691,0.18328841030597687,0.18780051171779633,,,,,,,,,,,,,,,
mscim_no_kg,test,2024-12-17,101.2701644897461,101.87114715576172,0.30883756279945374,0.30784302949905396,10.045333862304688,-0.017548680305480957,0.0,0.0,0.0,0.11687839031219482,0.12782323360443115,0.13413020968437195,,,,,,,,,,,,,,,
mscim_no_kg,test,2024-12-18,110.45600128173828,110.46379089355469,0.2942383587360382,0.2942264676094055,9.185836791992188,-0.014599204063415527,0.0,0.0,0.0,0.13019290566444397,0.14088471233844757,0.15080878138542175,,,,,,,,,,,,,,,
mscim_no_kg,test,2024-12-19,114.97799682617188,121.05543518066406,0.2874878942966461,0.27881866693496704,4.521995544433594,-0.00675046443939209,0.0,0.0,0.0,0.18822015821933746,0.19603945314884186,0.19176054000854492,,,,,,,,,,,,,,,
mscim_no_kg,test,2024-12-20,115.27100372314453,114.17643737792969,0.28705963492393494,0.2886650562286377,0.29300689697265625,-0.00042825937271118164,0.0,0.0,0.0,0.05040045455098152,0.05231645703315735,0.055005550384521484,,,,,,,,,,,,,,,
mscim_no_kg,test,2024-12-21,102.09300231933594,113.66194152832031,0.3074774146080017,0.28942495584487915,-13.178001403808594,0.020417779684066772,0.0,0.0,0.0,0.049629949033260345,0.050399050116539,0.053032662719488144,,,,,,,,,,,,,,,
mscim_no_kg,test,2024-12-22,89.32866668701172,99.86570739746094,0.329912394285202,0.3111846446990967,-12.764335632324219,0.022434979677200317,0.0,0.0,0.0,0.049046117812395096,0.04859478399157524,0.0499991849064827,,,,,,,,,,,,,,,
mscim_no_kg,test,2024-12-23,78.94550323486328,82.30894470214844,0.3506386876106262,0.34364378452301025,-10.383163452148438,0.020726293325424194,0.0,0.0,0.0,0.038928598165512085,0.04035855084657669,0.04255223646759987,,,,,,,,,,,,,,,
mscim_no_kg,test,2024-12-24,74.2873306274414,75.95652770996094,0.3608284294605255,0.3571063280105591,-4.658172607421875,0.010189741849899292,0.0,0.0,0.0,0.042931925505399704,0.045066092163324356,0.047673918306827545,,,,,,,,,,,,,,,
mscim_no_kg,test,2024-12-25,67.9352035522461,73.06743621826172,0.37578970193862915,0.3636012077331543,-6.3521270751953125,0.014961272478103638,0.0,0.0,0.0,0.04888913035392761,0.052426811307668686,0.056141287088394165,,,,,,,,,,,,,,,
mscim_no_kg,test,2024-12-26,167.7779998779297,70.30496215820312,0.22380609810352325,0.3700528144836426,99.8427963256836,-0.1519836038351059,1.0,1.0,1.0,0.16245399415493011,0.18398702144622803,0.20066525042057037,,,,,,,,,,,,,,,
mscim_no_kg,test,2024-12-27,64.22650146484375,152.4849853515625,0.38517624139785767,0.2399277687072754,-103.55149841308594,0.1613701432943344,0.0,0.0,0.0,0.1238720715045929,0.135246142745018,0.1445859670639038,,,,,,,,,,,,,,,
mscim_no_kg,test,2024-12-28,74.37666320800781,79.21038818359375,0.360627144575119,0.35007721185684204,10.150161743164062,-0.024549096822738647,0.0,0.0,0.0,0.44183409214019775,0.4697786867618561,0.481431782245636,,,,,,,,,,,,,,,
mscim_no_kg,test,2024-12-29,85.7941665649414,90.689453125,0.33668744564056396,0.3273743987083435,11.417503356933594,-0.023939698934555054,0.0,0.0,0.0,0.4331299662590027,0.4616077244281769,0.47117409110069275,,,,,,,,,,,,,,,
mscim_no_kg,test,2024-12-30,99.94066619873047,107.15151977539062,0.31105858087539673,0.29934680461883545,14.146499633789062,-0.025628864765167236,0.0,0.0,0.0,0.46167102456092834,0.48996874690055847,0.4991578459739685,,,,,,,,,,,,,,,
mscim_no_kg,test,2024-12-31,119.64679718017578,121.40443420410156,0.28078901767730713,0.27833402156829834,19.706130981445312,-0.0302695631980896,1.0,1.0,1.0,0.4743744432926178,0.5005620121955872,0.4997388422489166,,,,,,,,,,,,,,,
cmfbe_stgcn,train,2023-02-05,150.850830078125,177.2346954345703,0.24174463748931885,0.214552640914917,21.192169189453125,-0.025512903928756714,0.0,0.0,0.0,0.768557071685791,0.7690894603729248,0.7828702330589294,106.24348449707031,0.3007779121398926,0.6652504801750183,1.0601061582565308,0.33393335342407227,0.07644148916006088,0.1379258781671524,0.2616889774799347,0.00014349602861329913,0.21991614997386932,0.3580123782157898,0.09575773775577545,0.47619983553886414,0.6736862659454346,-0.19748643040657043
cmfbe_stgcn,train,2023-08-08,161.54183959960938,195.79238891601562,0.23019643127918243,0.19774073362350464,-77.69566345214844,0.06631419062614441,0.0,0.0,0.0,0.0052995639853179455,0.006116734351962805,0.0063537671230733395,279.42901611328125,0.13762545585632324,0.6652504801750183,0.8516092300415039,0.2520045042037964,0.08948729187250137,0.13033989071846008,0.2354552298784256,0.0015336909564211965,0.21889396011829376,0.06558708101511002,0.017642516642808914,0.45681607723236084,0.3021235764026642,0.15469250082969666
cmfbe_stgcn,train,2024-02-09,74.49500274658203,71.02043151855469,0.36036089062690735,0.36835819482803345,14.92083740234375,-0.03737527132034302,1.0,1.0,1.0,0.45377177000045776,0.4495497941970825,0.44723737239837646,40.56938934326172,0.4616420865058899,0.6652504801750183,1.1160211563110352,0.34903451800346375,0.07736317813396454,0.14928238093852997,0.28129205107688904,7.080845534801483e-05,0.21101951599121094,0.5886960625648499,0.08479727059602737,0.5080084204673767,0.8845128417015076,-0.37650442123413086
cmfbe_stgcn,train,2023-08-14,115.11383056640625,123.09066772460938,0.28728920221328735,0.27601176500320435,19.132164001464844,-0.03056064248085022,1.0,1.0,1.0,0.8811689019203186,0.8865214586257935,0.8861700296401978,78.08430480957031,0.3524770140647888,0.6652504801750183,1.077291488647461,0.348330020904541,0.07731999456882477,0.1575162708759308,0.27039891481399536,0.00023374466400127858,0.21548153460025787,0.481975257396698,0.012019790709018707,0.5054689645767212,0.7094765901565552,-0.20400762557983398
cmfbe_stgcn,train,2022-11-25,359.2120056152344,332.47772216796875,0.09512859582901001,0.10821795463562012,36.8603515625,-0.018323272466659546,0.0,0.0,0.0,0.0634748712182045,0.06034750118851662,0.06285436451435089,320.2483215332031,0.11455953121185303,0.6652504801750183,0.9512032270431519,0.26520296931266785,0.07235457003116608,0.11224255710840225,0.26567015051841736,0.004908468574285507,0.22342616319656372,0.1915106177330017,0.046765074133872986,0.4551757574081421,0.4617018699645996,-0.0065261125564575195
cmfbe_stgcn,train,2023-03-05,107.01983642578125,106.28475952148438,0.29955360293388367,0.30071258544921875,21.399673461914062,-0.03747445344924927,1.0,1.0,1.0,0.5863979458808899,0.595434844493866,0.6148282885551453,60.98808288574219,0.39381974935531616,0.6652504801750183,1.1191108226776123,0.3607531487941742,0.07808435708284378,0.1432723104953766,0.26939165592193604,0.00048659369349479675,0.21624861657619476,0.5248626470565796,0.08471397310495377,0.4912348985671997,0.8258252739906311,-0.3345903754234314
cmfbe_stgcn,train,2022-12-01,240.163330078125,232.87901306152344,0.16322936117649078,0.1684352159500122,3.601837158203125,-0.002554163336753845,0.0,0.0,0.0,0.18844346702098846,0.1871023178100586,0.1887889951467514,869.1817016601562,0.0,0.6652504801750183,1.1279175281524658,0.4118981659412384,0.10161614418029785,1.4582270383834839,0.2934208810329437,0.0009605539962649345,0.21194235980510712,0.27582767605781555,0.06817933917045593,1.854224681854248,0.555949330329895,1.298275351524353
cmfbe_stgcn,train,2024-01-29,138.4425048828125,132.0086669921875,0.2562139332294464,0.2642318606376648,1.2706756591796875,-0.0015537738800048828,0.0,0.0,0.0,0.017578355967998505,0.017690036445856094,0.01827256567776203,109.24996948242188,0.296085000038147,0.6652504801750183,0.9797294735908508,0.2605186402797699,0.09010303020477295,0.061846278607845306,0.26902881264686584,0.0002745282545220107,0.22770538926124573,0.3271283507347107,0.09216698259115219,0.42125266790390015,0.6470007300376892,-0.22574806213378906
cmfbe_stgcn,train,2024-02-17,60.23400115966797,64.80319213867188,0.39589723944664,0.38368213176727295,-16.10382843017578,0.03962981700897217,0.0,0.0,0.0,0.005140128079801798,0.005481239408254623,0.006625657435506582,121.06130981445312,0.2788105010986328,0.6652504801750183,1.1068533658981323,0.3587985038757324,0.09745462983846664,0.8514828681945801,0.2873651385307312,0.00016677082749083638,0.20561350882053375,0.4839911162853241,0.09052440524101257,1.2364693880081177,0.780129075050354,0.45634031295776367
cmfbe_stgcn,train,2023-12-15,163.17233276367188,163.7064971923828,0.22850225865840912,0.22795087099075317,25.29949951171875,-0.02840651571750641,1.0,1.0,1.0,0.9008395671844482,0.9152666330337524,0.9091854691505432,118.68821716308594,0.2821429967880249,0.6652504801750183,0.9446328282356262,0.2822199761867523,0.07335005700588226,0.09039632230997086,0.2507180869579315,0.002828792668879032,0.21018803119659424,0.2708229422569275,0.08495055884122849,0.4172932803630829,0.5659615397453308,-0.14866825938224792
cmfbe_stgcn,train,2023-07-31,108.98833465576172,66.43550109863281,0.29648828506469727,0.37952303886413574,65.39382934570312,-0.15323054790496826,1.0,1.0,1.0,0.9511873722076416,0.9587374925613403,0.9558761119842529,35.57510757446289,0.48336756229400635,0.6652504801750183,1.1125410795211792,0.38986048102378845,0.0798981711268425,0.2861376106739044,0.2845897674560547,0.0007994499173946679,0.19647496938705444,0.6295027136802673,0.02369009517133236,0.6514250636100769,0.8496677875518799,-0.19824272394180298
cmfbe_stgcn,train,2024-01-05,76.63400268554688,86.10443115234375,0.3556186556816101,0.33608174324035645,-12.306327819824219,0.024974972009658813,0.0,0.0,0.0,0.006541712209582329,0.006876091472804546,0.007504062261432409,102.05968475341797,0.30753225088119507,0.6652504801750183,1.141875982284546,0.3560652434825897,0.09724404662847519,0.5615545511245728,0.28454267978668213,5.17389016749803e-05,0.20801295340061188,0.5013977885246277,0.09782049804925919,0.9433929920196533,0.8072312474250793,0.13616174459457397
cmfbe_stgcn,train,2024-02-11,86.91967010498047,93.26573181152344,0.3345005512237549,0.32267099618911743,4.945167541503906,-0.00982600450515747,0.0,0.0,0.0,0.16129636764526367,0.15736910700798035,0.16012613475322723,59.52690124511719,0.39786863327026367,0.6652504801750183,1.0167754888534546,0.29728659987449646,0.07424042373895645,0.09552676975727081,0.2721378207206726,0.0002341193612664938,0.218147873878479,0.4511256814002991,0.08831083029508591,0.4421391487121582,0.7575843930244446,-0.3154452443122864
cmfbe_stgcn,train,2022-12-15,169.62100219726562,166.3323211669922,0.22196270525455475,0.2252662181854248,-12.859832763671875,0.012333884835243225,0.0,0.0,0.0,0.01259151566773653,0.013044208288192749,0.013769685290753841,144.11827087402344,0.24944204092025757,0.6652504801750183,1.141498327255249,0.3504753112792969,0.07745156437158585,0.1426943838596344,0.2884898781776428,0.0005298330797813833,0.22630265355110168,0.4380680024623871,0.07935576140880585,0.5091656446456909,0.7437264323234558,-0.2345607876777649
cmfbe_stgcn,train,2023-07-04,136.69183349609375,140.067138671875,0.2583583891391754,0.254247784614563,30.11766815185547,-0.041896969079971313,1.0,1.0,1.0,0.8107131719589233,0.8228429555892944,0.8123013377189636,106.91424560546875,0.29971957206726074,0.6652504801750183,1.0102382898330688,0.2927858531475067,0.07397357374429703,0.24916578829288483,0.2746473252773285,0.0029195433016866446,0.20620474219322205,0.38865426182746887,0.0026908719446510077,0.6007062196731567,0.5975498557090759,0.0031563639640808105
cmfbe_stgcn,train,2023-07-27,82.71040344238281,78.6449966430664,0.34282779693603516,0.3512778878211975,3.9287338256835938,-0.008159071207046509,0.0,0.0,0.0,0.022011058405041695,0.0221135001629591,0.023222241550683975,64.43498229980469,0.3846345543861389,0.6652504801750183,1.0888005495071411,0.37155890464782715,0.07875395566225052,0.15689675509929657,0.2779930531978607,0.0004999763332307339,0.21107473969459534,0.4980084300041199,0.003297296119853854,0.514143705368042,0.7123804688453674,-0.19823676347732544
cmfbe_stgcn,train,2022-12-22,202.52200317382812,183.576904296875,0.19203343987464905,0.20861786603927612,30.092330932617188,-0.02715793251991272,0.0,0.0,0.0,0.08964154124259949,0.08275347948074341,0.08435641974210739,144.53578186035156,0.2489544153213501,0.6652504801750183,1.149269938468933,0.3955376446247101,0.10031962394714355,0.17247098684310913,0.2806839942932129,0.00013370111992117018,0.21314941346645355,0.43193772435188293,0.08387163281440735,0.5536082983016968,0.7289587259292603,-0.17535042762756348
cmfbe_stgcn,train,2023-09-01,177.82833862304688,156.2511444091797,0.2139882743358612,0.23581314086914062,7.4571685791015625,-0.007229790091514587,0.0,0.0,0.0,0.0368177555501461,0.0392301008105278,0.03663550317287445,536.0429077148438,0.027338922023773193,0.6652504801750183,0.9841376543045044,0.31576773524284363,0.07534415274858475,1.262555718421936,0.26207855343818665,0.0008521428680978715,0.20704469084739685,0.24659763276576996,0.004941912367939949,1.6008305549621582,0.4585842192173004,1.1422463655471802
cmfbe_stgcn,train,2023-09-09,67.5875015258789,82.37296295166016,0.3766480088233948,0.3435133695602417,-0.3018341064453125,0.0007453262805938721,0.0,0.0,0.0,0.15529033541679382,0.1590757519006729,0.1523810476064682,58.294761657714844,0.40135955810546875,0.6652504801750183,1.0942705869674683,0.3400289714336395,0.09601563960313797,0.15679261088371277,0.2814410328865051,0.0003141848719678819,0.21122415363788605,0.46224135160446167,0.011078428477048874,0.5345634818077087,0.6845439076423645,-0.14998042583465576
cmfbe_stgcn,train,2023-06-30,82.57333374023438,99.98053741455078,0.3431059718132019,0.3109915256500244,1.5326690673828125,-0.0031417012214660645,0.0,0.0,0.0,0.7055241465568542,0.7199599742889404,0.703840434551239,61.381771087646484,0.39274513721466064,0.6652504801750183,1.152919888496399,0.4042012393474579,0.08080366998910904,0.16058024764060974,0.29049402475357056,0.0012353627244010568,0.20626486837863922,0.5973517298698425,0.0034386857878416777,0.5331133008003235,0.8070552945137024,-0.2739419937133789
cmfbe_stgcn,train,2023-01-18,60.85649871826172,91.84632873535156,0.39418044686317444,0.3252462148666382,-21.739501953125,0.05112051963806152,0.0,0.0,0.0,0.07907015830278397,0.0770193561911583,0.08159138262271881,57.446922302246094,0.40380406379699707,0.6652504801750183,1.164457082748413,0.3840203583240509,0.07953166216611862,0.16857506334781647,0.29209810495376587,0.0001390658289892599,0.21280895173549652,0.5992850065231323,0.08612687885761261,0.5403438806533813,0.8982208371162415,-0.3578769564628601
cmfbe_stgcn,train,2023-10-14,160.87432861328125,184.72853088378906,0.23089489340782166,0.2075621485710144,25.939834594726562,-0.029643744230270386,1.0,1.0,1.0,0.7142830491065979,0.7327039837837219,0.7166147828102112,153.03831481933594,0.2393169403076172,0.6652504801750183,1.0334442853927612,0.2961239516735077,0.09271427243947983,0.3473779261112213,0.2686501145362854,0.0014574003871530294,0.20601016283035278,0.33952397108078003,0.03963728994131088,0.7101997137069702,0.5851714015007019,0.1250283122062683
cmfbe_stgcn,train,2022-12-27,305.878173828125,140.89247131347656,0.12232725322246552,0.2532575726509094,193.91000366210938,-0.1696237176656723,1.0,1.0,1.0,0.6304026246070862,0.6433178186416626,0.6368086338043213,85.57259368896484,0.33712130784988403,0.6652504801750183,1.0121327638626099,0.30785128474235535,0.0748697966337204,0.08907487988471985,0.2666392922401428,0.0012674089521169662,0.2150280624628067,0.39092350006103516,0.09202279895544052,0.4318513572216034,0.6979743242263794,-0.266122967004776
cmfbe_stgcn,train,2023-12-20,122.16783142089844,133.36338806152344,0.2772787809371948,0.2625117897987366,-30.363494873046875,0.03740224242210388,0.0,0.0,0.0,0.008031071163713932,0.009014884009957314,0.009668258018791676,412.10614013671875,0.07187288999557495,0.6652504801750183,1.0523487329483032,0.3529232442378998,0.07760192453861237,1.308801293373108,0.26680788397789,0.0005803022067993879,0.2077372819185257,0.3650628328323364,0.09119158983230591,1.6537914276123047,0.6639916896820068,0.9897997379302979
cmfbe_stgcn,train,2024-01-07,63.421165466308594,62.024539947509766,0.3872849643230438,0.3910052180290222,-1.18316650390625,0.0030891001224517822,0.0,0.0,0.0,0.01427345722913742,0.01448659785091877,0.015030644834041595,43.10757827758789,0.4515823721885681,0.6652504801750183,1.1388078927993774,0.3702670633792877,0.07867366820573807,0.1473722755908966,0.2780624032020569,0.00011730506230378523,0.21345742046833038,0.5878594517707825,0.09991899132728577,0.5042256116867065,0.901235818862915,-0.3970102071762085
cmfbe_stgcn,train,2023-01-20,90.89616394042969,78.57810974121094,0.3269922137260437,0.35142046213150024,27.133499145507812,-0.05939534306526184,1.0,1.0,1.0,0.28007760643959045,0.2717690169811249,0.2777870297431946,41.80746078491211,0.4566606879234314,0.6652504801750183,1.1456485986709595,0.35887181758880615,0.07796822488307953,0.14370064437389374,0.2848008871078491,0.00017123475845437497,0.21012239158153534,0.6249058246612549,0.08562935888767242,0.5066409707069397,0.9206575751304626,-0.41401660442352295
cmfbe_stgcn,train,2023-07-29,30.982999801635742,95.13917541503906,0.5061397552490234,0.31933075189590454,-61.2239990234375,0.18155160546302795,0.0,0.0,0.0,0.0949803963303566,0.08865179121494293,0.09873121231794357,90.47865295410156,0.3277651071548462,0.6652504801750183,1.0907416343688965,0.3792746663093567,0.07923479378223419,0.3021883964538574,0.2793716490268707,0.0005560395075008273,0.20423205196857452,0.4646800756454468,0.011155948042869568,0.6613509058952332,0.6800680756568909,-0.018717169761657715
cmfbe_stgcn,train,2023-11-26,147.201171875,153.05322265625,0.24587395787239075,0.23930048942565918,26.311668395996094,-0.03317567706108093,1.0,1.0,1.0,0.8029101490974426,0.815650224685669,0.8101922273635864,102.28618621826172,0.3071596026420593,0.6652504801750183,1.071625828742981,0.33936813473701477,0.09596526622772217,0.14030033349990845,0.27193745970726013,0.0010321923764422536,0.21148715913295746,0.3803043067455292,0.08305506408214569,0.5092352032661438,0.6748465299606323,-0.16561132669448853
cmfbe_stgcn,train,2022-11-23,336.93798828125,334.4226989746094,0.1059628278017044,0.10723090171813965,68.79531860351562,-0.03863520920276642,1.0,1.0,1.0,0.8931386470794678,0.897760272026062,0.8971514105796814,301.5796813964844,0.12472152709960938,0.6652504801750183,1.064355731010437,0.3546541631221771,0.07770837098360062,0.29839640855789185,0.26845118403434753,0.002126940991729498,0.21382901072502136,0.272038996219635,0.04371191933751106,0.646682858467102,0.5295799374580383,0.11710292100906372
cmfbe_stgcn,train,2023-11-14,208.1991729736328,204.80303955078125,0.18736357986927032,0.19014161825180054,14.658172607421875,-0.012330204248428345,0.0,0.0,0.0,0.04017293080687523,0.043041542172431946,0.04232535511255264,180.8692626953125,0.2111262083053589,0.6652504801750183,0.993924081325531,0.3043275475502014,0.09332427382469177,0.11641926318407059,0.2725294828414917,0.0026518809609115124,0.21697308123111725,0.2787924110889435,0.05651409178972244,0.48492488265037537,0.5522795915603638,-0.0673547089099884
cmfbe_stgcn,train,2023-05-21,120.30583190917969,123.1053466796875,0.2798643410205841,0.27599167823791504,-11.344497680664062,0.015174567699432373,0.0,0.0,0.0,0.007131665945053101,0.00814923457801342,0.00832152459770441,131.44931030273438,0.26494717597961426,0.6652504801750183,0.9682652354240417,0.2891998589038849,0.0922018438577652,0.1511530578136444,0.258514940738678,0.015302831307053566,0.21544302999973297,0.27083396911621094,0.03241276741027832,0.5171726942062378,0.518689751625061,-0.0015170574188232422
cmfbe_stgcn,train,2023-07-15,91.48049926757812,91.50265502929688,0.3259163498878479,0.3258756399154663,-2.3071670532226562,0.0041825175285339355,0.0,0.0,0.0,0.020904535427689552,0.020865168422460556,0.02200688235461712,74.06587219238281,0.3613284230232239,0.6652504801750183,1.1365870237350464,0.39349687099456787,0.0801270455121994,0.15498186647891998,0.28713732957839966,0.00034164515091106296,0.21069911122322083,0.5415830016136169,0.003579246113076806,0.5225878953933716,0.7558614015579224,-0.23327350616455078
cmfbe_stgcn,train,2024-01-31,116.74016571044922,135.9140625,0.2849283516407013,0.25931984186172485,-31.70549774169922,0.040473759174346924,0.0,0.0,0.0,0.006025597453117371,0.006590205244719982,0.007068958133459091,132.84747314453125,0.26316481828689575,0.6652504801750183,0.9685344099998474,0.2740120589733124,0.07286855578422546,0.15701954066753387,0.26464951038360596,0.0003531763213686645,0.21051323413848877,0.30341169238090515,0.09119746834039688,0.4948907792568207,0.605122447013855,-0.1102316677570343
cmfbe_stgcn,train,2023-06-10,106.8584976196289,126.76840209960938,0.2998073101043701,0.27105432748794556,-21.62017059326172,0.03100988268852234,0.0,0.0,0.0,0.004692798480391502,0.005290246102958918,0.005655031185597181,211.0809326171875,0.1850413680076599,0.6652504801750183,0.9846412539482117,0.3046441674232483,0.07467830181121826,0.6674624681472778,0.2612549364566803,0.008803375996649265,0.21024030447006226,0.2919532358646393,0.016553957015275955,1.0121990442276,0.5187475085258484,0.4934515357017517
cmfbe_stgcn,train,2023-07-26,78.78166961669922,88.39445495605469,0.35098686814308167,0.3316769599914551,-11.641998291015625,0.023119688034057617,0.0,0.0,0.0,0.01755356229841709,0.01828412152826786,0.018761562183499336,74.70933532714844,0.35987967252731323,0.6652504801750183,1.092890977859497,0.3799313008785248,0.07927581667900085,0.1533171683549881,0.2830684781074524,0.0005093970685265958,0.2112029492855072,0.4901410639286041,0.0034299325197935104,0.516170859336853,0.7047739624977112,-0.18860310316085815
cmfbe_stgcn,train,2023-04-22,178.01632690429688,162.01846313476562,0.21380993723869324,0.22969943284988403,4.04083251953125,-0.003875225782394409,0.0,0.0,0.0,0.008389330469071865,0.010270288214087486,0.010302828624844551,170.8780517578125,0.2207167148590088,0.6652504801750183,0.7314582467079163,0.22418294847011566,0.0699988380074501,0.07367962598800659,0.2041858732700348,0.03964143246412277,0.21705149114131927,0.12263298034667969,0.06568214297294617,0.38750576972961426,0.4053666293621063,-0.017860859632492065
cmfbe_stgcn,train,2024-02-14,108.10633087158203,103.15872955322266,0.2978549003601074,0.30573177337646484,-13.030166625976562,0.01914888620376587,0.0,0.0,0.0,0.00737704336643219,0.008297587744891644,0.008552339859306812,99.90804290771484,0.3111134171485901,0.6652504801750183,0.9855199456214905,0.30604287981987,0.09345221519470215,0.07506772875785828,0.2725555896759033,0.0005616785492748022,0.21017898619174957,0.3394078016281128,0.08297967910766602,0.44163721799850464,0.6325664520263672,-0.19092923402786255
cmfbe_stgcn,train,2023-11-05,106.60933685302734,104.47017669677734,0.30019986629486084,0.3036080002784729,-5.5594940185546875,0.008550137281417847,0.0,0.0,0.0,0.005451954901218414,0.005972874350845814,0.006681977305561304,181.30807495117188,0.21071720123291016,0.6652504801750183,1.0060291290283203,0.3031936287879944,0.07459181547164917,0.7553327679634094,0.27300795912742615,0.0024377494119107723,0.2092919647693634,0.3809678256511688,0.03829333931207657,1.105370283126831,0.6285531520843506,0.47681713104248047
cmfbe_stgcn,train,2024-01-25,123.20417022705078,114.19906616210938,0.275856614112854,0.2886316776275635,20.160507202148438,-0.030062764883041382,1.0,1.0,1.0,0.1835029274225235,0.1779707670211792,0.17082823812961578,73.89868927001953,0.36170685291290283,0.6652504801750183,1.1535022258758545,0.39896392822265625,0.08047206699848175,0.13400492072105408,0.29009464383125305,0.000242854657699354,0.2111711949110031,0.5450279712677002,0.07728961855173111,0.5048144459724426,0.8334888219833374,-0.3286743760108948
cmfbe_stgcn,train,2023-07-18,115.83716583251953,103.89849853515625,0.28623512387275696,0.3045305013656616,7.6746673583984375,-0.011532396078109741,0.0,0.0,0.0,0.1358122080564499,0.14296869933605194,0.13620004057884216,125.43982696533203,0.27282851934432983,0.6652504801750183,1.0897384881973267,0.36446571350097656,0.0978923961520195,0.41302698850631714,0.2826666533946991,0.0005236687138676643,0.20352737605571747,0.44156256318092346,0.002091075060889125,0.7941097021102905,0.64718097448349,0.14692872762680054
cmfbe_stgcn,train,2023-02-12,215.3546600341797,203.71661376953125,0.18165500462055206,0.1910400390625,-14.80084228515625,0.01123163104057312,0.0,0.0,0.0,0.003924511838704348,0.004680225159972906,0.0048812697641551495,248.29470825195312,0.15760070085525513,0.6652504801750183,0.9732412695884705,0.3026795983314514,0.09320148080587387,0.2562694847583771,0.2751415967941284,0.0017257231520488858,0.2099984884262085,0.2517566382884979,0.08903796970844269,0.6263383030891418,0.5507931113243103,0.07554519176483154
cmfbe_stgcn,train,2023-03-14,276.6335144042969,246.69837951660156,0.13932602107524872,0.15869104862213135,30.78350830078125,-0.01994742453098297,0.0,0.0,0.0,0.0035936725325882435,0.004506777040660381,0.004923253320157528,398.1721496582031,0.0776968002319336,0.6652504801750183,1.102366328239441,0.3661334812641144,0.09802151471376419,0.6426185965538025,0.2822946608066559,0.0015028459019958973,0.2132173478603363,0.25511977076530457,0.07548855990171432,1.024437665939331,0.5438256859779358,0.48061197996139526
cmfbe_stgcn,train,2023-09-03,189.94833374023438,199.2814483642578,0.20285764336585999,0.19475775957107544,13.38616943359375,-0.012336701154708862,0.0,0.0,0.0,0.027257058769464493,0.03004651516675949,0.02706736885011196,270.2103576660156,0.14329898357391357,0.6652504801750183,0.5265916585922241,0.15436747670173645,0.09919575601816177,0.1290857046842575,0.492477148771286,0.0031732763163745403,0.2160874307155609,0.06078379601240158,0.023486750200390816,0.7239319086074829,0.30035799741744995,0.42357391119003296
cmfbe_stgcn,train,2023-10-16,167.8286590576172,182.10263061523438,0.2237551510334015,0.20997905731201172,-2.2908477783203125,0.002287641167640686,0.0,0.0,0.0,0.022723505273461342,0.024171024560928345,0.023787235841155052,179.13592529296875,0.21275168657302856,0.6652504801750183,0.9423882365226746,0.26676809787750244,0.07244568318128586,0.21909408271312714,0.26298198103904724,0.00295651750639081,0.21037445962429047,0.2625068724155426,0.033247098326683044,0.5574782490730286,0.5061284303665161,0.05134981870651245
cmfbe_stgcn,train,2023-03-09,222.80332946777344,235.93894958496094,0.17590971291065216,0.16622889041900635,39.274993896484375,-0.03275284171104431,1.0,1.0,1.0,0.8638297319412231,0.8909579515457153,0.888363778591156,155.51220703125,0.23661261796951294,0.6652504801750183,0.9999907612800598,0.3080443739891052,0.07488133758306503,0.0787811428308487,0.2647496163845062,0.003099876455962658,0.21691595017910004,0.2952600121498108,0.07400526106357574,0.4215119779109955,0.5861812233924866,-0.1646692454814911
cmfbe_stgcn,train,2023-06-07,130.37049865722656,135.24600219726562,0.2663353383541107,0.26015007495880127,-21.105331420898438,0.02528788149356842,0.0,0.0,0.0,0.0074678994715213776,0.008256708271801472,0.008213052526116371,176.54116821289062,0.21521437168121338,0.6652504801750183,0.8700421452522278,0.2348002940416336,0.08825331181287766,0.22045329213142395,0.25391748547554016,0.021145256236195564,0.2080468386411667,0.20266978442668915,0.020856482908129692,0.5837693810462952,0.4315730929374695,0.15219628810882568
cmfbe_stgcn,train,2023-04-14,92.2490005493164,112.78927612304688,0.32451170682907104,0.29072171449661255,-39.27300262451172,0.059657663106918335,0.0,0.0,0.0,0.0036020297557115555,0.004274237435311079,0.004599638748914003,115.09571838378906,0.2873156666755676,0.6652504801750183,1.130665898323059,0.3793027102947235,0.09904567152261734,0.1514662355184555,0.2855604588985443,0.0030711812432855368,0.2096414715051651,0.41217631101608276,0.04965938627719879,0.5391435623168945,0.6714771389961243,-0.13233357667922974
cmfbe_stgcn,train,2023-10-22,128.3596649169922,163.12594604492188,0.26895350217819214,0.22855019569396973,-19.227996826171875,0.02352161705493927,0.0,0.0,0.0,0.005761917680501938,0.006139255594462156,0.006824973039329052,297.7808532714844,0.12686604261398315,0.6652504801750183,1.0896565914154053,0.31757429242134094,0.09431590139865875,0.9225583076477051,0.28615257143974304,0.001093230675905943,0.2153380811214447,0.352997362613678,0.03724921494722366,1.3041200637817383,0.6055846214294434,0.6985354423522949
cmfbe_stgcn,train,2023-11-04,112.16883087158203,132.73263549804688,0.291649729013443,0.2633104920387268,-38.71399688720703,0.04994085431098938,0.0,0.0,0.0,0.00743013434112072,0.008091004565358162,0.008663219399750233,126.98291015625,0.2707695960998535,0.6652504801750183,0.9662367105484009,0.27473771572113037,0.09113877266645432,0.038958579301834106,0.27590876817703247,0.003208337351679802,0.22127103805541992,0.32017752528190613,0.03897847235202789,0.40921446681022644,0.5804270505905151,-0.1712125837802887
cmfbe_stgcn,train,2023-05-08,133.41749572753906,128.34768676757812,0.262443482875824,0.26896917819976807,-10.801010131835938,0.013118624687194824,0.0,0.0,0.0,0.0029668910428881645,0.003801740938797593,0.003837861120700836,165.82968139648438,0.22577685117721558,0.6652504801750183,0.8531913161277771,0.2760017514228821,0.0912313163280487,0.21282142400741577,0.244357168674469,0.02993791736662388,0.20774973928928375,0.17923057079315186,0.05263366550207138,0.5783478617668152,0.4396139681339264,0.1387338936328888
cmfbe_stgcn,train,2023-08-21,163.23899841308594,140.38229370117188,0.22843334078788757,0.2538689970970154,23.6026611328125,-0.02633357048034668,0.0,0.0,0.0,0.0032765541691333055,0.004071701783686876,0.004380154423415661,258.2337646484375,0.15096503496170044,0.6652504801750183,0.9142420887947083,0.27905744314193726,0.09145528823137283,0.7055663466453552,0.25143757462501526,0.0006845872849225998,0.20907704532146454,0.21071091294288635,0.01780315861105919,1.0491437911987305,0.4375911056995392,0.6115527153015137
cmfbe_stgcn,train,2023-08-09,102.1336669921875,121.8224105834961,0.30741047859191895,0.2777554392814636,-59.408172607421875,0.07721404731273651,0.0,0.0,0.0,0.004116158001124859,0.00482547702267766,0.005232519004493952,175.9171600341797,0.21581202745437622,0.6652504801750183,0.9832789897918701,0.3068867027759552,0.09351520985364914,0.1407596468925476,0.2586655616760254,0.0006774658104404807,0.21830175817012787,0.17820067703723907,0.012369171716272831,0.4936178922653198,0.4088716208934784,0.08474627137184143
cmfbe_stgcn,train,2022-11-24,322.3516540527344,353.9949951171875,0.11345186829566956,0.09760487079620361,-14.586334228515625,0.007489040493965149,0.0,0.0,0.0,0.05963936075568199,0.05716092512011528,0.05966556444764137,385.6865539550781,0.08309066295623779,0.6652504801750183,1.003455400466919,0.29355162382125854,0.0740189179778099,0.25624823570251465,0.2669711709022522,0.0034748793113976717,0.21549992263317108,0.2065695822238922,0.04389173164963722,0.6007131934165955,0.465961217880249,0.13475197553634644
cmfbe_stgcn,train,2023-12-09,75.38816833496094,74.79071044921875,0.3583645820617676,0.3596973419189453,1.6216659545898438,-0.003642141819000244,0.0,0.0,0.0,0.03137771040201187,0.03107442893087864,0.031399838626384735,51.36211395263672,0.4224640130996704,0.6652504801750183,1.1583095788955688,0.3709997534751892,0.09839899837970734,0.1456441581249237,0.28360414505004883,0.00028552208095788956,0.21003584563732147,0.5846055150032043,0.08947833627462387,0.5279328227043152,0.8841196894645691,-0.3561868667602539
cmfbe_stgcn,train,2023-01-28,168.14466857910156,208.20480346679688,0.22343775629997253,0.18735897541046143,-50.621826171875,0.04443851113319397,0.0,0.0,0.0,0.02606397122144699,0.026970798149704933,0.028089119121432304,175.87472534179688,0.2158527374267578,0.6652504801750183,0.9495936632156372,0.31156277656555176,0.0750918984413147,0.036884699016809464,0.26887327432632446,0.0003393618681002408,0.2185429334640503,0.28192704916000366,0.0978429913520813,0.381189227104187,0.5983129739761353,-0.21712374687194824
cmfbe_stgcn,train,2024-01-03,85.38916778564453,92.35499572753906,0.3374813199043274,0.3243188261985779,-20.96649932861328,0.03688085079193115,0.0,0.0,0.0,0.0048754154704511166,0.005394408013671637,0.005853209178894758,122.67562866210938,0.2765803933143616,0.6652504801750183,1.0135958194732666,0.3115091919898987,0.07508867979049683,0.49773040413856506,0.26841869950294495,0.00018453410302754492,0.2087683528661728,0.3849027156829834,0.1062365472316742,0.8414223194122314,0.699907660484314,0.14151465892791748
cmfbe_stgcn,train,2023-11-12,165.37350463867188,163.75975036621094,0.22624161839485168,0.22789597511291504,36.4493408203125,-0.04197278618812561,1.0,1.0,1.0,0.8647822141647339,0.873964250087738,0.86761873960495,148.58872985839844,0.24429214000701904,0.6652504801750183,1.0399250984191895,0.35757535696029663,0.09736035019159317,0.2984691858291626,0.2715928852558136,0.0020584960002452135,0.2075517326593399,0.25394660234451294,0.06704410910606384,0.6694809198379517,0.5285423994064331,0.14093852043151855
cmfbe_stgcn,train,2023-12-08,73.7665023803711,69.88198852539062,0.3620067238807678,0.371062695980072,5.7371673583984375,-0.01355135440826416,0.0,0.0,0.0,0.028853271156549454,0.02889997884631157,0.02961607277393341,46.20384216308594,0.4400668740272522,0.6652504801750183,1.1408206224441528,0.3743537664413452,0.07892787456512451,0.14550825953483582,0.2787376046180725,0.0003182135405950248,0.20902447402477264,0.5838430523872375,0.09068053215742111,0.5034919381141663,0.8835480809211731,-0.38005614280700684
cmfbe_stgcn,train,2023-05-07,144.218505859375,152.0064239501953,0.24932485818862915,0.24045783281326294,0.1685028076171875,-0.00019706785678863525,0.0,0.0,0.0,0.003943006973713636,0.004888329654932022,0.004961244761943817,373.88275146484375,0.08835268020629883,0.6652504801750183,0.7471986413002014,0.231601282954216,0.0704202950000763,1.0446691513061523,0.22482234239578247,0.04171818122267723,0.2071228176355362,0.16901902854442596,0.05595311522483826,1.3816298246383667,0.4320949614048004,0.9495348930358887
cmfbe_stgcn,train,2023-11-07,80.08716583251953,111.40376281738281,0.3482319116592407,0.2928010821342468,-13.3193359375,0.025814175605773926,0.0,0.0,0.0,0.015042020939290524,0.015646446496248245,0.01687341369688511,154.47373962402344,0.2377426028251648,0.6652504801750183,1.137070655822754,0.39052149653434753,0.09992466866970062,0.8715217709541321,0.2889935076236725,0.0008553366060368717,0.20582087337970734,0.5188508033752441,0.0377567894756794,1.2612953186035156,0.7624284625053406,0.49886685609817505
cmfbe_stgcn,train,2023-04-23,153.77783203125,160.63743591308594,0.23850403726100922,0.23114347457885742,-24.238494873046875,0.02469410002231598,0.0,0.0,0.0,0.005281250923871994,0.006418853998184204,0.006661448627710342,176.92831420898438,0.21484464406967163,0.6652504801750183,0.8211607336997986,0.2625696659088135,0.0902518481016159,0.05315433442592621,0.23751309514045715,0.03090502880513668,0.21718929708003998,0.13345001637935638,0.06728147715330124,0.4118243157863617,0.4179207980632782,-0.006096482276916504
cmfbe_stgcn,train,2023-06-11,97.31916809082031,97.48049926757812,0.31552496552467346,0.3152466416358948,-9.539329528808594,0.015717655420303345,0.0,0.0,0.0,0.0043946788646280766,0.004992655478417873,0.005426657386124134,144.6838836669922,0.2487817406654358,0.6652504801750183,0.9863064289093018,0.301532506942749,0.07449286431074142,0.5149116516113281,0.2605554759502411,0.007964160293340683,0.20979073643684387,0.32686156034469604,0.020652763545513153,0.8579241037368774,0.557305097579956,0.3006190061569214
cmfbe_stgcn,train,2023-05-28,80.46366882324219,86.84078216552734,0.34744563698768616,0.3346529006958008,-20.262001037597656,0.037701964378356934,0.0,0.0,0.0,0.016519343480467796,0.018128637224435806,0.01745455153286457,109.92525482177734,0.2950485348701477,0.6652504801750183,1.0986945629119873,0.38406163454055786,0.09941782057285309,0.3826037645339966,0.2883949875831604,0.005282911472022533,0.20353257656097412,0.4688681960105896,0.016721637919545174,0.7756994962692261,0.6891224384307861,0.08657705783843994
cmfbe_stgcn,train,2023-08-26,73.72016906738281,93.95411682128906,0.3621119260787964,0.32143598794937134,-5.6920013427734375,0.012461155652999878,0.0,0.0,0.0,0.08630631119012833,0.09126752614974976,0.0894152969121933,68.72036743164062,0.37386733293533325,0.6652504801750183,1.0798362493515015,0.3474193513393402,0.09658023715019226,0.1505095213651657,0.27847960591316223,0.00018434358935337514,0.21453851461410522,0.44930368661880493,0.004584612790495157,0.5257537364959717,0.6684268116950989,-0.1426730751991272
cmfbe_stgcn,train,2024-01-20,77.22216796875,76.69329071044922,0.35433757305145264,0.3554890751838684,-9.966995239257812,0.02035650610923767,0.0,0.0,0.0,0.00911030825227499,0.010083106346428394,0.01066617388278246,177.27609252929688,0.21451324224472046,0.6652504801750183,1.0141574144363403,0.3258872926235199,0.09494239091873169,1.055933952331543,0.27297019958496094,0.0005013048648834229,0.20341572165489197,0.41534939408302307,0.10173315554857254,1.4243477582931519,0.720498263835907,0.7038494944572449
cmfbe_stgcn,train,2023-07-24,101.23433685302734,105.21318054199219,0.3088970482349396,0.30241644382476807,5.2436676025390625,-0.008937031030654907,0.0,0.0,0.0,0.004490413703024387,0.005200178828090429,0.005724775139242411,285.0169677734375,0.13427650928497314,0.6652504801750183,1.0910590887069702,0.3483090400695801,0.09664838016033173,1.37950599193573,0.28953197598457336,0.0005636988207697868,0.20426610112190247,0.47906777262687683,0.0014800115022808313,1.7662500143051147,0.6848138570785522,1.0814361572265625
cmfbe_stgcn,train,2024-01-04,88.9403305053711,76.88906860351562,0.3306436836719513,0.3550618886947632,3.5511627197265625,-0.006837636232376099,0.0,0.0,0.0,0.005220853257924318,0.005678834859281778,0.006351316813379526,126.05181121826172,0.272009015083313,0.6652504801750183,1.1049542427062988,0.3533169627189636,0.09703265130519867,0.8032097816467285,0.27590107917785645,0.00010435631702421233,0.21110044419765472,0.4703226685523987,0.10909213125705719,1.1762478351593018,0.7905152440071106,0.38573259115219116
cmfbe_stgcn,train,2024-04-04,41.55833435058594,40.253387451171875,0.45765137672424316,0.4629373550415039,-1.2458305358886719,0.004897385835647583,0.0,0.0,0.0,0.003443651832640171,0.004351691342890263,0.004882575944066048,58.89249801635742,0.39965707063674927,0.6652504801750183,1.1353094577789307,0.3880104720592499,0.0797819271683693,0.8530668616294861,0.28807738423347473,0.002923591760918498,0.19957779347896576,0.6678444743156433,0.043605078011751175,1.2238497734069824,0.9110273718833923,0.3128224015235901
cmfbe_stgcn,train,2022-09-29,556.7913208007812,510.79180908203125,0.02090483345091343,0.03551340103149414,135.11782836914062,-0.04708191752433777,1.0,1.0,1.0,0.5657463669776917,0.5713617205619812,0.5636611580848694,496.2652587890625,0.040400803089141846,0.6652504801750183,0.8871363401412964,0.2503076195716858,0.08936498314142227,0.17247165739536285,0.24208754301071167,0.002894502831622958,0.22311073541641235,0.076451875269413,0.044732555747032166,0.5068187117576599,0.3442951440811157,0.1625235676765442
cmfbe_stgcn,train,2023-07-19,115.77816772460938,109.18206787109375,0.28632086515426636,0.296189546585083,-0.05899810791015625,8.574128150939941e-05,0.0,0.0,0.0,0.04941636323928833,0.05325382575392723,0.050692860037088394,130.2573699951172,0.26648157835006714,0.6652504801750183,1.0152312517166138,0.3161301016807556,0.07536591589450836,0.35928991436958313,0.2777690291404724,0.0009408625192008913,0.20424018800258636,0.3893243968486786,0.0034222686663269997,0.7133657336235046,0.5969868302345276,0.11637890338897705
cmfbe_stgcn,train,2023-07-21,126.19733428955078,155.4183349609375,0.2718147039413452,0.2367144227027893,-3.4664993286132812,0.004563868045806885,0.0,0.0,0.0,0.07496974617242813,0.07923458516597748,0.0783601850271225,451.3473815917969,0.05647015571594238,0.6652504801750183,1.0479168891906738,0.299382746219635,0.09295621514320374,1.4463980197906494,0.27645331621170044,0.0007475635502487421,0.20536741614341736,0.36371278762817383,0.005652165040373802,1.816555142402649,0.5747324228286743,1.2418227195739746
cmfbe_stgcn,train,2022-10-01,604.0363159179688,657.3565063476562,0.0071047767996788025,0.0,-6.446533203125,0.0017989138141274452,0.0,0.0,0.0,0.12245430797338486,0.11668311804533005,0.11915969103574753,860.3878784179688,0.0,0.6652504801750183,0.9076540470123291,0.2548964321613312,0.08969605714082718,0.33055153489112854,0.24989080429077148,0.0027160500176250935,0.2253812849521637,0.07264498621225357,0.032169926911592484,0.6728544235229492,0.33019620180130005,0.34265822172164917
cmfbe_stgcn,train,2023-03-26,288.40966796875,266.421142578125,0.13227501511573792,0.14568716287612915,-21.579498291015625,0.01220647245645523,0.0,0.0,0.0,0.001913678483106196,0.002598419552668929,0.002793062711134553,349.2009582519531,0.09991264343261719,0.6652504801750183,1.0221045017242432,0.31308406591415405,0.09397885203361511,0.21439242362976074,0.280539333820343,0.003645773744210601,0.21925991773605347,0.21285177767276764,0.041695766150951385,0.592556357383728,0.4738074541091919,0.11874890327453613
cmfbe_stgcn,train,2022-11-28,481.3721618652344,421.2965087890625,0.04556205868721008,0.06813818216323853,27.3453369140625,-0.009905654937028885,0.0,0.0,0.0,0.028561074286699295,0.028267670422792435,0.029397301375865936,457.4225769042969,0.05420571565628052,0.6652504801750183,0.9487180709838867,0.31001928448677063,0.09374932944774628,0.049239978194236755,0.2710860073566437,0.005440758541226387,0.2183457612991333,0.14341571927070618,0.05031971260905266,0.41951608657836914,0.41208118200302124,0.0074349045753479
cmfbe_stgcn,train,2023-06-29,81.04066467285156,80.63381958007812,0.34624767303466797,0.3470914959907532,14.615333557128906,-0.03330099582672119,1.0,1.0,1.0,0.6036829948425293,0.6197640299797058,0.5977258682250977,47.022377014160156,0.4371488094329834,0.6652504801750183,1.1639753580093384,0.4066592752933502,0.08095968514680862,0.16492591798305511,0.29491865634918213,0.0013907626271247864,0.20529606938362122,0.6682065725326538,0.008046275936067104,0.5421950221061707,0.8815488815307617,-0.33935385942459106
cmfbe_stgcn,train,2023-09-14,145.34033203125,164.7703399658203,0.24801866710186005,0.22685807943344116,23.739166259765625,-0.03004281222820282,1.0,1.0,1.0,0.8997412323951721,0.9029526710510254,0.9019750356674194,215.90963745117188,0.1812201738357544,0.6652504801750183,0.9439359903335571,0.2847117483615875,0.07349672168493271,0.7343787550926208,0.24193868041038513,0.001098577049560845,0.20512667298316956,0.26227882504463196,0.012963044457137585,1.0509127378463745,0.48036855459213257,0.5705441832542419
cmfbe_stgcn,train,2023-05-23,99.11166381835938,94.9246826171875,0.312458336353302,0.3197098970413208,-3.4268341064453125,0.005712836980819702,0.0,0.0,0.0,0.004145477898418903,0.005223793908953667,0.005208752118051052,111.19641876220703,0.29311448335647583,0.6652504801750183,0.9543846845626831,0.28956297039985657,0.09222866594791412,0.24869965016841888,0.25825756788253784,0.01592237874865532,0.20611874759197235,0.29172706604003906,0.03695495426654816,0.6151082515716553,0.5348007678985596,0.0803074836730957
cmfbe_stgcn,train,2023-04-20,173.96800231933594,168.61805725097656,0.21769244968891144,0.2229633331298828,12.474334716796875,-0.012554287910461426,0.0,0.0,0.0,0.031541209667921066,0.03362080082297325,0.0350111685693264,151.4970703125,0.24102377891540527,0.6652504801750183,0.9108583331108093,0.2709624171257019,0.07269029319286346,0.11171993613243103,0.23621955513954163,0.02087470516562462,0.21901284158229828,0.22791720926761627,0.05806823819875717,0.44150450825691223,0.5049982666969299,-0.0634937584400177
cmfbe_stgcn,train,2023-09-20,166.4409942626953,148.08811950683594,0.2251560389995575,0.24486112594604492,20.321334838867188,-0.021961107850074768,0.0,0.0,0.0,0.02739390730857849,0.02801891416311264,0.027224116027355194,144.77825927734375,0.24867182970046997,0.6652504801750183,0.9636529684066772,0.30911582708358765,0.07494541257619858,0.12596391141414642,0.25925132632255554,0.0009465041803196073,0.21241945028305054,0.25338348746299744,0.004463640972971916,0.46110713481903076,0.47026658058166504,-0.009159445762634277
cmfbe_stgcn,train,2023-04-02,96.62816619873047,92.00930786132812,0.3167220950126648,0.3249485492706299,13.660835266113281,-0.025585532188415527,0.0,0.0,0.0,0.005150916986167431,0.00573273841291666,0.006671398878097534,93.14237976074219,0.32289326190948486,0.6652504801750183,1.1354188919067383,0.3427056670188904,0.07697585970163345,0.5881978273391724,0.2779628038406372,0.0016513660084456205,0.21147111058235168,0.5587522387504578,0.06018387898802757,0.944787859916687,0.8304072618484497,0.1143805980682373
cmfbe_stgcn,train,2023-03-25,309.9891662597656,272.7324523925781,0.12006854265928268,0.14172786474227905,-6.091827392578125,0.0032927170395851135,0.0,0.0,0.0,0.0026942177210003138,0.0035853583831340075,0.0038526689168065786,335.0810241699219,0.10689806938171387,0.6652504801750183,0.9519021511077881,0.2935037612915039,0.07401608675718307,0.16494247317314148,0.26088327169418335,0.00617617042735219,0.21896322071552277,0.17611916363239288,0.05274032801389694,0.5060179829597473,0.4478227198123932,0.058195263147354126
cmfbe_stgcn,train,2023-10-15,170.1195068359375,190.76156616210938,0.2214675098657608,0.20213627815246582,9.24517822265625,-0.009427383542060852,0.0,0.0,0.0,0.08110281080007553,0.0923180878162384,0.0826241672039032,187.60043334960938,0.20495760440826416,0.6652504801750183,1.0009160041809082,0.29383599758148193,0.09254470467567444,0.3145396411418915,0.2706652879714966,0.0019779810681939125,0.20729482173919678,0.28675225377082825,0.032869912683963776,0.6797276139259338,0.5269169807434082,0.15281063318252563
cmfbe_stgcn,train,2023-09-06,115.24349975585938,167.20445251464844,0.28709977865219116,0.22438383102416992,-46.48567199707031,0.0570988655090332,0.0,0.0,0.0,0.0031980976928025484,0.003906414844095707,0.004197349771857262,575.5787353515625,0.015281975269317627,0.6652504801750183,0.8648618459701538,0.2521228790283203,0.08949584513902664,1.2803208827972412,0.2407362461090088,0.0016017996240407228,0.20751862227916718,0.12799197435379028,0.01161945890635252,1.6121548414230347,0.34713006019592285,1.2650247812271118
cmfbe_stgcn,train,2023-12-14,137.87283325195312,167.22988891601562,0.2569087743759155,0.2243582010269165,-5.496673583984375,0.006588667631149292,0.0,0.0,0.0,0.0961068794131279,0.09734109044075012,0.09155883640050888,134.9833984375,0.26047754287719727,0.6652504801750183,0.9671607613563538,0.27820178866386414,0.09139253944158554,0.15072280168533325,0.2664293050765991,0.0019703125581145287,0.20961855351924896,0.27511346340179443,0.08562597632408142,0.5105149745941162,0.5703580379486084,-0.05984306335449219
cmfbe_stgcn,train,2023-11-20,128.14967346191406,151.52005004882812,0.2692292630672455,0.24099820852279663,-46.780487060546875,0.05246765911579132,0.0,0.0,0.0,0.0074723330326378345,0.007935576140880585,0.008344841189682484,148.38722229003906,0.24452096223831177,0.6652504801750183,1.1450961828231812,0.34965750575065613,0.09675174206495285,0.13936647772789001,0.29114577174186707,0.0005734996520914137,0.21474534273147583,0.4125608205795288,0.06407640129327774,0.5278375148773193,0.6913825869560242,-0.16354507207870483
cmfbe_stgcn,train,2023-08-04,201.21983337402344,203.76544189453125,0.19312292337417603,0.1909995675086975,24.672164916992188,-0.0220852792263031,0.0,0.0,0.0,0.11055858433246613,0.10779521614313126,0.0988299697637558,334.9264221191406,0.10697615146636963,0.6652504801750183,0.6477869749069214,0.21513305604457855,0.10423115640878677,0.17090804874897003,0.6729151606559753,0.005232626106590033,0.21001183986663818,0.07730341702699661,0.02831895649433136,0.9532870054244995,0.31563419103622437,0.6376528143882751
cmfbe_stgcn,train,2023-02-06,184.70582580566406,198.39450073242188,0.20758289098739624,0.1955111026763916,33.85499572753906,-0.03416174650192261,1.0,1.0,1.0,0.5368719696998596,0.5194631218910217,0.5288903117179871,129.24765014648438,0.267792284488678,0.6652504801750183,0.9812257289886475,0.30163130164146423,0.074498750269413,0.12849679589271545,0.2607644200325012,0.000403101381380111,0.21207790076732635,0.3103357255458832,0.09521050751209259,0.46416306495666504,0.6176241040229797,-0.1534610390663147
cmfbe_stgcn,train,2023-08-23,138.23550415039062,148.19850158691406,0.2564660608768463,0.24473553895950317,-33.649658203125,0.03674095869064331,0.0,0.0,0.0,0.003078414825722575,0.003927139565348625,0.004543611314147711,640.5543212890625,0.0,0.6652504801750183,1.01882803440094,0.3043059706687927,0.09332265704870224,1.4187211990356445,0.26726940274238586,0.0003407264593988657,0.20751576125621796,0.25106242299079895,0.009809192270040512,1.7796539068222046,0.4683873653411865,1.311266541481018
cmfbe_stgcn,train,2023-04-26,127.02466583251953,155.47152709960938,0.27071428298950195,0.23665672540664673,-15.922004699707031,0.019896328449249268,0.0,0.0,0.0,0.0024986285716295242,0.0031702150590717793,0.003379370318725705,311.72021484375,0.11912637948989868,0.6652504801750183,1.030092716217041,0.3184962570667267,0.09438522160053253,0.9080412983894348,0.28303390741348267,0.008696399629116058,0.20887066423892975,0.2556445002555847,0.05377598851919174,1.2941569089889526,0.5182911157608032,0.7758657932281494
cmfbe_stgcn,train,2024-03-18,60.678165435791016,53.46479797363281,0.3946704864501953,0.4157813787460327,-10.622333526611328,0.026971042156219482,0.0,0.0,0.0,0.004421805031597614,0.0055719115771353245,0.006174926180392504,51.91093444824219,0.4206942319869995,0.6652504801750183,1.1219292879104614,0.3849734663963318,0.0994892418384552,0.1410631239414215,0.2880871593952179,0.0008989986381493509,0.21106290817260742,0.5590773224830627,0.07161920517683029,0.5295385718345642,0.841759443283081,-0.31222087144851685
cmfbe_stgcn,train,2023-04-07,198.19766235351562,171.23345947265625,0.19567875564098358,0.22036612033843994,14.1546630859375,-0.012511059641838074,0.0,0.0,0.0,0.0036702833604067564,0.004738032817840576,0.00500804278999567,181.92494201660156,0.2101438045501709,0.6652504801750183,0.8970838785171509,0.2565097212791443,0.07185015082359314,0.16245068609714508,0.2522243559360504,0.01356802973896265,0.21286801993846893,0.2328878492116928,0.06584956496953964,0.5000932216644287,0.511605441570282,-0.011512219905853271
cmfbe_stgcn,train,2023-07-23,95.99066925048828,90.57894897460938,0.3178340792655945,0.327579140663147,-1.5309982299804688,0.002658337354660034,0.0,0.0,0.0,0.010486087761819363,0.012541277334094048,0.011917361989617348,101.87114715576172,0.30784302949905396,0.6652504801750183,0.9433717131614685,0.28570082783699036,0.09194374829530716,0.261376291513443,0.28836408257484436,0.0016131571028381586,0.2030257135629654,0.39616337418556213,0.0009077660506591201,0.6432972550392151,0.6000968813896179,0.04320037364959717
cmfbe_stgcn,train,2023-01-24,293.0559997558594,254.66246032714844,0.12957164645195007,0.1533195972442627,61.97850036621094,-0.040176063776016235,1.0,1.0,1.0,0.7689493298530579,0.763527512550354,0.7570762038230896,227.2915496826172,0.17253947257995605,0.6652504801750183,0.7756929397583008,0.2539055049419403,0.0716995894908905,0.15023256838321686,0.23530207574367523,0.0016905424417927861,0.2126230150461197,0.16556210815906525,0.09718768298625946,0.4589247703552246,0.4753727912902832,-0.016448020935058594
cmfbe_stgcn,train,2023-03-11,260.8438415527344,216.29110717773438,0.1492646187543869,0.18092191219329834,25.931503295898438,-0.017701327800750732,0.0,0.0,0.0,0.010431846603751183,0.013011160306632519,0.012790784239768982,211.20262145996094,0.1849440336227417,0.6652504801750183,0.9534754753112793,0.29560062289237976,0.09267546981573105,0.05067073181271553,0.26480093598365784,0.005322814919054508,0.22157169878482819,0.22398768365383148,0.07382926344871521,0.41346997022628784,0.5193886756896973,-0.10591870546340942
cmfbe_stgcn,train,2023-11-29,158.0366668701172,165.4224853515625,0.23389674723148346,0.22619163990020752,-4.6683349609375,0.004910632967948914,0.0,0.0,0.0,0.03225162625312805,0.031914401799440384,0.03263385221362114,131.0218505859375,0.26549583673477173,0.6652504801750183,0.9141949415206909,0.2618935704231262,0.0721622183918953,0.022037765011191368,0.26400500535964966,0.0037057348527014256,0.22140368819236755,0.27445822954177856,0.08114735782146454,0.36191073060035706,0.5770092606544495,-0.2150985300540924
cmfbe_stgcn,train,2023-11-08,100.2701644897461,99.75169372558594,0.3105054199695587,0.3113766312599182,20.182998657226562,-0.03772649168968201,1.0,1.0,1.0,0.0244384054094553,0.02427639812231064,0.025386957451701164,114.2847900390625,0.2885054349899292,0.6652504801750183,1.1697269678115845,0.3645974099636078,0.0979025736451149,0.8113758563995361,0.2912726402282715,0.0006417488330043852,0.20825529098510742,0.5976126194000244,0.04344390705227852,1.2011927366256714,0.8493118286132812,0.35188090801239014
cmfbe_stgcn,train,2023-08-06,254.6058349609375,186.69161987304688,0.15335722267627716,0.20577752590179443,34.55517578125,-0.02465309202671051,0.0,0.0,0.0,0.015084545128047466,0.015992959961295128,0.01592160202562809,239.05426025390625,0.16401171684265137,0.6652504801750183,0.32781824469566345,0.09430307894945145,0.06294219195842743,0.16383938491344452,0.09377560764551163,0.0031766225583851337,0.21724317967891693,0.0,0.02401742897927761,0.3237338066101074,0.2412606030702591,0.08247320353984833
cmfbe_stgcn,train,2023-01-15,110.06366729736328,115.40775299072266,0.2948368787765503,0.2868601083755493,-22.52916717529297,0.031348854303359985,0.0,0.0,0.0,0.0068567669950425625,0.007921455428004265,0.00920028518885374,440.4787292480469,0.06059819459915161,0.6652504801750183,0.9735493659973145,0.3347008526325226,0.07648812979459763,1.4845435619354248,0.2442835420370102,0.000849950301926583,0.20567218959331512,0.3048263490200043,0.10033360123634338,1.8061652183532715,0.6108320951461792,1.1953331232070923
cmfbe_stgcn,train,2024-01-02,106.35566711425781,106.18550109863281,0.30060046911239624,0.3008697032928467,-12.481666564941406,0.018668800592422485,0.0,0.0,0.0,0.005368764977902174,0.005926862359046936,0.006232437677681446,106.09911346435547,0.301006555557251,0.6652504801750183,1.0010000467300415,0.2732926607131958,0.09103308618068695,0.20683756470680237,0.2735883593559265,0.0002520172856748104,0.21548421680927277,0.36499837040901184,0.1036091148853302,0.571711003780365,0.6840916872024536,-0.11238068342208862
cmfbe_stgcn,train,2023-12-02,162.079833984375,181.49647521972656,0.229635551571846,0.21054184436798096,-15.302001953125,0.015222951769828796,0.0,0.0,0.0,0.031753916293382645,0.03325468301773071,0.0332816019654274,155.09036254882812,0.2370707392692566,0.6652504801750183,1.059688925743103,0.3334648311138153,0.09551629424095154,0.10483997315168381,0.2816988229751587,0.0009383842698298395,0.21906837821006775,0.31274572014808655,0.08467087894678116,0.482993483543396,0.6164849996566772,-0.13349151611328125
cmfbe_stgcn,train,2024-01-21,65.64749908447266,58.512901306152344,0.38151815533638,0.4007362723350525,-11.574668884277344,0.027180582284927368,0.0,0.0,0.0,0.008228490129113197,0.009156560525298119,0.009941838681697845,95.28267669677734,0.31907761096954346,0.6652504801750183,1.0521142482757568,0.3607802987098694,0.09760753810405731,0.6031343936920166,0.2833069860935211,0.0003042135795112699,0.20240768790245056,0.47481516003608704,0.09939531236886978,0.9843531847000122,0.7766181826591492,0.20773500204086304
cmfbe_stgcn,train,2023-06-12,106.29283142089844,93.3389892578125,0.3006998300552368,0.32253915071487427,8.973663330078125,-0.014825135469436646,0.0,0.0,0.0,0.004016648046672344,0.0046158600598573685,0.005119115114212036,187.59603881835938,0.2049615979194641,0.6652504801750183,0.9846166968345642,0.30393463373184204,0.07463598996400833,0.8700979351997375,0.2508816421031952,0.007846617139875889,0.21006006002426147,0.318364679813385,0.023649215698242188,1.2034621238708496,0.5520739555358887,0.6513881683349609
cmfbe_stgcn,train,2024-01-27,132.08616638183594,132.2601776123047,0.2641330063343048,0.2639111876487732,0.2111663818359375,-0.0002695322036743164,0.0,0.0,0.0,0.05844716355204582,0.05435185134410858,0.05574410408735275,98.29946899414062,0.31384098529815674,0.6652504801750183,0.9974879026412964,0.2900699973106384,0.07381290197372437,0.06506061553955078,0.2688809037208557,0.0004145985294599086,0.2170177400112152,0.3955926299095154,0.08682751655578613,0.4081690311431885,0.6994378566741943,-0.29126882553100586
cmfbe_stgcn,train,2023-04-19,161.49366760253906,166.85943603515625,0.23024673759937286,0.22473233938217163,29.518997192382812,-0.034028515219688416,1.0,1.0,1.0,0.9123490452766418,0.9249202609062195,0.9236117005348206,119.12887573242188,0.28151917457580566,0.6652504801750183,1.054036021232605,0.33204007148742676,0.09540817886590958,0.14801861345767975,0.26258471608161926,0.0076253353618085384,0.21537266671657562,0.3428266644477844,0.05703110992908478,0.5136368274688721,0.6152304410934448,-0.10159361362457275
cmfbe_stgcn,train,2023-12-13,143.3695068359375,143.23214721679688,0.25032010674476624,0.25048166513442993,14.237167358398438,-0.017622560262680054,0.0,0.0,0.0,0.06445407122373581,0.06733624637126923,0.06468753516674042,119.90992736816406,0.2804192304611206,0.6652504801750183,0.8855278491973877,0.2581270933151245,0.0899297371506691,0.13593518733978271,0.256153404712677,0.0028504685033112764,0.20997817814350128,0.25422802567481995,0.09416858106851578,0.4848687946796417,0.55837482213974,-0.07350602746009827
cmfbe_stgcn,train,2023-09-15,166.4441680908203,162.16964721679688,0.22515282034873962,0.229542076587677,21.103836059570312,-0.022865846753120422,0.0,0.0,0.0,0.07636456936597824,0.07758132368326187,0.06934167444705963,183.69232177734375,0.20851176977157593,0.6652504801750183,0.9126990437507629,0.24831262230873108,0.08922134339809418,0.3126452565193176,0.2509010434150696,0.0014611920341849327,0.20647524297237396,0.20569352805614471,0.009303261525928974,0.6542288661003113,0.42147204279899597,0.2327568233013153
cmfbe_stgcn,train,2023-11-13,193.54100036621094,195.75430297851562,0.19969378411769867,0.19777357578277588,28.167495727539062,-0.026547834277153015,0.0,0.0,0.0,0.1273539811372757,0.13657180964946747,0.13588060438632965,166.7135009765625,0.22487998008728027,0.6652504801750183,1.014262080192566,0.3521207869052887,0.09694076329469681,0.1441032737493515,0.27220800518989563,0.002484546508640051,0.2143363356590271,0.23771218955516815,0.05566640570759773,0.5157365798950195,0.5077149271965027,0.008021652698516846
cmfbe_stgcn,train,2024-01-19,87.18916320800781,86.62461853027344,0.33398106694221497,0.3350710868835449,-15.433670043945312,0.02737376093864441,0.0,0.0,0.0,0.005908614955842495,0.0066084242425858974,0.0068924217484891415,89.60952758789062,0.3293854594230652,0.6652504801750183,0.9818004965782166,0.29307425022125244,0.09248830378055573,0.18803395330905914,0.2709082067012787,0.0007198973326012492,0.2076491266489029,0.37776485085487366,0.10093450546264648,0.5521503686904907,0.6863484978675842,-0.1341981291770935
cmfbe_stgcn,train,2024-01-24,103.04366302490234,100.17554473876953,0.3059193789958954,0.3106640577316284,19.591163635253906,-0.03541034460067749,1.0,1.0,1.0,0.775019645690918,0.8157316446304321,0.7725914716720581,61.78984832763672,0.39163845777511597,0.6652504801750183,1.1561585664749146,0.41543877124786377,0.10189841687679291,0.1379258781671524,0.29735106229782104,0.0002753320150077343,0.20909376442432404,0.5503551959991455,0.07439739257097244,0.5374506711959839,0.8338463306427002,-0.2963956594467163
cmfbe_stgcn,train,2023-01-04,143.78533935546875,121.16746520996094,0.2498319149017334,0.2786629796028137,19.84284210205078,-0.025018692016601562,0.0,0.0,0.0,0.01830439828336239,0.018343359231948853,0.019279761239886284,93.673583984375,0.3219382166862488,0.6652504801750183,1.1223809719085693,0.3344128429889679,0.09558828175067902,0.12928587198257446,0.2799617648124695,4.410795008880086e-05,0.22019535303115845,0.4668308198451996,0.0952727273106575,0.5048800110816956,0.7822988629341125,-0.277418851852417
cmfbe_stgcn,train,2023-07-25,90.42366790771484,112.54012298583984,0.32786718010902405,0.29109376668930054,-10.8106689453125,0.018970131874084473,0.0,0.0,0.0,0.0068090795539319515,0.007470950484275818,0.007920187897980213,198.5894012451172,0.19534528255462646,0.6652504801750183,1.0987104177474976,0.37569037079811096,0.07901114225387573,0.9904869198799133,0.2860081195831299,0.0004963589017279446,0.20643086731433868,0.47825005650520325,0.002327072201296687,1.3560025691986084,0.6870080232620239,0.6689945459365845
cmfbe_stgcn,train,2023-01-27,218.76649475097656,221.87158203125,0.17899924516677856,0.1766178011894226,-39.29701232910156,0.02792268991470337,0.0,0.0,0.0,0.013926664367318153,0.014839601702988148,0.01568528451025486,227.09689331054688,0.17268425226211548,0.6652504801750183,1.0200774669647217,0.3541984260082245,0.07768033444881439,0.07696513831615448,0.2751038670539856,0.0002488184836693108,0.2172490358352661,0.2525867521762848,0.08746519684791565,0.42999815940856934,0.5573009848594666,-0.12730282545089722
cmfbe_stgcn,train,2024-03-21,50.93116760253906,41.35726547241211,0.42386674880981445,0.4584552049636841,4.906002044677734,-0.016843855381011963,0.0,0.0,0.0,0.012325437739491463,0.013727140612900257,0.014454853720963001,27.884981155395508,0.5234328508377075,0.6652504801750183,1.1623462438583374,0.4048249125480652,0.0808432400226593,0.14577962458133698,0.2885235846042633,0.0008794345776550472,0.2066020667552948,0.7261099815368652,0.0706750676035881,0.5160258412361145,1.0033870935440063,-0.48736125230789185
cmfbe_stgcn,train,2023-03-04,85.62016296386719,83.40780639648438,0.33702805638313293,0.3414195775985718,7.584663391113281,-0.015553772449493408,0.0,0.0,0.0,0.04385891184210777,0.04312665015459061,0.047904424369335175,54.293678283691406,0.4132176637649536,0.6652504801750183,1.1592016220092773,0.37714070081710815,0.0988769680261612,0.14240241050720215,0.2847941517829895,0.00029837791225872934,0.20815372467041016,0.5944826006889343,0.08097369223833084,0.5263718962669373,0.8836100101470947,-0.35723811388015747
cmfbe_stgcn,train,2023-10-24,104.76266479492188,107.10841369628906,0.30313795804977417,0.2994144558906555,-11.67266845703125,0.017769604921340942,0.0,0.0,0.0,0.009063195437192917,0.009373885579407215,0.010268980637192726,95.1131820678711,0.3193766474723816,0.6652504801750183,1.1520782709121704,0.3710964024066925,0.09840650856494904,0.15700064599514008,0.2892009913921356,0.0006222780211828649,0.21285392343997955,0.49815091490745544,0.03458675742149353,0.5452303886413574,0.7455916404724121,-0.2003612518310547
cmfbe_stgcn,train,2023-11-02,178.29966735839844,192.13504028320312,0.21354150772094727,0.20092493295669556,-21.404327392578125,0.019141465425491333,0.0,0.0,0.0,0.01445219200104475,0.014714622870087624,0.015103417448699474,190.61257934570312,0.20226818323135376,0.6652504801750183,0.9713015556335449,0.3019874095916748,0.09314994513988495,0.06684333086013794,0.2737275958061218,0.003055998357012868,0.21577082574367523,0.22805438935756683,0.039307281374931335,0.43677687644958496,0.4831324815750122,-0.046355605125427246
cmfbe_stgcn,train,2023-04-15,80.18016815185547,79.37165069580078,0.34803736209869385,0.3497362732887268,-12.068832397460938,0.023525655269622803,0.0,0.0,0.0,0.002898493316024542,0.003598680254071951,0.004091194830834866,73.12531280517578,0.36346858739852905,0.6652504801750183,1.130258560180664,0.3814495801925659,0.07937073707580566,0.1514662355184555,0.2788800895214081,0.003328133374452591,0.20950525999069214,0.4876118004322052,0.045444417744874954,0.5130451917648315,0.7425615191459656,-0.22951632738113403
cmfbe_stgcn,train,2023-01-26,258.0635070800781,270.28228759765625,0.1510765552520752,0.14325398206710815,-12.540313720703125,0.008023589849472046,0.0,0.0,0.0,0.038586750626564026,0.03763265907764435,0.037112168967723846,261.8241271972656,0.1486303210258484,0.6652504801750183,0.9555328488349915,0.26920801401138306,0.09073487669229507,0.08939411491155624,0.2889573574066162,0.00039992769598029554,0.2130998820066452,0.19290240108966827,0.09634336829185486,0.469486266374588,0.5023456811904907,-0.03285941481590271
cmfbe_stgcn,train,2024-01-30,148.44566345214844,130.953125,0.24445459246635437,0.26558423042297363,10.003158569335938,-0.011759340763092041,0.0,0.0,0.0,0.010779384523630142,0.0113588972017169,0.012215369381010532,120.34918212890625,0.27980369329452515,0.6652504801750183,0.9696084260940552,0.2983506917953491,0.07430362701416016,0.12136267125606537,0.2677799165248871,0.0003400985733605921,0.21082139015197754,0.3180352747440338,0.07390988618135452,0.4637863039970398,0.6027665138244629,-0.1389802098274231
cmfbe_stgcn,train,2023-04-08,177.90834045410156,173.6237030029297,0.21391236782073975,0.2180267572402954,-20.289321899414062,0.018233612179756165,0.0,0.0,0.0,0.0026454220060259104,0.003513180883601308,0.0036646989174187183,189.44772338867188,0.20330321788787842,0.6652504801750183,0.9095980525016785,0.2776983380317688,0.09135562181472778,0.09657890349626541,0.26868483424186707,0.012731569819152355,0.2150070071220398,0.23871104419231415,0.060552928596735,0.4693509340286255,0.5142710208892822,-0.04492008686065674
cmfbe_stgcn,train,2023-06-21,87.02950286865234,102.39459228515625,0.33428865671157837,0.30698156356811523,-20.884498596191406,0.036134302616119385,0.0,0.0,0.0,0.01163660641759634,0.012724468484520912,0.014065776951611042,502.2358093261719,0.03837496042251587,0.6652504801750183,1.134687066078186,0.35835784673690796,0.09742065519094467,1.7872974872589111,0.2952817678451538,0.001959575805813074,0.20360775291919708,0.44502195715904236,0.002829157281666994,2.181959390640259,0.6514588594436646,1.5305005311965942
cmfbe_stgcn,train,2023-06-18,126.84100341796875,127.99364471435547,0.27095794677734375,0.26943439245224,1.8898391723632812,-0.002527862787246704,0.0,0.0,0.0,0.0244902316480875,0.02493956871330738,0.024971872568130493,135.1692352294922,0.26024574041366577,0.6652504801750183,1.002984881401062,0.3023475706577301,0.07454140484333038,0.28700563311576843,0.2617008686065674,0.006307012867182493,0.20666170120239258,0.32540327310562134,0.019485369324684143,0.6295549273490906,0.5515503287315369,0.07800459861755371
cmfbe_stgcn,train,2024-03-31,71.68416595458984,80.75980377197266,0.36680111289024353,0.34682971239089966,-15.291999816894531,0.03240957856178284,0.0,0.0,0.0,0.003034580498933792,0.0038463841192424297,0.004297440871596336,164.3054962158203,0.22733467817306519,0.6652504801750183,1.0382252931594849,0.33726316690444946,0.07664398849010468,0.9513883590698242,0.2794921100139618,0.006649552378803492,0.20558886229991913,0.4467676281929016,0.03108823485672474,1.314173936843872,0.6834447383880615,0.6307291984558105
cmfbe_stgcn,train,2023-07-06,145.77749633789062,185.97254943847656,0.24751237034797668,0.20642900466918945,-11.61383056640625,0.012925475835800171,0.0,0.0,0.0,0.3810790479183197,0.36829033493995667,0.3646559417247772,169.0299072265625,0.22255170345306396,0.6652504801750183,0.9757617115974426,0.2829051613807678,0.07339035719633102,0.2357414811849594,0.26489248871803284,0.0028338402044028044,0.21056894958019257,0.29196348786354065,0.003420253051444888,0.5768581628799438,0.5059526562690735,0.07090550661087036
cmfbe_stgcn,train,2022-01-26,55.17166519165039,74.85514068603516,0.41054368019104004,0.35955309867858887,-14.656665802001953,0.039352476596832275,0.0,0.0,0.0,0.002961817430332303,0.003587824059650302,0.00379377999342978,142.97645568847656,0.2507827877998352,0.6652504801750183,1.0687254667282104,0.31978434324264526,0.09448214620351791,1.0261104106903076,0.2736709713935852,0.0005240694154053926,0.20266304910182953,0.40173640847206116,0.08099745213985443,1.3947875499725342,0.6853969097137451,0.7093906402587891
cmfbe_stgcn,train,2023-08-07,239.2375030517578,226.90924072265625,0.16388224065303802,0.172823965549469,-15.368331909179688,0.010525017976760864,0.0,0.0,0.0,0.007886542938649654,0.008711989037692547,0.00890929065644741,372.8807373046875,0.08880692720413208,0.6652504801750183,0.7800077199935913,0.21502822637557983,0.08685190230607986,0.34130024909973145,0.21520386636257172,0.0020797864999622107,0.21815432608127594,0.029016787186264992,0.0179648008197546,0.6454358100891113,0.26513591408729553,0.3802998960018158
cmfbe_stgcn,train,2023-02-16,143.96417236328125,164.2938232421875,0.2496223896741867,0.22734665870666504,-34.87982177734375,0.03659540414810181,0.0,0.0,0.0,0.008555013686418533,0.009552227333188057,0.010222549550235271,154.6982421875,0.23749768733978271,0.6652504801750183,1.187644362449646,0.4016736149787903,0.1008043885231018,0.20994706451892853,0.30498823523521423,0.0003237183263991028,0.2173055112361908,0.4743657112121582,0.0685625672340393,0.6160634160041809,0.7602338194847107,-0.14417040348052979
cmfbe_stgcn,train,2023-01-31,67.1346664428711,91.07679748535156,0.37777236104011536,0.32665884494781494,-32.397499084472656,0.0660254955291748,0.0,0.0,0.0,0.016130268573760986,0.015689799562096596,0.01662641204893589,70.15008544921875,0.3704218864440918,0.6652504801750183,1.148617148399353,0.35934293270111084,0.07799729704856873,0.1429843306541443,0.28268226981163025,9.975227294489741e-05,0.21213240921497345,0.5469363927841187,0.0903814435005188,0.5037636756896973,0.8494502305984497,-0.34568655490875244
cmfbe_stgcn,train,2023-03-23,301.662841796875,292.6662902832031,0.12467492371797562,0.12979668378829956,31.38134765625,-0.018579594790935516,0.0,0.0,0.0,0.006527924444526434,0.008108205161988735,0.00854478683322668,713.4395751953125,0.0,0.6652504801750183,0.9554843902587891,0.3004586398601532,0.07442896068096161,1.0899996757507324,0.2622336447238922,0.006485952530056238,0.21149520576000214,0.210612490773201,0.04269901663064957,1.4331481456756592,0.4648067057132721,0.9683414697647095
cmfbe_stgcn,train,2022-12-14,182.4808349609375,168.43109130859375,0.20962882041931152,0.22315055131912231,8.2376708984375,-0.0077968984842300415,0.0,0.0,0.0,0.017653565853834152,0.018433185294270515,0.019078891724348068,138.99203491210938,0.2555462718009949,0.6652504801750183,1.1153939962387085,0.38440942764282227,0.07955604046583176,0.1132054552435875,0.2918112874031067,0.0008693396812304854,0.21840375661849976,0.4186367094516754,0.07299049198627472,0.4854421019554138,0.7100309729576111,-0.22458887100219727
cmfbe_stgcn,train,2023-08-11,73.10233306884766,86.22975158691406,0.3635212481021881,0.335837721824646,-6.3112640380859375,0.013873517513275146,0.0,0.0,0.0,0.06621965765953064,0.07582095265388489,0.07153021544218063,77.4909439086914,0.3537553548812866,0.6652504801750183,1.0858726501464844,0.3355346918106079,0.09567353874444962,0.2576432526111603,0.2804560959339142,0.0002933289797510952,0.21567361056804657,0.4305698573589325,0.012022876180708408,0.6340661644935608,0.6582663059234619,-0.024200141429901123
cmfbe_stgcn,train,2022-11-26,365.5393371582031,358.4797668457031,0.09217298775911331,0.09547394514083862,6.32733154296875,-0.002955608069896698,0.0,0.0,0.0,0.04915986955165863,0.04784797504544258,0.049780938774347305,347.2428283691406,0.10086435079574585,0.6652504801750183,0.9439369440078735,0.2592470645904541,0.07200868427753448,0.06272117048501968,0.2639451324939728,0.0054466440342366695,0.21922756731510162,0.17142166197299957,0.04726529121398926,0.40412163734436035,0.43791452050209045,-0.0337928831577301
cmfbe_stgcn,train,2023-06-13,97.26466369628906,103.62006378173828,0.3156190812587738,0.30498164892196655,-9.028167724609375,0.014919251203536987,0.0,0.0,0.0,0.005218033213168383,0.005729217082262039,0.0063345348462462425,193.27639770507812,0.1999247670173645,0.6652504801750183,1.0534836053848267,0.33730193972587585,0.09580793976783752,0.7985890507698059,0.2672807574272156,0.004528884310275316,0.21073590219020844,0.33727383613586426,0.024476826190948486,1.16620671749115,0.5724865794181824,0.5937201380729675
cmfbe_stgcn,train,2023-02-25,231.6544952392578,216.08056640625,0.16932623088359833,0.1810864806175232,-27.111343383789062,0.0187092125415802,0.0,0.0,0.0,0.0029385932721197605,0.003843222977593541,0.004078391939401627,260.1763916015625,0.14969778060913086,0.6652504801750183,0.9678972363471985,0.29837000370025635,0.0928809642791748,0.15851297974586487,0.2764470875263214,0.0024384809657931328,0.21462517976760864,0.23855145275592804,0.0716874748468399,0.5302795171737671,0.5248640775680542,0.005415439605712891
cmfbe_stgcn,train,2022-01-24,75.00499725341797,75.3790283203125,0.35921812057495117,0.3583848476409912,-17.1683349609375,0.03456863760948181,0.0,0.0,0.0,0.0026646824553608894,0.0033318346831947565,0.003566571744158864,96.31539154052734,0.3172667622566223,0.6652504801750183,0.86332768201828,0.27368366718292236,0.0728493481874466,0.2718837559223175,0.2354639172554016,0.0017348404508084059,0.20358526706695557,0.26272162795066833,0.07212932407855988,0.5819318890571594,0.538436233997345,0.04349565505981445
cmfbe_stgcn,train,2024-01-06,64.60433197021484,69.2076416015625,0.38419586420059204,0.37268519401550293,-12.029670715332031,0.028577208518981934,0.0,0.0,0.0,0.008201046846807003,0.008549033664166927,0.009193485602736473,53.02512741088867,0.4171571135520935,0.6652504801750183,1.1442911624908447,0.34718775749206543,0.07725000381469727,0.14827439188957214,0.2807809114456177,9.756222425494343e-05,0.2199668437242508,0.5529601573944092,0.09603212773799896,0.5064029097557068,0.8689591288566589,-0.36255621910095215
cmfbe_stgcn,train,2023-05-05,132.68716430664062,133.7087860107422,0.2633682191371918,0.2620760202407837,19.468994140625,-0.026714950799942017,0.0,0.0,0.0,0.06373153626918793,0.06525908410549164,0.06308352947235107,113.61979675292969,0.289487361907959,0.6652504801750183,0.9454498291015625,0.29102542996406555,0.07386938482522964,0.21581074595451355,0.25198104977607727,0.01809513382613659,0.20626111328601837,0.28521260619163513,0.06477270275354385,0.5597562789916992,0.5562464594841003,0.003509819507598877
cmfbe_stgcn,train,2023-08-20,139.63633728027344,117.86511993408203,0.25476691126823425,0.2833142876625061,11.792503356933594,-0.01486477255821228,0.0,0.0,0.0,0.0044629741460084915,0.005510258954018354,0.005687303841114044,151.4184112548828,0.2411113977432251,0.6652504801750183,0.8954628109931946,0.2606380879878998,0.09011168777942657,0.26359882950782776,0.2504134178161621,0.0007400651229545474,0.20654766261577606,0.21143738925457,0.018850361928343773,0.6048640012741089,0.4368354082107544,0.1680285930633545
cmfbe_stgcn,train,2023-01-19,63.762664794921875,72.87037658691406,0.38638755679130554,0.3640533685684204,2.9061660766601562,-0.0077928900718688965,0.0,0.0,0.0,0.1913488209247589,0.18087562918663025,0.1909514218568802,39.200401306152344,0.4673260450363159,0.6652504801750183,1.1499334573745728,0.36961227655410767,0.07863300293684006,0.14312855899333954,0.2860835790634155,0.00019084458472207189,0.21049518883228302,0.6502369046211243,0.07824429869651794,0.5080360174179077,0.9389764070510864,-0.4309403896331787
cmfbe_stgcn,train,2024-02-03,82.13700103759766,79.45443725585938,0.34399446845054626,0.34956157207489014,-7.874664306640625,0.015360653400421143,0.0,0.0,0.0,0.005278741009533405,0.006080567836761475,0.0071267541497945786,266.767822265625,0.14546728134155273,0.6652504801750183,1.0838792324066162,0.36568790674209595,0.09798699617385864,1.4374226331710815,0.28336381912231445,0.00011347320833010599,0.2031426727771759,0.4314367473125458,0.10517484694719315,1.8188869953155518,0.7397542595863342,1.0791327953338623
cmfbe_stgcn,train,2023-01-01,150.5001678466797,172.65003967285156,0.24213705956935883,0.21897578239440918,-40.92683410644531,0.040588751435279846,0.0,0.0,0.0,0.010929448530077934,0.011568771675229073,0.012164565734565258,154.98313903808594,0.23718738555908203,0.6652504801750183,1.1433589458465576,0.33963897824287415,0.09598591178655624,0.13453741371631622,0.28577011823654175,2.8751068384735845e-05,0.22352226078510284,0.40828603506088257,0.09448307752609253,0.516322135925293,0.7262913584709167,-0.20996922254562378
cmfbe_stgcn,train,2023-12-03,143.72366333007812,157.00833129882812,0.24990421533584595,0.23499780893325806,-18.356170654296875,0.02026866376399994,0.0,0.0,0.0,0.01506847981363535,0.015721842646598816,0.016481805592775345,134.25697326660156,0.2613866925239563,0.6652504801750183,1.0739191770553589,0.30342504382133484,0.07460561394691467,0.10725967586040497,0.279138445854187,0.0008044156129471958,0.2164335399866104,0.35072511434555054,0.08171259611845016,0.46180814504623413,0.6488712430000305,-0.1870630979537964
cmfbe_stgcn,train,2023-10-31,186.8228302001953,202.7019805908203,0.2056589126586914,0.191883385181427,-21.009170532226562,0.01799716055393219,0.0,0.0,0.0,0.020468931645154953,0.020685376599431038,0.0211871936917305,193.79541015625,0.19947195053100586,0.6652504801750183,0.8229435086250305,0.2170880138874054,0.06959766149520874,0.0359896719455719,0.24364733695983887,0.00624967971816659,0.22552791237831116,0.15481367707252502,0.04472317546606064,0.35548433661460876,0.4250647723674774,-0.06958043575286865
cmfbe_stgcn,train,2024-04-03,42.80416488647461,49.77423095703125,0.4527539908885956,0.42769092321395874,-9.979503631591797,0.03483656048774719,0.0,0.0,0.0,0.004924400709569454,0.006040910724550486,0.006194067187607288,43.630470275878906,0.44958198070526123,0.6652504801750183,1.1241003274917603,0.37227895855903625,0.09849841892719269,0.25219443440437317,0.29030144214630127,0.003415481187403202,0.2002379447221756,0.5976340174674988,0.03309084475040436,0.6444097757339478,0.8309627771377563,-0.1865530014038086
cmfbe_stgcn,train,2023-10-20,155.7881622314453,166.88424682617188,0.2363136261701584,0.22470730543136597,-28.309173583984375,0.028173640370368958,0.0,0.0,0.0,0.003994083497673273,0.004560438916087151,0.004956376273185015,226.47885131835938,0.17314475774765015,0.6652504801750183,0.8751325011253357,0.2607974708080292,0.07209859788417816,0.32977738976478577,0.2652188837528229,0.00448457058519125,0.21397584676742554,0.22205235064029694,0.029376130551099777,0.6715794205665588,0.46540430188179016,0.20617511868476868
cmfbe_stgcn,train,2024-03-29,96.90516662597656,100.93042755126953,0.31624120473861694,0.30940234661102295,-4.9221649169921875,0.008325845003128052,0.0,0.0,0.0,0.007683611009269953,0.00976696889847517,0.009338479489088058,108.65657043457031,0.2970010042190552,0.6652504801750183,1.0434068441390991,0.3219977617263794,0.09464886784553528,0.3300662934780121,0.272418349981308,0.004007199313491583,0.2044568806886673,0.3816204369068146,0.050761204212903976,0.7011407613754272,0.6368385553359985,0.06430220603942871
cmfbe_stgcn,train,2023-02-20,185.82232666015625,181.35693359375,0.2065654695034027,0.21067172288894653,5.8326568603515625,-0.005383685231208801,0.0,0.0,0.0,0.04047186300158501,0.042528457939624786,0.04457874968647957,147.37594604492188,0.24567389488220215,0.6652504801750183,1.0553569793701172,0.33132919669151306,0.07628342509269714,0.11826619505882263,0.27341756224632263,0.0011479572858661413,0.22110283374786377,0.3743297755718231,0.07237356901168823,0.46911513805389404,0.6678062081336975,-0.19869107007980347
cmfbe_stgcn,train,2023-03-30,122.36883544921875,163.15780639648438,0.2770020067691803,0.22851723432540894,-49.61332702636719,0.05737210810184479,0.0,0.0,0.0,0.0018117557046934962,0.002307751914486289,0.0027360401581972837,246.995849609375,0.15848737955093384,0.6652504801750183,1.1639821529388428,0.39061805605888367,0.07994580268859863,0.7135053873062134,0.2898678183555603,0.0011876459466293454,0.2125750333070755,0.4535965323448181,0.05811169371008873,1.084506630897522,0.7242832183837891,0.3602234125137329
cmfbe_stgcn,train,2023-05-29,67.62650299072266,71.01864624023438,0.3765515089035034,0.3683624267578125,-12.837165832519531,0.02910587191581726,0.0,0.0,0.0,0.015502425841987133,0.016184009611606598,0.017891863361001015,299.0636901855469,0.1261388063430786,0.6652504801750183,1.1287072896957397,0.3754541873931885,0.07899642735719681,1.6877670288085938,0.28558647632598877,0.004021508619189262,0.20185254514217377,0.5412591099739075,0.00942227989435196,2.0563714504241943,0.7525339722633362,1.303837537765503
cmfbe_stgcn,train,2023-05-30,70.54666900634766,71.66633605957031,0.3694784641265869,0.36684274673461914,2.920166015625,-0.007073044776916504,0.0,0.0,0.0,0.03674357756972313,0.034335050731897354,0.037312205880880356,51.335105895996094,0.42255157232284546,0.6652504801750183,1.11418879032135,0.37006959319114685,0.07866140455007553,0.1561623364686966,0.2762601673603058,0.004143917933106422,0.21214841306209564,0.5650099515914917,0.009080898016691208,0.5152277946472168,0.7862392663955688,-0.27101147174835205
cmfbe_stgcn,train,2022-11-30,236.56149291992188,270.4866027832031,0.16578352451324463,0.14312618970870972,-69.57467651367188,0.04359891265630722,0.0,0.0,0.0,0.011883939616382122,0.012886528857052326,0.01468393113464117,963.691650390625,0.0,0.6652504801750183,0.7127698063850403,0.24375253915786743,0.07111497968435287,1.2694631814956665,0.1832389533519745,0.011849048547446728,0.2130463421344757,0.12613853812217712,0.051963936537504196,1.5356662273406982,0.39114880561828613,1.144517421722412
cmfbe_stgcn,train,2023-10-21,147.58766174316406,151.5748291015625,0.24543188512325287,0.24093729257583618,-8.20050048828125,0.009118258953094482,0.0,0.0,0.0,0.003708616364747286,0.004379975609481335,0.004796191118657589,246.70169067382812,0.15868878364562988,0.6652504801750183,0.9519402384757996,0.30192533135414124,0.09314532577991486,0.6142739653587341,0.2673496603965759,0.002978663891553879,0.21291688084602356,0.2733260989189148,0.03417505696415901,0.9777476191520691,0.5204180479049683,0.45732957124710083
cmfbe_stgcn,train,2023-02-27,222.81166076660156,185.70651245117188,0.17590339481830597,0.20667070150375366,-19.007675170898438,0.013835564255714417,0.0,0.0,0.0,0.0022176681086421013,0.0027352452743798494,0.0032125425059348345,219.76873779296875,0.17822688817977905,0.6652504801750183,1.1440154314041138,0.3593428432941437,0.09749661386013031,0.14591465890407562,0.29283425211906433,0.0006323633133433759,0.22126613557338715,0.3395017683506012,0.07131176441907883,0.5368778705596924,0.6320796608924866,-0.09520179033279419
cmfbe_stgcn,train,2023-03-12,307.3838195800781,231.11207580566406,0.12149650603532791,0.16972237825393677,46.53997802734375,-0.02776811271905899,0.0,0.0,0.0,0.004399084951728582,0.00567404692992568,0.005940965376794338,235.3528594970703,0.16664928197860718,0.6652504801750183,0.9051989912986755,0.2770322561264038,0.07304544001817703,0.040935590863227844,0.25572487711906433,0.007737698033452034,0.22181814908981323,0.18836809694766998,0.06968018412590027,0.3774436116218567,0.4798664152622223,-0.1024228036403656
cmfbe_stgcn,train,2023-06-20,107.91400146484375,120.25160217285156,0.298154354095459,0.27994024753570557,-17.16632843017578,0.024842500686645508,0.0,0.0,0.0,0.06376823037862778,0.06273121386766434,0.06707100570201874,602.8069458007812,0.007449984550476074,0.6652504801750183,1.0084898471832275,0.303821861743927,0.07462926208972931,1.7528600692749023,0.2658608853816986,0.005451382137835026,0.20472939312458038,0.319015771150589,0.008721291087567806,2.098801612854004,0.532466471195221,1.5663352012634277
cmfbe_stgcn,train,2024-02-05,54.481834411621094,49.464683532714844,0.41264107823371887,0.4287288784980774,-5.9976654052734375,0.017422974109649658,0.0,0.0,0.0,0.007779605221003294,0.008962227962911129,0.011123533360660076,166.84759521484375,0.22474431991577148,0.6652504801750183,1.1499272584915161,0.39776715636253357,0.10049556195735931,1.510502815246582,0.29560157656669617,5.0438004109309986e-05,0.1998594105243683,0.621690034866333,0.08074841648340225,1.906650424003601,0.902297854423523,1.0043525695800781
cmfbe_stgcn,train,2023-12-25,106.31999969482422,111.9814224243164,0.30065685510635376,0.29193103313446045,-5.404335021972656,0.008339136838912964,0.0,0.0,0.0,0.03703227639198303,0.035453926771879196,0.03615889325737953,82.77893829345703,0.3426888585090637,0.6652504801750183,1.1273164749145508,0.3533591032028198,0.0776287168264389,0.14151428639888763,0.2760449945926666,8.773021545493975e-05,0.21275442838668823,0.4877583086490631,0.09152702242136002,0.49527573585510254,0.7920398116111755,-0.296764075756073
cmfbe_stgcn,train,2023-12-23,111.37816619873047,109.91203308105469,0.29283976554870605,0.29506874084472656,2.6231689453125,-0.004008978605270386,0.0,0.0,0.0,0.03572903200984001,0.03585305064916611,0.036181796342134476,78.19396209716797,0.3522418141365051,0.6652504801750183,1.1587754487991333,0.39222750067710876,0.08004709333181381,0.14454452693462372,0.28523898124694824,9.583913197275251e-05,0.21750102937221527,0.5279627442359924,0.09081315249204636,0.509926438331604,0.8362769484519958,-0.32635051012039185
cmfbe_stgcn,train,2023-04-09,172.302001953125,200.02880859375,0.21931636333465576,0.19412553310394287,-5.6063385009765625,0.005403995513916016,0.0,0.0,0.0,0.004692395683377981,0.005923205055296421,0.006007213145494461,266.6925048828125,0.14551502466201782,0.6652504801750183,0.9503718018531799,0.2793421149253845,0.07318095117807388,0.5806352496147156,0.26256343722343445,0.010380702093243599,0.21484291553497314,0.247162863612175,0.061788976192474365,0.9267603754997253,0.5237947702407837,0.40296560525894165
cmfbe_stgcn,train,2023-03-17,122.56016540527344,128.19068908691406,0.2767389714717865,0.26917535066604614,-30.202667236328125,0.037118181586265564,0.0,0.0,0.0,0.004906374029815197,0.006009767763316631,0.0070242928341031075,146.50775146484375,0.2466699481010437,0.6652504801750183,1.086142659187317,0.3927455544471741,0.10009963065385818,0.2667849659919739,0.2715946435928345,0.002247801749035716,0.20995095372200012,0.3964214026927948,0.07588522881269455,0.6407270431518555,0.6822575926780701,-0.0415305495262146
cmfbe_stgcn,train,2023-08-28,77.54450225830078,83.7780990600586,0.3536395728588104,0.34067654609680176,4.289665222167969,-0.009532719850540161,0.0,0.0,0.0,0.0610106997191906,0.05983925238251686,0.06272637099027634,68.65451049804688,0.37402772903442383,0.6652504801750183,1.0948154926300049,0.37289342284202576,0.07883696258068085,0.3013771176338196,0.27995753288269043,0.00018884065502788872,0.20241335034370422,0.5126964449882507,0.009206120856106281,0.6603604555130005,0.7243159413337708,-0.06395548582077026
cmfbe_stgcn,train,2023-08-31,170.3711700439453,203.8025360107422,0.2212180644273758,0.1909688115119934,29.970504760742188,-0.03262887895107269,1.0,1.0,1.0,0.8579597473144531,0.8609777688980103,0.8547071814537048,474.3970031738281,0.04803436994552612,0.6652504801750183,0.9960174560546875,0.3017430305480957,0.07450539618730545,1.403266191482544,0.26003727316856384,0.0006743872072547674,0.20551688969135284,0.3112204968929291,0.009193138219416142,1.7384833097457886,0.5259305238723755,1.212552785873413
cmfbe_stgcn,train,2024-03-17,71.30049896240234,77.3423843383789,0.36769944429397583,0.3540768623352051,-42.372337341308594,0.07829061150550842,0.0,0.0,0.0,0.0038792176637798548,0.004680376034229994,0.005356353707611561,91.7235107421875,0.32547086477279663,0.6652504801750183,1.10792076587677,0.34114620089530945,0.0961008220911026,0.13541030883789062,0.2884390950202942,0.0010539323557168245,0.21107643842697144,0.4528335928916931,0.06955520808696747,0.5210041403770447,0.7334652543067932,-0.21246111392974854
cmfbe_stgcn,train,2023-06-22,95.77433013916016,89.69740295410156,0.3182130753993988,0.32922089099884033,8.744827270507812,-0.016075581312179565,0.0,0.0,0.0,0.007474250625818968,0.008688482455909252,0.00916147232055664,233.48257446289062,0.16799771785736084,0.6652504801750183,1.0860258340835571,0.3437255620956421,0.07703817635774612,1.3022431135177612,0.28612691164016724,0.002884508343413472,0.20226314663887024,0.4843764901161194,0.0019438141025602818,1.6682926416397095,0.688583493232727,0.9797091484069824
cmfbe_stgcn,train,2023-08-29,105.61100006103516,97.3759765625,0.30178192257881165,0.31542688608169556,28.066497802734375,-0.05185765027999878,1.0,1.0,1.0,0.7970260381698608,0.8024687767028809,0.7998068928718567,76.83123016357422,0.35518795251846313,0.6652504801750183,1.0859650373458862,0.3559344410896301,0.07778718322515488,0.3485769033432007,0.27924710512161255,0.00021481362637132406,0.2019178569316864,0.5025597810745239,0.010471256449818611,0.7058260440826416,0.7149489521980286,-0.009122908115386963
cmfbe_stgcn,train,2023-07-05,157.39132690429688,143.53741455078125,0.2345868945121765,0.2501227855682373,20.699493408203125,-0.0237714946269989,0.0,0.0,0.0,0.10474609583616257,0.09511855989694595,0.10103724151849747,361.612548828125,0.0940011739730835,0.6652504801750183,1.0210850238800049,0.33823272585868835,0.0767030343413353,1.1702284812927246,0.27164873480796814,0.002187905367463827,0.20670799911022186,0.34165969491004944,0.00408390024676919,1.520768165588379,0.5524515509605408,0.9683166146278381
cmfbe_stgcn,train,2023-08-19,127.84383392333984,151.0281219482422,0.26963168382644653,0.24154657125473022,-17.35399627685547,0.02144765853881836,0.0,0.0,0.0,0.004966077394783497,0.006073706783354282,0.00632323557510972,343.9605407714844,0.10247176885604858,0.6652504801750183,0.8924005031585693,0.25824570655822754,0.08993832767009735,0.9477192759513855,0.24868108332157135,0.0007496470934711397,0.2080691158771515,0.20516616106033325,0.015383478254079819,1.2870882749557495,0.42861875891685486,0.8584694862365723
cmfbe_stgcn,train,2023-07-14,93.78766632080078,97.64277648925781,0.32173383235931396,0.31496721506118774,-7.208000183105469,0.01244005560874939,0.0,0.0,0.0,0.02154325693845749,0.02183595485985279,0.022695191204547882,82.32650756835938,0.34360796213150024,0.6652504801750183,1.1596601009368896,0.40189388394355774,0.10082182288169861,0.16325868666172028,0.2935771346092224,0.00028414581902325153,0.2122037708759308,0.5444917678833008,0.0034102380741387606,0.5579417943954468,0.7601057291030884,-0.2021639347076416
cmfbe_stgcn,train,2023-02-24,258.7658386230469,230.09681701660156,0.15061701834201813,0.17046642303466797,6.6725006103515625,-0.0044168829917907715,0.0,0.0,0.0,0.0036644742358475924,0.004637162201106548,0.004941834136843681,347.45196533203125,0.10076248645782471,0.6652504801750183,0.9927283525466919,0.30106911063194275,0.09308160096406937,0.47342541813850403,0.2714225649833679,0.001807195832952857,0.2133251130580902,0.22225883603096008,0.0844109058380127,0.839736819267273,0.519994854927063,0.31974196434020996
cmfbe_stgcn,train,2022-12-04,169.0366668701172,179.2307891845703,0.22254499793052673,0.21266233921051025,-29.845993041992188,0.02744893729686737,0.0,0.0,0.0,0.016520118340849876,0.016558082774281502,0.018094854429364204,192.70465087890625,0.20042502880096436,0.6652504801750183,1.1724976301193237,0.40488699078559875,0.08084718137979507,0.31919485330581665,0.29256170988082886,0.000737487047445029,0.21117621660232544,0.46577730774879456,0.047783657908439636,0.6933411955833435,0.7247372269630432,-0.03139603137969971
cmfbe_stgcn,train,2023-08-30,140.40066528320312,127.65855407714844,0.2538469433784485,0.2698759436607361,34.78966522216797,-0.04793497920036316,1.0,1.0,1.0,0.8129153251647949,0.8120098114013672,0.8065791130065918,119.99481964111328,0.2803000807762146,0.6652504801750183,1.0151023864746094,0.2956525683403015,0.07414345443248749,0.39324769377708435,0.26266518235206604,0.00041532114846631885,0.20355656743049622,0.39194464683532715,0.008409078232944012,0.7304716110229492,0.6039102673530579,0.12656134366989136
cmfbe_stgcn,train,2024-01-15,173.71200561523438,143.7412872314453,0.21794097125530243,0.2498835325241089,-0.0168304443359375,1.6361474990844727e-05,0.0,0.0,0.0,0.008588132448494434,0.009091749787330627,0.009284617379307747,176.033447265625,0.21570050716400146,0.6652504801750183,0.9739239811897278,0.31870394945144653,0.09440085291862488,0.2175251990556717,0.25830960273742676,0.0012145651271566749,0.21695783734321594,0.25048938393592834,0.09089944511651993,0.5714502334594727,0.558346688747406,0.01310354471206665
cmfbe_stgcn,train,2022-12-18,135.7548370361328,145.76083374023438,0.2595174014568329,0.24753159284591675,4.422332763671875,-0.005579531192779541,0.0,0.0,0.0,0.022401580587029457,0.023778799921274185,0.0240014735609293,180.27142333984375,0.21168512105941772,0.6652504801750183,1.2100452184677124,0.457845538854599,0.10532599687576294,0.752105712890625,0.302744060754776,7.874146103858948e-05,0.21000318229198456,0.5535135865211487,0.0820602998137474,1.1602545976638794,0.8455770611763,0.31467753648757935
cmfbe_stgcn,train,2022-01-28,41.20833206176758,53.77058792114258,0.45905306935310364,0.4148310422897339,-10.728336334228516,0.03844133019447327,0.0,0.0,0.0,0.0042649139650166035,0.0051036980003118515,0.005438215099275112,107.88619995117188,0.2981976866722107,0.6652504801750183,1.1048908233642578,0.37332454323768616,0.09857974201440811,1.156032919883728,0.27885428071022034,0.00036857539089396596,0.19875359535217285,0.552152156829834,0.06172254681587219,1.533835530281067,0.8126282691955566,0.7212072610855103
cmfbe_stgcn,train,2023-07-03,106.57416534423828,121.0589828491211,0.30025535821914673,0.27881377935409546,14.460166931152344,-0.02450224757194519,0.0,0.0,0.0,0.7584784626960754,0.7670524716377258,0.7500296831130981,99.89312744140625,0.3111385107040405,0.6652504801750183,1.0453399419784546,0.31611865758895874,0.07536521553993225,0.3769604563713074,0.27429062128067017,0.0023471182212233543,0.20264747738838196,0.4418928027153015,0.004185481928288937,0.7289633750915527,0.6487258076667786,0.08023756742477417
cmfbe_stgcn,train,2022-12-30,219.92433166503906,204.47483825683594,0.1781073361635208,0.1904125213623047,-23.873001098632812,0.017416566610336304,0.0,0.0,0.0,0.009617569856345654,0.010013197548687458,0.010542323812842369,214.93019104003906,0.18198829889297485,0.6652504801750183,1.1194688081741333,0.35008811950683594,0.09678475558757782,0.13236600160598755,0.2835896611213684,7.411891419906169e-05,0.2256430685520172,0.3208959102630615,0.09175119549036026,0.5128145813941956,0.6382901668548584,-0.12547558546066284
cmfbe_stgcn,train,2023-12-12,129.13233947753906,131.7276153564453,0.2679426670074463,0.264590859413147,22.380172729492188,-0.0320320725440979,1.0,1.0,1.0,0.8969502449035645,0.894714891910553,0.8976263999938965,102.0096664428711,0.30761462450027466,0.6652504801750183,0.995279848575592,0.34073275327682495,0.07685542851686478,0.2393559217453003,0.2527439296245575,0.0017273963894695044,0.20739930868148804,0.31331923604011536,0.09497503191232681,0.5706827044487,0.6156936287879944,-0.045010924339294434
cmfbe_stgcn,train,2024-03-25,66.4301986694336,70.66023254394531,0.3795364201068878,0.3692092299461365,-1.094970703125,0.0027340948581695557,0.0,0.0,0.0,0.019757388159632683,0.021554674953222275,0.02090318873524666,58.70299530029297,0.40019500255584717,0.6652504801750183,0.9379230737686157,0.27654311060905457,0.09127096086740494,0.19196993112564087,0.26137492060661316,0.0094355633482337,0.20386363565921783,0.4048804044723511,0.0831262469291687,0.5540513396263123,0.6918702721595764,-0.13781893253326416
cmfbe_stgcn,train,2023-08-02,181.12567138671875,190.42755126953125,0.2108871191740036,0.20243215560913086,47.336334228515625,-0.05108748376369476,1.0,1.0,1.0,0.9291432499885559,0.9316726326942444,0.9334450960159302,128.51771545410156,0.26874619722366333,0.6652504801750183,0.8976625800132751,0.2828681170940399,0.07338818162679672,0.15901286900043488,0.24567770957946777,0.0018927770433947444,0.21062453091144562,0.29519855976104736,0.01404406689107418,0.4799715280532837,0.5198671221733093,-0.039895594120025635
cmfbe_stgcn,train,2023-08-16,147.93865966796875,155.4152069091797,0.24503140151500702,0.2367178201675415,25.404823303222656,-0.03174374997615814,1.0,1.0,1.0,0.6980400681495667,0.7078069448471069,0.7096429467201233,117.29341125488281,0.28413259983062744,0.6652504801750183,0.9343742728233337,0.2639399468898773,0.07228110730648041,0.15453606843948364,0.25600266456604004,0.0006068983348086476,0.21413719654083252,0.29251351952552795,0.020122943446040154,0.4834267497062683,0.5267736315727234,-0.04334688186645508
cmfbe_stgcn,train,2022-12-11,206.45016479492188,194.03109741210938,0.18878860771656036,0.19926667213439941,6.0901641845703125,-0.0050575584173202515,0.0,0.0,0.0,0.016948789358139038,0.017880406230688095,0.019093167036771774,199.21661376953125,0.19481271505355835,0.6652504801750183,1.1196019649505615,0.3955662250518799,0.10032188892364502,0.2774951457977295,0.28503814339637756,0.0011122149880975485,0.21218395233154297,0.37779849767684937,0.07967951148748398,0.6639673709869385,0.6696619391441345,-0.005694568157196045
cmfbe_stgcn,train,2023-09-04,188.3541717529297,184.63671875,0.20428065955638885,0.20764607191085815,-1.5941619873046875,0.0014230161905288696,0.0,0.0,0.0,0.0114771518856287,0.013315564952790737,0.01243532169610262,245.07144165039062,0.15980958938598633,0.6652504801750183,0.687624454498291,0.17460140585899353,0.08404188603162766,0.20455966889858246,0.22103700041770935,0.0028214789927005768,0.20853878557682037,0.03176143765449524,0.018540864810347557,0.5124600529670715,0.2588410973548889,0.2536189556121826
cmfbe_stgcn,train,2023-09-16,151.8302001953125,143.44667053222656,0.24065344035625458,0.2502293586730957,-14.613967895507812,0.015500620007514954,0.0,0.0,0.0,0.05336623266339302,0.04907119274139404,0.048781197518110275,669.9010620117188,0.0,0.6652504801750183,0.923346996307373,0.2622321844100952,0.07218187302350998,1.4662781953811646,0.24560460448265076,0.0014581638388335705,0.20714108645915985,0.1844019889831543,0.006007786840200424,1.7855228185653687,0.39755088090896606,1.3879718780517578
cmfbe_stgcn,train,2023-06-24,112.4365005493164,105.28923034667969,0.29124876856803894,0.3022949695587158,2.6614990234375,-0.0040298402309417725,0.0,0.0,0.0,0.05990004166960716,0.06378892064094543,0.06208724156022072,124.94171905517578,0.27349853515625,0.6652504801750183,1.0696275234222412,0.3667944669723511,0.09807272255420685,0.3867109715938568,0.2841915786266327,0.003045653225854039,0.20428892970085144,0.4369161128997803,0.002497567795217037,0.7720209360122681,0.6437026262283325,0.12831830978393555
cmfbe_stgcn,train,2023-01-03,123.94249725341797,111.76473236083984,0.27485060691833496,0.2922568917274475,0.9290008544921875,-0.0012667477130889893,0.0,0.0,0.0,0.012095188722014427,0.012329542078077793,0.013446946628391743,90.51351165771484,0.3277004361152649,0.6652504801750183,1.1217008829116821,0.3656400740146637,0.07838662713766098,0.1316167265176773,0.27752983570098877,3.707313589984551e-05,0.21891196072101593,0.4767742156982422,0.09578767418861389,0.48757025599479675,0.7914738655090332,-0.30390360951423645
cmfbe_stgcn,train,2023-12-01,177.3818359375,177.1954345703125,0.2144125998020172,0.21459007263183594,28.566665649414062,-0.029622837901115417,1.0,1.0,1.0,0.7180196642875671,0.7659779191017151,0.7483523488044739,122.41136169433594,0.27694350481033325,0.6652504801750183,0.9102197289466858,0.2891276776790619,0.07375721633434296,0.04678913578391075,0.25595420598983765,0.003631364554166794,0.21601413190364838,0.26815587282180786,0.08984118700027466,0.38013190031051636,0.5740112066268921,-0.19387930631637573
cmfbe_stgcn,train,2023-05-04,113.21817016601562,108.73157501220703,0.2900831699371338,0.2968849539756775,28.500167846679688,-0.04872199892997742,1.0,1.0,1.0,0.7820097804069519,0.7971358895301819,0.791959285736084,72.64855194091797,0.36456382274627686,0.6652504801750183,1.0149658918380737,0.3387496769428253,0.0767345204949379,0.16821904480457306,0.2521710991859436,0.010407114401459694,0.2056412696838379,0.3782142400741577,0.0754345953464508,0.5075317621231079,0.659290075302124,-0.1517583131790161
cmfbe_stgcn,train,2023-11-25,120.8895034790039,126.63035583496094,0.2790496349334717,0.271237850189209,10.704338073730469,-0.015601664781570435,0.0,0.0,0.0,0.16611632704734802,0.1640392541885376,0.1652040034532547,86.12470245361328,0.33604228496551514,0.6652504801750183,1.0470918416976929,0.3315742015838623,0.07629828155040741,0.13310225307941437,0.26412540674209595,0.0014005546690896153,0.21675100922584534,0.40869495272636414,0.09333698451519012,0.47492650151252747,0.7187829613685608,-0.24385645985603333
cmfbe_stgcn,train,2023-03-08,183.52833557128906,200.9791717529297,0.20866255462169647,0.19332504272460938,33.15516662597656,-0.033616840839385986,1.0,1.0,1.0,0.8922592401504517,0.9090916514396667,0.9073436260223389,124.3560562133789,0.27428966760635376,0.6652504801750183,1.0350292921066284,0.3199254870414734,0.0755942091345787,0.09362281113862991,0.26943346858024597,0.001986523624509573,0.21501462161540985,0.3392461836338043,0.07496606558561325,0.4406370222568512,0.6292268633842468,-0.18858984112739563
cmfbe_stgcn,train,2024-02-08,59.57416534423828,58.786407470703125,0.39773616194725037,0.3999580144882202,9.532665252685547,-0.029063642024993896,1.0,1.0,1.0,0.30386149883270264,0.3000945746898651,0.29758909344673157,32.41389083862305,0.4987109303474426,0.6652504801750183,1.1233956813812256,0.37458306550979614,0.07894214987754822,0.14977751672267914,0.2841462790966034,6.158436735859141e-05,0.20541585981845856,0.649666428565979,0.08151264488697052,0.5129275321960449,0.9365949034690857,-0.42366737127304077
cmfbe_stgcn,train,2023-02-15,178.843994140625,172.744384765625,0.2130269855260849,0.21888363361358643,-25.30633544921875,0.02234615385532379,0.0,0.0,0.0,0.00487436493858695,0.005762477871030569,0.006906879134476185,656.3351440429688,0.0,0.6652504801750183,1.1605451107025146,0.4105595052242279,0.10150958597660065,1.4461482763290405,0.3005179166793823,0.00038006564136594534,0.20949265360832214,0.40363094210624695,0.07098113745450974,1.8485558032989502,0.6841047406196594,1.1644511222839355
cmfbe_stgcn,train,2024-01-11,98.79850006103516,95.41154479980469,0.31299012899398804,0.318850576877594,15.982170104980469,-0.029623031616210938,1.0,1.0,1.0,0.10705088078975677,0.10035860538482666,0.10078872740268707,61.095916748046875,0.39352476596832275,0.6652504801750183,1.0086678266525269,0.3090096414089203,0.07493906468153,0.10470567643642426,0.26069602370262146,0.0007096456247381866,0.2144111841917038,0.4288424253463745,0.09774459153413773,0.4410504102706909,0.7409982085227966,-0.2999477982521057
cmfbe_stgcn,train,2023-08-05,220.0506591796875,182.56735229492188,0.17801031470298767,0.20954877138137817,18.830825805664062,-0.015112608671188354,0.0,0.0,0.0,0.030036622658371925,0.029976069927215576,0.02951665222644806,280.5386657714844,0.1369551420211792,0.6652504801750183,0.5701920390129089,0.17768391966819763,0.08425354212522507,0.34279465675354004,0.16428148746490479,0.0032333116978406906,0.2160358428955078,0.027127694338560104,0.02048509195446968,0.5945630073547363,0.2636486291885376,0.33091437816619873
cmfbe_stgcn,train,2022-09-30,610.4828491210938,644.3583374023438,0.005305862985551357,0.0,53.6915283203125,-0.015598970465362072,0.0,0.0,0.0,0.2211253046989441,0.2135254293680191,0.21430785953998566,846.0028076171875,0.0,0.6652504801750183,0.8969857096672058,0.25686508417129517,0.08983839303255081,0.4066835641860962,0.2460642009973526,0.0028664523269981146,0.2249685674905777,0.06621360778808594,0.03655128553509712,0.7454525828361511,0.32773345708847046,0.41771912574768066
cmfbe_stgcn,train,2022-11-27,454.0268249511719,346.64605712890625,0.05546771362423897,0.10115551948547363,88.48748779296875,-0.036705274134874344,1.0,1.0,1.0,0.030301082879304886,0.02994680218398571,0.03135775402188301,349.07708740234375,0.09997272491455078,0.6652504801750183,0.9037171006202698,0.2531227171421051,0.07165438681840897,0.050542645156383514,0.25723764300346375,0.007037897128611803,0.2284744679927826,0.152708500623703,0.05124184116721153,0.38647258281707764,0.4324248135089874,-0.04595223069190979
cmfbe_stgcn,train,2023-01-10,201.59317016601562,195.59280395507812,0.1928098499774933,0.19791293144226074,-6.3256683349609375,0.005218669772148132,0.0,0.0,0.0,0.010759096592664719,0.01125231385231018,0.01191606093198061,172.33335876464844,0.21928560733795166,0.6652504801750183,0.9345861673355103,0.2928512692451477,0.07397743314504623,0.05041416734457016,0.2555042803287506,0.0005615727277472615,0.21998782455921173,0.24944214522838593,0.09775662422180176,0.38045743107795715,0.5671865940093994,-0.18672916293144226
cmfbe_stgcn,train,2023-11-27,160.9751739501953,178.3612823486328,0.2307891994714737,0.21348315477371216,13.774002075195312,-0.015084758400917053,0.0,0.0,0.0,0.3885240852832794,0.3841622471809387,0.39641502499580383,127.9423599243164,0.2695019245147705,0.6652504801750183,1.0587680339813232,0.33115702867507935,0.07627297937870026,0.1444050371646881,0.26489248871803284,0.001266924082301557,0.21035577356815338,0.33279216289520264,0.08289463073015213,0.4868374168872833,0.6260425448417664,-0.13920512795448303
cmfbe_stgcn,train,2023-11-11,128.92416381835938,167.32176208496094,0.2682144045829773,0.22426551580429077,37.49250030517578,-0.05779159069061279,1.0,1.0,1.0,0.8525879979133606,0.8568935394287109,0.8552517890930176,356.48748779296875,0.09641724824905396,0.6652504801750183,0.7149640917778015,0.23398418724536896,0.10583414137363434,1.0807584524154663,0.6727977991104126,0.00908124540001154,0.2049563229084015,0.24593643844127655,0.06494837254285812,1.868471622467041,0.5158411264419556,1.3526304960250854
cmfbe_stgcn,train,2023-11-22,117.67716979980469,104.15556335449219,0.2835828959941864,0.30411505699157715,6.195167541503906,-0.009100109338760376,0.0,0.0,0.0,0.010809002444148064,0.01143098808825016,0.011634748429059982,87.30631256103516,0.3337557315826416,0.6652504801750183,1.124351978302002,0.34618431329727173,0.09648570418357849,0.13999132812023163,0.28443536162376404,0.0006339983083307743,0.21052099764347076,0.4794687032699585,0.07353843748569489,0.5215464234352112,0.7635281085968018,-0.24198168516159058
cmfbe_stgcn,train,2023-03-15,229.35833740234375,239.54640197753906,0.17100973427295685,0.1636641025543213,-47.275177001953125,0.03168371319770813,0.0,0.0,0.0,0.003184851724654436,0.004058458376675844,0.004459626041352749,278.135986328125,0.13840991258621216,0.6652504801750183,1.1529709100723267,0.40774908661842346,0.1012861430644989,0.193627268075943,0.29156070947647095,0.0012109919916838408,0.21396897733211517,0.30705827474594116,0.061260681599378586,0.5876851081848145,0.5822879672050476,0.005397140979766846
cmfbe_stgcn,train,2023-02-09,280.0950012207031,257.1247253417969,0.13722287118434906,0.1516926884651184,22.058837890625,-0.01387159526348114,0.0,0.0,0.0,0.011957553215324879,0.012896928936243057,0.013005901128053665,378.8653869628906,0.08611154556274414,0.6652504801750183,0.9352440237998962,0.29949507117271423,0.09296455979347229,0.5262693762779236,0.2631818652153015,0.0019142976962029934,0.21695809066295624,0.18870317935943604,0.09581954032182693,0.884330153465271,0.5014808177947998,0.3828493356704712
cmfbe_stgcn,train,2023-08-22,171.88516235351562,151.0517578125,0.219725102186203,0.24152016639709473,8.646163940429688,-0.00870823860168457,0.0,0.0,0.0,0.0035121573600918055,0.004324444103986025,0.004623194225132465,210.6278533935547,0.18540436029434204,0.6652504801750183,0.9579397439956665,0.3011762797832489,0.09308958053588867,0.34150978922843933,0.2618391215801239,0.0005171747179701924,0.21009968221187592,0.2196870744228363,0.01366217527538538,0.696955680847168,0.443448930978775,0.25350674986839294
cmfbe_stgcn,train,2024-01-01,118.83733367919922,110.68224334716797,0.28193166851997375,0.2938941717147827,-14.883827209472656,0.01987120509147644,0.0,0.0,0.0,0.005922032054513693,0.006609300617128611,0.006834100000560284,107.0589370727539,0.2994921803474426,0.6652504801750183,0.9544892907142639,0.29006505012512207,0.07381260395050049,0.0686422735452652,0.26863229274749756,0.00027180896722711623,0.2167375534772873,0.3173958361148834,0.09775613248348236,0.41135895252227783,0.6318895220756531,-0.22053056955337524
cmfbe_stgcn,train,2023-11-30,148.81517028808594,138.04197692871094,0.24403543770313263,0.25670212507247925,-9.22149658203125,0.01013869047164917,0.0,0.0,0.0,0.01508772186934948,0.016878658905625343,0.01662376895546913,131.90658569335938,0.2643621563911438,0.6652504801750183,0.9533693790435791,0.3195389211177826,0.09446367621421814,0.045218415558338165,0.26838618516921997,0.0030274982564151287,0.21498773992061615,0.29377272725105286,0.08182355016469955,0.4110957682132721,0.5905839800834656,-0.17948821187019348
cmfbe_stgcn,train,2022-01-25,69.82833099365234,77.2608413696289,0.37119120359420776,0.3542536497116089,-5.176666259765625,0.011973083019256592,0.0,0.0,0.0,0.0030213776044547558,0.003682816168293357,0.0040068551898002625,239.31906127929688,0.16382461786270142,0.6652504801750183,1.0010701417922974,0.317787766456604,0.09433194994926453,1.413904070854187,0.25699931383132935,0.0007603021222166717,0.20189519226551056,0.3272591531276703,0.08567304909229279,1.765995740890503,0.6148273944854736,1.1511683464050293
cmfbe_stgcn,train,2023-12-06,73.3673324584961,80.83012390136719,0.3629153370857239,0.3466838002204895,-13.342666625976562,0.028009504079818726,0.0,0.0,0.0,0.010850888676941395,0.011552790179848671,0.011979403905570507,64.390625,0.3847496509552002,0.6652504801750183,1.1389565467834473,0.3479301333427429,0.09661935269832611,0.1453719139099121,0.2814202606678009,0.0003993776917923242,0.21316666901111603,0.5237258076667786,0.08057510852813721,0.523810863494873,0.8174675703048706,-0.29365670680999756
cmfbe_stgcn,train,2024-03-27,44.424598693847656,3.2166898250579834,0.4465883672237396,0.8500488996505737,43.68159866333008,-0.553411602973938,1.0,1.0,1.0,0.7395829558372498,0.7737480401992798,0.7472183704376221,0.660041332244873,1.0,0.6652504801750183,0.9455671906471252,0.29146692156791687,0.09236938506364822,0.17159470915794373,0.26999834179878235,0.01343641895800829,0.07536841183900833,0.45753195881843567,0.06326369941234589,0.5473988652229309,0.5961641073226929,-0.04876524209976196
cmfbe_stgcn,train,2024-02-02,90.01166534423828,84.53645324707031,0.3286338150501251,0.3391650319099426,-5.527336120605469,0.010007470846176147,0.0,0.0,0.0,0.0035658045671880245,0.004271368496119976,0.005003421567380428,258.36431884765625,0.15087956190109253,0.6652504801750183,0.9404909610748291,0.3049986660480499,0.07469944655895233,1.3079849481582642,0.25324979424476624,0.0004623126587830484,0.20407287776470184,0.3394205868244171,0.1046166643500328,1.6363964080810547,0.6481100916862488,0.9882863163948059
cmfbe_stgcn,train,2023-01-02,123.01349639892578,137.512451171875,0.27611735463142395,0.25734978914260864,-27.486671447753906,0.033980295062065125,0.0,0.0,0.0,0.012603141367435455,0.013011712580919266,0.013900731690227985,113.05573272705078,0.29032468795776367,0.6652504801750183,1.1387137174606323,0.33882781863212585,0.07673928141593933,0.12948507070541382,0.2845126688480377,2.62055364146363e-05,0.22410322725772858,0.4551221430301666,0.09543772041797638,0.49076321721076965,0.7746630907058716,-0.28389987349510193
cmfbe_stgcn,train,2023-03-06,126.02816772460938,137.97024536132812,0.27204060554504395,0.2567897439002991,19.008331298828125,-0.02751299738883972,0.0,0.0,0.0,0.8034290671348572,0.805355429649353,0.8125307559967041,82.61395263671875,0.34302347898483276,0.6652504801750183,1.0857666730880737,0.3453349173069,0.0771365836262703,0.1410631239414215,0.26586294174194336,0.0008918105158954859,0.21191392838954926,0.4482474625110626,0.08089765161275864,0.48495444655418396,0.7410590052604675,-0.25610455870628357
cmfbe_stgcn,train,2023-12-30,136.5228271484375,134.98281860351562,0.25856685638427734,0.26047831773757935,22.12932586669922,-0.029778629541397095,1.0,1.0,1.0,0.1823471039533615,0.17935088276863098,0.1639547049999237,90.17668151855469,0.3283262848854065,0.6652504801750183,0.9369509816169739,0.26447948813438416,0.09039060771465302,0.03827851265668869,0.2634858191013336,0.0006279990775510669,0.20978884398937225,0.31062886118888855,0.10791436582803726,0.39278292655944824,0.6283320784568787,-0.23554915189743042
cmfbe_stgcn,train,2023-09-07,83.35333251953125,88.66490173339844,0.34152916073799133,0.33116424083709717,-31.890167236328125,0.05442938208580017,0.0,0.0,0.0,0.003799406811594963,0.004436965100467205,0.004759907256811857,120.38089752197266,0.27975934743881226,0.6652504801750183,0.977715015411377,0.3012515604496002,0.09309516847133636,0.1478901207447052,0.2571203410625458,0.0008174164104275405,0.21694616973400116,0.22453895211219788,0.01419181190431118,0.49892306327819824,0.4556769132614136,0.04324615001678467
cmfbe_stgcn,train,2023-12-11,106.75216674804688,119.39593505859375,0.2999747395515442,0.28114229440689087,14.859832763671875,-0.025187402963638306,0.0,0.0,0.0,0.45631787180900574,0.43999963998794556,0.45125871896743774,79.09324645996094,0.3503252863883972,0.6652504801750183,1.0324293375015259,0.3129940629005432,0.0939721018075943,0.2153864949941635,0.25575974583625793,0.0012066937051713467,0.2108733057975769,0.41092053055763245,0.09278073161840439,0.5663250088691711,0.7145745754241943,-0.1482495665550232
cmfbe_stgcn,train,2023-01-17,82.59600067138672,109.62838745117188,0.3430599272251129,0.2955033779144287,-16.259666442871094,0.03016701340675354,0.0,0.0,0.0,0.08306688070297241,0.08972562104463577,0.09057889878749847,89.73175048828125,0.32915663719177246,0.6652504801750183,1.1602569818496704,0.39301663637161255,0.10012098401784897,0.30799055099487305,0.29654228687286377,0.0001025380624923855,0.20588365197181702,0.5038246512413025,0.09086644649505615,0.7047563791275024,0.800574779510498,-0.0958184003829956
cmfbe_stgcn,train,2023-04-04,95.9446029663086,108.41301727294922,0.3179147243499756,0.29737842082977295,-14.670394897460938,0.023918330669403076,0.0,0.0,0.0,0.02828499674797058,0.028521845117211342,0.03549812361598015,113.50611877441406,0.28965574502944946,0.6652504801750183,0.9656952023506165,0.33795201778411865,0.07668593525886536,0.3135468363761902,0.2415134310722351,0.007675150875002146,0.20575252175331116,0.3413197696208954,0.06677654385566711,0.6394213438034058,0.6138488054275513,0.025572538375854492
cmfbe_stgcn,train,2023-03-19,139.8423309326172,170.69760131835938,0.2545184791088104,0.22089505195617676,21.574501037597656,-0.028221726417541504,1.0,1.0,1.0,0.7828586101531982,0.7917076945304871,0.8023223876953125,322.4252014160156,0.11341327428817749,0.6652504801750183,1.1262127161026,0.3592078685760498,0.09748619794845581,1.3318419456481934,0.27956095337867737,0.001591572305187583,0.20624040067195892,0.43923962116241455,0.06740455329418182,1.7104806900024414,0.7128846049308777,0.9975960850715637
cmfbe_stgcn,train,2024-02-20,34.478599548339844,28.752002716064453,0.48853397369384766,0.5184129476547241,-0.12340164184570312,0.0005893409252166748,0.0,0.0,0.0,0.00649795588105917,0.007489291951060295,0.008862726390361786,23.499074935913086,0.5513858795166016,0.6652504801750183,1.1069421768188477,0.3818475604057312,0.07939563691616058,0.22819209098815918,0.27943316102027893,0.0005263299099169672,0.19869062304496765,0.6804050207138062,0.0822179839015007,0.5875471830368042,0.9613136649131775,-0.3737664818763733
cmfbe_stgcn,train,2023-05-22,102.53849792480469,100.71024322509766,0.3067454993724823,0.3097693920135498,-17.767333984375,0.026881158351898193,0.0,0.0,0.0,0.004275806248188019,0.005176356993615627,0.00560185220092535,131.992431640625,0.26425260305404663,0.6652504801750183,0.9356508255004883,0.2986764907836914,0.07432299107313156,0.2481561154127121,0.2496950924396515,0.017916550859808922,0.20715835690498352,0.2552112638950348,0.03574394807219505,0.5900907516479492,0.49811357259750366,0.09197717905044556
cmfbe_stgcn,train,2023-10-26,119.80683135986328,118.98078155517578,0.28056401014328003,0.2817285656929016,2.6988296508789062,-0.0038348734378814697,0.0,0.0,0.0,0.023118002340197563,0.022003840655088425,0.023685988038778305,93.84805297851562,0.3216257095336914,0.6652504801750183,1.1000174283981323,0.31446170806884766,0.07526572793722153,0.15181949734687805,0.2745591700077057,0.0009817510144785047,0.2208482176065445,0.4650781750679016,0.03602282702922821,0.5026261210441589,0.7219492197036743,-0.21932309865951538
cmfbe_stgcn,train,2023-03-29,171.98216247558594,199.6864013671875,0.2196298986673355,0.1944149136543274,-75.39849853515625,0.061405688524246216,0.0,0.0,0.0,0.0019271750934422016,0.0024495392572134733,0.002869672141969204,224.31019592285156,0.17477071285247803,0.6652504801750183,1.1526776552200317,0.39000236988067627,0.09988386929035187,0.1469797044992447,0.29196667671203613,0.0012764777056872845,0.22383084893226624,0.3607395589351654,0.05302083119750023,0.5401067733764648,0.6375912427902222,-0.09748446941375732
cmfbe_stgcn,train,2023-12-21,107.3499984741211,111.85203552246094,0.29903560876846313,0.29212552309036255,-14.817832946777344,0.02175682783126831,0.0,0.0,0.0,0.030534962192177773,0.03360594063997269,0.03417316451668739,312.07379150390625,0.1189345121383667,0.6652504801750183,1.1070936918258667,0.39438745379447937,0.10022895038127899,1.258628249168396,0.2803710997104645,0.0002943913859780878,0.20631574094295502,0.41196030378341675,0.08835572004318237,1.639522671699524,0.7066317796707153,0.9328908920288086
cmfbe_stgcn,train,2022-12-02,281.62615966796875,247.4611358642578,0.13630081713199615,0.1581692099571228,41.46282958984375,-0.02692854404449463,0.0,0.0,0.0,0.036298979073762894,0.03665103390812874,0.037697240710258484,277.5739440917969,0.1387520432472229,0.6652504801750183,1.1829088926315308,0.4109157621860504,0.10153792798519135,0.34062862396240234,0.3057425618171692,0.0007238580146804452,0.21171772480010986,0.3535976707935333,0.039108749479055405,0.7486329674720764,0.6044241189956665,0.1442088484764099
cmfbe_stgcn,train,2023-09-19,146.11965942382812,125.3260498046875,0.24711714684963226,0.27298134565353394,18.49132537841797,-0.022798672318458557,0.0,0.0,0.0,0.016333069652318954,0.01709982566535473,0.016322439536452293,156.4081573486328,0.23564374446868896,0.6652504801750183,0.9840288758277893,0.29618245363235474,0.07417488843202591,0.3434208333492279,0.25973254442214966,0.0009209077688865364,0.20593349635601044,0.2670980393886566,0.0033021618146449327,0.6782491207122803,0.4763336777687073,0.201915442943573
cmfbe_stgcn,train,2023-12-28,116.27083587646484,122.5850830078125,0.2856062948703766,0.27670472860336304,-6.587333679199219,0.009276211261749268,0.0,0.0,0.0,0.03760763630270958,0.03629177063703537,0.03635137528181076,91.70777130126953,0.3254997134208679,0.6652504801750183,0.9267829656600952,0.24079342186450958,0.07094530761241913,0.03260120004415512,0.25841352343559265,0.0005536851240321994,0.2192849963903427,0.3350239396095276,0.09788961708545685,0.3625137209892273,0.6521985530853271,-0.28968483209609985
cmfbe_stgcn,train,2023-05-25,90.73999786376953,93.44236755371094,0.3272809088230133,0.3223532438278198,-8.91400146484375,0.01573958992958069,0.0,0.0,0.0,0.003916769288480282,0.004604186397045851,0.004923241678625345,99.57025146484375,0.3116825819015503,0.6652504801750183,1.0204081535339355,0.321809321641922,0.07570773363113403,0.256369411945343,0.27342817187309265,0.010458379052579403,0.2109278440475464,0.3785025179386139,0.02736610546708107,0.6159636974334717,0.6167964339256287,-0.0008327364921569824
cmfbe_stgcn,train,2023-12-27,122.85816955566406,118.99639892578125,0.2763300836086273,0.2817065119743347,5.55267333984375,-0.007785230875015259,0.0,0.0,0.0,0.046257104724645615,0.042842086404561996,0.043404292315244675,89.86570739746094,0.32890623807907104,0.6652504801750183,1.0814311504364014,0.31968197226524353,0.07557955384254456,0.12043432146310806,0.27200454473495483,0.0001296863192692399,0.21227911114692688,0.4261063039302826,0.09365001320838928,0.4681481122970581,0.7320353984832764,-0.26388728618621826
cmfbe_stgcn,train,2024-02-13,121.1364974975586,105.24803161621094,0.27870601415634155,0.30236077308654785,15.682662963867188,-0.02332630753517151,0.0,0.0,0.0,0.031121397390961647,0.03341710567474365,0.03249184042215347,82.8270492553711,0.34259140491485596,0.6652504801750183,0.9554076790809631,0.31561997532844543,0.07533527165651321,0.06300882250070572,0.2684679627418518,0.0005316337337717414,0.20944225788116455,0.3502659499645233,0.08659116923809052,0.40734371542930603,0.646299421787262,-0.23895570635795593
cmfbe_stgcn,train,2023-10-19,184.0973358154297,164.3616943359375,0.20813998579978943,0.2272769808769226,9.306838989257812,-0.008756428956985474,0.0,0.0,0.0,0.008115897886455059,0.008690712973475456,0.009030932560563087,161.79420471191406,0.22993308305740356,0.6652504801750183,0.9124765396118164,0.25766682624816895,0.08989641070365906,0.038619913160800934,0.26878803968429565,0.0035980897955596447,0.21519756317138672,0.2290591448545456,0.03345199301838875,0.4009024500846863,0.47770872712135315,-0.07680627703666687
cmfbe_stgcn,train,2024-03-24,67.5251693725586,72.03740692138672,0.37680232524871826,0.3659781813621521,1.2556686401367188,-0.003139108419418335,0.0,0.0,0.0,0.05866995081305504,0.05478023737668991,0.05980371683835983,55.21340560913086,0.4104176163673401,0.6652504801750183,1.0234861373901367,0.309259295463562,0.07495399564504623,0.26122814416885376,0.254521906375885,0.0048111542128026485,0.2042478621006012,0.4972727596759796,0.07354613393545151,0.595515251159668,0.7750667333602905,-0.17955148220062256
cmfbe_stgcn,train,2023-06-02,97.66716766357422,109.25406646728516,0.31492525339126587,0.2960786819458008,16.988502502441406,-0.032073020935058594,1.0,1.0,1.0,0.8121232390403748,0.8260993957519531,0.8267477750778198,70.3333511352539,0.3699852228164673,0.6652504801750183,1.0271687507629395,0.3077366054058075,0.07486294209957123,0.15309017896652222,0.25848838686943054,0.007561476901173592,0.20902933180332184,0.3994597792625427,0.020942550152540207,0.49400296807289124,0.6294316649436951,-0.13542869687080383
cmfbe_stgcn,train,2023-04-29,96.49533081054688,96.64727783203125,0.31695321202278137,0.3166888356208801,-8.389999389648438,0.014012008905410767,0.0,0.0,0.0,0.00578533997759223,0.006604728754609823,0.007000698242336512,82.26203918457031,0.3437393307685852,0.6652504801750183,1.1193275451660156,0.37525880336761475,0.07898424565792084,0.14194312691688538,0.28458210825920105,0.004494400229305029,0.20894430577754974,0.4944775700569153,0.046946052461862564,0.510003924369812,0.7503679394721985,-0.24036401510238647
cmfbe_stgcn,train,2023-10-30,207.83200073242188,196.44754028320312,0.18766175210475922,0.19717657566070557,0.828826904296875,-0.0006749927997589111,0.0,0.0,0.0,0.02168894372880459,0.022711481899023056,0.02303689531981945,192.72903442382812,0.20040369033813477,0.6652504801750183,0.848741352558136,0.22186779975891113,0.06986773014068604,0.04550836980342865,0.2459646612405777,0.0056289792992174625,0.2258194535970688,0.16856104135513306,0.04368218034505844,0.3669697344303131,0.4380626976490021,-0.07109296321868896
cmfbe_stgcn,train,2022-12-13,174.2431640625,196.93243408203125,0.21742571890354156,0.19676023721694946,-29.498672485351562,0.02640657126903534,0.0,0.0,0.0,0.016682835295796394,0.01746765710413456,0.018160637468099594,177.51426696777344,0.21428662538528442,0.6652504801750183,1.1138298511505127,0.36466240882873535,0.09790760278701782,0.13861697912216187,0.2946256101131439,0.0009339604876004159,0.21823541820049286,0.37697577476501465,0.07395404577255249,0.5320841670036316,0.6691652536392212,-0.1370810866355896
cmfbe_stgcn,train,2023-07-13,100.99566650390625,98.73989868164062,0.3092937767505646,0.3130897879600525,2.5364990234375,-0.004274457693099976,0.0,0.0,0.0,0.025713134557008743,0.025885077193379402,0.02668655663728714,81.82937622070312,0.3446236252784729,0.6652504801750183,1.134843349456787,0.3824496269226074,0.07943330705165863,0.18564678728580475,0.2901790142059326,0.0003847249026875943,0.21146731078624725,0.5237144231796265,0.0034262847620993853,0.5556438565254211,0.7386080622673035,-0.18296420574188232
cmfbe_stgcn,train,2022-11-21,191.15699768066406,185.793701171875,0.20178663730621338,0.20659148693084717,53.96449279785156,-0.0559556782245636,1.0,1.0,1.0,0.741000235080719,0.7480367422103882,0.7575798034667969,124.78939056396484,0.273703932762146,0.6652504801750183,1.1195409297943115,0.3574868440628052,0.07788282632827759,0.2367168366909027,0.2808960974216461,0.0012238818453624845,0.21428802609443665,0.43181636929512024,0.04465373232960701,0.5967196226119995,0.6907581090927124,-0.09403848648071289
cmfbe_stgcn,train,2023-12-07,68.02933502197266,70.53585815429688,0.375558078289032,0.36950409412384033,-5.3379974365234375,0.012642741203308105,0.0,0.0,0.0,0.015213003382086754,0.016015907749533653,0.01664038933813572,51.64134979248047,0.42156124114990234,0.6652504801750183,1.1545811891555786,0.38384637236595154,0.09940095990896225,0.1467159390449524,0.2839043438434601,0.00032260737498290837,0.21366003155708313,0.578462541103363,0.08373596519231796,0.5303438305854797,0.8758585453033447,-0.345514714717865
cmfbe_stgcn,train,2023-04-25,142.94667053222656,130.37232971191406,0.2508179545402527,0.2663329243659973,-7.968994140625,0.009145766496658325,0.0,0.0,0.0,0.002390438923612237,0.0031174023170024157,0.003320068120956421,163.01016235351562,0.22867000102996826,0.6652504801750183,0.7172187566757202,0.2156679332256317,0.069517582654953,0.13830898702144623,0.22154571115970612,0.03622804954648018,0.20988579094409943,0.1108531504869461,0.06825854629278183,0.4656003415584564,0.38899749517440796,0.07660284638404846
cmfbe_stgcn,train,2023-08-12,85.56849670410156,90.71730041503906,0.3371293246746063,0.3273228406906128,12.466163635253906,-0.026391923427581787,0.0,0.0,0.0,0.2831175923347473,0.30080828070640564,0.287841260433197,63.887908935546875,0.38605958223342896,0.6652504801750183,1.1504625082015991,0.367571085691452,0.0981329083442688,0.2374734729528427,0.2958594262599945,0.00015823326248209924,0.21187584102153778,0.5412335991859436,0.01130018848925829,0.6316240429878235,0.7644096612930298,-0.1327856183052063
cmfbe_stgcn,train,2023-01-30,99.53216552734375,100.67242431640625,0.31174686551094055,0.30983251333236694,-11.333503723144531,0.018131256103515625,0.0,0.0,0.0,0.013661332428455353,0.014076096005737782,0.014619915746152401,82.69572448730469,0.3428575396537781,0.6652504801750183,1.1636955738067627,0.3836313784122467,0.0993841215968132,0.14283959567546844,0.2912726402282715,4.544711919152178e-05,0.21274244785308838,0.5098410248756409,0.10106915980577469,0.5335417985916138,0.8236526250839233,-0.29011082649230957
cmfbe_stgcn,train,2024-04-02,52.783668518066406,57.10773468017578,0.4179174304008484,0.40479201078414917,-15.175163269042969,0.04218590259552002,0.0,0.0,0.0,0.004197872243821621,0.005266369786113501,0.005721844732761383,59.12372589111328,0.3990030288696289,0.6652504801750183,1.0929778814315796,0.36958497762680054,0.0982891321182251,0.22796140611171722,0.2829981744289398,0.004001079127192497,0.20510752499103546,0.5150221586227417,0.030225316062569618,0.6132498383522034,0.7503550052642822,-0.13710516691207886
cmfbe_stgcn,train,2023-03-20,219.96217346191406,189.62997436523438,0.1780782788991928,0.20314085483551025,80.11984252929688,-0.07644020020961761,1.0,1.0,1.0,0.871523380279541,0.8797663450241089,0.888102650642395,139.50665283203125,0.2549235224723816,0.6652504801750183,1.1189616918563843,0.3682157099246979,0.07854630798101425,0.3312397003173828,0.27729976177215576,0.0016219827812165022,0.20755861699581146,0.4162159860134125,0.06731914728879929,0.688707709312439,0.6910937428474426,-0.002386033535003662
cmfbe_stgcn,train,2023-08-03,176.54766845703125,191.4883270263672,0.21520820260047913,0.2014942169189453,-4.5780029296875,0.004321083426475525,0.0,0.0,0.0,0.27266648411750793,0.26412761211395264,0.25502774119377136,188.74993896484375,0.20392626523971558,0.6652504801750183,0.8014117479324341,0.25135788321495056,0.07155253738164902,0.14079470932483673,0.22792299091815948,0.002630366012454033,0.211522176861763,0.1724889874458313,0.017879685387015343,0.4429005980491638,0.4018908441066742,0.041009753942489624
cmfbe_stgcn,train,2024-03-15,145.7271728515625,138.32516479492188,0.24757058918476105,0.25635677576065063,-14.64898681640625,0.016152530908584595,0.0,0.0,0.0,0.0093535752967,0.011186941526830196,0.011273900046944618,137.50689697265625,0.25735658407211304,0.6652504801750183,1.0101820230484009,0.3015919625759125,0.0931205153465271,0.08403708785772324,0.279609739780426,0.001433084486052394,0.22164931893348694,0.31364327669143677,0.07572564482688904,0.4582004249095917,0.6110183000564575,-0.15281787514686584
cmfbe_stgcn,train,2023-03-10,234.91233825683594,240.44412231445312,0.16696594655513763,0.16303181648254395,12.1090087890625,-0.008943766355514526,0.0,0.0,0.0,0.03422535955905914,0.0392468199133873,0.03839932009577751,187.85684204101562,0.20472705364227295,0.6652504801750183,0.8949056267738342,0.2495574802160263,0.07144876569509506,0.018607351928949356,0.2570217549800873,0.006789815612137318,0.22536855936050415,0.22466826438903809,0.07360914349555969,0.35386767983436584,0.5236459970474243,-0.16977831721305847
cmfbe_stgcn,train,2023-07-11,107.72266387939453,113.86053466796875,0.29845279455184937,0.289131224155426,-6.835838317871094,0.010349839925765991,0.0,0.0,0.0,0.006114696618169546,0.0068944417871534824,0.007759790401905775,417.8929138183594,0.0695117712020874,0.6652504801750183,1.1264501810073853,0.3650359809398651,0.09793652594089508,1.5360902547836304,0.2885325849056244,0.0006283039692789316,0.2046990841627121,0.4280506372451782,0.002599462168291211,1.9231877326965332,0.6353492140769958,1.2878384590148926
cmfbe_stgcn,train,2023-03-16,152.76283264160156,184.3140869140625,0.23962078988552094,0.20794129371643066,-76.59550476074219,0.06861105561256409,0.0,0.0,0.0,0.0032232163939625025,0.00407071178779006,0.00471323961392045,199.82818603515625,0.19429504871368408,0.6652504801750183,1.0962857007980347,0.383554607629776,0.07950249314308167,0.14014612138271332,0.26845747232437134,0.002233718754723668,0.2196149230003357,0.34297841787338257,0.06493297964334488,0.4903397858142853,0.6275263428688049,-0.13718655705451965
cmfbe_stgcn,train,2023-01-29,110.86566925048828,127.63235473632812,0.2936156094074249,0.26991045475006104,-57.27899932861328,0.07017785310745239,0.0,0.0,0.0,0.011372747831046581,0.011240442283451557,0.012599113397300243,141.215576171875,0.2528715133666992,0.6652504801750183,1.137411117553711,0.368842750787735,0.09823152422904968,0.14030033349990845,0.2909974157810211,5.994750972604379e-05,0.21471382677555084,0.39253777265548706,0.09574806690216064,0.5295892357826233,0.7029996514320374,-0.17341041564941406
cmfbe_stgcn,train,2023-09-08,67.88933563232422,70.76763916015625,0.3759026825428009,0.36895501613616943,-15.463996887207031,0.03437352180480957,0.0,0.0,0.0,0.006098741665482521,0.006795805878937244,0.007081348914653063,79.53353881835938,0.3493947386741638,0.6652504801750183,1.045048713684082,0.32686370611190796,0.09501620382070541,0.16170918941497803,0.2693355679512024,0.00047142006224021316,0.21506600081920624,0.3438984155654907,0.013908528722822666,0.5265323519706726,0.5728729367256165,-0.04634058475494385
cmfbe_stgcn,train,2023-02-07,243.96217346191406,244.0062255859375,0.16057652235031128,0.1605459451675415,59.25634765625,-0.04700636863708496,1.0,1.0,1.0,0.9226866960525513,0.9281412363052368,0.9273045063018799,236.1010284423828,0.16611284017562866,0.6652504801750183,0.9613634347915649,0.2918616533279419,0.07391886413097382,0.4728587567806244,0.2536940574645996,0.0013356341514736414,0.2129991203546524,0.2460750937461853,0.0984107255935669,0.8018072843551636,0.5574849247932434,0.24432235956192017
cmfbe_stgcn,train,2023-06-08,141.49533081054688,143.09156799316406,0.2525379955768585,0.2506471872329712,11.124832153320312,-0.013797342777252197,0.0,0.0,0.0,0.004482479766011238,0.0051603843457996845,0.005366756115108728,385.3013916015625,0.08325982093811035,0.6652504801750183,0.9415349960327148,0.27328893542289734,0.09103281795978546,1.178481101989746,0.2543072998523712,0.013854545541107655,0.20655056834220886,0.2347749024629593,0.017754200845956802,1.5376757383346558,0.45907968282699585,1.0785961151123047
cmfbe_stgcn,train,2022-01-22,84.2066650390625,94.52847290039062,0.3398207128047943,0.32041239738464355,-15.69000244140625,0.028688132762908936,0.0,0.0,0.0,0.004766980651766062,0.0054054358042776585,0.00549499923363328,88.321044921875,0.3318164348602295,0.6652504801750183,0.9488204121589661,0.2970588803291321,0.09278363734483719,0.12805181741714478,0.2585415542125702,0.0007786212372593582,0.2085779905319214,0.30232885479927063,0.09110903739929199,0.4801556169986725,0.6020158529281616,-0.12186023592948914
cmfbe_stgcn,train,2023-02-13,224.70700073242188,200.92852783203125,0.17447204887866974,0.193367600440979,9.352340698242188,-0.007182955741882324,0.0,0.0,0.0,0.004163846839219332,0.004993193317204714,0.0056794676929712296,770.4354248046875,0.0,0.6652504801750183,1.0906275510787964,0.36162084341049194,0.09767244756221771,1.5055303573608398,0.2850816249847412,0.0007953898748382926,0.2091420441865921,0.3230087459087372,0.08559469878673553,1.8890798091888428,0.6177455186843872,1.2713342905044556
cmfbe_stgcn,train,2024-01-08,61.35100173950195,69.48020935058594,0.39282894134521484,0.37202751636505127,-2.0701637268066406,0.0055439770221710205,0.0,0.0,0.0,0.06255796551704407,0.05895714834332466,0.05976422503590584,43.19715881347656,0.4512379765510559,0.6652504801750183,1.0944774150848389,0.3514760732650757,0.07751300930976868,0.13609586656093597,0.2722577154636383,0.00021739238582085818,0.21285279095172882,0.549859344959259,0.10015394538640976,0.486083984375,0.8628660440444946,-0.37678205966949463
cmfbe_stgcn,train,2024-01-18,102.62283325195312,105.06519317626953,0.30660730600357056,0.30265313386917114,-25.288665771484375,0.03706473112106323,0.0,0.0,0.0,0.011314084753394127,0.011611741036176682,0.012100270949304104,106.36914825439453,0.30057913064956665,0.6652504801750183,1.0253314971923828,0.33295318484306335,0.07638197392225266,0.10339254140853882,0.2686498463153839,0.000605464621912688,0.20978668332099915,0.3253622353076935,0.09673408418893814,0.4490298330783844,0.6318830251693726,-0.18285319209098816
cmfbe_stgcn,train,2023-09-18,127.62833404541016,142.360107421875,0.2699158191680908,0.25151097774505615,-9.097999572753906,0.011599957942962646,0.0,0.0,0.0,0.039379410445690155,0.03987171873450279,0.035654209554195404,183.06704711914062,0.20908737182617188,0.6652504801750183,1.007207989692688,0.2838645875453949,0.09180854260921478,0.3909549415111542,0.26289647817611694,0.0008379879873245955,0.20569345355033875,0.24726583063602448,0.0035072038881480694,0.7464979290962219,0.4564664959907532,0.29003143310546875
cmfbe_stgcn,train,2023-02-03,96.17849731445312,95.92388153076172,0.31750568747520447,0.317950963973999,24.28966522216797,-0.04881814122200012,1.0,1.0,1.0,0.814648449420929,0.8193947672843933,0.8224218487739563,53.651702880859375,0.415199875831604,0.6652504801750183,1.0558414459228516,0.3443915843963623,0.09634861350059509,0.15038838982582092,0.25984397530555725,0.0001558410149300471,0.21436844766139984,0.4750506579875946,0.10527303814888,0.5067368149757385,0.7946921586990356,-0.2879553437232971
cmfbe_stgcn,train,2022-12-23,196.85133361816406,216.20596313476562,0.19682984054088593,0.18098843097686768,-5.6706695556640625,0.0047964006662368774,0.0,0.0,0.0,0.132878839969635,0.1253581941127777,0.12799061834812164,168.7700958251953,0.2228112816810608,0.6652504801750183,1.089178204536438,0.3887551724910736,0.07982870191335678,0.11645164340734482,0.2764754891395569,0.00020375652820803225,0.2160523235797882,0.34978726506233215,0.08844880759716034,0.47295960783958435,0.6542884111404419,-0.18132880330085754
cmfbe_stgcn,train,2023-12-19,152.5313262939453,163.65301513671875,0.23987653851509094,0.2280060052871704,-32.415008544921875,0.032513320446014404,0.0,0.0,0.0,0.008196867071092129,0.009085174649953842,0.009265171363949776,181.23263549804688,0.21078741550445557,0.6652504801750183,1.0173035860061646,0.3312159776687622,0.07627655565738678,0.25648215413093567,0.27321016788482666,0.0007464955560863018,0.20883464813232422,0.33179986476898193,0.08625515550374985,0.6067153811454773,0.6268896460533142,-0.020174264907836914
cmfbe_stgcn,train,2024-03-19,56.5359992980957,52.81862258911133,0.40647032856941223,0.4178071618080139,-4.1421661376953125,0.011799842119216919,0.0,0.0,0.0,0.00668698875233531,0.008051808923482895,0.008348819799721241,40.71033477783203,0.4610676169395447,0.6652504801750183,1.1475677490234375,0.36851850152015686,0.09820638597011566,0.13027268648147583,0.29735106229782104,0.0005865464336238801,0.2123475968837738,0.6357055306434631,0.06954486668109894,0.5264167189598083,0.9175979495048523,-0.39118123054504395
cmfbe_stgcn,train,2022-12-28,271.11151123046875,274.6103210449219,0.14273600280284882,0.14056742191314697,-34.76666259765625,0.0204087495803833,0.0,0.0,0.0,0.017485275864601135,0.017483310773968697,0.01771010085940361,279.3179016113281,0.13769274950027466,0.6652504801750183,1.037331461906433,0.3079024851322174,0.09359107166528702,0.098727285861969,0.27246925234794617,0.00015927301137708127,0.2278754711151123,0.23649658262729645,0.0911012515425682,0.4649468660354614,0.555473268032074,-0.09052640199661255
cmfbe_stgcn,train,2023-05-18,140.16017150878906,134.0615692138672,0.2541358768939972,0.2616320848464966,36.10283660888672,-0.05013781785964966,1.0,1.0,1.0,0.7847133278846741,0.7899091839790344,0.8009054064750671,110.08367919921875,0.2948063015937805,0.6652504801750183,0.9975128173828125,0.31873732805252075,0.07552268356084824,0.2948134243488312,0.25312042236328125,0.012263474985957146,0.20549890398979187,0.33678096532821655,0.037662722170352936,0.6357200145721436,0.5799425840377808,0.05577743053436279
cmfbe_stgcn,train,2023-06-05,154.5865020751953,164.59423828125,0.2376195341348648,0.22703850269317627,-0.4703369140625,0.0005123317241668701,0.0,0.0,0.0,0.0679597482085228,0.06819486618041992,0.06378816813230515,150.11477661132812,0.24256932735443115,0.6652504801750183,0.9256538152694702,0.284585565328598,0.09186160564422607,0.07744348794221878,0.2559957504272461,0.015280901454389095,0.21426329016685486,0.23703217506408691,0.021466845646500587,0.440581738948822,0.4727623164653778,-0.032180577516555786
cmfbe_stgcn,train,2023-11-18,192.47616577148438,205.23655700683594,0.20062538981437683,0.1897844672203064,2.22900390625,-0.00196683406829834,0.0,0.0,0.0,0.006969815585762262,0.007869498804211617,0.008322013542056084,333.8159484863281,0.10753822326660156,0.6652504801750183,1.031017780303955,0.35354819893836975,0.09705042839050293,0.7628193497657776,0.28201591968536377,0.0018014522502198815,0.2108922302722931,0.31530874967575073,0.05747215077280998,1.1436872482299805,0.5836731791496277,0.5600140690803528
cmfbe_stgcn,train,2023-04-18,131.97467041015625,132.32533264160156,0.2642752528190613,0.26382821798324585,32.453834533691406,-0.04749077558517456,1.0,1.0,1.0,0.8870373964309692,0.8996644616127014,0.9001505970954895,82.95197296142578,0.3423386812210083,0.6652504801750183,1.0418238639831543,0.3549537658691406,0.0777268037199974,0.14724183082580566,0.2589162588119507,0.00781696941703558,0.2110869139432907,0.405962735414505,0.054772019386291504,0.4917018711566925,0.671821653842926,-0.18011978268623352
cmfbe_stgcn,train,2023-04-13,131.52200317382812,119.98126220703125,0.2648540437221527,0.28031909465789795,-20.3248291015625,0.024219080805778503,0.0,0.0,0.0,0.0028055815491825342,0.0034237776417285204,0.0039101517759263515,135.0753173828125,0.2603628635406494,0.6652504801750183,1.0504456758499146,0.3391856849193573,0.07676108926534653,0.1410631239414215,0.26510921120643616,0.006093766540288925,0.21832892298698425,0.3376238942146301,0.049302153289318085,0.489027202129364,0.6052549481391907,-0.11622774600982666
cmfbe_stgcn,train,2024-03-26,0.7429999709129333,50.32432174682617,1.0,0.4258618950843811,-65.68720245361328,0.6204636096954346,0.0,0.0,0.0,0.015500455163419247,0.017877884209156036,0.018649131059646606,60.43124008178711,0.3953513503074646,0.6652504801750183,0.8674502372741699,0.2865859270095825,0.0736071914434433,0.16911904513835907,0.2590542733669281,0.018269279971718788,0.20050048828125,0.33920958638191223,0.0735141858458519,0.5200498104095459,0.61322420835495,-0.09317439794540405
cmfbe_stgcn,train,2024-03-14,160.37615966796875,148.6639404296875,0.23141805827617645,0.24420684576034546,39.45765686035156,-0.0475911945104599,1.0,1.0,1.0,0.6729472279548645,0.7519587278366089,0.6882378458976746,117.65705871582031,0.2836116552352905,0.6652504801750183,0.9966151714324951,0.29891955852508545,0.09292178601026535,0.22997230291366577,0.27428993582725525,0.0014846517005935311,0.21230292320251465,0.3318856358528137,0.08159566670656204,0.5986686944961548,0.6257842183113098,-0.02711552381515503
cmfbe_stgcn,train,2023-04-21,173.97549438476562,163.2855987548828,0.21768516302108765,0.22838515043258667,0.0074920654296875,-7.286667823791504e-06,0.0,0.0,0.0,0.012346317060291767,0.013966666534543037,0.014190837740898132,167.9512176513672,0.22363197803497314,0.6652504801750183,0.9192928671836853,0.2838277518749237,0.0918058305978775,0.08641153573989868,0.25009945034980774,0.020519370213150978,0.2198718935251236,0.20755304396152496,0.056404195725917816,0.44883620738983154,0.483829140663147,-0.03499293327331543
cmfbe_stgcn,train,2023-07-02,92.11399841308594,136.14328002929688,0.3247576057910919,0.25903594493865967,14.642997741699219,-0.029040873050689697,1.0,1.0,1.0,0.8613530397415161,0.8644101619720459,0.8519073128700256,231.02664184570312,0.16978490352630615,0.6652504801750183,1.1007273197174072,0.3504825830459595,0.07745201140642166,1.4591974020004272,0.27735960483551025,0.0016945147654041648,0.20138238370418549,0.5267954468727112,0.003402618458494544,1.8157036304473877,0.7315804362297058,1.084123134613037
cmfbe_stgcn,train,2024-02-18,44.208831787109375,50.69081497192383,0.44739654660224915,0.42465412616729736,-16.025169372558594,0.05149930715560913,0.0,0.0,0.0,0.004612176213413477,0.005174690391868353,0.006132468581199646,66.61023712158203,0.3790838122367859,0.6652504801750183,1.1338750123977661,0.3928201198577881,0.10010551661252975,0.5685951709747314,0.28930482268333435,0.00015152801643125713,0.20220725238323212,0.5729682445526123,0.08392500132322311,0.9581570625305176,0.8591005206108093,0.09905654191970825
cmfbe_stgcn,train,2022-01-27,51.936668395996094,47.82912063598633,0.42061173915863037,0.4343211054801941,-3.234996795654297,0.010068058967590332,0.0,0.0,0.0,0.004004929680377245,0.00497839180752635,0.0052935173735022545,52.120872497558594,0.4200221300125122,0.6652504801750183,1.0764206647872925,0.36586248874664307,0.09800052642822266,0.3353748917579651,0.2729828655719757,0.0004199083778075874,0.19947834312915802,0.4925994277000427,0.07054276019334793,0.7067782282829285,0.7626205086708069,-0.05584228038787842
cmfbe_stgcn,train,2024-01-10,82.81632995605469,91.37100219726562,0.342613160610199,0.3261173963546753,14.174163818359375,-0.031444698572158813,1.0,1.0,1.0,0.8673608303070068,0.87628573179245,0.8705946803092957,52.63513946533203,0.4183868169784546,0.6652504801750183,1.110817551612854,0.3747673034667969,0.07895362377166748,0.21179549396038055,0.2711152136325836,0.00026957562658935785,0.20747852325439453,0.5209705233573914,0.09485063701868057,0.5621339678764343,0.8232997059822083,-0.2611657381057739
cmfbe_stgcn,train,2023-08-18,145.1978302001953,153.07467651367188,0.24818402528762817,0.23927688598632812,-15.330169677734375,0.016925588250160217,0.0,0.0,0.0,0.009672490879893303,0.011718782596290112,0.011621097102761269,363.225341796875,0.09324789047241211,0.6652504801750183,0.8664249181747437,0.23027034103870392,0.07034453004598618,0.920220673084259,0.2462674379348755,0.000847548886667937,0.2095521241426468,0.1987389624118805,0.016295092180371284,1.237680196762085,0.4245862066745758,0.8130940198898315
cmfbe_stgcn,train,2023-02-01,62.1505012512207,63.72277069091797,0.39066633582115173,0.38649213314056396,-4.984165191650391,0.012893974781036377,0.0,0.0,0.0,0.019840722903609276,0.019552310928702354,0.019977672025561333,44.788021087646484,0.4452357888221741,0.6652504801750183,1.1626089811325073,0.36039748787879944,0.09757798910140991,0.1442651003599167,0.2874904274940491,0.0002244085044367239,0.20582643151283264,0.6267390847206116,0.09445598721504211,0.5295579433441162,0.9270215034484863,-0.3974635601043701
cmfbe_stgcn,train,2023-12-04,119.0531997680664,132.3641815185547,0.2816261947154999,0.2637787461280823,-24.67046356201172,0.03172197937965393,0.0,0.0,0.0,0.010321623645722866,0.010861914604902267,0.011545033194124699,113.54499816894531,0.28959816694259644,0.6652504801750183,1.0691888332366943,0.2954480051994324,0.0741313174366951,0.10986562073230743,0.27568519115448,0.0008965405286289752,0.21705172955989838,0.3949679732322693,0.0824175551533699,0.46057868003845215,0.6944372653961182,-0.23385858535766602
cmfbe_stgcn,train,2023-04-05,163.56900024414062,119.93800354003906,0.22809264063835144,0.2803797721862793,67.62439727783203,-0.08982208371162415,1.0,1.0,1.0,0.6543751358985901,0.6774317622184753,0.6801918745040894,102.57766723632812,0.3066812753677368,0.6652504801750183,1.006957769393921,0.34446024894714355,0.09635385870933533,0.30931875109672546,0.2557256817817688,0.008337963372468948,0.20389766991138458,0.3346666991710663,0.0649898573756218,0.6697362661361694,0.6035542488098145,0.06618201732635498
cmfbe_stgcn,train,2022-12-24,80.6238021850586,214.14846801757812,0.3471123278141022,0.1826038956642151,-116.22753143310547,0.15028248727321625,0.0,0.0,0.0,0.1495751291513443,0.14221642911434174,0.14168961346149445,160.52340698242188,0.23126327991485596,0.6652504801750183,1.0480784177780151,0.3542601466178894,0.09710516780614853,0.07988583296537399,0.27798327803611755,0.00021080744045320898,0.21822455525398254,0.3472364842891693,0.09258997440338135,0.4551851153373718,0.6580510139465332,-0.20286589860916138
cmfbe_stgcn,train,2023-10-25,117.10800170898438,101.55230712890625,0.2843988835811615,0.3083699345588684,12.3453369140625,-0.01873907446861267,0.0,0.0,0.0,0.013429498299956322,0.013635879382491112,0.01433149166405201,80.7824935913086,0.3467826247215271,0.6652504801750183,1.1422661542892456,0.3391304016113281,0.07675772160291672,0.1513478308916092,0.2875767648220062,0.0006472166278399527,0.21404999494552612,0.5226340293884277,0.036779917776584625,0.5163295269012451,0.7734639644622803,-0.25713443756103516
cmfbe_stgcn,train,2023-06-03,125.33000183105469,129.07208251953125,0.2729760706424713,0.26802128553390503,27.66283416748047,-0.041949182748794556,1.0,1.0,1.0,0.6738348603248596,0.7027864456176758,0.6855149269104004,89.28158569335938,0.3300008773803711,0.6652504801750183,0.9843297600746155,0.30988237261772156,0.0937390998005867,0.11464062333106995,0.25987449288368225,0.009830883704125881,0.21489696204662323,0.3315369784832001,0.020469926297664642,0.47808510065078735,0.566903829574585,-0.08881872892379761
cmfbe_stgcn,train,2022-12-03,198.88265991210938,264.5611877441406,0.19509606063365936,0.14687186479568481,-82.74349975585938,0.05879524350166321,0.0,0.0,0.0,0.01997259259223938,0.019668204709887505,0.021325552836060524,295.6125183105469,0.12810230255126953,0.6652504801750183,1.1861603260040283,0.39066532254219055,0.0799487754702568,0.33292537927627563,0.2943795919418335,0.0007229561451822519,0.21637868881225586,0.3983604609966278,0.04493597149848938,0.7079766988754272,0.659675121307373,0.0483015775680542
cmfbe_stgcn,train,2023-02-26,241.8193359375,219.81568908691406,0.16206783056259155,0.17819082736968994,10.164840698242188,-0.007258400321006775,0.0,0.0,0.0,0.002168291248381138,0.0028635100461542606,0.0031845595221966505,392.84930419921875,0.07997536659240723,0.6652504801750183,1.0099914073944092,0.32976725697517395,0.07618873566389084,0.7354230284690857,0.27602049708366394,0.0018602259224280715,0.21375338733196259,0.273300439119339,0.07602468132972717,1.0894925594329834,0.5630785226821899,0.5264140367507935
cmfbe_stgcn,train,2023-05-16,98.92400360107422,110.73295593261719,0.3127768039703369,0.29381710290908813,3.9703369140625,-0.006881803274154663,0.0,0.0,0.0,0.06810864806175232,0.07179741561412811,0.07321194559335709,79.9434814453125,0.34853291511535645,0.6652504801750183,1.07064688205719,0.3535497188568115,0.07764043658971786,0.1477612555027008,0.26771458983421326,0.006857608910650015,0.21408624947071075,0.4299924373626709,0.026009811088442802,0.4999738931655884,0.6700884699821472,-0.17011457681655884
cmfbe_stgcn,train,2023-01-14,132.59283447265625,133.5126190185547,0.2634880244731903,0.26232337951660156,-14.365829467773438,0.017336100339889526,0.0,0.0,0.0,0.005085752345621586,0.0058330935426056385,0.006515982560813427,365.4394836425781,0.09221923351287842,0.6652504801750183,1.0562230348587036,0.32579439878463745,0.09493538737297058,1.183367371559143,0.27509191632270813,0.00045472860801965,0.20690037310123444,0.3476174771785736,0.0924314334988594,1.553849458694458,0.646949291229248,0.90690016746521
cmfbe_stgcn,train,2023-05-26,83.41566467285156,82.32801818847656,0.3414037823677063,0.3436049222946167,-7.324333190917969,0.014122873544692993,0.0,0.0,0.0,0.003054798813536763,0.0035550841130316257,0.003949297126382589,98.66706085205078,0.3132137656211853,0.6652504801750183,1.0692553520202637,0.34777799248695374,0.09660769999027252,0.38267189264297485,0.27525174617767334,0.006899431347846985,0.2141065001487732,0.4368250072002411,0.027622366324067116,0.7614307403564453,0.6785538196563721,0.08287692070007324
cmfbe_stgcn,train,2022-12-31,191.427001953125,194.40280151367188,0.20154830813407898,0.19894349575042725,-28.497329711914062,0.023440971970558167,0.0,0.0,0.0,0.009664569050073624,0.01031417865306139,0.0107879051938653,185.68310546875,0.20669198036193848,0.6652504801750183,1.1335911750793457,0.3262043595314026,0.094966359436512,0.13643454015254974,0.28457534313201904,4.221387280267663e-05,0.22885091602802277,0.3625416159629822,0.09303376823663712,0.5160184502601624,0.6844263076782227,-0.1684078574180603
cmfbe_stgcn,train,2024-03-23,66.26950073242188,54.90314483642578,0.3799414336681366,0.411357045173645,8.932498931884766,-0.02418220043182373,0.0,0.0,0.0,0.016108421608805656,0.017174044623970985,0.01752859726548195,38.47559356689453,0.47041428089141846,0.6652504801750183,1.1245285272598267,0.3751060664653778,0.07897473126649857,0.14254865050315857,0.2781331241130829,0.0021252695005387068,0.20358414947986603,0.6210406422615051,0.06771097332239151,0.5017817616462708,0.8923357725143433,-0.3905540108680725
cmfbe_stgcn,train,2023-05-15,94.95366668701172,88.92369079589844,0.3196586072444916,0.33067506551742554,3.5895004272460938,-0.006471395492553711,0.0,0.0,0.0,0.01016530953347683,0.011101484298706055,0.011579714715480804,76.07437896728516,0.35684657096862793,0.6652504801750183,1.0963910818099976,0.34766513109207153,0.07727924734354019,0.15476365387439728,0.2723790109157562,0.005498535465449095,0.21026434004306793,0.4538557529449463,0.026768798008561134,0.5099204778671265,0.6908888816833496,-0.18096840381622314
cmfbe_stgcn,train,2023-01-12,179.91366577148438,186.5735321044922,0.21202044188976288,0.20588433742523193,-15.764007568359375,0.01418071985244751,0.0,0.0,0.0,0.009824389591813087,0.010457952506840229,0.010777493007481098,172.51495361328125,0.21910786628723145,0.6652504801750183,1.006900429725647,0.30822351574897766,0.09361506253480911,0.07969296723604202,0.27221500873565674,0.00039627213845960796,0.21349488198757172,0.25800275802612305,0.09972390532493591,0.44591930508613586,0.5712215900421143,-0.1253022849559784
cmfbe_stgcn,train,2023-08-01,133.78933715820312,186.18942260742188,0.26197460293769836,0.2062322497367859,24.801002502441406,-0.0345136821269989,1.0,1.0,1.0,0.9499278664588928,0.958626925945282,0.957459568977356,165.41842651367188,0.22619575262069702,0.6652504801750183,1.0681252479553223,0.360918790102005,0.07809458673000336,0.7264468669891357,0.2688174545764923,0.0006067473441362381,0.20796982944011688,0.44163447618484497,0.010230048559606075,1.0739656686782837,0.6598343849182129,0.4141312837600708
cmfbe_stgcn,train,2023-02-11,230.15550231933594,268.5991516113281,0.17042337357997894,0.1443103551864624,-33.92448425292969,0.023243680596351624,0.0,0.0,0.0,0.0033859226386994123,0.004073295276612043,0.004392961971461773,619.0233154296875,0.0029515624046325684,0.6652504801750183,0.9822933673858643,0.29631707072257996,0.09272859245538712,1.0013301372528076,0.27319446206092834,0.0015109917148947716,0.21147741377353668,0.2215615063905716,0.08599977195262909,1.3687641620635986,0.5190386772155762,0.8497254848480225
cmfbe_stgcn,train,2023-03-21,273.81915283203125,290.0928039550781,0.1410553902387619,0.1312907338142395,53.85697937011719,-0.03702288866043091,1.0,1.0,1.0,0.810319721698761,0.8104447722434998,0.830108642578125,241.56057739257812,0.16224879026412964,0.6652504801750183,1.0835819244384766,0.334482878446579,0.07647489011287689,0.33699703216552734,0.2693825364112854,0.002212103921920061,0.21018530428409576,0.32068586349487305,0.060935597866773605,0.6850665807723999,0.5918067693710327,0.09325981140136719
cmfbe_stgcn,train,2023-01-22,185.55816650390625,162.81936645507812,0.20680564641952515,0.2288675308227539,60.95166778564453,-0.06714528799057007,1.0,1.0,1.0,0.7019082307815552,0.6897580027580261,0.6909996867179871,109.18942260742188,0.2961782217025757,0.6652504801750183,1.0178383588790894,0.3287447392940521,0.07612679898738861,0.20922930538654327,0.27060407400131226,0.0004971925518475473,0.20826199650764465,0.39225679636001587,0.08689171075820923,0.5564574003219604,0.6874105334281921,-0.1309531331062317
cmfbe_stgcn,train,2023-06-14,102.19683074951172,97.7821044921875,0.30730652809143066,0.3147276043891907,4.932167053222656,-0.00831255316734314,0.0,0.0,0.0,0.01858040690422058,0.019087497144937515,0.01960819587111473,90.7164306640625,0.3273245096206665,0.6652504801750183,1.0737662315368652,0.32699689269065857,0.09502626955509186,0.1735033094882965,0.27125784754753113,0.0039294082671403885,0.21831627190113068,0.377331018447876,0.017032703384757042,0.5437168478965759,0.6126799583435059,-0.06896311044692993
cmfbe_stgcn,train,2023-06-06,151.475830078125,120.14920043945312,0.2410474568605423,0.28008365631103516,-3.1106719970703125,0.0034279227256774902,0.0,0.0,0.0,0.009865429252386093,0.010998399928212166,0.01128857396543026,177.3272705078125,0.2144644856452942,0.6652504801750183,0.8441868424415588,0.25265178084373474,0.0716271921992302,0.23271070420742035,0.2404700368642807,0.02333308383822441,0.20774953067302704,0.19775310158729553,0.026220083236694336,0.568140983581543,0.4317227005958557,0.13641828298568726
cmfbe_stgcn,train,2022-12-05,182.67166137695312,174.5721893310547,0.20945237576961517,0.21710729598999023,13.634994506835938,-0.01309262216091156,0.0,0.0,0.0,0.05829740688204765,0.054029013961553574,0.060189515352249146,166.7342987060547,0.22485893964767456,0.6652504801750183,1.0682449340820312,0.3623913526535034,0.07818558812141418,0.3257882595062256,0.265927791595459,0.0010425116633996367,0.21074196696281433,0.403412789106369,0.07042218744754791,0.670944094657898,0.6845769286155701,-0.01363283395767212
cmfbe_stgcn,train,2023-07-22,97.52166748046875,118.55206298828125,0.31517574191093445,0.28233617544174194,-28.67566680908203,0.04336103796958923,0.0,0.0,0.0,0.01878143846988678,0.022240255028009415,0.02053978480398655,146.01705932617188,0.24723553657531738,0.6652504801750183,1.022619366645813,0.3216175138950348,0.09462020546197891,0.34042438864707947,0.2838737964630127,0.0008739062468521297,0.20507682859897614,0.3672611713409424,0.002645515836775303,0.7197923064231873,0.5749834775924683,0.144808828830719
cmfbe_stgcn,train,2022-12-16,145.82217407226562,150.01522827148438,0.2474607229232788,0.24268120527267456,-23.798828125,0.02549801766872406,0.0,0.0,0.0,0.011110753752291203,0.011634841561317444,0.012230227701365948,135.225341796875,0.26017582416534424,0.6652504801750183,1.1875908374786377,0.3868456780910492,0.099636010825634,0.1456441581249237,0.30006518959999084,0.0001595508656464517,0.21359018981456757,0.48612600564956665,0.07092293351888657,0.5455049276351929,0.7706391215324402,-0.22513419389724731
cmfbe_stgcn,train,2023-02-10,264.0799865722656,246.38038635253906,0.14717969298362732,0.1589091420173645,-16.0150146484375,0.00995682179927826,0.0,0.0,0.0,0.006908560637384653,0.007784597110003233,0.007982193492352962,294.26544189453125,0.12887495756149292,0.6652504801750183,0.8871889710426331,0.267498254776001,0.09061026573181152,0.17418640851974487,0.26401957869529724,0.0024735871702432632,0.21216686069965363,0.17750006914138794,0.0924408808350563,0.53128981590271,0.4821077883243561,0.04918202757835388
cmfbe_stgcn,train,2023-12-29,114.39350128173828,122.33964538574219,0.28834548592567444,0.2770421504974365,-1.8773345947265625,0.0027391910552978516,0.0,0.0,0.0,0.04386455938220024,0.04250858351588249,0.0412617065012455,89.07483673095703,0.3303900361061096,0.6652504801750183,0.919858455657959,0.2534045875072479,0.08958832919597626,0.029554326087236404,0.260943204164505,0.0006385737215168774,0.2221350222826004,0.31922316551208496,0.10321146994829178,0.3807244300842285,0.6445696353912354,-0.26384520530700684
cmfbe_stgcn,train,2022-12-29,243.79733276367188,247.3136749267578,0.1606907695531845,0.1582699418067932,-27.314178466796875,0.017954766750335693,0.0,0.0,0.0,0.013834616169333458,0.014568832702934742,0.01467222161591053,242.02354431152344,0.16192513704299927,0.6652504801750183,1.0461050271987915,0.32172077894210815,0.0946279987692833,0.09440380334854126,0.2760413885116577,0.00015903887106105685,0.2245531678199768,0.2610442638397217,0.09268881380558014,0.4652322232723236,0.5782862305641174,-0.11305400729179382
cmfbe_stgcn,train,2024-01-22,63.08966827392578,57.4892463684082,0.3881606459617615,0.403681218624115,-2.557830810546875,0.00664249062538147,0.0,0.0,0.0,0.014791764318943024,0.016302654519677162,0.017630301415920258,147.93344116210938,0.24503731727600098,0.6652504801750183,1.0469703674316406,0.37041833996772766,0.07868307083845139,1.2502409219741821,0.2715298533439636,0.00027217247406952083,0.20122720301151276,0.49759024381637573,0.0978265330195427,1.6007260084152222,0.7966439723968506,0.8040820360183716
cmfbe_stgcn,train,2023-02-18,140.0398406982422,118.79013061523438,0.25428062677383423,0.28199851512908936,11.478347778320312,-0.014408230781555176,0.0,0.0,0.0,0.01676727458834648,0.016064615920186043,0.018527617678046227,95.57879638671875,0.31855636835098267,0.6652504801750183,1.1659241914749146,0.3625777065753937,0.07819710671901703,0.15354295074939728,0.2901914417743683,0.0004171041364315897,0.21027730405330658,0.5429721474647522,0.06289571523666382,0.5223486423492432,0.8161451816558838,-0.2937965393066406
cmfbe_stgcn,train,2024-02-10,81.97450256347656,77.27629089355469,0.34432655572891235,0.3542201519012451,7.479499816894531,-0.016034334897994995,0.0,0.0,0.0,0.04914803430438042,0.04878004640340805,0.05062917619943619,52.6934814453125,0.41820228099823,0.6652504801750183,1.06624174118042,0.31894081830978394,0.07553492486476898,0.11918546259403229,0.2774698734283447,0.00011632209498202428,0.21746905148029327,0.5086996555328369,0.08691298961639404,0.47230657935142517,0.813081681728363,-0.34077510237693787
cmfbe_stgcn,train,2023-01-07,152.75149536132812,149.9632568359375,0.23963330686092377,0.24273961782455444,-0.6578369140625,0.0007246732711791992,0.0,0.0,0.0,0.018267231062054634,0.018176620826125145,0.019177868962287903,121.6572494506836,0.2779838442802429,0.6652504801750183,1.0527914762496948,0.3364482820034027,0.07659439742565155,0.1044827327132225,0.26932990550994873,0.00015127594815567136,0.21351595222949982,0.3670518398284912,0.10020389407873154,0.45055830478668213,0.6807716488838196,-0.23021334409713745
cmfbe_stgcn,train,2024-03-16,113.67283630371094,113.1961898803711,0.2894088327884674,0.2901158332824707,-32.05433654785156,0.04183824360370636,0.0,0.0,0.0,0.004993415903300047,0.006188076455146074,0.00657011941075325,121.9126968383789,0.2776307463645935,0.6652504801750183,1.026141881942749,0.3268178105354309,0.09501272439956665,0.09148310869932175,0.2803860902786255,0.0016468079993501306,0.21810267865657806,0.35487866401672363,0.07264804095029831,0.46852874755859375,0.6456294059753418,-0.17710065841674805
cmfbe_stgcn,train,2023-05-06,144.0500030517578,120.34663391113281,0.24952192604541779,0.27980726957321167,11.362838745117188,-0.013846293091773987,0.0,0.0,0.0,0.007097194902598858,0.008365661837160587,0.008273706771433353,146.44467163085938,0.24674254655838013,0.6652504801750183,0.9385071396827698,0.2826565206050873,0.07337573915719986,0.270551860332489,0.24878248572349548,0.01958879455924034,0.2069871574640274,0.251333087682724,0.05602831393480301,0.612298846244812,0.514348566532135,0.097950279712677
cmfbe_stgcn,train,2023-08-25,79.41217041015625,88.10162353515625,0.3496507704257965,0.33223390579223633,-14.548995971679688,0.02822735905647278,0.0,0.0,0.0,0.003101894399151206,0.00373728945851326,0.0042919437400996685,324.6994323730469,0.11222392320632935,0.6652504801750183,1.06680428981781,0.3254660964012146,0.09491057693958282,1.4660537242889404,0.27663129568099976,0.0002299539919476956,0.20325465500354767,0.3969780206680298,0.005086266435682774,1.8378256559371948,0.6053189039230347,1.2325067520141602
cmfbe_stgcn,train,2023-05-02,79.46749877929688,97.4269790649414,0.3495340049266815,0.3153389096260071,-0.02266693115234375,4.780292510986328e-05,0.0,0.0,0.0,0.015399378724396229,0.016072697937488556,0.016747796908020973,119.75804138183594,0.28063255548477173,0.6652504801750183,1.0785911083221436,0.3592446744441986,0.07799123227596283,0.805681049823761,0.26860272884368896,0.006127340253442526,0.20712192356586456,0.4926052391529083,0.05302153900265694,1.158402442932129,0.7527487277984619,0.405653715133667
cmfbe_stgcn,train,2023-09-02,176.56216430664062,176.89480590820312,0.21519434452056885,0.21487665176391602,-1.26617431640625,0.0012060701847076416,0.0,0.0,0.0,0.018462182953953743,0.020248470827937126,0.019640114158391953,281.55877685546875,0.13634127378463745,0.6652504801750183,0.6310529112815857,0.18411266803741455,0.06775707751512527,0.5606378316879272,0.16544419527053833,0.003062392119318247,0.2094450742006302,0.11945683509111404,0.010539349168539047,0.7969014644622803,0.3394412696361542,0.4574601948261261
cmfbe_stgcn,train,2023-02-23,252.0933380126953,236.01499938964844,0.1550339013338089,0.16617441177368164,17.376007080078125,-0.012072399258613586,0.0,0.0,0.0,0.015155420638620853,0.017381396144628525,0.016937581822276115,218.1376190185547,0.17948561906814575,0.6652504801750183,0.9752971529960632,0.29129594564437866,0.09235673397779465,0.08838474750518799,0.27005213499069214,0.001803640159778297,0.2138415277004242,0.2291324883699417,0.08255643397569656,0.4525972604751587,0.5255304574966431,-0.07293319702148438
cmfbe_stgcn,train,2022-12-12,203.74183654785156,209.22149658203125,0.19101914763450623,0.18653613328933716,-2.7083282470703125,0.002230539917945862,0.0,0.0,0.0,0.02120741829276085,0.022125666961073875,0.022766804322600365,201.99578857421875,0.19247281551361084,0.6652504801750183,1.0637067556381226,0.35024815797805786,0.077437624335289,0.2472982555627823,0.27817508578300476,0.0015961177414283156,0.21249902248382568,0.3371526300907135,0.07656177133321762,0.6045070886611938,0.6262133717536926,-0.02170628309249878
cmfbe_stgcn,train,2023-03-03,78.0354995727539,68.65404510498047,0.35258182883262634,0.37402886152267456,6.1190032958984375,-0.013677597045898438,0.0,0.0,0.0,0.0076399752870202065,0.0087825832888484,0.009722120128571987,49.90791702270508,0.4272446036338806,0.6652504801750183,1.1365970373153687,0.36865976452827454,0.07857386767864227,0.19233225286006927,0.28002068400382996,0.00033676324528642,0.21025970578193665,0.617539644241333,0.08276058733463287,0.5512635707855225,0.910559892654419,-0.3592963218688965
cmfbe_stgcn,train,2023-11-06,93.40650177001953,105.42412567138672,0.3224177360534668,0.3020796775817871,-13.202835083007812,0.022217869758605957,0.0,0.0,0.0,0.005959780421108007,0.006486515048891306,0.007413926068693399,246.3202362060547,0.15895038843154907,0.6652504801750183,1.1172255277633667,0.40234073996543884,0.1008572056889534,1.139694094657898,0.28922680020332336,0.0010088131530210376,0.20606160163879395,0.4612225890159607,0.03132607042789459,1.5307869911193848,0.698610246181488,0.8321767449378967
cmfbe_stgcn,train,2024-01-13,128.24400329589844,136.52276611328125,0.26910531520843506,0.2585669159889221,16.06383514404297,-0.022527426481246948,0.0,0.0,0.0,0.35402658581733704,0.34832414984703064,0.3381808400154114,88.16813659667969,0.3321072459220886,0.6652504801750183,0.9982788562774658,0.27268359065055847,0.07279085367918015,0.09458549320697784,0.2610497772693634,0.0008147008484229445,0.22445254027843475,0.34750211238861084,0.09574328362941742,0.4292408227920532,0.6676979660987854,-0.23845714330673218
cmfbe_stgcn,train,2023-03-24,316.08099365234375,282.6080017089844,0.11677582561969757,0.1357121467590332,14.41815185546875,-0.007899098098278046,0.0,0.0,0.0,0.0038227690383791924,0.004862145055085421,0.005229079630225897,431.739990234375,0.06399166584014893,0.6652504801750183,0.9831058382987976,0.3238658607006073,0.09478975832462311,0.4495449662208557,0.26537248492240906,0.005562427453696728,0.21917937695980072,0.19265736639499664,0.04591493308544159,0.8152695894241333,0.45775169134140015,0.35751789808273315
cmfbe_stgcn,train,2023-11-19,174.93016052246094,174.8236083984375,0.21676160395145416,0.21686440706253052,-17.546005249023438,0.01613621413707733,0.0,0.0,0.0,0.006797055713832378,0.007435076870024204,0.00786690041422844,180.3231201171875,0.2116367220878601,0.6652504801750183,1.042107343673706,0.30449721217155457,0.07466953247785568,0.20324231684207916,0.27991628646850586,0.001525884261354804,0.22348572313785553,0.3361492455005646,0.06459254026412964,0.5593540072441101,0.6242275238037109,-0.06487351655960083
cmfbe_stgcn,train,2023-08-13,95.9816665649414,106.0236587524414,0.3178498446941376,0.3011261820793152,10.413169860839844,-0.01927947998046875,0.0,0.0,0.0,0.3830946385860443,0.3900884985923767,0.39089587330818176,68.04680633544922,0.3755151033401489,0.6652504801750183,1.135575532913208,0.3756236732006073,0.07900698482990265,0.16423192620277405,0.28655925393104553,0.00016306927136611193,0.21128326654434204,0.5369340181350708,0.007895441725850105,0.5299612283706665,0.7561127543449402,-0.22615152597427368
cmfbe_stgcn,train,2023-05-01,79.49016571044922,90.93785858154297,0.34948620200157166,0.3269152045249939,-11.057334899902344,0.02184876799583435,0.0,0.0,0.0,0.009006624110043049,0.010085167363286018,0.01024530827999115,77.33072662353516,0.35410213470458984,0.6652504801750183,1.1024738550186157,0.34092187881469727,0.09608371555805206,0.22146891057491302,0.28121674060821533,0.004893300123512745,0.20908425748348236,0.5055586695671082,0.04493773356080055,0.6036626696586609,0.759580671787262,-0.15591800212860107
cmfbe_stgcn,train,2023-03-07,150.3731689453125,164.5862579345703,0.24227939546108246,0.2270466685295105,24.345001220703125,-0.029761210083961487,1.0,1.0,1.0,0.3283178508281708,0.34845784306526184,0.3447435200214386,102.65123748779297,0.306560754776001,0.6652504801750183,1.0413100719451904,0.3175298869609833,0.09431256353855133,0.09679314494132996,0.2693844139575958,0.00159184739459306,0.2126140147447586,0.37418702244758606,0.07865817099809647,0.4620819687843323,0.6654592156410217,-0.20337724685668945
cmfbe_stgcn,train,2023-04-01,82.96733093261719,86.03318786621094,0.3423076272010803,0.3362206220626831,-10.660667419433594,0.020287662744522095,0.0,0.0,0.0,0.0027282589580863714,0.003422155976295471,0.003931803163141012,76.09937286376953,0.35679155588150024,0.6652504801750183,1.1403707265853882,0.3735811412334442,0.07887976616621017,0.2517619729042053,0.2840481400489807,0.0014340394409373403,0.20732960104942322,0.5566496253013611,0.0570032112300396,0.6161239147186279,0.8209823966026306,-0.20485848188400269
cmfbe_stgcn,train,2023-05-14,91.36416625976562,86.51972961425781,0.3261300027370453,0.3352743983268738,8.33416748046875,-0.016050994396209717,0.0,0.0,0.0,0.010076393373310566,0.011223681271076202,0.011129209771752357,69.37476348876953,0.37228167057037354,0.6652504801750183,1.0994212627410889,0.33018845319747925,0.09526782482862473,0.15122906863689423,0.2760004997253418,0.005456928163766861,0.20926308631896973,0.4658019542694092,0.030228422954678535,0.5279543399810791,0.7052934765815735,-0.17733913660049438
cmfbe_stgcn,train,2023-09-12,102.72416687011719,113.59777069091797,0.30644139647483826,0.2895199656486511,13.34100341796875,-0.023368626832962036,0.0,0.0,0.0,0.546467125415802,0.5244591236114502,0.5370213985443115,80.04373931884766,0.3483228087425232,0.6652504801750183,1.0527395009994507,0.31815528869628906,0.07548767328262329,0.22657302021980286,0.26643654704093933,0.00048062659334391356,0.2100273072719574,0.4533359408378601,0.01468348316848278,0.5689778923988342,0.678046703338623,-0.10906881093978882
cmfbe_stgcn,train,2023-12-05,86.70999908447266,103.14442443847656,0.33490583300590515,0.305755078792572,-32.34320068359375,0.05327963829040527,0.0,0.0,0.0,0.010638559237122536,0.011145921424031258,0.011775883845984936,94.59947204589844,0.32028627395629883,0.6652504801750183,1.130274772644043,0.3534424901008606,0.09704231470823288,0.14210844039916992,0.2812778055667877,0.00043256848584860563,0.20933161675930023,0.45641791820526123,0.08287912607192993,0.5208610892295837,0.7486286759376526,-0.22776758670806885
cmfbe_stgcn,train,2024-02-01,95.53900146484375,102.40480041503906,0.318626344203949,0.30696481466293335,-21.20116424560547,0.03369799256324768,0.0,0.0,0.0,0.003698958083987236,0.004292677156627178,0.004671911709010601,114.07054901123047,0.28882116079330444,0.6652504801750183,1.0163648128509521,0.3055609166622162,0.0934162586927414,0.2733685076236725,0.2710321545600891,0.00029121036641299725,0.2061031460762024,0.35647621750831604,0.09846372157335281,0.6381081342697144,0.661043107509613,-0.02293497323989868
cmfbe_stgcn,train,2022-12-10,200.36000061035156,196.69671630859375,0.19384616613388062,0.19696253538131714,22.236007690429688,-0.01986171305179596,0.0,0.0,0.0,0.01753108575940132,0.017098311334848404,0.019385235384106636,262.1282043457031,0.14843404293060303,0.6652504801750183,1.1185821294784546,0.3474680185317993,0.07726716995239258,0.7201025485992432,0.2805995047092438,0.0011471075704321265,0.21189387142658234,0.4066278040409088,0.07603161036968231,1.0791163444519043,0.6945533156394958,0.38456302881240845
cmfbe_stgcn,train,2023-06-27,76.3479995727539,96.7555923461914,0.35624510049819946,0.3165006637573242,-13.521835327148438,0.027346551418304443,0.0,0.0,0.0,0.007708773482590914,0.00852163415402174,0.009659814648330212,278.8866271972656,0.13795405626296997,0.6652504801750183,1.186866044998169,0.39560407400131226,0.08025989681482315,1.6055800914764404,0.31218042969703674,0.0013599514495581388,0.20274718105793,0.6698079705238342,0.001868712599389255,1.999380350112915,0.8744238615036011,1.124956488609314
cmfbe_stgcn,train,2023-01-06,153.40933227539062,144.5278778076172,0.23890863358974457,0.2489635944366455,3.239166259765625,-0.003598541021347046,0.0,0.0,0.0,0.021270442754030228,0.0193957407027483,0.0213968176394701,118.37461853027344,0.28258830308914185,0.6652504801750183,1.0989817380905151,0.32808223366737366,0.07608669251203537,0.13142730295658112,0.271343469619751,7.207972521428019e-05,0.21680542826652527,0.4040296673774719,0.0942339152097702,0.4789295494556427,0.7150689959526062,-0.2361394464969635
cmfbe_stgcn,train,2024-02-07,50.041500091552734,53.13047790527344,0.42679980397224426,0.41682642698287964,2.6746673583984375,-0.009135931730270386,0.0,0.0,0.0,0.015750108286738396,0.017467238008975983,0.019442109391093254,81.94541931152344,0.3443860411643982,0.6652504801750183,1.1408218145370483,0.38720521330833435,0.07973137497901917,1.1423341035842896,0.28686854243278503,4.6095203288132325e-05,0.19909748435020447,0.6858845353126526,0.08462939411401749,1.50898015499115,0.969611406326294,0.539368748664856
cmfbe_stgcn,train,2023-01-25,270.60382080078125,267.7164001464844,0.14305296540260315,0.14486706256866455,-22.452178955078125,0.013481318950653076,0.0,0.0,0.0,0.025815187022089958,0.027267901226878166,0.02731216698884964,372.84686279296875,0.08882230520248413,0.6652504801750183,0.796221137046814,0.27202296257019043,0.09094031155109406,0.3390617370605469,0.23853345215320587,0.001206206507049501,0.21571049094200134,0.1145005002617836,0.09945466369390488,0.669741690158844,0.4296656548976898,0.24007603526115417
cmfbe_stgcn,train,2023-10-18,174.79049682617188,154.32501220703125,0.2168964147567749,0.23790502548217773,15.746826171875,-0.015928983688354492,0.0,0.0,0.0,0.009402924217283726,0.01011529378592968,0.01042226143181324,149.26080322265625,0.24353128671646118,0.6652504801750183,0.9314969778060913,0.25524818897247314,0.08972147107124329,0.08546643704175949,0.25999414920806885,0.003156110644340515,0.22449523210525513,0.23896637558937073,0.03795076534152031,0.43833816051483154,0.5014123916625977,-0.06307423114776611
cmfbe_stgcn,train,2023-04-27,113.23516845703125,113.5262680053711,0.290057897567749,0.289625883102417,-13.789497375488281,0.01934361457824707,0.0,0.0,0.0,0.002501092152670026,0.003007614053785801,0.0034084126818925142,155.7482147216797,0.23635685443878174,0.6652504801750183,1.1044530868530273,0.36798590421676636,0.09816506505012512,0.4558653235435486,0.2809905409812927,0.004894488025456667,0.217472106218338,0.3705836236476898,0.04944195598363876,0.8399154543876648,0.6374976634979248,0.20241779088974
cmfbe_stgcn,train,2024-01-12,112.18016815185547,119.77433776855469,0.291632741689682,0.280609667301178,13.381668090820312,-0.02135738730430603,0.0,0.0,0.0,0.2205778956413269,0.2093050479888916,0.19802270829677582,76.79100799560547,0.3552756905555725,0.6652504801750183,1.0111151933670044,0.2955670952796936,0.09267297387123108,0.08285780996084213,0.2689235806465149,0.0007339886506088078,0.20913025736808777,0.3897714614868164,0.095413938164711,0.44518837332725525,0.6943156719207764,-0.24912729859352112
cmfbe_stgcn,train,2023-02-17,128.56149291992188,132.85397338867188,0.2686888575553894,0.263156533241272,-15.402679443359375,0.019066467881202698,0.0,0.0,0.0,0.012773196212947369,0.013378523290157318,0.014555687084794044,107.22100830078125,0.29923778772354126,0.6652504801750183,1.170690894126892,0.4003017246723175,0.08055667579174042,0.1499003916978836,0.29437410831451416,0.0003848185879178345,0.21313044428825378,0.5316106677055359,0.07278592139482498,0.5252159833908081,0.8175269961357117,-0.29231101274490356
cmfbe_stgcn,train,2023-06-16,114.91383361816406,117.01992797851562,0.28758183121681213,0.2845255136489868,7.197669982910156,-0.010881125926971436,0.0,0.0,0.0,0.06331203877925873,0.06004041060805321,0.06263004243373871,106.58660125732422,0.30023568868637085,0.6652504801750183,1.0470848083496094,0.31906720995903015,0.07554253190755844,0.2438623011112213,0.26704034209251404,0.004514489322900772,0.2097155749797821,0.3807077705860138,0.0109811220318079,0.5909597277641296,0.6014044880867004,-0.0104447603225708
cmfbe_stgcn,train,2023-11-01,199.70399475097656,189.29058837890625,0.19440004229545593,0.20344328880310059,12.88116455078125,-0.011258870363235474,0.0,0.0,0.0,0.019139396026730537,0.019699295982718468,0.019865069538354874,182.07879638671875,0.2100011110305786,0.6652504801750183,0.9357919692993164,0.2706083655357361,0.0908370316028595,0.07675846666097641,0.26313334703445435,0.003693764330819249,0.2214406430721283,0.19362367689609528,0.04494112357497215,0.4344226121902466,0.4600054621696472,-0.025582849979400635
cmfbe_stgcn,train,2023-12-24,111.72433471679688,110.17471313476562,0.2923177182674408,0.29466724395751953,0.34616851806640625,-0.0005220472812652588,0.0,0.0,0.0,0.032959651201963425,0.03220025449991226,0.032507024705410004,80.23959350585938,0.34791314601898193,0.6652504801750183,1.1431442499160767,0.3594411313533783,0.07800335437059402,0.1426943838596344,0.280169814825058,8.646291098557413e-05,0.21103587746620178,0.5233840942382812,0.09100085496902466,0.5009540319442749,0.8254207968711853,-0.3244667649269104
cmfbe_stgcn,train,2022-12-07,263.2138366699219,286.79119873046875,0.14773522317409515,0.13322687149047852,27.788330078125,-0.018861904740333557,0.0,0.0,0.0,0.05650133267045021,0.051728613674640656,0.05460295453667641,387.1237487792969,0.08246099948883057,0.6652504801750183,1.1522985696792603,0.34672895073890686,0.09652738273143768,0.740874707698822,0.29383543133735657,0.0007617232040502131,0.21707844734191895,0.35830339789390564,0.060926638543605804,1.1319992542266846,0.636308491230011,0.4956907629966736
cmfbe_stgcn,train,2023-04-03,110.61499786376953,97.53662872314453,0.2939963936805725,0.3151499629020691,13.986831665039062,-0.022725701332092285,0.0,0.0,0.0,0.008563611656427383,0.009366538375616074,0.01102356892079115,75.06268310546875,0.35908931493759155,0.6652504801750183,1.0672239065170288,0.35119497776031494,0.0774957463145256,0.13873225450515747,0.2647857666015625,0.0033658528700470924,0.2146180421113968,0.4598892629146576,0.05948079749941826,0.4843796193599701,0.7339881062507629,-0.24960848689079285
cmfbe_stgcn,train,2022-12-26,111.96817016601562,256.2568664550781,0.2919509708881378,0.15226435661315918,-155.67083740234375,0.14703498780727386,0.0,0.0,0.0,0.03951035067439079,0.03785378485918045,0.03851750120520592,226.24520874023438,0.17331922054290771,0.6652504801750183,1.0319195985794067,0.2999836802482605,0.07440070807933807,0.08749706298112869,0.27007582783699036,0.00016516007599420846,0.22783751785755157,0.2802092432975769,0.0914309173822403,0.4321387708187103,0.5994776487350464,-0.16733887791633606
cmfbe_stgcn,train,2023-04-06,184.04299926757812,151.78981018066406,0.20818981528282166,0.24069827795028687,20.4739990234375,-0.019902825355529785,0.0,0.0,0.0,0.004757434595376253,0.006101097445935011,0.006325584836304188,185.4871063232422,0.20687031745910645,0.6652504801750183,1.0368489027023315,0.3505493402481079,0.09682013839483261,0.2893308401107788,0.2736276388168335,0.005710876081138849,0.2085346281528473,0.27716946601867676,0.05475345999002457,0.6654894948005676,0.540457546710968,0.1250319480895996
cmfbe_stgcn,train,2023-03-28,247.3806610107422,239.86318969726562,0.1582242101430893,0.16344070434570312,-35.03218078613281,0.02239517867565155,0.0,0.0,0.0,0.002131620654836297,0.0027871469501405954,0.0030670829582959414,260.05438232421875,0.1497771143913269,0.6652504801750183,1.0906614065170288,0.3346232771873474,0.09560427069664001,0.11111080646514893,0.2893765866756439,0.0020528470631688833,0.22833503782749176,0.2972056567668915,0.05477957800030708,0.4981445074081421,0.5803202986717224,-0.08217579126358032
cmfbe_stgcn,train,2023-08-24,93.96116638183594,102.44933319091797,0.32142341136932373,0.3068917393684387,-44.27433776855469,0.06495735049247742,0.0,0.0,0.0,0.002350639319047332,0.0030503585003316402,0.0033975711558014154,167.2427978515625,0.2243451476097107,0.6652504801750183,1.0061211585998535,0.30595558881759644,0.07475656270980835,0.3564731478691101,0.2652131915092468,0.00040290734614245594,0.20602072775363922,0.29522547125816345,0.0063583520241081715,0.6968458294868469,0.5076045393943787,0.18924129009246826
cmfbe_stgcn,train,2023-09-10,84.56183624267578,82.3800048828125,0.3391146659851074,0.3434990644454956,16.974334716796875,-0.037533342838287354,1.0,1.0,1.0,0.24401968717575073,0.24651570618152618,0.2371997982263565,54.641639709472656,0.41215288639068604,0.6652504801750183,1.122814416885376,0.35950517654418945,0.09750913828611374,0.1564786583185196,0.28716230392456055,0.000243273563683033,0.20932132005691528,0.5294623970985413,0.011787910014390945,0.5413933396339417,0.750571608543396,-0.20917826890945435
cmfbe_stgcn,train,2022-01-23,92.17333221435547,85.7786636352539,0.32464948296546936,0.33671772480010986,7.966667175292969,-0.015171229839324951,0.0,0.0,0.0,0.0038119053933769464,0.00452184583991766,0.004577815067023039,118.99005126953125,0.281715452671051,0.6652504801750183,0.9241387248039246,0.26059144735336304,0.0720866471529007,0.604820966720581,0.24985139071941376,0.0022301715798676014,0.20292486250400543,0.2968815863132477,0.08685395121574402,0.9289891719818115,0.5866603851318359,0.3423287868499756
cmfbe_stgcn,train,2022-12-19,164.559326171875,137.9976806640625,0.2270742803812027,0.2567561864852905,28.804489135742188,-0.03244312107563019,1.0,1.0,1.0,0.04036928713321686,0.040465861558914185,0.039588045328855515,112.01493835449219,0.29188072681427,0.6652504801750183,1.2210092544555664,0.41169098019599915,0.10159964859485626,0.25777578353881836,0.30004870891571045,4.601876935339533e-05,0.20935983955860138,0.5587121844291687,0.08206820487976074,0.6594701409339905,0.8501402139663696,-0.19067007303237915
cmfbe_stgcn,train,2023-03-18,118.26782989501953,122.38652801513672,0.28274020552635193,0.27697765827178955,-4.292335510253906,0.00600123405456543,0.0,0.0,0.0,0.01714603416621685,0.02027038484811783,0.021225424483418465,125.08063507080078,0.27331143617630005,0.6652504801750183,1.0873475074768066,0.3635473847389221,0.09782134741544724,0.3315921723842621,0.276151180267334,0.0021664134692400694,0.20628178119659424,0.40380311012268066,0.07745268195867538,0.7077311277389526,0.6875375509262085,0.02019357681274414
cmfbe_stgcn,train,2023-07-10,114.55850219726562,127.25091552734375,0.2881029546260834,0.2704145312309265,-29.360504150390625,0.03842766582965851,0.0,0.0,0.0,0.00750736566260457,0.008534766733646393,0.009740546345710754,679.7244873046875,0.0,0.6652504801750183,1.060630440711975,0.3283795416355133,0.09513086080551147,1.698679804801941,0.2800348103046417,0.0011854618787765503,0.20592673122882843,0.3196589946746826,0.002462297910824418,2.07503080368042,0.528048038482666,1.546982765197754
cmfbe_stgcn,train,2024-01-09,68.64216613769531,75.50401306152344,0.3740578591823578,0.358107328414917,7.291164398193359,-0.018771082162857056,0.0,0.0,0.0,0.12806099653244019,0.11902346462011337,0.1153734028339386,49.31790542602539,0.4292232394218445,0.6652504801750183,1.1166592836380005,0.3390829563140869,0.09594354778528214,0.27202078700065613,0.2749447822570801,0.00021092293900437653,0.20391729474067688,0.5557698011398315,0.09785163402557373,0.6431200504302979,0.8575387001037598,-0.21441864967346191
cmfbe_stgcn,train,2023-12-16,169.39849853515625,146.03836059570312,0.2221841812133789,0.24721091985702515,6.226165771484375,-0.006318077445030212,0.0,0.0,0.0,0.009181410074234009,0.010387604124844074,0.010743029415607452,245.33863830566406,0.15962541103363037,0.6652504801750183,0.9809146523475647,0.33719518780708313,0.09579980373382568,0.6075894832611084,0.2614702880382538,0.002046797890216112,0.21007204055786133,0.26371175050735474,0.08733244985342026,0.9669064283370972,0.5611162185668945,0.40579020977020264
cmfbe_stgcn,train,2023-02-04,129.65866088867188,128.13050842285156,0.26725754141807556,0.2692543864250183,33.48016357421875,-0.050248146057128906,1.0,1.0,1.0,0.5736079812049866,0.5722213387489319,0.576610267162323,77.69830322265625,0.35330748558044434,0.6652504801750183,1.1018952131271362,0.33636584877967834,0.09573672711849213,0.14254865050315857,0.27671533823013306,8.855877968017012e-05,0.21417874097824097,0.4153333902359009,0.09650512039661407,0.5150892734527588,0.7260172367095947,-0.21092796325683594
cmfbe_stgcn,train,2023-04-24,150.91566467285156,132.57699584960938,0.24167218804359436,0.263508141040802,-2.8621673583984375,0.003168150782585144,0.0,0.0,0.0,0.002842575777322054,0.0036417751107364893,0.00393194705247879,171.1609649658203,0.22043758630752563,0.6652504801750183,0.7338529825210571,0.23250426352024078,0.07047172635793686,0.1509445458650589,0.22179409861564636,0.03881751373410225,0.20991049706935883,0.10422434657812119,0.06145410239696503,0.48202788829803467,0.37558895349502563,0.10643893480300903
cmfbe_stgcn,train,2023-02-14,204.15032958984375,196.77337646484375,0.1906808316707611,0.1968967318534851,-20.556671142578125,0.01620878279209137,0.0,0.0,0.0,0.00339584075845778,0.004181749187409878,0.0048445104621350765,626.49560546875,0.0009182095527648926,0.6652504801750183,1.0854580402374268,0.38301020860671997,0.07946839928627014,1.2753452062606812,0.28090617060661316,0.0007676879758946598,0.2097044289112091,0.3248433768749237,0.07944044470787048,1.6364874839782715,0.6139882802963257,1.0224992036819458
cmfbe_stgcn,train,2022-11-22,268.1426696777344,255.5364532470703,0.14459803700447083,0.15274035930633545,76.98567199707031,-0.057188600301742554,1.0,1.0,1.0,0.8395113348960876,0.8427770137786865,0.8453288078308105,201.87307739257812,0.19257545471191406,0.6652504801750183,1.0860286951065063,0.3306712210178375,0.07624352723360062,0.31132256984710693,0.2718561887741089,0.0017361637437716126,0.21182002127170563,0.3515971302986145,0.04347340390086174,0.6611584424972534,0.6068905591964722,0.05426788330078125
cmfbe_stgcn,train,2023-07-16,100.16649627685547,86.63778686523438,0.31067925691604614,0.33504563570022583,8.685997009277344,-0.015237092971801758,0.0,0.0,0.0,0.01786348968744278,0.018311016261577606,0.020624598488211632,128.97596740722656,0.2681467533111572,0.6652504801750183,1.1152803897857666,0.353570818901062,0.07764173299074173,0.7140660881996155,0.28107139468193054,0.00043896984425373375,0.20348027348518372,0.5251074433326721,0.004278040491044521,1.0732181072235107,0.7328658103942871,0.34035229682922363
cmfbe_stgcn,train,2024-01-16,155.41917419433594,168.58999633789062,0.23671357333660126,0.2229914665222168,-18.292831420898438,0.018772602081298828,0.0,0.0,0.0,0.016576247289776802,0.017988385632634163,0.017138732597231865,148.84487915039062,0.24400174617767334,0.6652504801750183,0.8364223837852478,0.2345503270626068,0.07058839499950409,0.05043947324156761,0.2404460906982422,0.0013293371303007007,0.22032442688941956,0.19345979392528534,0.1025572195649147,0.36280331015586853,0.5163414478302002,-0.15353813767433167
cmfbe_stgcn,train,2023-05-12,93.97066497802734,113.10626220703125,0.32140642404556274,0.2902495265007019,-20.482833862304688,0.03314918279647827,0.0,0.0,0.0,0.003828644286841154,0.00450115418061614,0.004740644246339798,137.56166076660156,0.25728946924209595,0.6652504801750183,1.0681424140930176,0.30776968598365784,0.09358115494251251,0.4365673065185547,0.27034664154052734,0.007375044282525778,0.2202310711145401,0.3709765374660492,0.034215301275253296,0.8078701496124268,0.6254229545593262,0.18244719505310059
cmfbe_stgcn,train,2023-05-13,83.02999877929688,93.51458740234375,0.342180997133255,0.3222234845161438,-10.940666198730469,0.02077457308769226,0.0,0.0,0.0,0.005628820974379778,0.006368791684508324,0.006577079650014639,86.46115112304688,0.33538806438446045,0.6652504801750183,1.0842301845550537,0.3244266211986542,0.09483207762241364,0.20977091789245605,0.27324891090393066,0.006272081285715103,0.2111760675907135,0.42781582474708557,0.027505045756697655,0.584123969078064,0.6664969325065613,-0.08237296342849731
cmfbe_stgcn,train,2022-11-29,306.13616943359375,512.5137329101562,0.12218461185693741,0.03494328260421753,-175.23599243164062,0.07662255316972733,0.0,0.0,0.0,0.010962069034576416,0.01147456094622612,0.012485959567129612,1241.93017578125,0.0,0.6652504801750183,1.0269956588745117,0.345787912607193,0.09645537286996841,0.9890755414962769,0.273733526468277,0.0033362782560288906,0.21654152870178223,0.15937291085720062,0.04017537832260132,1.3626006841659546,0.41608983278274536,0.9465108513832092
cmfbe_stgcn,train,2023-12-17,171.66983032226562,172.95602416992188,0.21993663907051086,0.21867698431015015,2.271331787109375,-0.002247542142868042,0.0,0.0,0.0,0.022077927365899086,0.02579667791724205,0.024371840059757233,167.4495849609375,0.22413671016693115,0.6652504801750183,0.9919671416282654,0.3432416021823883,0.09626074880361557,0.18586622178554535,0.276006817817688,0.0014742035418748856,0.21035686135292053,0.27524030208587646,0.0855138972401619,0.559607982635498,0.5711110830307007,-0.011503100395202637
cmfbe_stgcn,train,2023-02-22,234.7173309326172,224.65005493164062,0.16710630059242249,0.17451488971710205,39.64849853515625,-0.03125967085361481,1.0,1.0,1.0,0.7527730464935303,0.7705240845680237,0.76889967918396,167.4182586669922,0.22416824102401733,0.6652504801750183,0.9229193329811096,0.27978432178497314,0.07320690900087357,0.07798363268375397,0.2526094317436218,0.002499914728105068,0.2206197828054428,0.24941864609718323,0.0882769301533699,0.406299889087677,0.5583153367042542,-0.15201544761657715
cmfbe_stgcn,train,2023-04-17,99.52083587646484,101.57080078125,0.31176602840423584,0.30833935737609863,16.572669982910156,-0.030580371618270874,1.0,1.0,1.0,0.8543112874031067,0.8649420142173767,0.8646247982978821,64.47180938720703,0.38453906774520874,0.6652504801750183,1.107435941696167,0.37289172410964966,0.07883685827255249,0.15782266855239868,0.27363938093185425,0.004199220798909664,0.21334198117256165,0.49525511264801025,0.05448119714856148,0.5144981145858765,0.7630782723426819,-0.24858015775680542
cmfbe_stgcn,train,2023-03-13,245.85000610351562,266.90679931640625,0.1592734456062317,0.14537924528121948,-61.5338134765625,0.03777693957090378,0.0,0.0,0.0,0.002871307311579585,0.0037873927503824234,0.0041313618421554565,359.9753723144531,0.09476923942565918,0.6652504801750183,0.9122955799102783,0.29365602135658264,0.07402510195970535,0.2853921353816986,0.2495298981666565,0.006193527951836586,0.21947918832302094,0.16360928118228912,0.07458781450986862,0.6151406764984131,0.4576762914657593,0.1574643850326538
cmfbe_stgcn,train,2023-10-23,116.43533325195312,127.24614715576172,0.2853683531284332,0.2704208493232727,-11.924331665039062,0.01641485095024109,0.0,0.0,0.0,0.010317912325263023,0.010786118917167187,0.01162490900605917,120.69297790527344,0.2793235182762146,0.6652504801750183,1.1281123161315918,0.3449483811855316,0.09639117866754532,0.2321384847164154,0.28976333141326904,0.0007770942174829543,0.2148730605840683,0.43297258019447327,0.03231950104236603,0.6190700531005859,0.6801651120185852,-0.06109505891799927
cmfbe_stgcn,train,2023-12-26,117.30549621582031,107.07878112792969,0.2841153144836426,0.2994610071182251,10.985496520996094,-0.01654154062271118,0.0,0.0,0.0,0.04006819799542427,0.038284484297037125,0.03826795518398285,78.74239349365234,0.35107046365737915,0.6652504801750183,1.102683663368225,0.3168318271636963,0.07540807873010635,0.13085393607616425,0.2740234434604645,9.465349285164848e-05,0.21387705206871033,0.4665900468826294,0.09692690521478653,0.480380117893219,0.7773940563201904,-0.29701393842697144
cmfbe_stgcn,train,2023-06-19,125.08032989501953,134.09442138671875,0.2733118534088135,0.261590838432312,-1.7606735229492188,0.0023539066314697266,0.0,0.0,0.0,0.1200108677148819,0.11957863718271255,0.11147172749042511,150.37384033203125,0.24227863550186157,0.6652504801750183,0.9620786905288696,0.26931673288345337,0.0907427966594696,0.3364878296852112,0.26550376415252686,0.007379508577287197,0.20501826703548431,0.3073894679546356,0.0187409445643425,0.7001138925552368,0.5311486721038818,0.16896522045135498
cmfbe_stgcn,train,2023-06-28,66.42533111572266,83.78330993652344,0.37954866886138916,0.34066611528396606,-9.92266845703125,0.023303568363189697,0.0,0.0,0.0,0.2622375786304474,0.264342725276947,0.2502104938030243,53.61309814453125,0.4153198003768921,0.6652504801750183,1.1648541688919067,0.41996049880981445,0.08180782198905945,0.17115558683872223,0.2990051507949829,0.001635249238461256,0.21099446713924408,0.6873162388801575,0.0033344149123877287,0.5536038279533386,0.9016451239585876,-0.348041296005249
cmfbe_stgcn,train,2023-01-05,150.170166015625,136.90199279785156,0.2425071746110916,0.2580994963645935,6.38482666015625,-0.007324740290641785,0.0,0.0,0.0,0.017640545964241028,0.016876760870218277,0.01831868477165699,111.15806579589844,0.29317253828048706,0.6652504801750183,1.1210839748382568,0.34286898374557495,0.07698583602905273,0.13046732544898987,0.2777113914489746,4.841300687985495e-05,0.21735043823719025,0.4292948246002197,0.09391055256128311,0.48521295189857483,0.7405558228492737,-0.25534287095069885
cmfbe_stgcn,train,2023-07-20,129.66383361816406,130.8942413330078,0.26725083589553833,0.26565998792648315,13.885665893554688,-0.019070029258728027,0.0,0.0,0.0,0.08961928635835648,0.08875017613172531,0.08862679451704025,109.13552856445312,0.2962612509727478,0.6652504801750183,0.9984046816825867,0.2973811626434326,0.07424604147672653,0.18585465848445892,0.27265894412994385,0.0010284468298777938,0.21089769899845123,0.37631654739379883,0.005138280335813761,0.5337880849838257,0.5923525094985962,-0.05856442451477051
cmfbe_stgcn,train,2023-05-03,84.71800231933594,72.50096130371094,0.3388051688671112,0.36490434408187866,5.2505035400390625,-0.010728836059570312,0.0,0.0,0.0,0.010560737922787666,0.011469979770481586,0.012174613773822784,62.55756759643555,0.389575719833374,0.6652504801750183,1.0346654653549194,0.37191301584243774,0.07877597212791443,0.13841155171394348,0.25533485412597656,0.008885683491826057,0.20686852931976318,0.443481981754303,0.0669645443558693,0.4814080595970154,0.7173150777816772,-0.23590701818466187
cmfbe_stgcn,train,2024-02-15,96.77349853515625,89.24456787109375,0.31646960973739624,0.33007049560546875,-11.332832336425781,0.01861470937728882,0.0,0.0,0.0,0.005035463720560074,0.00573640875518322,0.006227967794984579,85.42171478271484,0.3374173641204834,0.6652504801750183,0.9789832830429077,0.2789440453052521,0.07315757870674133,0.07360529154539108,0.270619660615921,0.000825547962449491,0.2123899906873703,0.3564566373825073,0.08244515210390091,0.4182080924510956,0.6512917876243591,-0.23308369517326355
cmfbe_stgcn,train,2023-08-27,73.25483703613281,71.48706817626953,0.3631722927093506,0.36726200580596924,-0.46533203125,0.0010603666305541992,0.0,0.0,0.0,0.01386694610118866,0.014734557829797268,0.01573655754327774,61.1327018737793,0.39342421293258667,0.6652504801750183,1.1116831302642822,0.37740737199783325,0.0988977774977684,0.1546541154384613,0.28407418727874756,0.00014755620213691145,0.2073184847831726,0.5095021724700928,0.005430656019598246,0.5377736687660217,0.722251296043396,-0.18447762727737427
cmfbe_stgcn,train,2023-06-26,89.86983489990234,99.43367767333984,0.328898549079895,0.31191325187683105,-15.093162536621094,0.02608180046081543,0.0,0.0,0.0,0.007145441137254238,0.007989093661308289,0.00937836803495884,520.8712768554688,0.03220301866531372,0.6652504801750183,1.2009658813476562,0.43434467911720276,0.10341581702232361,1.9829356670379639,0.3235303461551666,0.0011280503822490573,0.2034037709236145,0.6117688417434692,0.0015060595469549298,2.4110097885131836,0.8166786432266235,1.59433114528656
cmfbe_stgcn,train,2024-01-17,127.9114990234375,140.53831481933594,0.2695425748825073,0.2536817789077759,-27.507675170898438,0.03282900154590607,0.0,0.0,0.0,0.012868951074779034,0.013447364792227745,0.013160854578018188,135.27491760253906,0.26011407375335693,0.6652504801750183,0.957250714302063,0.30457961559295654,0.09334306418895721,0.0677291676402092,0.27498772740364075,0.0007182015688158572,0.21211065351963043,0.2619672119617462,0.10056541115045547,0.43677815794944763,0.5746433138847351,-0.13786515593528748
cmfbe_stgcn,train,2023-06-17,124.95116424560547,132.25979614257812,0.27348580956459045,0.2639116644859314,10.037330627441406,-0.01409602165222168,0.0,0.0,0.0,0.210039421916008,0.19704031944274902,0.19987760484218597,118.50037384033203,0.2824096083641052,0.6652504801750183,1.0460288524627686,0.3312159478664398,0.07627655565738678,0.2700856626033783,0.26690179109573364,0.004351557232439518,0.20811617374420166,0.3647516667842865,0.014275682158768177,0.6176155805587769,0.5871435403823853,0.0304720401763916
cmfbe_stgcn,train,2023-08-10,79.4135971069336,79.58682250976562,0.34964773058891296,0.34928250312805176,-22.720069885253906,0.04223725199699402,0.0,0.0,0.0,0.004150285851210356,0.004953205119818449,0.005400936119258404,113.50469970703125,0.2896578907966614,0.6652504801750183,1.0350404977798462,0.337821364402771,0.0958474725484848,0.27774539589881897,0.26896971464157104,0.0004412106645759195,0.21355164051055908,0.31065261363983154,0.014209767803549767,0.6430037617683411,0.5384140014648438,0.10458976030349731
cmfbe_stgcn,train,2023-04-28,104.88533020019531,104.26056671142578,0.3029412031173706,0.3039456605911255,-8.349838256835938,0.012883305549621582,0.0,0.0,0.0,0.004964119754731655,0.005796592682600021,0.006179668940603733,92.59626770019531,0.32388073205947876,0.6652504801750183,1.1247353553771973,0.3949024975299835,0.10026954859495163,0.1372695416212082,0.28749537467956543,0.004186935722827911,0.21078817546367645,0.47073057293891907,0.04697154834866524,0.5292213559150696,0.7284902930259705,-0.19926893711090088
cmfbe_stgcn,train,2023-09-13,121.60116577148438,136.08993530273438,0.27806147933006287,0.2591019868850708,18.876998901367188,-0.02837991714477539,1.0,1.0,1.0,0.8733820915222168,0.8723602294921875,0.874826192855835,110.57046508789062,0.29406410455703735,0.6652504801750183,0.9787713885307312,0.28558823466300964,0.07354836910963058,0.3183436691761017,0.2496950924396515,0.0008508579339832067,0.2052145004272461,0.3517637848854065,0.012538631446659565,0.6424379944801331,0.5695168972015381,0.07292109727859497
cmfbe_stgcn,train,2022-12-20,168.4429931640625,157.7392120361328,0.22313864529132843,0.23421448469161987,3.8836669921875,-0.003935635089874268,0.0,0.0,0.0,0.04872296005487442,0.0471973642706871,0.04713346064090729,118.18607330322266,0.2828565835952759,0.6652504801750183,1.2101231813430786,0.3865339159965515,0.07968924939632416,0.14878138899803162,0.29187148809432983,5.991650323267095e-05,0.21706229448318481,0.5445255637168884,0.08745797723531723,0.5204020142555237,0.8490458130836487,-0.328643798828125
cmfbe_stgcn,train,2023-03-31,93.62799835205078,113.07231903076172,0.3220199644565582,0.29030001163482666,-28.74083709716797,0.04501795768737793,0.0,0.0,0.0,0.002577677834779024,0.0033160881139338017,0.0036655175499618053,105.69953155517578,0.30164098739624023,0.6652504801750183,1.1600961685180664,0.36906832456588745,0.09824903309345245,0.2546938955783844,0.2906034290790558,0.0011872266186401248,0.20985841751098633,0.5244237184524536,0.05561286583542824,0.6447335481643677,0.7898949980735779,-0.1451614499092102
cmfbe_stgcn,train,2023-05-20,131.65032958984375,137.1986083984375,0.26468977332115173,0.2577347755432129,-11.005172729492188,0.013528138399124146,0.0,0.0,0.0,0.020849669352173805,0.023236962035298347,0.022295402362942696,161.71380615234375,0.23001694679260254,0.6652504801750183,0.9412913918495178,0.27698078751564026,0.07304242253303528,0.27274858951568604,0.24999620020389557,0.018076511099934578,0.20823271572589874,0.25048425793647766,0.0305719505995512,0.6138637661933899,0.48928892612457275,0.12457484006881714
cmfbe_stgcn,train,2023-05-19,142.65550231933594,124.4029312133789,0.2511616349220276,0.27422624826431274,2.495330810546875,-0.0029742419719696045,0.0,0.0,0.0,0.010527735576033592,0.01176754105836153,0.011814144439995289,160.0259246826172,0.231786847114563,0.6652504801750183,1.0148056745529175,0.33885735273361206,0.09592634439468384,0.29006919264793396,0.26233139634132385,0.010917017236351967,0.20798838138580322,0.2879981994628906,0.031587500125169754,0.6592439413070679,0.5275740623474121,0.13166987895965576
cmfbe_stgcn,train,2024-01-14,173.7288360595703,156.84327697753906,0.21792460978031158,0.23517519235610962,45.484832763671875,-0.051180705428123474,1.0,1.0,1.0,0.5374489426612854,0.5442155599594116,0.5288311243057251,104.01361083984375,0.3043443560600281,0.6652504801750183,0.9522147178649902,0.2818356156349182,0.0733274519443512,0.07949922233819962,0.2549145519733429,0.0012951996177434921,0.21947835385799408,0.3027993142604828,0.09437067806720734,0.40903642773628235,0.6166483163833618,-0.20761188864707947
cmfbe_stgcn,train,2023-12-18,184.9463348388672,197.708251953125,0.20736321806907654,0.1960962414741516,13.276504516601562,-0.012573421001434326,0.0,0.0,0.0,0.011003514751791954,0.012459388934075832,0.011864591389894485,296.49627685546875,0.12759733200073242,0.6652504801750183,1.0645185708999634,0.3444340229034424,0.09635186195373535,0.8035695552825928,0.2853221297264099,0.000540701556019485,0.21116115152835846,0.342151939868927,0.08845119923353195,1.1857843399047852,0.6417642831802368,0.5440200567245483
cmfbe_stgcn,train,2023-06-25,104.96299743652344,111.24072265625,0.3028167486190796,0.2930474877357483,-7.473503112792969,0.01156798005104065,0.0,0.0,0.0,0.023113533854484558,0.024247195571660995,0.023752139881253242,126.9325180053711,0.2708364725112915,0.6652504801750183,1.1275980472564697,0.36808404326438904,0.09817268699407578,0.41679146885871887,0.29736626148223877,0.0020402316004037857,0.20410147309303284,0.4866669774055481,0.0033425407018512487,0.8143706321716309,0.6941110491752625,0.12025958299636841
cmfbe_stgcn,train,2023-03-02,71.91649627685547,80.68771362304688,0.3662594258785248,0.34697943925857544,-24.790504455566406,0.04967433214187622,0.0,0.0,0.0,0.003416213905438781,0.004219426773488522,0.004800007212907076,70.42593383789062,0.36976510286331177,0.6652504801750183,1.1822460889816284,0.41005003452301025,0.08117523789405823,0.20451079308986664,0.290580689907074,0.00026365258963778615,0.21152479946613312,0.6021424531936646,0.07617509365081787,0.5765303373336792,0.8898423314094543,-0.31331199407577515
cmfbe_stgcn,train,2023-01-11,195.67767333984375,179.99978637695312,0.19783972203731537,0.21193963289260864,-5.915496826171875,0.0050298720598220825,0.0,0.0,0.0,0.009574535302817822,0.009757685475051403,0.010353229939937592,172.92930603027344,0.218703031539917,0.6652504801750183,0.9746376872062683,0.2846387028694153,0.07349242269992828,0.09534908831119537,0.2560645043849945,0.0005719006294384599,0.2232748121023178,0.251406729221344,0.10334693640470505,0.42547792196273804,0.5780285000801086,-0.1525505781173706
cmfbe_stgcn,train,2023-02-08,258.0361633300781,249.4638214111328,0.1510944664478302,0.1568065881729126,14.073989868164062,-0.009482055902481079,0.0,0.0,0.0,0.039901066571474075,0.040879830718040466,0.039938539266586304,236.39154052734375,0.16590499877929688,0.6652504801750183,0.8854148387908936,0.26513782143592834,0.09043847024440765,0.11699386686086655,0.25659671425819397,0.0024486551992595196,0.216419979929924,0.18547208607196808,0.09597869962453842,0.4664776921272278,0.4978707730770111,-0.031393080949783325
cmfbe_stgcn,train,2022-10-02,476.975341796875,581.6986083984375,0.04711629077792168,0.013489902019500732,-127.06097412109375,0.040011513978242874,0.0,0.0,0.0,0.08837608993053436,0.08447200804948807,0.08669184893369675,652.4742431640625,0.0,0.6652504801750183,0.9271929860115051,0.28443801403045654,0.09185075759887695,0.06727752089500427,0.2618568539619446,0.002368171466514468,0.22575683891773224,0.08763421326875687,0.03294789791107178,0.42335331439971924,0.3463389575481415,0.07701435685157776
cmfbe_stgcn,train,2023-08-17,160.5279998779297,152.03196716308594,0.23125843703746796,0.24042946100234985,12.589340209960938,-0.013772964477539062,0.0,0.0,0.0,0.05002984777092934,0.05237594619393349,0.05069262906908989,142.63839721679688,0.25118184089660645,0.6652504801750183,0.8642582297325134,0.23360367119312286,0.07053440064191818,0.09609313309192657,0.2561269998550415,0.0008316547609865665,0.21445798873901367,0.22610415518283844,0.019259190186858177,0.4235861897468567,0.45982131361961365,-0.03623512387275696
cmfbe_stgcn,train,2023-12-22,108.75499725341797,120.63414764404297,0.29684874415397644,0.27940553426742554,1.404998779296875,-0.0021868646144866943,0.0,0.0,0.0,0.04912614822387695,0.052734777331352234,0.05165770649909973,107.47328186035156,0.29884254932403564,0.6652504801750183,1.1741738319396973,0.42824408411979675,0.10292431712150574,0.40714529156684875,0.29517456889152527,0.00011150546197313815,0.2107304036617279,0.505451500415802,0.08803660422563553,0.8053557276725769,0.8042184710502625,0.0011372566223144531
cmfbe_stgcn,train,2023-03-01,96.70700073242188,120.3021469116211,0.31658509373664856,0.2798694968223572,-45.360992431640625,0.06472787261009216,0.0,0.0,0.0,0.00270022451877594,0.0033454657532274723,0.0038467205595225096,144.64797973632812,0.24882358312606812,0.6652504801750183,1.1953390836715698,0.3998800814151764,0.10066251456737518,0.4304811954498291,0.2968733012676239,0.00023018433421384543,0.2100147157907486,0.5287736058235168,0.07158585637807846,0.8282471895217896,0.8103741407394409,0.017873048782348633
cmfbe_stgcn,train,2023-11-24,110.18516540527344,96.92807006835938,0.2946512997150421,0.31620144844055176,7.116668701171875,-0.011227577924728394,0.0,0.0,0.0,0.012881839647889137,0.013766901567578316,0.013997361063957214,77.71894073486328,0.3532630205154419,0.6652504801750183,1.0773630142211914,0.36466461420059204,0.07832622528076172,0.13007716834545135,0.27109137177467346,0.0012279016664251685,0.21314118802547455,0.4620117247104645,0.08473502844572067,0.48072266578674316,0.7598879337310791,-0.27916526794433594
cmfbe_stgcn,train,2022-12-09,178.12399291992188,206.0761260986328,0.21370787918567657,0.1890949010848999,-32.051513671875,0.02794027328491211,0.0,0.0,0.0,0.03647492453455925,0.033774957060813904,0.03679320216178894,182.2580108642578,0.20983505249023438,0.6652504801750183,1.1461817026138306,0.3564550578594208,0.07781924307346344,0.17723436653614044,0.2876950800418854,0.0008078881655819714,0.2169618159532547,0.4064924418926239,0.061897166073322296,0.5435565710067749,0.6853514313697815,-0.1417948603630066
cmfbe_stgcn,train,2023-10-27,154.90432739257812,155.59596252441406,0.23727315664291382,0.23652184009552002,35.097496032714844,-0.04329085350036621,1.0,1.0,1.0,0.5448712706565857,0.5424360632896423,0.5598482489585876,99.65819549560547,0.31153422594070435,0.6652504801750183,1.0671764612197876,0.30720075964927673,0.07483092695474625,0.14814668893814087,0.2687910497188568,0.0013287962647154927,0.22449271380901337,0.4158190190792084,0.03524789959192276,0.4930974543094635,0.6755596399307251,-0.1824621856212616
cmfbe_stgcn,train,2023-04-30,90.54750061035156,88.13230895996094,0.3276374340057373,0.33217549324035645,-5.9478302001953125,0.010684221982955933,0.0,0.0,0.0,0.004906960763037205,0.005739240441471338,0.006137836258858442,81.66634368896484,0.3449580669403076,0.6652504801750183,1.0958422422409058,0.3460647165775299,0.07718124240636826,0.22500859200954437,0.27695432305336,0.0054669491946697235,0.20936569571495056,0.49851828813552856,0.04171905294060707,0.5846110582351685,0.7496030330657959,-0.16499197483062744
cmfbe_stgcn,train,2023-11-15,190.31883239746094,201.7899169921875,0.20252862572669983,0.19264507293701172,-17.880340576171875,0.015165045857429504,0.0,0.0,0.0,0.02125578373670578,0.022370658814907074,0.022507889196276665,186.62953186035156,0.20583367347717285,0.6652504801750183,0.9921505451202393,0.2688996195793152,0.09071239084005356,0.06894324719905853,0.27715587615966797,0.002711067907512188,0.21697428822517395,0.27971795201301575,0.051648132503032684,0.43952256441116333,0.548340380191803,-0.10881781578063965
cmfbe_stgcn,train,2023-04-12,151.84683227539062,164.62109375,0.2406349629163742,0.22701096534729004,-44.12400817871094,0.04304805397987366,0.0,0.0,0.0,0.002125355415046215,0.0028278185054659843,0.0030242744833230972,173.6145477294922,0.21803563833236694,0.6652504801750183,0.9808286428451538,0.31364238262176514,0.09402070939540863,0.052301548421382904,0.27315565943717957,0.010672702454030514,0.2194468230009079,0.2857190668582916,0.04545970261096954,0.4301505982875824,0.5506255626678467,-0.12047496438026428
cmfbe_stgcn,train,2023-07-30,43.59450149536133,45.81706237792969,0.4497188329696655,0.4414634108543396,12.611501693725586,-0.05642092227935791,1.0,1.0,1.0,0.9262495636940002,0.9361135363578796,0.9304675459861755,25.1182861328125,0.5405227541923523,0.6652504801750183,1.1286530494689941,0.3902849555015564,0.0999060720205307,0.3222610652446747,0.2887527048587799,0.0007991653983481228,0.19028379023075104,0.6864502429962158,0.03755377605557442,0.7117190361022949,0.914287805557251,-0.20256876945495605
cmfbe_stgcn,train,2023-02-02,71.88883209228516,64.04661560058594,0.3663238286972046,0.38564497232437134,9.738330841064453,-0.024342507123947144,0.0,0.0,0.0,0.051058437675237656,0.0475110225379467,0.05079950764775276,42.83174514770508,0.4526471495628357,0.6652504801750183,1.0600088834762573,0.36748000979423523,0.07850068062543869,0.1478901207447052,0.2556628882884979,0.0004930266295559704,0.2091255933046341,0.5389456152915955,0.09963785111904144,0.48254671692848206,0.847709059715271,-0.36516234278678894
cmfbe_stgcn,train,2023-06-01,80.67866516113281,96.39179992675781,0.34699827432632446,0.3171335458755493,9.388664245605469,-0.02072581648826599,0.0,0.0,0.0,0.7074288725852966,0.7220063209533691,0.7222421169281006,58.59232711791992,0.40050989389419556,0.6652504801750183,1.0445786714553833,0.3152276873588562,0.07531170547008514,0.15263251960277557,0.26186278462409973,0.006806037854403257,0.21185517311096191,0.4575343728065491,0.02038259617984295,0.4966130554676056,0.6897721290588379,-0.1931590735912323
cmfbe_stgcn,train,2023-07-07,186.08216857910156,161.2795867919922,0.2063295692205429,0.2304704785346985,40.30467224121094,-0.04118280112743378,1.0,1.0,1.0,0.15135259926319122,0.14669133722782135,0.14106667041778564,159.9547576904297,0.23186182975769043,0.6652504801750183,0.9887543320655823,0.31083327531814575,0.09381025284528732,0.2357414811849594,0.27164873480796814,0.0022428540978580713,0.20934711396694183,0.2990760803222656,0.0028143846429884434,0.6034433245658875,0.511237621307373,0.0922057032585144
cmfbe_stgcn,train,2024-03-20,46.02516555786133,48.964599609375,0.4407106041908264,0.43041926622390747,-10.510833740234375,0.034240275621414185,0.0,0.0,0.0,0.009613873437047005,0.011331796646118164,0.011631408706307411,36.42694091796875,0.4794597625732422,0.6652504801750183,1.1734483242034912,0.4019477367401123,0.10082608461380005,0.13643454015254974,0.29981958866119385,0.0007900522905401886,0.2102356106042862,0.689931333065033,0.0677235797047615,0.5378702878952026,0.9678905010223389,-0.43002021312713623
cmfbe_stgcn,train,2023-01-13,146.9586639404297,148.4075927734375,0.24615192413330078,0.24449783563613892,-32.95500183105469,0.0341314822435379,0.0,0.0,0.0,0.0187011007219553,0.02016606554389,0.02088862843811512,303.8020935058594,0.12347942590713501,0.6652504801750183,0.986382007598877,0.29697972536087036,0.07422220706939697,0.7620193362236023,0.26168006658554077,0.0005612733657471836,0.2085137516260147,0.2700487971305847,0.09827743470668793,1.0984828472137451,0.5768399834632874,0.5216428637504578
cmfbe_stgcn,train,2023-01-08,139.56100463867188,162.88702392578125,0.2548578679561615,0.22879743576049805,-13.19049072265625,0.015224561095237732,0.0,0.0,0.0,0.04570934921503067,0.04309346526861191,0.04554891958832741,121.14724731445312,0.27869105339050293,0.6652504801750183,1.019919991493225,0.2940169870853424,0.07404648512601852,0.09158053994178772,0.2653934061527252,0.00023626025358680636,0.22053363919258118,0.3359076976776123,0.104925736784935,0.4312567114830017,0.6613670587539673,-0.23011034727096558
cmfbe_stgcn,train,2023-03-27,282.412841796875,249.11676025390625,0.13582903146743774,0.15704190731048584,-5.996826171875,0.003554016351699829,0.0,0.0,0.0,0.0019313901429995894,0.0026064757257699966,0.002860036212950945,287.04534912109375,0.13307702541351318,0.6652504801750183,1.0251855850219727,0.31697094440460205,0.0754164457321167,0.14195391535758972,0.2781926691532135,0.0035606531891971827,0.2219896912574768,0.2393970936536789,0.04246242716908455,0.4991236925125122,0.50384920835495,-0.004725515842437744
cmfbe_stgcn,train,2024-01-26,131.875,123.67510986328125,0.2644025385379791,0.27521419525146484,8.670829772949219,-0.011454075574874878,0.0,0.0,0.0,0.06734791398048401,0.06345516443252563,0.06342529505491257,88.43372344970703,0.33160245418548584,0.6652504801750183,1.0672531127929688,0.3188214898109436,0.07552774995565414,0.09069548547267914,0.2775268256664276,0.00041909536230377853,0.2184952348470688,0.4739467203617096,0.08015613257884979,0.44416916370391846,0.7725980877876282,-0.3284289240837097
cmfbe_stgcn,train,2023-05-17,104.05733489990234,98.33068084716797,0.30427369475364685,0.31378763914108276,5.133331298828125,-0.008503109216690063,0.0,0.0,0.0,0.01774832233786583,0.0191457848995924,0.020127762109041214,87.3177261352539,0.33373379707336426,0.6652504801750183,1.0346322059631348,0.3687783479690552,0.07858122885227203,0.1569138616323471,0.25948309898376465,0.009263858199119568,0.21028968691825867,0.38586854934692383,0.03155328333377838,0.5042420625686646,0.6277115345001221,-0.12346947193145752
cmfbe_stgcn,train,2024-04-01,67.95883178710938,57.6838493347168,0.37573152780532837,0.40311741828918457,-3.7253341674804688,0.008930414915084839,0.0,0.0,0.0,0.002870580879971385,0.0035697221755981445,0.0041671860963106155,84.77719116210938,0.3386879563331604,0.6652504801750183,1.066922664642334,0.32734987139701843,0.07604236900806427,0.5462392568588257,0.27292338013648987,0.004547643940895796,0.2138962596654892,0.49226054549217224,0.027966363355517387,0.899752676486969,0.734123170375824,0.16562950611114502
cmfbe_stgcn,train,2023-01-09,207.91883850097656,149.32415771484375,0.18759118020534515,0.24345970153808594,68.35783386230469,-0.06726668775081635,1.0,1.0,1.0,0.030709927901625633,0.03042025677859783,0.030618146061897278,112.0624771118164,0.2918093204498291,0.6652504801750183,1.0413662195205688,0.30752032995224,0.0935625210404396,0.08829332143068314,0.27302086353302,0.00038347585359588265,0.2165575474500656,0.3570631146430969,0.09934055805206299,0.45526018738746643,0.6729612350463867,-0.2177010476589203
cmfbe_stgcn,train,2023-10-13,134.9344940185547,149.38818359375,0.26053863763809204,0.24338746070861816,14.015327453613281,-0.018469691276550293,0.0,0.0,0.0,0.35659754276275635,0.3445805311203003,0.3443261384963989,126.63321685791016,0.27123403549194336,0.6652504801750183,1.018869400024414,0.29659077525138855,0.0741991177201271,0.33035850524902344,0.261373907327652,0.0015464650932699442,0.2057466208934784,0.3692626357078552,0.046666018664836884,0.6674779653549194,0.6216752529144287,0.04580271244049072
cmfbe_stgcn,train,2023-06-23,109.7750015258789,105.51622009277344,0.2952786087989807,0.3019328713417053,14.00067138671875,-0.02293446660041809,0.0,0.0,0.0,0.05985047295689583,0.061242058873176575,0.059519506990909576,77.74518585205078,0.3532063961029053,0.6652504801750183,1.0616869926452637,0.2974845767021179,0.074252188205719,0.13609586656093597,0.2829288840293884,0.003292157081887126,0.22510236501693726,0.47603046894073486,0.0016011863481253386,0.49656909704208374,0.7027339935302734,-0.2061648964881897
cmfbe_stgcn,train,2024-01-23,83.45249938964844,74.4579849243164,0.3413297235965729,0.3604441285133362,20.362831115722656,-0.0468309223651886,1.0,1.0,1.0,0.8299288749694824,0.8536019921302795,0.8198074698448181,47.915802001953125,0.4340200424194336,0.6652504801750183,1.0768712759017944,0.38338470458984375,0.09936480969190598,0.16343936324119568,0.28273290395736694,0.000263810419710353,0.20636193454265594,0.5313541889190674,0.0782674178481102,0.5458009243011475,0.8159835338592529,-0.27018260955810547
cmfbe_stgcn,train,2023-12-10,91.892333984375,97.41622924804688,0.3251621425151825,0.3153574466705322,16.504165649414062,-0.03320243954658508,1.0,1.0,1.0,0.40302959084510803,0.38745641708374023,0.4145697057247162,58.331642150878906,0.4012540578842163,0.6652504801750183,1.0544003248214722,0.3093189597129822,0.07495756447315216,0.22143161296844482,0.2502666413784027,0.0009005484753288329,0.21674126386642456,0.48856714367866516,0.09493289142847061,0.5475563406944275,0.8002413511276245,-0.252685010433197
cmfbe_stgcn,train,2023-04-10,187.74949645996094,172.96315002441406,0.2048235386610031,0.21867001056671143,15.447494506835938,-0.014492824673652649,0.0,0.0,0.0,0.005983800161629915,0.007372896187007427,0.007342502940446138,156.28466796875,0.23577696084976196,0.6652504801750183,0.989547848701477,0.31595176458358765,0.09419399499893188,0.07390184700489044,0.27235424518585205,0.008341148495674133,0.21160458028316498,0.2852189540863037,0.04894639924168587,0.4487912058830261,0.5457699298858643,-0.09697872400283813
cmfbe_stgcn,train,2023-10-17,159.04367065429688,172.99368286132812,0.2328253984451294,0.2186402678489685,-8.784988403320312,0.009070247411727905,0.0,0.0,0.0,0.019140949472784996,0.019995685666799545,0.020205507054924965,153.84182739257812,0.238433837890625,0.6652504801750183,0.9346252083778381,0.24435995519161224,0.07114985585212708,0.09287435561418533,0.25745007395744324,0.0031480207107961178,0.2273537516593933,0.24822261929512024,0.035526297986507416,0.4246222972869873,0.5111026763916016,-0.08648037910461426
cmfbe_stgcn,train,2023-04-11,195.97084045410156,174.9957275390625,0.19758690893650055,0.21669834852218628,8.221343994140625,-0.0072366297245025635,0.0,0.0,0.0,0.0035724861081689596,0.004555272404104471,0.0046923598274588585,170.53172302246094,0.22105908393859863,0.6652504801750183,0.990610659122467,0.333254337310791,0.09550032019615173,0.06666840612888336,0.27247023582458496,0.008975712582468987,0.2118464857339859,0.2799023985862732,0.04751857742667198,0.4436146914958954,0.5392674207687378,-0.09565272927284241
cmfbe_stgcn,train,2024-02-12,105.4538345336914,103.66471862792969,0.30203232169151306,0.30490922927856445,18.534164428710938,-0.03246822953224182,1.0,1.0,1.0,0.20688489079475403,0.20861510932445526,0.2008066177368164,65.01998901367188,0.38312381505966187,0.6652504801750183,0.9890745282173157,0.2855181097984314,0.07354423403739929,0.08722827583551407,0.2686060070991516,0.0004628123715519905,0.2187376469373703,0.4086507260799408,0.08891887962818146,0.4298413097858429,0.7163072228431702,-0.28646591305732727
cmfbe_stgcn,train,2024-02-04,60.47949981689453,63.34933853149414,0.3952181041240692,0.38747429847717285,-21.657501220703125,0.05122363567352295,0.0,0.0,0.0,0.004213548731058836,0.005180720239877701,0.005629443097859621,77.14896392822266,0.35449647903442383,0.6652504801750183,1.0806456804275513,0.3642720878124237,0.09787741303443909,0.32304009795188904,0.2889106869697571,8.349869312951341e-05,0.20273923873901367,0.47544771432876587,0.09359761327505112,0.7099117040634155,0.7717845439910889,-0.06187283992767334
cmfbe_stgcn,train,2023-09-17,136.72633361816406,137.73977661132812,0.2583158612251282,0.25707143545150757,-15.103866577148438,0.017662420868873596,0.0,0.0,0.0,0.0965103879570961,0.08764654397964478,0.08641624450683594,680.5682983398438,0.0,0.6652504801750183,0.9674497246742249,0.255063533782959,0.08970813453197479,1.575667142868042,0.2508198320865631,0.0011309076799079776,0.2063751518726349,0.21041177213191986,0.0054699513129889965,1.9173259735107422,0.42225685715675354,1.495069146156311
cmfbe_stgcn,train,2023-01-21,124.60649871826172,118.07933044433594,0.2739509344100952,0.2830086946487427,33.71033477783203,-0.053041279315948486,1.0,1.0,1.0,0.6758922338485718,0.6708089113235474,0.6782798171043396,65.9126968383789,0.3808441162109375,0.6652504801750183,1.0926860570907593,0.3563960790634155,0.07781561464071274,0.14151428639888763,0.27018865942955017,0.00024746431154198945,0.21540912985801697,0.5024681091308594,0.0891595110297203,0.48976603150367737,0.8070367574691772,-0.3172707259654999
cmfbe_stgcn,train,2023-04-16,82.94816589355469,76.0707015991211,0.3423464000225067,0.3568546772003174,2.7679977416992188,-0.005690962076187134,0.0,0.0,0.0,0.009714016690850258,0.011316516436636448,0.012068438343703747,60.809043884277344,0.39431071281433105,0.6652504801750183,1.1196911334991455,0.37455981969833374,0.07894070446491241,0.15387937426567078,0.2754173278808594,0.0036169332452118397,0.21083509922027588,0.5249356627464294,0.04870477691292763,0.511854350566864,0.784475564956665,-0.272621214389801
cmfbe_stgcn,train,2023-06-04,155.0568389892578,156.20675659179688,0.23710720241069794,0.23586106300354004,29.726837158203125,-0.035868868231773376,1.0,1.0,1.0,0.8136802315711975,0.8356205224990845,0.8254512548446655,116.44915771484375,0.2853483557701111,0.6652504801750183,0.9543780088424683,0.2823733985424042,0.07335907965898514,0.10264983773231506,0.2555042803287506,0.012347577139735222,0.21887150406837463,0.27685850858688354,0.021022982895374298,0.4438607692718506,0.5167530179023743,-0.07289224863052368
cmfbe_stgcn,train,2023-02-19,179.9896697998047,159.3529510498047,0.2119491547346115,0.2324976921081543,39.9498291015625,-0.04233147203922272,1.0,1.0,1.0,0.7647243142127991,0.7673482894897461,0.7699150443077087,109.29955291748047,0.2960087060928345,0.6652504801750183,1.1398961544036865,0.3808067739009857,0.07933054119348526,0.1561582237482071,0.2831742465496063,0.0004978491924703121,0.21531575918197632,0.4828634560108185,0.06682418286800385,0.5191609263420105,0.7650034427642822,-0.24584251642227173
cmfbe_stgcn,train,2023-07-08,168.01133728027344,155.09422302246094,0.22357161343097687,0.23706650733947754,-18.070831298828125,0.01724204421043396,0.0,0.0,0.0,0.008805488236248493,0.009593106806278229,0.010603729635477066,437.282958984375,0.06183135509490967,0.6652504801750183,0.9527960419654846,0.27310433983802795,0.07281546294689178,0.9681960344314575,0.25882411003112793,0.0026340805925428867,0.20908240973949432,0.23858772218227386,0.003482421860098839,1.3024696111679077,0.4511525630950928,0.8513170480728149
cmfbe_stgcn,train,2023-09-05,161.7291717529297,161.70945739746094,0.23000091314315796,0.23002147674560547,-26.625,0.025720253586769104,0.0,0.0,0.0,0.004520172253251076,0.005399512127041817,0.005520972423255444,247.69973754882812,0.15800625085830688,0.6652504801750183,0.7516524195671082,0.219134122133255,0.08714145421981812,0.23239079117774963,0.2306327372789383,0.002456502988934517,0.20851650834083557,0.06244589388370514,0.009031490422785282,0.5526214838027954,0.2799939215183258,0.2726275622844696
cmfbe_stgcn,train,2023-05-10,135.77783203125,132.99722290039062,0.2594888508319855,0.26297497749328613,-0.5333404541015625,0.0006605684757232666,0.0,0.0,0.0,0.0023903092369437218,0.0030757600907236338,0.003193225245922804,218.32882690429688,0.17933762073516846,0.6652504801750183,0.9808708429336548,0.29223015904426575,0.09242583811283112,0.5882346034049988,0.2642669975757599,0.014658072963356972,0.21443088352680206,0.22910599410533905,0.04772620275616646,0.9595855474472046,0.49126309156417847,0.4683224558830261
cmfbe_stgcn,train,2023-11-03,150.88282775878906,160.61123657226562,0.2417088747024536,0.23117101192474365,-27.416839599609375,0.028167366981506348,0.0,0.0,0.0,0.00915611069649458,0.009667270816862583,0.010124177671968937,158.66299438476562,0.23322957754135132,0.6652504801750183,0.950237512588501,0.3032184839248657,0.0932416245341301,0.036170195788145065,0.27379247546195984,0.0035375722218304873,0.21309016644954681,0.27184972167015076,0.0377950482070446,0.4067418575286865,0.5227349400520325,-0.11599308252334595
cmfbe_stgcn,train,2023-07-28,92.20700073242188,96.7613754272461,0.3245881497859955,0.31649065017700195,9.496597290039062,-0.018239647150039673,0.0,0.0,0.0,0.03916966915130615,0.03764255344867706,0.04039967805147171,126.1634521484375,0.27185988426208496,0.6652504801750183,1.1053670644760132,0.36657634377479553,0.09805581718683243,0.738378643989563,0.28124895691871643,0.0004526548145804554,0.20453354716300964,0.4931342899799347,0.0023584209848195314,1.1181360483169556,0.700026273727417,0.4181097745895386
cmfbe_stgcn,train,2022-12-17,131.33250427246094,153.0487518310547,0.2650969326496124,0.23930543661117554,-14.489669799804688,0.017636209726333618,0.0,0.0,0.0,0.008419662714004517,0.009227893315255642,0.010175933130085468,224.74853515625,0.17444080114364624,0.6652504801750183,1.1296896934509277,0.4038158655166626,0.08077925443649292,0.8320280909538269,0.2737247347831726,0.00025652977637946606,0.21115045249462128,0.4699094295501709,0.07552903890609741,1.186788558959961,0.7565889358520508,0.43019962310791016
cmfbe_stgcn,train,2023-11-09,93.60600280761719,96.1551513671875,0.3220594525337219,0.31754642724990845,-6.664161682128906,0.011554032564163208,0.0,0.0,0.0,0.016854004934430122,0.01685038022696972,0.017800111323595047,75.08865356445312,0.3590313792228699,0.6652504801750183,1.1327701807022095,0.3604918122291565,0.07806821167469025,0.1371038556098938,0.2845391035079956,0.0009212674340233207,0.20981590449810028,0.5360985398292542,0.04061047360301018,0.5006324052810669,0.7865249514579773,-0.2858925461769104
cmfbe_stgcn,train,2023-02-21,195.06883239746094,215.18435668945312,0.1983659714460373,0.18178868293762207,9.246505737304688,-0.008199498057365417,0.0,0.0,0.0,0.47042810916900635,0.48281359672546387,0.4779426157474518,153.7415313720703,0.23854386806488037,0.6652504801750183,1.000917673110962,0.3172565996646881,0.07543361186981201,0.08629732578992844,0.2713709771633148,0.0016418674495071173,0.21990858018398285,0.31987977027893066,0.08335710316896439,0.4347437918186188,0.6231454610824585,-0.18840166926383972
cmfbe_stgcn,train,2023-07-12,98.45916748046875,113.51687622070312,0.31356823444366455,0.28963983058929443,-9.263496398925781,0.015115439891815186,0.0,0.0,0.0,0.04756162688136101,0.04782029241323471,0.04774714633822441,94.63517761230469,0.3202229142189026,0.6652504801750183,1.1417189836502075,0.3773658275604248,0.09889453649520874,0.18564678728580475,0.2930087745189667,0.0004824440402444452,0.21297521889209747,0.48973625898361206,0.0035806423984467983,0.5780324935913086,0.7062920928001404,-0.1282595992088318
cmfbe_stgcn,train,2023-08-15,122.5338363647461,140.12399291992188,0.27677515149116516,0.25417935848236084,7.420005798339844,-0.010514050722122192,0.0,0.0,0.0,0.9216719269752502,0.9236276745796204,0.9220890402793884,108.65620422363281,0.29700160026550293,0.6652504801750183,1.0293999910354614,0.3354180157184601,0.07653173059225082,0.21550358831882477,0.26158854365348816,0.0003183388616889715,0.21160171926021576,0.3824682831764221,0.017093196511268616,0.5539422035217285,0.6111631989479065,-0.05722099542617798
cmfbe_stgcn,train,2023-05-24,99.65399932861328,108.67068481445312,0.3115413188934326,0.2969791889190674,0.5423355102539062,-0.0009170174598693848,0.0,0.0,0.0,0.0038918510545045137,0.004620241932570934,0.004774350207298994,181.0968780517578,0.21091395616531372,0.6652504801750183,1.0231295824050903,0.30052483081817627,0.09304112195968628,0.8045657277107239,0.27637287974357605,0.009993057698011398,0.20618689060211182,0.34887775778770447,0.030655192211270332,1.1839728355407715,0.585719883441925,0.5982529520988464
cmfbe_stgcn,train,2023-02-28,142.0679931640625,178.7269287109375,0.2518572211265564,0.21313750743865967,-80.74366760253906,0.07595382630825043,0.0,0.0,0.0,0.0025380549486726522,0.003162829438224435,0.003679381450638175,195.5289764404297,0.19796806573867798,0.6652504801750183,1.1658518314361572,0.40176868438720703,0.1008119061589241,0.1471109539270401,0.2935630977153778,0.0004112416645511985,0.2134663164615631,0.39283981919288635,0.06558602303266525,0.541897177696228,0.6718921661376953,-0.12999498844146729
cmfbe_stgcn,train,2023-05-31,71.29000091552734,90.541748046875,0.36772409081459045,0.3276480436325073,0.7433319091796875,-0.00175437331199646,0.0,0.0,0.0,0.44518327713012695,0.4478767514228821,0.45031440258026123,55.49025344848633,0.4095837473869324,0.6652504801750183,1.0912489891052246,0.35033077001571655,0.0774426981806755,0.1553070992231369,0.2726461589336395,0.00487184152007103,0.2112978994846344,0.5196540355682373,0.015597558580338955,0.5102677941322327,0.7465494871139526,-0.23628169298171997
cmfbe_stgcn,train,2022-12-25,267.6390075683594,106.76564025878906,0.14491598308086395,0.29995352029800415,187.01519775390625,-0.20219634473323822,1.0,1.0,1.0,0.7366834282875061,0.7521454691886902,0.7354270219802856,57.42449188232422,0.4038692116737366,0.6652504801750183,1.0579015016555786,0.3567761480808258,0.09729877859354019,0.08529743552207947,0.2785641849040985,0.0005872032488696277,0.20821622014045715,0.49206221103668213,0.09585512429475784,0.46174758672714233,0.7961335182189941,-0.3343859314918518
cmfbe_stgcn,train,2024-03-30,86.97616577148438,93.07049560546875,0.3343915343284607,0.32302290201187134,-9.929000854492188,0.01815032958984375,0.0,0.0,0.0,0.004556366708129644,0.005783549509942532,0.006166957784444094,293.7760314941406,0.12915652990341187,0.6652504801750183,0.9894152283668518,0.3107318878173828,0.09380266815423965,1.3494112491607666,0.2822308838367462,0.007437709253281355,0.20417939126491547,0.3894100785255432,0.037076435983181,1.7328824996948242,0.6306658983230591,1.1022166013717651
cmfbe_stgcn,train,2024-03-22,57.33700180053711,50.32308578491211,0.4041236340999603,0.42586594820022583,6.405834197998047,-0.019743114709854126,0.0,0.0,0.0,0.022171897813677788,0.02396794594824314,0.023499494418501854,32.15235137939453,0.5000447034835815,0.6652504801750183,1.1494238376617432,0.4059962034225464,0.08091757446527481,0.14210844039916992,0.289636492729187,0.0011579887941479683,0.2002873718738556,0.6903830766677856,0.07195568084716797,0.5138205289840698,0.9626260995864868,-0.448805570602417
cmfbe_stgcn,train,2023-07-01,77.47100067138672,98.62415313720703,0.3537984788417816,0.3132869005203247,-5.102333068847656,0.010692507028579712,0.0,0.0,0.0,0.5789151191711426,0.5757075548171997,0.564102053642273,81.8191146850586,0.3446447253227234,0.6652504801750183,1.1118619441986084,0.3449576795101166,0.07711351662874222,0.3867647051811218,0.28173506259918213,0.0015899768332019448,0.20193912088871002,0.5502536296844482,0.0040761446580290794,0.7472032308578491,0.7562688589096069,-0.009065628051757812
cmfbe_stgcn,train,2024-03-28,101.82733154296875,63.21024703979492,0.3079153597354889,0.3878415822982788,57.402732849121094,-0.13867300748825073,1.0,1.0,1.0,0.7794636487960815,0.8136664032936096,0.7832406759262085,39.83998107910156,0.4646468758583069,0.6652504801750183,0.969456672668457,0.29979366064071655,0.07438940554857254,0.28163182735443115,0.26581278443336487,0.004769698716700077,0.1943655014038086,0.4571402370929718,0.08149052411317825,0.6266037225723267,0.7329962253570557,-0.106392502784729
cmfbe_stgcn,train,2023-03-22,270.281494140625,264.109130859375,0.14325451850891113,0.14716100692749023,-3.53765869140625,0.002199128270149231,0.0,0.0,0.0,0.014998361468315125,0.017320601269602776,0.0180043987929821,295.2814636230469,0.12829184532165527,0.6652504801750183,0.9125337600708008,0.2541048228740692,0.07171110808849335,0.21711036562919617,0.2614104747772217,0.0078104049898684025,0.2116333693265915,0.22101637721061707,0.05019577592611313,0.5580423474311829,0.4828455150127411,0.07519683241844177
cmfbe_stgcn,train,2023-01-16,98.85566711425781,93.80134582519531,0.3128929138183594,0.3217093348503113,-11.208000183105469,0.018056035041809082,0.0,0.0,0.0,0.009446327574551105,0.010377490893006325,0.012300624512135983,295.5941467285156,0.12811285257339478,0.6652504801750183,1.127581238746643,0.41073712706565857,0.10152372717857361,1.323481559753418,0.289031982421875,0.00017497428052593023,0.20512555539608002,0.4299905002117157,0.09683491289615631,1.7142122983932495,0.7319509387016296,0.9822613596916199
cmfbe_stgcn,train,2023-10-29,207.003173828125,203.8230438232422,0.18833674490451813,0.19095182418823242,11.561172485351562,-0.009706482291221619,0.0,0.0,0.0,0.036988236010074615,0.037112604826688766,0.037826698273420334,178.05126953125,0.2137768268585205,0.6652504801750183,0.8784350752830505,0.238125741481781,0.08849077671766281,0.03356996923685074,0.25738829374313354,0.004805949050933123,0.2258087694644928,0.2087455838918686,0.0423959419131279,0.38425499200820923,0.4769502878189087,-0.09269529581069946
cmfbe_stgcn,train,2023-05-09,136.31117248535156,127.84494018554688,0.2588282823562622,0.26963019371032715,2.8936767578125,-0.0036152005195617676,0.0,0.0,0.0,0.002413466339930892,0.0032239260617643595,0.003237858647480607,215.24456787109375,0.18174141645431519,0.6652504801750183,0.7645978927612305,0.21605215966701508,0.06953924149274826,0.5575847625732422,0.22504369914531708,0.03823574259877205,0.21220694482326508,0.1428760588169098,0.05986108258366585,0.8904034495353699,0.4149440824985504,0.47545936703681946
cmfbe_stgcn,train,2023-11-16,183.795166015625,177.013427734375,0.20841729640960693,0.21476346254348755,-6.5236663818359375,0.0058886706829071045,0.0,0.0,0.0,0.010920251719653606,0.011914612725377083,0.012059260159730911,184.6068878173828,0.20767337083816528,0.6652504801750183,0.933186948299408,0.25846895575523376,0.0719635933637619,0.16438640654087067,0.2656917870044708,0.003987417556345463,0.21172374486923218,0.2693621516227722,0.05525422468781471,0.5060292482376099,0.5363401174545288,-0.030310869216918945
cmfbe_stgcn,train,2023-11-21,111.48200225830078,117.23138427734375,0.2926830053329468,0.2842216491699219,-16.66767120361328,0.023453742265701294,0.0,0.0,0.0,0.008972682058811188,0.009510834701359272,0.009945780970156193,100.31057739257812,0.3104376792907715,0.6652504801750183,1.0922107696533203,0.3119061589241028,0.0751124769449234,0.14890718460083008,0.2678755819797516,0.0008683709311299026,0.22866185009479523,0.4327315390110016,0.07415160536766052,0.4927636384963989,0.7355450391769409,-0.242781400680542
cmfbe_stgcn,train,2024-02-06,47.3668327331543,50.0264892578125,0.43593573570251465,0.42684972286224365,-7.115001678466797,0.023294657468795776,0.0,0.0,0.0,0.010531749576330185,0.011965826153755188,0.013177460990846157,43.24917221069336,0.4510383605957031,0.6652504801750183,1.1484413146972656,0.4017683267593384,0.10081188380718231,0.3214649260044098,0.2970115542411804,4.2589916120050475e-05,0.19978292286396027,0.6652278900146484,0.08053910732269287,0.7193309664726257,0.9455499053001404,-0.22621893882751465
cmfbe_stgcn,train,2023-11-10,91.4316635131836,101.73780822753906,0.3260059952735901,0.30806320905685425,-2.1743392944335938,0.003946542739868164,0.0,0.0,0.0,0.013743238523602486,0.013725785538554192,0.01574145443737507,157.2189178466797,0.234771728515625,0.6652504801750183,1.0365827083587646,0.3388475775718689,0.07674048840999603,0.8951273560523987,0.25473564863204956,0.0020562114659696817,0.2056301087141037,0.46386438608169556,0.04490640386939049,1.228659749031067,0.7144008874893188,0.514258861541748
cmfbe_stgcn,train,2023-06-09,128.47866821289062,137.76173400878906,0.2687974274158478,0.25704455375671387,-13.01666259765625,0.016259431838989258,0.0,0.0,0.0,0.008854934014379978,0.009801413863897324,0.009775988757610321,150.44631958007812,0.24219739437103271,0.6652504801750183,0.9887595176696777,0.29644450545310974,0.09273805469274521,0.186454638838768,0.26706549525260925,0.009315431118011475,0.2106829732656479,0.2694132924079895,0.014555240049958229,0.5555736422538757,0.49465152621269226,0.06092211604118347
cmfbe_stgcn,train,2022-12-06,235.42550659179688,226.4046630859375,0.1665971279144287,0.17320013046264648,52.75384521484375,-0.04285524785518646,1.0,1.0,1.0,0.6246942281723022,0.6318731904029846,0.6234642863273621,188.4429931640625,0.20420104265213013,0.6652504801750183,1.1203675270080566,0.38949811458587646,0.09984424710273743,0.3149053454399109,0.2904629707336426,0.0006960061145946383,0.21137747168540955,0.3938818871974945,0.06971073895692825,0.7059085965156555,0.6749700903892517,0.03093850612640381
cmfbe_stgcn,train,2023-05-27,100.72566986083984,88.086669921875,0.3097436726093292,0.33226239681243896,17.31000518798828,-0.031660109758377075,1.0,1.0,1.0,0.055408135056495667,0.05573384463787079,0.05810260772705078,204.92799377441406,0.19003862142562866,0.6652504801750183,1.0865834951400757,0.34664782881736755,0.09652116149663925,1.2050011157989502,0.2779770791530609,0.005882385186851025,0.2021198272705078,0.4645286500453949,0.026959391310811043,1.5853817462921143,0.6936079263687134,0.8917738199234009
cmfbe_stgcn,train,2023-11-28,162.7050018310547,164.4971466064453,0.22898611426353455,0.22713804244995117,1.729827880859375,-0.001803085207939148,0.0,0.0,0.0,0.028331823647022247,0.028897108510136604,0.029520703479647636,137.8273162841797,0.25696438550949097,0.6652504801750183,1.024756908416748,0.32138165831565857,0.09460243582725525,0.09310967475175858,0.27258145809173584,0.0017439901130273938,0.21841278672218323,0.3193284273147583,0.07850851863622665,0.4620375633239746,0.616249680519104,-0.1542121171951294
cmfbe_stgcn,train,2023-06-15,107.7161636352539,122.6101303100586,0.29846295714378357,0.27667033672332764,5.5193328857421875,-0.008843570947647095,0.0,0.0,0.0,0.2722620964050293,0.26370930671691895,0.27538439631462097,101.06665802001953,0.30917567014694214,0.6652504801750183,1.074547290802002,0.3194190561771393,0.07556372135877609,0.2586164176464081,0.27024611830711365,0.0037480113096535206,0.20987725257873535,0.397370845079422,0.011938231065869331,0.6081742644309998,0.619186282157898,-0.011012017726898193
cmfbe_stgcn,train,2023-01-23,231.07749938964844,225.47251892089844,0.1697477102279663,0.17389732599258423,45.51933288574219,-0.03705793619155884,1.0,1.0,1.0,0.8460189700126648,0.8426806926727295,0.8458369970321655,179.0411376953125,0.21284103393554688,0.6652504801750183,0.9570280313491821,0.2751864492893219,0.07293729484081268,0.21221283078193665,0.2559657394886017,0.0007022496429271996,0.21190686523914337,0.2704879939556122,0.09498083591461182,0.5418181419372559,0.5773757100105286,-0.035557568073272705
cmfbe_stgcn,train,2022-12-21,172.42967224121094,169.98785400390625,0.21919137239456177,0.22159814834594727,3.9866790771484375,-0.003947272896766663,0.0,0.0,0.0,0.0557439886033535,0.05290274694561958,0.053092919290065765,129.22181701660156,0.2678259611129761,0.6652504801750183,1.131638526916504,0.3760450482368469,0.0790332481265068,0.15169797837734222,0.2684159278869629,0.00014679718879051507,0.21203301846981049,0.4653129577636719,0.08522495627403259,0.4992939531803131,0.7625709772109985,-0.2632770240306854
cmfbe_stgcn,train,2023-09-11,89.38316345214844,95.00141906738281,0.3298100233078003,0.31957411766052246,4.821327209472656,-0.009304642677307129,0.0,0.0,0.0,0.13228902220726013,0.12201423943042755,0.12444978207349777,68.12020111083984,0.37533479928970337,0.6652504801750183,1.1059192419052124,0.35355061292648315,0.07764049619436264,0.15519896149635315,0.28001365065574646,0.00029987154994159937,0.2108149528503418,0.5035600662231445,0.012170086614787579,0.5131530165672302,0.7265450954437256,-0.21339207887649536
cmfbe_stgcn,train,2023-07-09,143.91900634765625,146.449951171875,0.24967528879642487,0.2467365264892578,-24.092330932617188,0.026103675365447998,0.0,0.0,0.0,0.012456636875867844,0.013968728482723236,0.013774717226624489,208.44586181640625,0.18716353178024292,0.6652504801750183,0.9291506409645081,0.24592925608158112,0.08904999494552612,0.311339408159256,0.26816698908805847,0.002864201320335269,0.20702193677425385,0.2475176751613617,0.0023817489854991436,0.6714205741882324,0.4569213390350342,0.21449923515319824
cmfbe_stgcn,train,2023-05-11,114.45349884033203,122.3424072265625,0.2882572412490845,0.2770383358001709,-21.32433319091797,0.028768390417099,0.0,0.0,0.0,0.0031840556766837835,0.003996254410594702,0.00418724725022912,129.69908142089844,0.26720505952835083,0.6652504801750183,1.0125387907028198,0.31221485137939453,0.09391371160745621,0.11419811844825745,0.27164191007614136,0.011875136755406857,0.21901069581508636,0.27898314595222473,0.039095260202884674,0.49162885546684265,0.5370891094207764,-0.045460253953933716
cmfbe_stgcn,train,2024-01-28,137.1718292236328,129.96197509765625,0.2577677071094513,0.26686400175094604,5.085662841796875,-0.006365299224853516,0.0,0.0,0.0,0.03469306603074074,0.03381210193037987,0.034799110144376755,99.44445037841797,0.3118950128555298,0.6652504801750183,0.9381057024002075,0.26077181100845337,0.07209710776805878,0.027305249124765396,0.2670380473136902,0.00036202938645146787,0.2196294218301773,0.3355615735054016,0.09300355613231659,0.366802453994751,0.6481945514678955,-0.28139209747314453
cmfbe_stgcn,train,2023-11-17,190.24716186523438,168.3518524169922,0.20259222388267517,0.22322994470596313,6.451995849609375,-0.005825072526931763,0.0,0.0,0.0,0.008178791031241417,0.009268315508961678,0.009365210309624672,179.60897827148438,0.21230649948120117,0.6652504801750183,0.9698357582092285,0.30994391441345215,0.0937437117099762,0.16538184881210327,0.27816808223724365,0.003034809371456504,0.21130944788455963,0.2930920124053955,0.05884043872356415,0.5403285026550293,0.5632418990135193,-0.02291339635848999
cmfbe_stgcn,train,2024-02-19,34.60200119018555,34.66115188598633,0.487944632768631,0.4876628518104553,-9.606830596923828,0.040548086166381836,0.0,0.0,0.0,0.005642435513436794,0.006288441363722086,0.007112502586096525,28.151077270507812,0.521876335144043,0.6652504801750183,1.1431232690811157,0.3770132064819336,0.07909362763166428,0.14814668893814087,0.28730103373527527,0.00027397493249736726,0.20151033997535706,0.6689973473548889,0.08310820907354355,0.5148153901100159,0.9536159038543701,-0.43880051374435425
cmfbe_stgcn,train,2023-07-17,108.1624984741211,127.67554473876953,0.2977675199508667,0.26985353231430054,7.996002197265625,-0.012911736965179443,0.0,0.0,0.0,0.13117435574531555,0.12684987485408783,0.13339512050151825,302.518798828125,0.12419551610946655,0.6652504801750183,1.0906121730804443,0.3391334116458893,0.07675790041685104,1.419255018234253,0.2744923233985901,0.0005698559107258916,0.20292583107948303,0.4668644964694977,0.0026092655025422573,1.7710750102996826,0.6723995804786682,1.0986754894256592
cmfbe_stgcn,train,2024-02-16,76.33782958984375,74.78167724609375,0.35626742243766785,0.35971754789352417,-20.4356689453125,0.039797812700271606,0.0,0.0,0.0,0.0034479580353945494,0.004265942610800266,0.004821068607270718,96.76813507080078,0.3164789080619812,0.6652504801750183,0.9599618315696716,0.31624847650527954,0.07537302374839783,0.316679447889328,0.2646172046661377,0.0006560523179359734,0.20988966524600983,0.36064526438713074,0.08684547990560532,0.6573257446289062,0.6573804020881653,-5.46574592590332e-05
cmfbe_stgcn,train,2022-12-08,210.17550659179688,253.84878540039062,0.18576760590076447,0.1538606882095337,-53.038330078125,0.03803238272666931,0.0,0.0,0.0,0.0390787273645401,0.03607003018260002,0.03931742161512375,238.83905029296875,0.16416394710540771,0.6652504801750183,1.149466872215271,0.36648982763290405,0.07843928784132004,0.18330594897270203,0.2890462577342987,0.0007427527452819049,0.2223123461008072,0.36733049154281616,0.05868241935968399,0.5515342354774475,0.6483252644538879,-0.09679102897644043
cmfbe_stgcn,train,2023-11-23,103.06849670410156,107.30293273925781,0.3058788776397705,0.2991093397140503,-14.608673095703125,0.022295981645584106,0.0,0.0,0.0,0.010156984440982342,0.010815606452524662,0.011052780784666538,91.19125366210938,0.3264480233192444,0.6652504801750183,1.1188013553619385,0.34746628999710083,0.07726706564426422,0.13199302554130554,0.2820422649383545,0.0007104541873559356,0.21286916732788086,0.45292848348617554,0.07875686883926392,0.4920128285884857,0.7445545196533203,-0.2525416910648346
cmfbe_stgcn,train,2023-10-28,195.44200134277344,198.5659942626953,0.19804322719573975,0.19536519050598145,40.53767395019531,-0.03922992944717407,1.0,1.0,1.0,0.8624305129051208,0.8696205019950867,0.8749721050262451,141.94058227539062,0.25200843811035156,0.6652504801750183,0.991986095905304,0.29042497277259827,0.0738338753581047,0.1453719139099121,0.25083574652671814,0.002384092891588807,0.2222290337085724,0.29642975330352783,0.040580373257398605,0.472425639629364,0.5592391490936279,-0.08681350946426392
cmfbe_stgcn,train,2023-12-31,133.72116088867188,121.70814514160156,0.2620604634284973,0.2779134511947632,-2.801666259765625,0.0034936070442199707,0.0,0.0,0.0,0.008737587369978428,0.009445077739655972,0.009430840611457825,129.7935333251953,0.2670823931694031,0.6652504801750183,0.9552783370018005,0.2834680676460266,0.09177936613559723,0.20430578291416168,0.2697198987007141,0.0004592260520439595,0.2109297662973404,0.3048834204673767,0.1006210446357727,0.5662643313407898,0.6164342164993286,-0.05016988515853882
cmfbe_stgcn,val,2024-04-26,93.82633209228516,108.1875,0.32166460156440735,0.29772865772247314,-0.8983383178710938,0.001600414514541626,0.0,0.0,0.0,0.041021786630153656,0.04391554743051529,0.03954612463712692,89.40840911865234,0.3297625780105591,0.6652504801750183,0.9691230058670044,0.314749538898468,0.09410376846790314,0.15295036137104034,0.2713526487350464,0.01627732440829277,0.20707489550113678,0.36358022689819336,0.021168135106563568,0.5346840620040894,0.5918232202529907,-0.05713915824890137
cmfbe_stgcn,val,2024-04-27,93.57433319091797,85.490478515625,0.32211625576019287,0.33728235960006714,-0.2519989013671875,0.00045165419578552246,0.0,0.0,0.0,0.005055410321801901,0.0060602156445384026,0.006138999480754137,81.6696548461914,0.3449512720108032,0.6652504801750183,0.9234990477561951,0.2706161439418793,0.07267007976770401,0.08488302677869797,0.2627774775028229,0.02096543274819851,0.21321293711662292,0.3386211097240448,0.026656733825802803,0.4412960112094879,0.5784907937049866,-0.13719478249549866
cmfbe_stgcn,val,2024-04-28,87.7308349609375,77.87246704101562,0.3329417407512665,0.35293227434158325,-5.843498229980469,0.010825484991073608,0.0,0.0,0.0,0.0031099498737603426,0.0038781939074397087,0.004146977793425322,93.5469970703125,0.322165310382843,0.6652504801750183,0.939614474773407,0.2908891439437866,0.07386133074760437,0.22452615201473236,0.26225408911705017,0.0179238673299551,0.21291279792785645,0.33582624793052673,0.03011533059179783,0.5785654187202454,0.5788543820381165,-0.00028896331787109375
cmfbe_stgcn,val,2024-04-29,83.41600036621094,78.54749298095703,0.3414030969142914,0.3514857888221741,-4.3148345947265625,0.008461356163024902,0.0,0.0,0.0,0.0028487863019108772,0.003587998216971755,0.003794918768107891,98.10212707519531,0.3141786456108093,0.6652504801750183,0.9552263617515564,0.28411367535591125,0.09182687848806381,0.31543493270874023,0.26515430212020874,0.0161591786891222,0.20773401856422424,0.3414095938205719,0.028888583183288574,0.688575267791748,0.5780321955680847,0.11054307222366333
cmfbe_stgcn,val,2024-04-30,69.024169921875,77.33722686767578,0.37312936782836914,0.35408806800842285,-14.391830444335938,0.03172627091407776,0.0,0.0,0.0,0.0026651083026081324,0.0034384436439722776,0.0036434608045965433,132.3618927001953,0.26378166675567627,0.6652504801750183,1.048837661743164,0.32416433095932007,0.09481228142976761,0.7221746444702148,0.2774266302585602,0.008338184095919132,0.21074333786964417,0.40807297825813293,0.026626035571098328,1.1027517318725586,0.6454423666000366,0.457309365272522
cmfbe_stgcn,val,2024-05-01,63.25033187866211,65.96957397460938,0.38773566484451294,0.38069987297058105,-5.773838043212891,0.014606297016143799,0.0,0.0,0.0,0.0029656528495252132,0.003797622164711356,0.004185468424111605,149.8466796875,0.2428707480430603,0.6652504801750183,1.0353920459747314,0.3382992744445801,0.07670708000659943,1.0877553224563599,0.26647311449050903,0.008972497656941414,0.2036360204219818,0.438639372587204,0.030209066346287727,1.4399081468582153,0.6724844574928284,0.767423689365387
cmfbe_stgcn,val,2024-05-02,49.427833557128906,74.28022766113281,0.4288528561592102,0.3608444333076477,-13.822498321533203,0.041117191314697266,0.0,0.0,0.0,0.0130073893815279,0.014978880062699318,0.014142736792564392,113.5407943725586,0.2896043658256531,0.6652504801750183,1.1324886083602905,0.36765986680984497,0.09813978523015976,0.964293897151947,0.29109862446784973,0.003925366792827845,0.20399630069732666,0.5449804663658142,0.030336884781718254,1.3574576377868652,0.7793136239051819,0.5781440138816833
cmfbe_stgcn,val,2024-05-03,44.40216827392578,51.50602722167969,0.4466722309589386,0.42199814319610596,-5.025665283203125,0.017819374799728394,0.0,0.0,0.0,0.011637967079877853,0.013250892981886864,0.012953176163136959,41.40439224243164,0.4582664370536804,0.6652504801750183,1.1067705154418945,0.361544132232666,0.07813321799039841,0.27557873725891113,0.28198763728141785,0.00483426870778203,0.2014957219362259,0.5834646224975586,0.028864936903119087,0.6405339241027832,0.813825249671936,-0.17329132556915283
cmfbe_stgcn,val,2024-05-04,49.4114990234375,49.34894943237305,0.4289078414440155,0.4291185736656189,5.009330749511719,-0.017764389514923096,0.0,0.0,0.0,0.03728288412094116,0.03915025666356087,0.03702365234494209,30.944156646728516,0.5063459873199463,0.6652504801750183,1.1195889711380005,0.38931208848953247,0.07986369729042053,0.15498186647891998,0.27355238795280457,0.00431059068068862,0.20343813300132751,0.6261663436889648,0.03467455133795738,0.5127085447311401,0.86427903175354,-0.3515704870223999
cmfbe_stgcn,val,2024-05-05,58.51566696166992,61.29767608642578,0.40072840452194214,0.3929741382598877,9.104167938232422,-0.028179436922073364,1.0,1.0,1.0,0.12791357934474945,0.12882518768310547,0.11604440957307816,41.554893493652344,0.4576650857925415,0.6652504801750183,1.0965348482131958,0.3812893033027649,0.09920089691877365,0.2587554156780243,0.2789432406425476,0.005247074645012617,0.19980038702487946,0.5766008496284485,0.035169828683137894,0.642146646976471,0.8115710616111755,-0.1694244146347046
cmfbe_stgcn,val,2024-05-06,75.9798355102539,81.35171508789062,0.3570549488067627,0.3456053137779236,17.464168548583984,-0.04367345571517944,1.0,1.0,1.0,0.4236699938774109,0.4326125383377075,0.42279380559921265,72.36141967773438,0.3652268648147583,0.6652504801750183,1.0770471096038818,0.3411257863044739,0.07687941193580627,0.6181237697601318,0.2717132866382599,0.006238349713385105,0.20333364605903625,0.5242187976837158,0.03624378517270088,0.9729547500610352,0.7637962102890015,0.2091585397720337
cmfbe_stgcn,val,2024-05-07,104.36483001708984,101.16233825683594,0.30377763509750366,0.3090166449546814,28.384994506835938,-0.05327731370925903,1.0,1.0,1.0,0.7988792061805725,0.819677472114563,0.8079804182052612,70.90293884277344,0.36863529682159424,0.6652504801750183,1.0315521955490112,0.3235131502151489,0.0758105143904686,0.26565223932266235,0.2622859477996826,0.009185212664306164,0.20545874536037445,0.4377965033054352,0.037904929369688034,0.612933874130249,0.6811601519584656,-0.06822627782821655
cmfbe_stgcn,val,2024-05-08,113.64199829101562,134.00787353515625,0.28945448994636536,0.2616996169090271,9.277168273925781,-0.014323145151138306,0.0,0.0,0.0,0.45825329422950745,0.48938894271850586,0.45663297176361084,95.47344207763672,0.3187416195869446,0.6652504801750183,0.9733055830001831,0.2884756624698639,0.07371871173381805,0.14986605942249298,0.2617591917514801,0.014789200387895107,0.21445654332637787,0.33849430084228516,0.03534340858459473,0.5001331567764282,0.588294267654419,-0.08816111087799072
cmfbe_stgcn,val,2024-05-09,122.74766540527344,123.97312927246094,0.27648159861564636,0.27480894327163696,9.105667114257812,-0.012972891330718994,0.0,0.0,0.0,0.2862531244754791,0.334565669298172,0.28031399846076965,104.00519561767578,0.30435794591903687,0.6652504801750183,0.9347515106201172,0.27999404072761536,0.07321922481060028,0.10692235827445984,0.2515113651752472,0.0193275585770607,0.21682193875312805,0.2839679419994354,0.03799493610858917,0.4509805142879486,0.5387848019599915,-0.08780428767204285
cmfbe_stgcn,val,2024-05-10,108.3981704711914,151.53292846679688,0.297401487827301,0.24098390340805054,-14.349494934082031,0.020919889211654663,0.0,0.0,0.0,0.21997219324111938,0.2574369013309479,0.21387232840061188,118.61056518554688,0.2822531461715698,0.6652504801750183,0.9418618083000183,0.2943881154060364,0.09258560836315155,0.11349640786647797,0.25445905327796936,0.0191413015127182,0.2129622995853424,0.26211366057395935,0.03860988840460777,0.47968238592147827,0.5136858224868774,-0.03400343656539917
cmfbe_stgcn,val,2024-05-11,93.32949829101562,144.24246215820312,0.3225562274456024,0.24929684400558472,-15.068672180175781,0.02515473961830139,0.0,0.0,0.0,0.3117172420024872,0.36512869596481323,0.3046526312828064,102.75962829589844,0.3063833713531494,0.6652504801750183,0.9737484455108643,0.31970423460006714,0.09447610378265381,0.10954851657152176,0.2644641101360321,0.015041422098875046,0.2080090492963791,0.28955256938934326,0.038885679095983505,0.4835301339626312,0.536447286605835,-0.052917152643203735
cmfbe_stgcn,val,2024-05-12,99.39066314697266,94.40984344482422,0.31198593974113464,0.32062333822250366,6.061164855957031,-0.010570287704467773,0.0,0.0,0.0,0.009589414112269878,0.011656800284981728,0.010612878017127514,94.10682678222656,0.32116323709487915,0.6652504801750183,1.0116214752197266,0.3161444365978241,0.09420846402645111,0.2272156924009323,0.27496927976608276,0.01132268738001585,0.20614121854305267,0.3575296998023987,0.035838574171066284,0.6077161431312561,0.5995094776153564,0.008206665515899658
cmfbe_stgcn,val,2024-05-13,87.72916412353516,106.22312927246094,0.33294492959976196,0.3008100986480713,-11.6614990234375,0.02095898985862732,0.0,0.0,0.0,0.011098570190370083,0.013146036304533482,0.012092824093997478,96.53921508789062,0.31687676906585693,0.6652504801750183,0.9406958222389221,0.2644105553627014,0.0723084807395935,0.19398202002048492,0.26345062255859375,0.018016895279288292,0.20790433883666992,0.3353554308414459,0.03331289067864418,0.5477579832077026,0.5765726566314697,-0.02881467342376709
cmfbe_stgcn,val,2024-05-14,72.44149780273438,106.11494445800781,0.36504170298576355,0.30098146200180054,-15.287666320800781,0.03209677338600159,0.0,0.0,0.0,0.006178063806146383,0.007247281726449728,0.007043515797704458,167.57139587402344,0.22401398420333862,0.6652504801750183,1.0430337190628052,0.3145727813243866,0.09409049153327942,0.9109769463539124,0.2829497456550598,0.008998082019388676,0.2069706916809082,0.4222702383995056,0.02600342221558094,1.2970153093338013,0.6552443504333496,0.6417709589004517
cmfbe_stgcn,val,2024-05-15,56.36783218383789,71.06234741210938,0.4069671630859375,0.3682594299316406,-16.073665618896484,0.04192546010017395,0.0,0.0,0.0,0.011793320067226887,0.01333431713283062,0.012973664328455925,58.3917350769043,0.40108221769332886,0.6652504801750183,1.0915310382843018,0.34681403636932373,0.07722711563110352,0.15181949734687805,0.28022319078445435,0.005944731179624796,0.21155589818954468,0.4855935871601105,0.030399270355701447,0.5152145624160767,0.7275487780570984,-0.21233421564102173
cmfbe_stgcn,val,2024-05-16,42.77799987792969,62.439300537109375,0.4528554081916809,0.3898918628692627,-13.589832305908203,0.04588824510574341,0.0,0.0,0.0,0.029195614159107208,0.03503957390785217,0.03189675882458687,42.952518463134766,0.45218008756637573,0.6652504801750183,1.0856702327728271,0.36177170276641846,0.078147292137146,0.15942035615444183,0.2734091281890869,0.005970212165266275,0.20954293012619019,0.5402074456214905,0.03357049077749252,0.5169470310211182,0.7833208441734314,-0.26637381315231323
cmfbe_stgcn,val,2024-05-17,47.94466781616211,51.476566314697266,0.4339199364185333,0.42209339141845703,5.166667938232422,-0.018935471773147583,0.0,0.0,0.0,0.05357038974761963,0.05910869687795639,0.05277634784579277,30.29690170288086,0.5098205208778381,0.6652504801750183,1.167912483215332,0.4062678813934326,0.10116852074861526,0.1581268608570099,0.29728519916534424,0.0028681030962616205,0.2002110779285431,0.6672054529190063,0.027644552290439606,0.5594486594200134,0.8950610756874084,-0.335612416267395
cmfbe_stgcn,val,2024-05-18,43.1341667175293,52.369537353515625,0.45148006081581116,0.4192294478416443,-4.8105010986328125,0.017560124397277832,0.0,0.0,0.0,0.02556432969868183,0.027572020888328552,0.02599180117249489,32.46727752685547,0.4984399676322937,0.6652504801750183,1.1646491289138794,0.41054850816726685,0.08120696246623993,0.15626803040504456,0.28979653120040894,0.0029109828174114227,0.2031378448009491,0.6702910661697388,0.03687581047415733,0.5301824808120728,0.9103047251701355,-0.38012224435806274
cmfbe_stgcn,val,2024-05-19,48.57816696166992,49.509063720703125,0.43173712491989136,0.4285796880722046,5.444000244140625,-0.0197429358959198,0.0,0.0,0.0,0.04071049764752388,0.0417945459485054,0.040761079639196396,29.192325592041016,0.5159193277359009,0.6652504801750183,1.0854389667510986,0.3633623719215393,0.0782456323504448,0.15519896149635315,0.26611804962158203,0.005672253202646971,0.20672161877155304,0.6376499533653259,0.0405099056661129,0.5052348971366882,0.8848814368247986,-0.37964653968811035
cmfbe_stgcn,val,2024-05-20,58.162498474121094,69.09929656982422,0.40173861384391785,0.3729473352432251,9.584331512451172,-0.02999851107597351,1.0,1.0,1.0,0.6235731840133667,0.6366647481918335,0.629234254360199,35.406761169433594,0.48415058851242065,0.6652504801750183,1.0699677467346191,0.35028430819511414,0.07743984460830688,0.1513478308916092,0.2675308585166931,0.006497140042483807,0.2090325653553009,0.5622515082359314,0.040327657014131546,0.5028156638145447,0.8116117715835571,-0.30879610776901245
cmfbe_stgcn,val,2024-05-21,66.70500183105469,85.50227355957031,0.37884610891342163,0.3372592329978943,8.542503356933594,-0.022892504930496216,0.0,0.0,0.0,0.8994589447975159,0.913475513458252,0.909902811050415,46.03827667236328,0.44066327810287476,0.6652504801750183,1.0545644760131836,0.34289786219596863,0.0769876018166542,0.1475023329257965,0.26669299602508545,0.007403127383440733,0.21026267111301422,0.47670772671699524,0.04094185680150986,0.4985860586166382,0.7279122471809387,-0.22932618856430054
cmfbe_stgcn,val,2024-05-22,81.66466522216797,100.531005859375,0.344961553812027,0.3100687861442566,14.959663391113281,-0.03388455510139465,1.0,1.0,1.0,0.9186505675315857,0.9324164986610413,0.9298467636108398,54.786163330078125,0.4117125868797302,0.6652504801750183,1.036475419998169,0.3314666152000427,0.0762917548418045,0.1475023329257965,0.26091086864471436,0.00841348897665739,0.21173495054244995,0.43537095189094543,0.03964659199118614,0.4931184649467468,0.6867524981498718,-0.193634033203125
cmfbe_stgcn,val,2024-05-23,91.00382995605469,111.81916046142578,0.32679346203804016,0.2921749949455261,9.339164733886719,-0.018168091773986816,0.0,0.0,0.0,0.5204367637634277,0.5296310782432556,0.5133141279220581,69.33641815185547,0.37237417697906494,0.6652504801750183,0.9433125257492065,0.28543439507484436,0.07353930175304413,0.09133654832839966,0.2552996277809143,0.015952276065945625,0.2087487131357193,0.34869667887687683,0.04018465429544449,0.43612778186798096,0.5976300835609436,-0.16150230169296265
cmfbe_stgcn,val,2024-05-24,96.33100128173828,112.2591552734375,0.31723952293395996,0.2915142774581909,5.327171325683594,-0.0095539391040802,0.0,0.0,0.0,0.16492177546024323,0.17848198115825653,0.15716548264026642,77.58329010009766,0.35355573892593384,0.6652504801750183,0.8880681395530701,0.26004040241241455,0.09006835520267487,0.02308124490082264,0.26123926043510437,0.021476618945598602,0.21025264263153076,0.3050644099712372,0.03821955621242523,0.3958654999732971,0.5535366535186768,-0.15767115354537964
cmfbe_stgcn,val,2024-05-25,93.3489990234375,92.69338989257812,0.3225211501121521,0.32370471954345703,-2.9820022583007812,0.005281627178192139,0.0,0.0,0.0,0.036630433052778244,0.04049922898411751,0.0360507033765316,85.2324447631836,0.33778947591781616,0.6652504801750183,0.9101896286010742,0.28056788444519043,0.07325293868780136,0.08039587736129761,0.25132879614830017,0.0190535057336092,0.2141444832086563,0.2906949818134308,0.040262315422296524,0.424031138420105,0.5451018214225769,-0.12107068300247192
cmfbe_stgcn,val,2024-05-26,95.19300079345703,101.99773406982422,0.31923577189445496,0.30763429403305054,1.8440017700195312,-0.0032853782176971436,0.0,0.0,0.0,0.04239872470498085,0.04842623695731163,0.04232103377580643,83.01268005371094,0.34221595525741577,0.6652504801750183,0.8640385866165161,0.26759830117225647,0.07249404489994049,0.05973169207572937,0.24432037770748138,0.022325286641716957,0.20902502536773682,0.26765429973602295,0.03822518140077591,0.39887139201164246,0.5149044990539551,-0.11603310704231262
cmfbe_stgcn,val,2024-05-27,92.75316619873047,103.32341003417969,0.3235964775085449,0.30546361207962036,-2.4398345947265625,0.004360705614089966,0.0,0.0,0.0,0.013464082032442093,0.015729164704680443,0.014699834398925304,238.2859344482422,0.1645558476448059,0.6652504801750183,0.9242603182792664,0.28699037432670593,0.09203881770372391,1.0606764554977417,0.2500688433647156,0.01660740375518799,0.20427866280078888,0.2654512822628021,0.0383591391146183,1.4193915128707886,0.5080891251564026,0.911302387714386
cmfbe_stgcn,val,2024-05-28,89.54100036621094,85.98584747314453,0.32951387763023376,0.33631300926208496,-3.2121658325195312,0.005917400121688843,0.0,0.0,0.0,0.006047289818525314,0.007528153248131275,0.007441332563757896,104.83678436279297,0.30301904678344727,0.6652504801750183,0.7959762215614319,0.24470928311347961,0.071169912815094,0.24306096136569977,0.22735904157161713,0.02847975306212902,0.20391260087490082,0.209087535738945,0.035837166011333466,0.5700696706771851,0.4488373100757599,0.12123236060142517
cmfbe_stgcn,val,2024-05-29,74.1709976196289,99.98915100097656,0.36109089851379395,0.310977041721344,-15.370002746582031,0.03157702088356018,0.0,0.0,0.0,0.005377758294343948,0.006644911132752895,0.006598351988941431,212.62559509277344,0.18380963802337646,0.6652504801750183,0.9360178709030151,0.2836746573448181,0.09179456532001495,0.9948452115058899,0.2620788812637329,0.01641375944018364,0.20384974777698517,0.27281907200813293,0.030041536316275597,1.365132451057434,0.5067103505134583,0.8584221005439758
cmfbe_stgcn,val,2024-05-30,63.667667388916016,88.96182250976562,0.38663673400878906,0.33060312271118164,-10.50333023071289,0.025545835494995117,0.0,0.0,0.0,0.005912220571190119,0.006965021602809429,0.007195112761110067,171.980224609375,0.21963179111480713,0.6652504801750183,1.0162876844406128,0.3411022126674652,0.0960974469780922,1.0459688901901245,0.2654656171798706,0.009205596521496773,0.20478837192058563,0.3488868176937103,0.02965075708925724,1.4167375564575195,0.5833259224891663,0.8334116339683533
cmfbe_stgcn,val,2024-05-31,60.48066711425781,62.000831604003906,0.39521488547325134,0.39106905460357666,-3.187000274658203,0.00857815146446228,0.0,0.0,0.0,0.014811839908361435,0.017650151625275612,0.01720341295003891,163.8939971923828,0.2277577519416809,0.6652504801750183,1.0331590175628662,0.3182452321052551,0.09436634182929993,1.2204794883728027,0.26535096764564514,0.008108487352728844,0.20070096850395203,0.42120522260665894,0.030357830226421356,1.5883052349090576,0.6522639989852905,0.9360412359237671
cmfbe_stgcn,val,2024-06-01,56.56966781616211,74.53235626220703,0.4063710570335388,0.36027687788009644,-3.910999298095703,0.011156171560287476,0.0,0.0,0.0,0.014503143727779388,0.017327988520264626,0.01570870727300644,100.70549011230469,0.30977731943130493,0.6652504801750183,1.0872936248779297,0.31931841373443604,0.0944470688700676,0.8330766558647156,0.2771432399749756,0.005434756632894278,0.20047825574874878,0.48430266976356506,0.02196257747709751,1.2101017236709595,0.7067435383796692,0.5033581852912903
cmfbe_stgcn,val,2024-06-02,54.444332122802734,61.60383224487305,0.4127558469772339,0.39214205741882324,-2.125335693359375,0.006384789943695068,0.0,0.0,0.0,0.0330360010266304,0.036234401166439056,0.03449743613600731,54.6403694152832,0.41215676069259644,0.6652504801750183,1.0713372230529785,0.3365609347820282,0.07660125195980072,0.3330889940261841,0.27510204911231995,0.005929277278482914,0.19973766803741455,0.5066103935241699,0.018460392951965332,0.6907215714454651,0.7248084545135498,-0.03408688306808472
cmfbe_stgcn,val,2024-06-03,60.086334228515625,87.54196166992188,0.3963070511817932,0.33330339193344116,5.642002105712891,-0.016448795795440674,0.0,0.0,0.0,0.46409109234809875,0.4979219138622284,0.4675159156322479,68.76270294189453,0.3737643361091614,0.6652504801750183,1.088180661201477,0.33768904209136963,0.09583739936351776,0.6210458278656006,0.27632060647010803,0.0049108946695923805,0.20468635857105255,0.5394961833953857,0.024212004616856575,0.9981147646903992,0.7683945298194885,0.22972023487091064
cmfbe_stgcn,val,2024-06-04,72.08516693115234,81.75898742675781,0.3658672571182251,0.3447679877281189,11.998832702636719,-0.030439794063568115,1.0,1.0,1.0,0.8329470157623291,0.8625805377960205,0.8512279391288757,47.313995361328125,0.43612122535705566,0.6652504801750183,1.0986967086791992,0.367358922958374,0.07849317044019699,0.15951822698116302,0.27475711703300476,0.004355390556156635,0.20818877220153809,0.5259588956832886,0.017542842775583267,0.5171238780021667,0.7516905069351196,-0.23456662893295288
cmfbe_stgcn,val,2024-06-05,81.41533660888672,99.37554931640625,0.3454742729663849,0.3120114803314209,9.330169677734375,-0.02039298415184021,0.0,0.0,0.0,0.8782485127449036,0.8899633884429932,0.8879646062850952,60.686702728271484,0.3946470022201538,0.6652504801750183,1.001818060874939,0.3269276022911072,0.07601682096719742,0.1505095213651657,0.2532191276550293,0.008793246001005173,0.210806205868721,0.4243607223033905,0.02292889729142189,0.4885387122631073,0.6580958366394043,-0.169557124376297
cmfbe_stgcn,val,2024-06-06,97.0433349609375,98.58895874023438,0.316001832485199,0.31334686279296875,15.627998352050781,-0.029472440481185913,1.0,1.0,1.0,0.11092910170555115,0.11669767647981644,0.10870034247636795,73.29310607910156,0.3630847930908203,0.6652504801750183,0.9513756036758423,0.28717732429504395,0.09205259382724762,0.1357952356338501,0.25948309898376465,0.01222612988203764,0.21154619753360748,0.35953396558761597,0.032230496406555176,0.4995570480823517,0.6033106446266174,-0.10375359654426575
cmfbe_stgcn,val,2024-06-07,103.7796630859375,105.36532592773438,0.3047229051589966,0.3021734952926636,6.736328125,-0.011278927326202393,0.0,0.0,0.0,0.03408457338809967,0.035944413393735886,0.03361125662922859,88.1064682006836,0.33222466707229614,0.6652504801750183,0.9008525013923645,0.24131923913955688,0.08871928602457047,0.0730179026722908,0.26587679982185364,0.016854478046298027,0.21192526817321777,0.29835638403892517,0.029764309525489807,0.4444684386253357,0.540045976638794,-0.09557753801345825
cmfbe_stgcn,val,2024-06-08,97.50749969482422,112.4936294555664,0.31520015001296997,0.29116326570510864,-6.272163391113281,0.010477244853973389,0.0,0.0,0.0,0.0171236302703619,0.018496688455343246,0.017776018008589745,117.91177368164062,0.2832476496696472,0.6652504801750183,0.9140201210975647,0.25345322489738464,0.089591845870018,0.3011517822742462,0.26684898138046265,0.01589122787117958,0.20863237977027893,0.30895334482192993,0.02937585487961769,0.6734838485717773,0.5469616055488586,0.1265222430229187
cmfbe_stgcn,val,2024-06-09,95.05783081054688,85.87202453613281,0.319474458694458,0.3365352153778076,-2.4496688842773438,0.004274308681488037,0.0,0.0,0.0,0.007602224126458168,0.008640214800834656,0.008699544705450535,86.36228942871094,0.335580050945282,0.6652504801750183,0.9196915626525879,0.25264471769332886,0.07162678241729736,0.09371544420719147,0.2520221173763275,0.014915666542947292,0.21334046125411987,0.3103228211402893,0.02868558280169964,0.432280033826828,0.5523488521575928,-0.12006881833076477
cmfbe_stgcn,val,2024-06-10,90.34950256347656,102.47247314453125,0.3280049264431,0.3068537712097168,-4.7083282470703125,0.008530467748641968,0.0,0.0,0.0,0.016539691016077995,0.018617838621139526,0.017899474129080772,86.42483520507812,0.33545857667922974,0.6652504801750183,0.9412592053413391,0.27380338311195374,0.09107044339179993,0.09742343425750732,0.25773295760154724,0.012450079433619976,0.21664755046367645,0.3098911643028259,0.026309311389923096,0.45867690443992615,0.5528480410575867,-0.09417113661766052
cmfbe_stgcn,val,2024-06-11,88.15816497802734,80.80172729492188,0.3321262300014496,0.3467426896095276,-2.1913375854492188,0.004121303558349609,0.0,0.0,0.0,0.003916043788194656,0.004691776353865862,0.004968347027897835,84.42399597167969,0.33938831090927124,0.6652504801750183,0.9450439214706421,0.29493090510368347,0.07410065829753876,0.12590064108371735,0.25778865814208984,0.01199433021247387,0.21119087934494019,0.30379655957221985,0.021862594410777092,0.46978428959846497,0.5368500351905823,-0.06706574559211731
cmfbe_stgcn,val,2024-06-12,75.58516693115234,82.62232208251953,0.3579274117946625,0.3430064916610718,-12.572998046875,0.02580118179321289,0.0,0.0,0.0,0.0034860773012042046,0.004246359225362539,0.004472679458558559,79.58793640136719,0.34928011894226074,0.6652504801750183,0.9467273950576782,0.2679559588432312,0.09064361453056335,0.0903206616640091,0.260677695274353,0.012077859602868557,0.20982374250888824,0.3199980556964874,0.024960655719041824,0.4537198543548584,0.5547824501991272,-0.1010625958442688
cmfbe_stgcn,val,2024-06-13,64.05233001708984,60.88391876220703,0.3856300711631775,0.3941051959991455,-11.5328369140625,0.027702659368515015,0.0,0.0,0.0,0.002188332611694932,0.0026778141036629677,0.003032062901183963,67.4472427368164,0.3769954442977905,0.6652504801750183,1.0346832275390625,0.30404502153396606,0.09330321103334427,0.1477612555027008,0.2656618356704712,0.006456238217651844,0.2121899574995041,0.3860807418823242,0.027251973748207092,0.513182520866394,0.6255226731300354,-0.11234015226364136
cmfbe_stgcn,val,2024-06-14,56.574501037597656,53.6529541015625,0.4063567817211151,0.4151960015296936,-7.4778289794921875,0.020726710557937622,0.0,0.0,0.0,0.0024916634429246187,0.003061994444578886,0.003436913015320897,54.23493957519531,0.4133980870246887,0.6652504801750183,1.0367612838745117,0.3234938085079193,0.07580934464931488,0.15014509856700897,0.26453477144241333,0.006139264442026615,0.2118479460477829,0.42414554953575134,0.024231139570474625,0.4966284930706024,0.6602246165275574,-0.16359612345695496
cmfbe_stgcn,val,2024-06-15,50.119998931884766,50.739627838134766,0.42653894424438477,0.4244939684867859,-6.454502105712891,0.020182162523269653,0.0,0.0,0.0,0.0032329715322703123,0.003899981966242194,0.004204251803457737,47.307498931884766,0.43614405393600464,0.6652504801750183,1.0569874048233032,0.3288939893245697,0.0951698049902916,0.15573687851428986,0.2679116129875183,0.0049599288031458855,0.20798860490322113,0.4643864929676056,0.026895973831415176,0.5237782001495361,0.6992710828781128,-0.17549288272857666
cmfbe_stgcn,val,2024-06-16,47.753665924072266,53.76136779785156,0.4345836043357849,0.4148595929145813,-2.3663330078125,0.008044660091400146,0.0,0.0,0.0,0.010626912117004395,0.011888861656188965,0.01197222713381052,40.665992736816406,0.46124809980392456,0.6652504801750183,1.0637600421905518,0.32313069701194763,0.0947342962026596,0.1581268608570099,0.2676626145839691,0.004574919119477272,0.212602436542511,0.49185091257095337,0.025135783478617668,0.5250986814498901,0.7295891046524048,-0.20449042320251465
cmfbe_stgcn,val,2024-06-17,46.834999084472656,57.053340911865234,0.4378124475479126,0.40495097637176514,-0.9186668395996094,0.0032288432121276855,0.0,0.0,0.0,0.05215158686041832,0.05653412640094757,0.05597222223877907,38.012664794921875,0.4724165201187134,0.6652504801750183,1.0778687000274658,0.3533531427383423,0.09703543037176132,0.15573687851428986,0.27277424931526184,0.0038293381221592426,0.20796918869018555,0.5209789872169495,0.023321853950619698,0.5293759107589722,0.7522700428962708,-0.22289413213729858
cmfbe_stgcn,val,2024-06-18,51.17583465576172,59.012451171875,0.42306894063949585,0.39931750297546387,4.3408355712890625,-0.014743506908416748,0.0,0.0,0.0,0.0722820982336998,0.07619239389896393,0.07430499792098999,36.16499710083008,0.48065185546875,0.6652504801750183,1.093819260597229,0.34749236702919006,0.09658582508563995,0.15591561794281006,0.2765596807003021,0.0031858186703175306,0.20868484675884247,0.5495623350143433,0.026389896869659424,0.5322468876838684,0.7846370935440063,-0.25239020586013794
cmfbe_stgcn,val,2024-06-19,45.6870002746582,67.22435760498047,0.44193562865257263,0.37754905223846436,-5.488834381103516,0.018866688013076782,0.0,0.0,0.0,0.22098326683044434,0.22346509993076324,0.23141810297966003,45.86990737915039,0.44127190113067627,0.6652504801750183,1.0768762826919556,0.36171194911003113,0.07814358919858932,0.2994688153266907,0.2718958258628845,0.003473383141681552,0.19986437261104584,0.5347175002098083,0.025643374770879745,0.6529816389083862,0.760225236415863,-0.1072435975074768
cmfbe_stgcn,val,2024-06-20,60.634334564208984,62.44813537597656,0.3947911560535431,0.38986819982528687,14.947334289550781,-0.04714447259902954,1.0,1.0,1.0,0.253438800573349,0.2683906853199005,0.25526365637779236,43.44745635986328,0.4502794146537781,0.6652504801750183,1.070192575454712,0.3380730152130127,0.0958666279911995,0.3618871867656708,0.27228406071662903,0.003498977981507778,0.19633843004703522,0.5506100058555603,0.03574647009372711,0.7335368394851685,0.7826948761940002,-0.04915803670883179
cmfbe_stgcn,val,2024-06-21,38.46066665649414,63.635643005371094,0.47047847509384155,0.38672077655792236,-22.173667907714844,0.07568731904029846,0.0,0.0,0.0,0.02097504399716854,0.023048123344779015,0.021919699385762215,59.30030059814453,0.3985052704811096,0.6652504801750183,1.1202871799468994,0.34302443265914917,0.09624415636062622,0.3631903827190399,0.29333677887916565,0.0023379724007099867,0.19942808151245117,0.5637442469596863,0.013819080777466297,0.7551093101501465,0.7769914269447327,-0.02188211679458618
cmfbe_stgcn,val,2024-06-22,85.24250030517578,46.69516372680664,0.3377697169780731,0.43830931186676025,46.78183364868164,-0.13270875811576843,1.0,1.0,1.0,0.20201990008354187,0.21352072060108185,0.1978135108947754,34.676490783691406,0.48758983612060547,0.6652504801750183,1.0529922246932983,0.314833402633667,0.07528803497552872,0.36683526635169983,0.2814619839191437,0.003763450076803565,0.19290466606616974,0.6109350323677063,0.024321338161826134,0.7273486852645874,0.8281610012054443,-0.10081231594085693
cmfbe_stgcn,val,2024-06-23,91.21116638183594,72.67745971679688,0.3264113962650299,0.36449724435806274,5.968666076660156,-0.011358320713043213,0.0,0.0,0.0,0.012837640009820461,0.015668494626879692,0.015727637335658073,87.31873321533203,0.33373188972473145,0.6652504801750183,1.0124855041503906,0.31504958868026733,0.07530102133750916,0.3377124071121216,0.27980008721351624,0.00545575562864542,0.20239348709583282,0.46901920437812805,0.003067394718527794,0.698269248008728,0.6744800806045532,0.023789167404174805
cmfbe_stgcn,val,2024-06-24,83.6449966430664,99.59078216552734,0.34094327688217163,0.3116479516029358,-7.566169738769531,0.014531880617141724,0.0,0.0,0.0,0.005398484878242016,0.006795397959649563,0.007035164162516594,191.44381713867188,0.20153343677520752,0.6652504801750183,1.02728271484375,0.32480886578559875,0.09486094117164612,0.999300479888916,0.2815404534339905,0.004541373811662197,0.20310400426387787,0.4374478757381439,0.003968450240790844,1.3802433013916016,0.6445203423500061,0.7357229590415955
cmfbe_stgcn,val,2024-06-25,88.79633331298828,99.19603729248047,0.3309156596660614,0.31231534481048584,5.151336669921875,-0.01002761721611023,0.0,0.0,0.0,0.0043183728121221066,0.005389641039073467,0.005635232664644718,185.4448699951172,0.20690876245498657,0.6652504801750183,1.0402979850769043,0.32612887024879456,0.09496065974235535,1.0700531005859375,0.2852421700954437,0.003956958651542664,0.2032301127910614,0.4585552215576172,0.002757992595434189,1.4542129039764404,0.6645433306694031,0.7896695733070374
cmfbe_stgcn,val,2024-06-26,88.10116577148438,89.47447967529297,0.33223479986190796,0.32963860034942627,-0.6951675415039062,0.0013191401958465576,0.0,0.0,0.0,0.00590078579261899,0.007057563867419958,0.007210648152977228,89.63151550292969,0.3293442726135254,0.6652504801750183,0.9337468147277832,0.2541843056678772,0.07171569764614105,0.2566574513912201,0.28076431155204773,0.00811836402863264,0.20308925211429596,0.4016726613044739,0.0032361135818064213,0.6172558069229126,0.6079980134963989,0.009257793426513672
cmfbe_stgcn,val,2024-06-27,81.45816802978516,82.71975708007812,0.3453860878944397,0.3428088426589966,-6.642997741699219,0.013151288032531738,0.0,0.0,0.0,0.008104274980723858,0.010041342116892338,0.011113704182207584,365.5487060546875,0.09216862916946411,0.6652504801750183,1.0547131299972534,0.3281441032886505,0.09511303901672363,1.6942662000656128,0.2871301770210266,0.0036918416153639555,0.20221364498138428,0.46023958921432495,0.003388914279639721,2.0802013874053955,0.6658421754837036,1.414359211921692
cmfbe_stgcn,val,2024-06-28,56.96616744995117,76.20297241210938,0.40520602464675903,0.35656362771987915,-24.492000579833984,0.059819936752319336,0.0,0.0,0.0,0.0061415694653987885,0.007643407676368952,0.008621352724730968,336.8209228515625,0.10602164268493652,0.6652504801750183,1.1471790075302124,0.37106236815452576,0.09840385615825653,1.7615057229995728,0.30525535345077515,0.0018734734039753675,0.20146220922470093,0.554212212562561,0.0011389660649001598,2.1670384407043457,0.7568134069442749,1.4102250337600708
cmfbe_stgcn,val,2024-06-29,52.085166931152344,52.035491943359375,0.4201362431049347,0.4202951192855835,-4.881000518798828,0.01493021845817566,0.0,0.0,0.0,0.007599260658025742,0.009481292217969894,0.010556036606431007,182.64036560058594,0.20948129892349243,0.6652504801750183,1.1548001766204834,0.38141319155693054,0.0793684646487236,1.6274151802062988,0.30556830763816833,0.0018051700899377465,0.19832071661949158,0.6619994640350342,0.000717590912245214,2.0141570568084717,0.8610377907752991,1.1531193256378174
cmfbe_stgcn,val,2024-06-30,55.59550094604492,66.40567016601562,0.409267783164978,0.3795982003211975,3.510334014892578,-0.010868459939956665,0.0,0.0,0.0,0.01588842086493969,0.018562689423561096,0.018940187990665436,126.29194641113281,0.27168846130371094,0.6652504801750183,1.1564757823944092,0.3867482542991638,0.0797027051448822,1.390821933746338,0.3033049702644348,0.0017507438315078616,0.19798122346401215,0.7023269534111023,0.000686577579472214,1.7755804061889648,0.9009947776794434,0.8745856285095215
cmfbe_stgcn,val,2024-07-01,55.30950164794922,55.61402893066406,0.4101276993751526,0.40921223163604736,-0.2859992980957031,0.0008599162101745605,0.0,0.0,0.0,0.041651807725429535,0.047086723148822784,0.04593978449702263,52.246849060058594,0.4196200370788574,0.6652504801750183,1.1241480112075806,0.34429284930229187,0.07707285135984421,0.4229731857776642,0.3009307086467743,0.0024235136806964874,0.1979610025882721,0.6657295823097229,0.0007006980595178902,0.8034002780914307,0.8643913269042969,-0.06099104881286621
cmfbe_stgcn,val,2024-07-02,40.50716781616211,50.305809020996094,0.4618963897228241,0.42592310905456543,-14.80233383178711,0.05176869034767151,0.0,0.0,0.0,0.014229319989681244,0.016277169808745384,0.0183626227080822,205.00881958007812,0.18997198343276978,0.6652504801750183,1.1781967878341675,0.403106153011322,0.10091781616210938,1.7914596796035767,0.30852118134498596,0.0015674865571781993,0.1978890299797058,0.7072227597236633,0.00029850497958250344,2.2024662494659424,0.9054102897644043,1.297055959701538
cmfbe_stgcn,val,2024-07-03,58.07866668701172,48.84550857543945,0.4019792973995209,0.43082427978515625,17.57149887084961,-0.05991709232330322,1.0,1.0,1.0,0.0506904236972332,0.05762682110071182,0.05692991986870766,110.88265991210938,0.29358983039855957,0.6652504801750183,1.1757088899612427,0.40398353338241577,0.08078987896442413,1.5651845932006836,0.30595314502716064,0.001392404199577868,0.19482916593551636,0.7663566470146179,0.0005495501100085676,1.953320026397705,0.9617353677749634,0.9915846586227417
cmfbe_stgcn,val,2024-07-04,52.16283416748047,67.03207397460938,0.41988810896873474,0.37802809476852417,-5.91583251953125,0.017908811569213867,0.0,0.0,0.0,0.17923568189144135,0.1808645874261856,0.169749915599823,46.26144027709961,0.43985992670059204,0.6652504801750183,1.122704267501831,0.34892621636390686,0.07735653966665268,0.27078694105148315,0.29235321283340454,0.0019566910341382027,0.2039840966463089,0.6608018279075623,0.0008424477418884635,0.6424534320831299,0.8656283617019653,-0.22317492961883545
cmfbe_stgcn,val,2024-07-05,64.76266479492188,67.59940338134766,0.38378670811653137,0.37661850452423096,12.599830627441406,-0.03610140085220337,1.0,1.0,1.0,0.3772831857204437,0.39403119683265686,0.3653098940849304,48.331058502197266,0.4325852394104004,0.6652504801750183,1.1298706531524658,0.3774893581867218,0.09890416264533997,0.39242100715637207,0.2954813241958618,0.0016274661757051945,0.20075875520706177,0.6615138649940491,0.0009669593418948352,0.7884339094161987,0.863239586353302,-0.07480567693710327
cmfbe_stgcn,val,2024-07-06,86.30249786376953,78.48424530029297,0.3356962502002716,0.35162079334259033,21.539833068847656,-0.048090457916259766,1.0,1.0,1.0,0.27628183364868164,0.2815554738044739,0.2662329077720642,55.56456756591797,0.4093605875968933,0.6652504801750183,1.0660239458084106,0.3567354679107666,0.07783651351928711,0.24354510009288788,0.28551697731018066,0.0024209078401327133,0.2027938812971115,0.5559362173080444,0.0012589803664013743,0.6093195080757141,0.7599890828132629,-0.15066957473754883
cmfbe_stgcn,val,2024-07-07,109.11433410644531,96.77316284179688,0.2962939441204071,0.3164701461791992,22.81183624267578,-0.0394023060798645,1.0,1.0,1.0,0.2675360143184662,0.2755007743835449,0.26128166913986206,69.08659362792969,0.3729780912399292,0.6652504801750183,1.037074327468872,0.3419255018234253,0.07692822068929672,0.11171993613243103,0.28382763266563416,0.0027161729522049427,0.2120940089225769,0.48062655329704285,0.0021186296362429857,0.47519198060035706,0.6948391795158386,-0.21964719891548157
cmfbe_stgcn,val,2024-07-08,120.86266326904297,112.8731918334961,0.27908700704574585,0.29059654474258423,11.748329162597656,-0.017206937074661255,0.0,0.0,0.0,0.09632419049739838,0.09660077095031738,0.09082075953483582,93.04533386230469,0.3230683207511902,0.6652504801750183,0.9386416673660278,0.28565680980682373,0.07355240732431412,0.07784923911094666,0.26735392212867737,0.005190153606235981,0.21420247852802277,0.3622898459434509,0.00519561767578125,0.42394572496414185,0.5816879272460938,-0.1577422022819519
cmfbe_stgcn,val,2024-07-09,110.69950103759766,113.35758972167969,0.29386794567108154,0.2898761034011841,-10.163162231445312,0.014780938625335693,0.0,0.0,0.0,0.024174775928258896,0.02499140240252018,0.024198545143008232,110.54280090332031,0.2941061854362488,0.6652504801750183,0.973524808883667,0.30739521980285645,0.09355317801237106,0.10124050080776215,0.2709738314151764,0.0037155000027269125,0.2128741443157196,0.3385988473892212,0.0064959293231368065,0.46948298811912537,0.5579689741134644,-0.08848598599433899
cmfbe_stgcn,val,2024-07-10,119.88166809082031,98.73029327392578,0.28045889735221863,0.31310611963272095,9.182167053222656,-0.013409048318862915,0.0,0.0,0.0,0.012727255001664162,0.013772916980087757,0.013846631161868572,100.25773620605469,0.3105262517929077,0.6652504801750183,0.976230263710022,0.3031100630760193,0.07458682358264923,0.10483997315168381,0.26977118849754333,0.0033210900146514177,0.21559157967567444,0.32914242148399353,0.00592815363779664,0.4525190591812134,0.5506621599197388,-0.09814310073852539
cmfbe_stgcn,val,2024-07-11,98.66999816894531,94.93602752685547,0.31320881843566895,0.3196898102760315,-21.211669921875,0.03274992108345032,0.0,0.0,0.0,0.00512218801304698,0.006539097521454096,0.006623319815844297,128.96717834472656,0.2681581974029541,0.6652504801750183,0.8820697665214539,0.2536158859729767,0.08960357308387756,0.2091282159090042,0.27095040678977966,0.005317546892911196,0.20523446798324585,0.2916707992553711,0.005624590907245874,0.5749998092651367,0.5025298595428467,0.07246994972229004
cmfbe_stgcn,val,2024-07-12,91.74674987792969,85.36935424804688,0.3254283666610718,0.3375202417373657,-6.923248291015625,0.012219548225402832,0.0,0.0,0.0,0.008517896756529808,0.010065620765089989,0.011650764383375645,438.1197204589844,0.061507582664489746,0.6652504801750183,1.0233914852142334,0.3035871088504791,0.07461526244878769,1.7102009057998657,0.2705378234386444,0.002210137899965048,0.2028311938047409,0.36750316619873047,0.00432257866486907,2.0575640201568604,0.5746569633483887,1.4829070568084717
cmfbe_stgcn,val,2024-07-13,62.457000732421875,78.41703796386719,0.38984450697898865,0.35176438093185425,-29.289749145507812,0.06441614031791687,0.0,0.0,0.0,0.007072017062455416,0.008599071763455868,0.00944808591157198,365.10064697265625,0.0923762321472168,0.6652504801750183,1.0935865640640259,0.3365843594074249,0.09575334191322327,1.6302859783172607,0.28725874423980713,0.0012566965306177735,0.20215894281864166,0.43449538946151733,0.004865060560405254,2.014554738998413,0.6415193676948547,1.3730354309082031
cmfbe_stgcn,val,2024-07-14,52.44340133666992,52.93988800048828,0.4189946949481964,0.41742509603500366,-10.013599395751953,0.029150187969207764,0.0,0.0,0.0,0.007687905803322792,0.009657565504312515,0.010135400108993053,152.24627685546875,0.24019193649291992,0.6652504801750183,1.119006633758545,0.3505104184150696,0.09681715816259384,1.2406830787658691,0.29390645027160645,0.0008710984257049859,0.19918833673000336,0.5498291254043579,0.0015764707932248712,1.6322777271270752,0.7505939602851868,0.8816837668418884
cmfbe_stgcn,val,2024-07-15,46.90299987792969,63.755523681640625,0.43757131695747375,0.3864062428474426,-5.540401458740234,0.018576622009277344,0.0,0.0,0.0,0.012962788343429565,0.014909766614437103,0.014613478444516659,98.79108428955078,0.31300270557403564,0.6652504801750183,1.125839352607727,0.33574986457824707,0.09568988531827927,1.0537889003753662,0.29503095149993896,0.0006669381400570273,0.199501633644104,0.6198360323905945,0.0013832529075443745,1.4451767206192017,0.820720911026001,0.6244558095932007
cmfbe_stgcn,val,2024-07-16,48.763668060302734,52.24461364746094,0.4311032295227051,0.41962718963623047,1.8606681823730469,-0.006468087434768677,0.0,0.0,0.0,0.0403488352894783,0.04391119256615639,0.04093042388558388,39.73534393310547,0.4650822877883911,0.6652504801750183,1.1237879991531372,0.35462185740470886,0.09713298082351685,0.29831546545028687,0.2948526442050934,0.00053882080828771,0.19964201748371124,0.6520341634750366,0.001245783525519073,0.6908398866653442,0.8529219627380371,-0.16208207607269287
cmfbe_stgcn,val,2024-07-17,46.490665435791016,52.092994689941406,0.4390386641025543,0.4201112389564514,-2.2730026245117188,0.007935434579849243,0.0,0.0,0.0,0.05229870229959488,0.056679073721170425,0.052423615008592606,35.59832000732422,0.4832598567008972,0.6652504801750183,1.138077974319458,0.4042799770832062,0.10101083666086197,0.16306237876415253,0.2971683442592621,0.0004317919083405286,0.20363099873065948,0.6636783480644226,0.0016469364054501057,0.5616733431816101,0.8689562678337097,-0.3072829246520996
cmfbe_stgcn,val,2024-07-18,51.77333450317383,47.27545928955078,0.4211362600326538,0.4362567067146301,5.2826690673828125,-0.017902404069900513,0.0,0.0,0.0,0.027203943580389023,0.02861263044178486,0.027866454795002937,32.455780029296875,0.49849826097488403,0.6652504801750183,1.1417611837387085,0.3904300034046173,0.07993397861719131,0.1599075049161911,0.29385629296302795,0.0004587905714288354,0.2032645344734192,0.6783619523048401,0.0028386611957103014,0.5341565608978271,0.8844651579856873,-0.3503085970878601
cmfbe_stgcn,val,2024-07-19,54.82316589355469,55.24772644042969,0.4116000533103943,0.41031402349472046,3.0498313903808594,-0.009536206722259521,0.0,0.0,0.0,0.0432288683950901,0.044094350188970566,0.04364554211497307,36.90238571166992,0.4773171544075012,0.6652504801750183,1.127205729484558,0.3766586184501648,0.0790715143084526,0.15822778642177582,0.288814514875412,0.0005733724683523178,0.2074079066514969,0.6468743681907654,0.0033968333154916763,0.5266872048377991,0.8576790690422058,-0.33099186420440674
cmfbe_stgcn,val,2024-07-20,69.66600036621094,60.99955368041992,0.37158069014549255,0.39378833770751953,14.84283447265625,-0.04001936316490173,1.0,1.0,1.0,0.06246750429272652,0.0632200613617897,0.06227639317512512,40.734832763671875,0.46096789836883545,0.6652504801750183,1.1011594533920288,0.3606598377227783,0.07807859033346176,0.16124244034290314,0.28130975365638733,0.0006896283593960106,0.20871911942958832,0.5989325642585754,0.00452174199745059,0.5213204026222229,0.8121734261512756,-0.29085302352905273
cmfbe_stgcn,val,2024-07-21,87.78266906738281,77.6231689453125,0.332842618227005,0.3534696102142334,18.116668701171875,-0.03873807191848755,1.0,1.0,1.0,0.06449689716100693,0.06667611002922058,0.0639861598610878,54.67566680908203,0.4120491147041321,0.6652504801750183,1.036708116531372,0.3352713882923126,0.0765228122472763,0.12164739519357681,0.2774227559566498,0.0010828702943399549,0.21094024181365967,0.4981478452682495,0.006009143777191639,0.4766758382320404,0.7150972485542297,-0.23842141032218933
cmfbe_stgcn,val,2024-07-22,98.84449768066406,99.47251892089844,0.31291189789772034,0.3118475675582886,11.06182861328125,-0.019930720329284668,0.0,0.0,0.0,0.09542723000049591,0.10144758969545364,0.0932619646191597,72.19422912597656,0.365614116191864,0.6652504801750183,0.9164556860923767,0.28444260358810425,0.07348086684942245,0.06034671515226364,0.2634141147136688,0.0024008092004805803,0.2117394655942917,0.3718055784702301,0.009172316640615463,0.3996425271034241,0.5927173495292664,-0.19307482242584229
cmfbe_stgcn,val,2024-07-23,122.2731704711914,112.96450805664062,0.27713367342948914,0.2904605269432068,23.428672790527344,-0.0357782244682312,1.0,1.0,1.0,0.07468248903751373,0.07815925776958466,0.07097337394952774,85.48318481445312,0.33729666471481323,0.6652504801750183,0.9096667766571045,0.2995758056640625,0.07437644898891449,0.05973169207572937,0.26378923654556274,0.002168402774259448,0.20840534567832947,0.3255385160446167,0.009785633534193039,0.4000657796859741,0.5437295436859131,-0.14366376399993896
cmfbe_stgcn,val,2024-07-24,130.135498046875,123.3595962524414,0.26663923263549805,0.27564430236816406,7.862327575683594,-0.010494440793991089,0.0,0.0,0.0,0.023446450009942055,0.02574940212070942,0.024179663509130478,110.48372650146484,0.29419612884521484,0.6652504801750183,0.8115119934082031,0.25253021717071533,0.07162017375230789,0.03018149733543396,0.24642783403396606,0.0032624269369989634,0.21082018315792084,0.2291685789823532,0.012026915326714516,0.35149192810058594,0.4520156681537628,-0.10052374005317688
cmfbe_stgcn,val,2024-07-25,133.7811737060547,119.7021484375,0.2619848847389221,0.2807111144065857,3.6456756591796875,-0.004654347896575928,0.0,0.0,0.0,0.00968990009278059,0.011013228446245193,0.010997968725860119,126.26426696777344,0.2717254161834717,0.6652504801750183,0.7388492226600647,0.23421745002269745,0.07056940346956253,0.07330664992332458,0.2153003215789795,0.003742516739293933,0.21148188412189484,0.16706351935863495,0.014338714070618153,0.362918883562088,0.39288410544395447,-0.029965221881866455
cmfbe_stgcn,val,2024-07-26,141.0395050048828,152.80587768554688,0.2530818283557892,0.23957324028015137,7.258331298828125,-0.008903056383132935,0.0,0.0,0.0,0.00901374313980341,0.010567612014710903,0.010048112832009792,224.38917541503906,0.1747112274169922,0.6652504801750183,0.5916737914085388,0.19824549555778503,0.10281164199113846,0.09747596085071564,0.6132767200469971,0.004577175248414278,0.21144981682300568,0.07478440552949905,0.01773151569068432,0.8181414604187012,0.3039657473564148,0.5141757130622864
cmfbe_stgcn,val,2024-07-27,131.18833923339844,154.06039428710938,0.26528194546699524,0.23819446563720703,-9.851165771484375,0.012200117111206055,0.0,0.0,0.0,0.005800122860819101,0.006938894744962454,0.006870118901133537,250.28482055664062,0.15625113248825073,0.6652504801750183,0.40702536702156067,0.16258549690246582,0.11650924384593964,0.29326874017715454,0.403037965297699,0.005407043732702732,0.21160878241062164,0.013155762106180191,0.022976526990532875,0.8182229995727539,0.24774107336997986,0.5704818964004517
cmfbe_stgcn,val,2024-07-28,109.01066589355469,132.69883728027344,0.2964538335800171,0.2633533477783203,-22.17767333984375,0.03117188811302185,0.0,0.0,0.0,0.004159847274422646,0.0049920580349862576,0.005323810502886772,266.56475830078125,0.14559602737426758,0.6652504801750183,0.8945748209953308,0.3239845335483551,0.09479871392250061,0.6720395684242249,0.2455420345067978,0.0028484102804213762,0.2097713053226471,0.07588043808937073,0.02444308251142502,1.0152287483215332,0.31009483337402344,0.7051339149475098
cmfbe_stgcn,val,2024-07-29,88.85250091552734,108.64376068115234,0.3308095335960388,0.2970208525657654,-20.158164978027344,0.03435570001602173,0.0,0.0,0.0,0.0045155868865549564,0.005319683812558651,0.005704536102712154,187.16128540039062,0.20535331964492798,0.6652504801750183,1.036084532737732,0.37361210584640503,0.09860210865736008,0.6484882831573486,0.2715085744857788,0.001051496947184205,0.20972248911857605,0.24818022549152374,0.02502552419900894,1.0196505784988403,0.48292824625968933,0.5367223024368286
cmfbe_stgcn,val,2024-07-30,77.39167022705078,82.82992553710938,0.35397017002105713,0.34258562326431274,-11.460830688476562,0.02316063642501831,0.0,0.0,0.0,0.007083545438945293,0.0081454087048769,0.008504195138812065,81.69571685791016,0.3448978066444397,0.6652504801750183,1.0599844455718994,0.3685525953769684,0.09820901602506638,0.15274739265441895,0.2715577185153961,0.0007326770573854446,0.2094569355249405,0.37492799758911133,0.021863402798771858,0.5232467651367188,0.6062483191490173,-0.08300155401229858
cmfbe_stgcn,val,2024-07-31,75.24933624267578,75.76862335205078,0.3586733341217041,0.35752129554748535,-2.142333984375,0.004703164100646973,0.0,0.0,0.0,0.010557484813034534,0.011720754206180573,0.012065363116562366,65.46790313720703,0.3819761276245117,0.6652504801750183,1.104924201965332,0.3855546712875366,0.0995347797870636,0.15240181982517242,0.2822754979133606,0.00041192772914655507,0.2068537175655365,0.4752485156059265,0.017520364373922348,0.5346240401268005,0.6996225714683533,-0.16499853134155273
cmfbe_stgcn,val,2024-08-01,73.45016479492188,78.12020874023438,0.3627263903617859,0.352400004863739,-1.7991714477539062,0.004053056240081787,0.0,0.0,0.0,0.02040344849228859,0.02151016891002655,0.021921763196587563,60.80827713012695,0.3943127989768982,0.6652504801750183,1.1218527555465698,0.3754584789276123,0.09874586760997772,0.15158432722091675,0.28495097160339355,0.00031277176458388567,0.208037331700325,0.5187013745307922,0.018826613202691078,0.5355939269065857,0.7455652952194214,-0.2099713683128357
cmfbe_stgcn,val,2024-08-02,92.82499694824219,84.2147216796875,0.3234664797782898,0.33980464935302734,19.374832153320312,-0.039259910583496094,1.0,1.0,1.0,0.043858595192432404,0.04486304894089699,0.047216080129146576,57.5429573059082,0.4035254120826721,0.6652504801750183,1.0726627111434937,0.33398929238319397,0.07644489407539368,0.14852865040302277,0.2714989483356476,0.0004121357633266598,0.21282458305358887,0.5027353167533875,0.02169419452548027,0.49688461422920227,0.7372540831565857,-0.24036946892738342
cmfbe_stgcn,val,2024-08-03,116.86866760253906,124.65379333496094,0.28474318981170654,0.273887038230896,24.043670654296875,-0.03872328996658325,1.0,1.0,1.0,0.6201231479644775,0.6293132901191711,0.6531743407249451,78.2857437133789,0.3520452380180359,0.6652504801750183,1.0200337171554565,0.3085915148258209,0.07491405308246613,0.1456441581249237,0.2601313292980194,0.0005719120963476598,0.21685385704040527,0.41166505217552185,0.021115563809871674,0.4812614321708679,0.6496344804763794,-0.16837304830551147
cmfbe_stgcn,val,2024-08-04,125.10099792480469,148.00852966308594,0.27328401803970337,0.2449517846107483,8.232330322265625,-0.011459171772003174,0.0,0.0,0.0,0.1702335923910141,0.17497596144676208,0.17870713770389557,105.69220733642578,0.3016526699066162,0.6652504801750183,0.94028240442276,0.2717902660369873,0.0727386549115181,0.11080293357372284,0.2512197196483612,0.0008624490583315492,0.21924056112766266,0.29710638523101807,0.018899686634540558,0.43562376499176025,0.5352466106414795,-0.09962284564971924
cmfbe_stgcn,val,2024-08-05,120.83316802978516,150.076171875,0.2791280746459961,0.24261271953582764,-4.267829895019531,0.005844056606292725,0.0,0.0,0.0,0.088546983897686,0.09359195828437805,0.09267175197601318,117.5028076171875,0.2838324308395386,0.6652504801750183,0.8863462805747986,0.26354604959487915,0.07225821167230606,0.08749706298112869,0.24527588486671448,0.0010763201862573624,0.2152232527732849,0.23516272008419037,0.017868101596832275,0.40610745549201965,0.46825408935546875,-0.0621466338634491
cmfbe_stgcn,val,2024-08-06,116.02933502197266,133.96595764160156,0.28595617413520813,0.26175230741500854,-4.8038330078125,0.006828099489212036,0.0,0.0,0.0,0.026721054688096046,0.029973255470395088,0.02954869531095028,113.77884674072266,0.28925198316574097,0.6652504801750183,0.8224539756774902,0.2430364191532135,0.07107388228178024,0.06281726807355881,0.2363995909690857,0.0013608629815280437,0.21380837261676788,0.19471250474452972,0.022776462137699127,0.37165161967277527,0.43129733204841614,-0.05964571237564087
cmfbe_stgcn,val,2024-08-07,116.55149841308594,125.27040100097656,0.2852005362510681,0.27305614948272705,0.5221633911132812,-0.0007556378841400146,0.0,0.0,0.0,0.015533181838691235,0.018154509365558624,0.01801304705440998,109.31570434570312,0.29598385095596313,0.6652504801750183,0.7610368132591248,0.2163550853729248,0.06955631822347641,0.04550836980342865,0.22565051913261414,0.0016678140964359045,0.21626588702201843,0.16024386882781982,0.02495167963206768,0.3423830270767212,0.4014614224433899,-0.0590783953666687
cmfbe_stgcn,val,2024-08-08,112.18260192871094,118.40296936035156,0.2916291058063507,0.2825479507446289,-4.368896484375,0.006428569555282593,0.0,0.0,0.0,0.00673302635550499,0.008132142946124077,0.008289818651974201,114.41851043701172,0.28830868005752563,0.6652504801750183,0.7671126127243042,0.22186049818992615,0.08733414858579636,0.04448471963405609,0.22864960134029388,0.0015371209010481834,0.21389369666576385,0.14405013620853424,0.02237376570701599,0.3620055615901947,0.3803175985813141,-0.018312036991119385
cmfbe_stgcn,val,2024-08-09,130.64474487304688,114.8454360961914,0.26598137617111206,0.2876819968223572,18.462142944335938,-0.025647729635238647,0.0,0.0,0.0,0.005465320777148008,0.006535136140882969,0.006852319929748774,114.59894561767578,0.2880435585975647,0.6652504801750183,0.8567081093788147,0.23639731109142303,0.08836729824542999,0.09306272119283676,0.23855432868003845,0.001078351866453886,0.2152709662914276,0.1659502238035202,0.01871699094772339,0.4210626780986786,0.39993816614151,0.02112451195716858
cmfbe_stgcn,val,2024-08-10,110.28700256347656,116.4223861694336,0.29449591040611267,0.2853870391845703,-20.357742309570312,0.02851453423500061,0.0,0.0,0.0,0.003149965312331915,0.003893474116921425,0.004253255669027567,134.51856994628906,0.2610587477684021,0.6652504801750183,0.9022108316421509,0.26997968554496765,0.09079115092754364,0.09974251687526703,0.2499224841594696,0.000806185940746218,0.21315953135490417,0.18374687433242798,0.015354298986494541,0.4412623345851898,0.4122607111930847,0.029001623392105103
cmfbe_stgcn,val,2024-08-11,94.27950286865234,97.39408111572266,0.32085537910461426,0.31539565324783325,-16.00749969482422,0.026359468698501587,0.0,0.0,0.0,0.0029934023041278124,0.0036731422878801823,0.0040656039491295815,112.68086242675781,0.29088348150253296,0.6652504801750183,0.9697484970092773,0.2990207076072693,0.09292931109666824,0.14953066408634186,0.2527300715446472,0.0005431374302133918,0.21168622374534607,0.24439162015914917,0.018372800201177597,0.49573320150375366,0.47445064783096313,0.021282553672790527
cmfbe_stgcn,val,2024-08-12,72.24140167236328,93.15585327148438,0.36550480127334595,0.3228689432144165,-22.038101196289062,0.04464942216873169,0.0,0.0,0.0,0.0034905225038528442,0.004321136977523565,0.004679256584495306,105.28512573242188,0.3023015260696411,0.6652504801750183,0.9949843883514404,0.2796296775341034,0.09149728715419769,0.27879825234413147,0.25892409682273865,0.0004645874141715467,0.20600314438343048,0.2990104854106903,0.01536017470061779,0.6296842098236084,0.5203738212585449,0.10931038856506348
cmfbe_stgcn,val,2024-08-13,50.115665435791016,83.03411865234375,0.426553338766098,0.34217268228530884,-22.125736236572266,0.061048537492752075,0.0,0.0,0.0,0.0024758311919867992,0.0031647514551877975,0.0035181366838514805,175.5179901123047,0.21619540452957153,0.6652504801750183,1.0077018737792969,0.285784512758255,0.09194992482662201,1.0961754322052002,0.25952228903770447,0.0003837541735265404,0.20186518132686615,0.35708093643188477,0.009423065930604935,1.4480314254760742,0.5683692097663879,0.8796622157096863
cmfbe_stgcn,val,2024-08-14,41.341331481933594,55.49569320678711,0.4585190713405609,0.40956735610961914,-8.774333953857422,0.03196573257446289,0.0,0.0,0.0,0.002585340291261673,0.003262554993852973,0.0036597924772650003,95.46644592285156,0.3187539577484131,0.6652504801750183,1.0492082834243774,0.3319258391857147,0.09539952874183655,0.9284309148788452,0.27062174677848816,0.00022960120986681432,0.19865736365318298,0.4591628909111023,0.0017574302619323134,1.2946817874908447,0.6595776677131653,0.6351041197776794
cmfbe_stgcn,val,2024-08-15,44.02316665649414,41.96134948730469,0.44809505343437195,0.4560515880584717,2.681835174560547,-0.010424017906188965,0.0,0.0,0.0,0.003688389202579856,0.004522985778748989,0.00496356375515461,37.66036605834961,0.47395622730255127,0.6652504801750183,1.1008633375167847,0.3631961941719055,0.09779419004917145,0.2911476790904999,0.2854993939399719,0.00014163697778712958,0.19786058366298676,0.5649539232254028,0.0027172821573913097,0.6745828986167908,0.7655317783355713,-0.09094887971878052
cmfbe_stgcn,val,2024-08-16,48.2244987487793,49.68925857543945,0.43295228481292725,0.4279751777648926,4.201332092285156,-0.015142768621444702,0.0,0.0,0.0,0.008243110962212086,0.00950718391686678,0.009947828948497772,37.59383010864258,0.47424858808517456,0.6652504801750183,1.1081756353378296,0.3539521396160126,0.09708148241043091,0.27213624119758606,0.28958818316459656,0.00011076626105932519,0.19895419478416443,0.6096840500831604,0.0043630958534777164,0.6589166522026062,0.8130013346672058,-0.1540846824645996
cmfbe_stgcn,test,2024-09-07,93.95316314697266,90.45405578613281,0.3214377164840698,0.32781076431274414,5.602996826171875,-0.010323405265808105,0.0,0.0,0.0,0.004547630902379751,0.005455325357615948,0.005763281136751175,91.20822143554688,0.3264167904853821,0.6652504801750183,0.6548178791999817,0.17511293292045593,0.08407697826623917,0.08190154284238815,0.2028159499168396,0.0012243486708030105,0.21539221704006195,0.10440906137228012,0.01873161271214485,0.3700188100337982,0.3385328948497772,0.031485915184020996
cmfbe_stgcn,test,2024-09-08,102.64383697509766,90.15634155273438,0.30657291412353516,0.32836419343948364,8.690673828125,-0.014864802360534668,0.0,0.0,0.0,0.0035151359625160694,0.004293360281735659,0.004612322896718979,95.01519775390625,0.3195497989654541,0.6652504801750183,0.8099169135093689,0.2270391285419464,0.08770108968019485,0.05117924511432648,0.23733074963092804,0.0009189394768327475,0.21584005653858185,0.13414603471755981,0.01602102629840374,0.37713003158569336,0.36600708961486816,0.011122941970825195
cmfbe_stgcn,test,2024-09-09,107.69249725341797,99.69314575195312,0.2984999120235443,0.3114752769470215,5.0486602783203125,-0.008073002099990845,0.0,0.0,0.0,0.0033191260881721973,0.0040737539529800415,0.004401282873004675,115.1964111328125,0.2871685028076172,0.6652504801750183,0.8220567107200623,0.24012979865074158,0.08863412588834763,0.17239220440387726,0.2401277720928192,0.000875190831720829,0.20670513808727264,0.16569875180721283,0.015303489752113819,0.5020292401313782,0.387707382440567,0.11432185769081116
cmfbe_stgcn,test,2024-09-10,88.54666900634766,122.99349212646484,0.3313882350921631,0.27614474296569824,-19.145828247070312,0.032888323068618774,0.0,0.0,0.0,0.0025387515779584646,0.0030941483564674854,0.0035057533532381058,303.1531066894531,0.12384122610092163,0.6652504801750183,0.9737604856491089,0.3014916777610779,0.09311304241418839,1.1447266340255737,0.2527816593647003,0.00038752504042349756,0.20700380206108093,0.23992718756198883,0.015069475397467613,1.4910088777542114,0.4620004892349243,1.029008388519287
cmfbe_stgcn,test,2024-09-11,75.02999877929688,69.05548858642578,0.359162300825119,0.3730534315109253,-13.516670227050781,0.027774065732955933,0.0,0.0,0.0,0.0031554982997477055,0.003987262491136789,0.004506924655288458,107.39407348632812,0.29896658658981323,0.6652504801750183,0.9468256831169128,0.3103824555873871,0.07502121478319168,0.35836660861968994,0.24719823896884918,0.00046993771684356034,0.20239192247390747,0.27056482434272766,0.01708594523370266,0.6810559630393982,0.49004268646240234,0.19101327657699585
cmfbe_stgcn,test,2024-09-12,55.55416488647461,67.08283233642578,0.4093917906284332,0.37790149450302124,-19.475833892822266,0.05022948980331421,0.0,0.0,0.0,0.0033050915226340294,0.004048679023981094,0.004396772012114525,81.30142974853516,0.34570902585983276,0.6652504801750183,1.1057394742965698,0.37293994426727295,0.09854981303215027,0.35239118337631226,0.29388269782066345,0.00016268441686406732,0.2013511061668396,0.4536267817020416,0.010748240165412426,0.744986355304718,0.6657261848449707,0.07926017045974731
cmfbe_stgcn,test,2024-09-13,53.781166076660156,62.929542541503906,0.4147982597351074,0.3885852098464966,-1.7729988098144531,0.005406469106674194,0.0,0.0,0.0,0.003487932961434126,0.004110321868211031,0.004655534401535988,163.05059814453125,0.22862815856933594,0.6652504801750183,1.1620749235153198,0.40565964579582214,0.10112025588750839,1.4899101257324219,0.3074769675731659,9.123430209001526e-05,0.19873462617397308,0.6286880970001221,0.006199500057846308,1.898598551750183,0.8336222171783447,1.0649763345718384
cmfbe_stgcn,test,2024-09-14,54.09400177001953,64.08911895751953,0.4138317406177521,0.3855341076850891,0.312835693359375,-0.0009665191173553467,0.0,0.0,0.0,0.007682214956730604,0.008238563314080238,0.00911608338356018,69.29601287841797,0.3724716901779175,0.6652504801750183,1.1673378944396973,0.39116501808166504,0.07998021692037582,0.7781473398208618,0.2989056706428528,9.309703455073759e-05,0.202154740691185,0.6985401511192322,0.007062815595418215,1.1571263074874878,0.9077576994895935,0.2493686079978943
cmfbe_stgcn,test,2024-09-15,55.83416748046875,58.50001525878906,0.40855351090431213,0.4007730484008789,1.7401657104492188,-0.005278229713439941,0.0,0.0,0.0,0.0211146492511034,0.021599076688289642,0.023869600147008896,37.2879638671875,0.47559916973114014,0.6652504801750183,1.1353123188018799,0.38857024908065796,0.07981708645820618,0.15626803040504456,0.2874676287174225,0.00012859716662205756,0.20605769753456116,0.6733682155609131,0.008160671219229698,0.5236814022064209,0.8875865340232849,-0.363905131816864
cmfbe_stgcn,test,2024-09-16,48.1952018737793,58.273590087890625,0.4330533444881439,0.4014201760292053,-7.638965606689453,0.024499833583831787,0.0,0.0,0.0,0.0619828999042511,0.06476747244596481,0.07424038648605347,49.03790283203125,0.4301704168319702,0.6652504801750183,0.9842926859855652,0.344666987657547,0.07709573209285736,0.2747832238674164,0.24977830052375793,0.0004302076413296163,0.20115898549556732,0.5156044960021973,0.01268105860799551,0.6020874977111816,0.7294445633888245,-0.12735706567764282
cmfbe_stgcn,test,2024-09-17,116.66533660888672,59.8197135925293,0.28503626585006714,0.3970494866371155,68.47013854980469,-0.14801707863807678,1.0,1.0,1.0,0.7320660352706909,0.7182371616363525,0.7262105345726013,52.01499938964844,0.4203607439994812,0.6652504801750183,0.7864668965339661,0.2809295356273651,0.07327419519424438,0.3792929947376251,0.21128368377685547,0.0006750365137122571,0.1949128806591034,0.3478764295578003,0.04695773124694824,0.6645259261131287,0.5897470712661743,0.07477885484695435
cmfbe_stgcn,test,2024-09-18,176.28433227539062,113.14038848876953,0.2154601365327835,0.29019874334335327,59.618995666503906,-0.06957612931728363,1.0,1.0,1.0,0.021442193537950516,0.02336076647043228,0.024628980085253716,571.7479248046875,0.016413509845733643,0.6652504801750183,1.0939944982528687,0.38939958810806274,0.09983650594949722,1.7318251132965088,0.2982119023799896,0.00028277712408453226,0.20411531627178192,0.34098076820373535,0.0024594259448349476,2.1301562786102295,0.5475555062294006,1.5826008319854736
cmfbe_stgcn,test,2024-09-19,190.49400329589844,131.5990753173828,0.20237329602241516,0.26475536823272705,14.209671020507812,-0.013086840510368347,0.0,0.0,0.0,0.009469919838011265,0.011885803192853928,0.012293152511119843,229.57200622558594,0.17085236310958862,0.6652504801750183,1.0512621402740479,0.36110639572143555,0.07810617238283157,0.4112059772014618,0.2847009003162384,0.00040995090967044234,0.20697999000549316,0.30140694975852966,0.003227922832593322,0.7744230031967163,0.5116149187088013,0.26280808448791504
cmfbe_stgcn,test,2024-09-20,231.56016540527344,184.93136596679688,0.1693950593471527,0.2073768973350525,41.066162109375,-0.03297823667526245,1.0,1.0,1.0,0.007826145738363266,0.009484766982495785,0.01060857716947794,598.9931640625,0.008525490760803223,0.6652504801750183,0.9508228302001953,0.3247736692428589,0.07588662952184677,1.3027938604354858,0.25386950373649597,0.0008489434840157628,0.20781689882278442,0.27736106514930725,0.006159376353025436,1.6333988904953003,0.4913373291492462,1.1420615911483765
cmfbe_stgcn,test,2024-09-21,150.12083435058594,230.31048583984375,0.24256257712841034,0.17030960321426392,-81.4393310546875,0.07316751778125763,0.0,0.0,0.0,0.024082494899630547,0.030932152643799782,0.02778639830648899,308.74346923828125,0.12074977159500122,0.6652504801750183,0.7236552834510803,0.2084997147321701,0.06911448389291763,0.35177767276763916,0.2134425938129425,0.002107966924086213,0.20856326818466187,0.134471595287323,0.006812714971601963,0.6364427208900452,0.34984758496284485,0.2865951359272003
cmfbe_stgcn,test,2024-09-22,135.26283264160156,149.55880737304688,0.2601291537284851,0.24319499731063843,-14.858001708984375,0.017566576600074768,0.0,0.0,0.0,0.003815028350800276,0.004967825952917337,0.005445544142276049,807.4415893554688,0.0,0.6652504801750183,0.9620625376701355,0.3249415159225464,0.09487096220254898,1.7132976055145264,0.26613008975982666,0.0010838020825758576,0.20578880608081818,0.1908383071422577,0.0017268203664571047,2.0753824710845947,0.3983539342880249,1.6770285367965698
cmfbe_stgcn,test,2024-09-23,123.44149780273438,132.05572509765625,0.2755325734615326,0.2641717791557312,-11.821334838867188,0.015403419733047485,0.0,0.0,0.0,0.00665066996589303,0.00863215234130621,0.008394536562263966,182.12977600097656,0.20995384454727173,0.6652504801750183,0.9729138016700745,0.3255237936973572,0.09491494297981262,0.3643558621406555,0.26626715064048767,0.0011691957479342818,0.2059360146522522,0.22266440093517303,0.002497210633009672,0.7267071604728699,0.4310976266860962,0.2956095337867737
cmfbe_stgcn,test,2024-10-18,245.25950622558594,194.24530029296875,0.15967996418476105,0.19908034801483154,54.393341064453125,-0.042363762855529785,1.0,1.0,1.0,0.017777342349290848,0.019568562507629395,0.020344866439700127,213.65567016601562,0.1829931139945984,0.6652504801750183,0.9470134377479553,0.2880675494670868,0.0736946165561676,0.24337194859981537,0.259344220161438,0.002944350941106677,0.2098056674003601,0.226486936211586,0.030825724825263023,0.5793551206588745,0.4671183228492737,0.11223679780960083
cmfbe_stgcn,test,2024-10-19,296.135009765625,204.16683959960938,0.12780362367630005,0.19066715240478516,50.87550354003906,-0.031876340508461,1.0,1.0,1.0,0.007581308484077454,0.009072398766875267,0.00967248622328043,290.46044921875,0.13107645511627197,0.6652504801750183,0.9227585792541504,0.2920331060886383,0.07392901182174683,0.2550969123840332,0.2545854449272156,0.003474712837487459,0.2121346890926361,0.17706352472305298,0.0293695367872715,0.5870860815048218,0.4185677468776703,0.1685183346271515
cmfbe_stgcn,test,2024-10-20,265.0311584472656,239.17356872558594,0.14657174050807953,0.1639273762702942,-31.103851318359375,0.01876811683177948,0.0,0.0,0.0,0.004800533410161734,0.005964482668787241,0.0064255110919475555,305.92987060546875,0.12229865789413452,0.6652504801750183,0.7692455649375916,0.24558666348457336,0.07122030854225159,0.09600863605737686,0.21984834969043732,0.006547399330884218,0.2188951075077057,0.10823216289281845,0.034064631909132004,0.3936246633529663,0.36119189858436584,0.032432764768600464
cmfbe_stgcn,test,2024-10-21,223.7191619873047,227.4200439453125,0.17521655559539795,0.1724439263343811,-41.31199645996094,0.02864481508731842,0.0,0.0,0.0,0.00396768981590867,0.00498222978785634,0.005339742172509432,335.22320556640625,0.1068263053894043,0.6652504801750183,0.899233341217041,0.262604683637619,0.09025439620018005,0.27241250872612,0.2563576400279999,0.004082677885890007,0.21723653376102448,0.13017123937606812,0.041537605226039886,0.6231071949005127,0.3889453709125519,0.23416182398796082
cmfbe_stgcn,test,2024-10-22,199.46200561523438,192.8668212890625,0.19460482895374298,0.2002829909324646,-24.257156372070312,0.019388273358345032,0.0,0.0,0.0,0.003990784287452698,0.005027917679399252,0.005382333416491747,241.4085235595703,0.1623551845550537,0.6652504801750183,0.8850170373916626,0.25100162625312805,0.08941498398780823,0.11263786256313324,0.2590726912021637,0.004598103929311037,0.2145230621099472,0.14701753854751587,0.028410084545612335,0.4657236635684967,0.389950692653656,0.0757729709148407
cmfbe_stgcn,test,2024-10-23,131.52149963378906,168.56112670898438,0.26485469937324524,0.22302031517028809,-67.94050598144531,0.07024987041950226,0.0,0.0,0.0,0.0036661773920059204,0.0045897639356553555,0.005051677580922842,199.6182861328125,0.1944725513458252,0.6652504801750183,0.9302947521209717,0.3071706295013428,0.09353640675544739,0.08798547834157944,0.27509376406669617,0.003684652503579855,0.21670928597450256,0.21778631210327148,0.02502553164958954,0.4603002965450287,0.4595211148262024,0.0007791817188262939
cmfbe_stgcn,test,2024-10-24,92.78983306884766,118.31600189208984,0.3235301077365875,0.28267163038253784,-38.731666564941406,0.058675408363342285,0.0,0.0,0.0,0.005418035201728344,0.006386091001331806,0.0069898273795843124,114.6124496459961,0.2880237102508545,0.6652504801750183,1.0162795782089233,0.31857073307037354,0.09439082443714142,0.07710236310958862,0.28546127676963806,0.0020443988032639027,0.2202388346195221,0.3440689444541931,0.031192611902952194,0.4589988887310028,0.5955004096031189,-0.1365015208721161
cmfbe_stgcn,test,2024-10-25,64.95050048828125,78.42608642578125,0.38330259919166565,0.351745069026947,-27.839332580566406,0.059772491455078125,0.0,0.0,0.0,0.005657954607158899,0.006356368772685528,0.007237586658447981,74.93142700195312,0.3593825101852417,0.6652504801750183,1.1258330345153809,0.3879493474960327,0.09972260892391205,0.14240241050720215,0.29044193029403687,0.0008349652634933591,0.21225273609161377,0.49758264422416687,0.034792423248291016,0.5334019064903259,0.744627833366394,-0.21122592687606812
cmfbe_stgcn,test,2024-10-26,58.926334381103516,63.37794494628906,0.39956122636795044,0.3873988389968872,-6.024166107177734,0.01625862717628479,0.0,0.0,0.0,0.0038722960744053125,0.004522107541561127,0.005330586805939674,100.3690414428711,0.3103397488594055,0.6652504801750183,1.0506452322006226,0.35914090275764465,0.07798482477664948,0.8443615436553955,0.2639373540878296,0.0015146724181249738,0.20436395704746246,0.5152186155319214,0.038352105766534805,1.1877983808517456,0.7579346895217896,0.42986369132995605
cmfbe_stgcn,test,2024-10-27,56.665164947509766,57.40321350097656,0.406089723110199,0.4039310812950134,-2.26116943359375,0.006528496742248535,0.0,0.0,0.0,0.012800294905900955,0.014443935826420784,0.015081783756613731,56.0781135559082,0.4078265428543091,0.6652504801750183,1.0724934339523315,0.34838026762008667,0.09665384888648987,0.34481266140937805,0.2779930531978607,0.0012763715349137783,0.2001131922006607,0.5314847230911255,0.03783377259969711,0.7207359075546265,0.7694316506385803,-0.04869574308395386
cmfbe_stgcn,test,2024-10-28,58.47999954223633,58.095821380615234,0.40083014965057373,0.401930034160614,1.8148345947265625,-0.005259573459625244,0.0,0.0,0.0,0.17601200938224792,0.18226377665996552,0.18078632652759552,155.51846313476562,0.23660582304000854,0.6652504801750183,1.0952807664871216,0.36675599217414856,0.09806972742080688,1.3644226789474487,0.28129011392593384,0.001126196701079607,0.19906125962734222,0.5275903344154358,0.019736142829060555,1.7449086904525757,0.746387779712677,0.9985209107398987
cmfbe_stgcn,test,2024-10-29,73.51300048828125,73.51396179199219,0.362583190202713,0.3625810146331787,15.033000946044922,-0.03824695944786072,1.0,1.0,1.0,0.302754670381546,0.32659444212913513,0.3196607530117035,57.456512451171875,0.40377622842788696,0.6652504801750183,1.1005995273590088,0.3560563325881958,0.09724335372447968,0.369242787361145,0.28312990069389343,0.0011021171230822802,0.19958120584487915,0.5530053973197937,0.015488311648368835,0.7507181167602539,0.7680749297142029,-0.017356812953948975
cmfbe_stgcn,test,2024-10-30,97.34549713134766,87.53014373779297,0.3154795169830322,0.3333260416984558,23.832496643066406,-0.047103673219680786,1.0,1.0,1.0,0.3471103608608246,0.3528551757335663,0.3693324029445648,69.49237823486328,0.3719981908798218,0.6652504801750183,1.0842316150665283,0.3542552888393402,0.07768382877111435,0.31696563959121704,0.27840468287467957,0.001274122390896082,0.20297567546367645,0.5087030529975891,0.018118400126695633,0.6743282675743103,0.7297971248626709,-0.055468857288360596
cmfbe_stgcn,test,2024-10-31,113.06800079345703,121.2204818725586,0.2903064787387848,0.27858930826187134,15.722503662109375,-0.025173038244247437,0.0,0.0,0.0,0.8413031101226807,0.8554718494415283,0.854318380355835,82.63002014160156,0.3429908752441406,0.6652504801750183,1.006115198135376,0.3199731111526489,0.07559707760810852,0.14865520596504211,0.2565266788005829,0.002285194583237171,0.2147529274225235,0.3982197344303131,0.03217563405632973,0.4830641448497772,0.6451483368873596,-0.1620841920375824
cmfbe_stgcn,test,2024-11-01,134.73974609375,126.33789825439453,0.2607819736003876,0.27162718772888184,21.67174530029297,-0.029524505138397217,1.0,1.0,1.0,0.7077999114990234,0.7008714079856873,0.696864128112793,138.47332763671875,0.2561764121055603,0.6652504801750183,0.999390721321106,0.3367769420146942,0.09576798975467682,0.41896283626556396,0.26324015855789185,0.0024072634987533092,0.2042856514453888,0.3379926085472107,0.037021536380052567,0.7803782224655151,0.579299807548523,0.2010784149169922
cmfbe_stgcn,test,2024-11-02,57.730499267578125,136.0828094482422,0.40298256278038025,0.25911080837249756,-77.00924682617188,0.14220058917999268,0.0,0.0,0.0,0.3807886838912964,0.3825899660587311,0.3738582134246826,180.0610809326172,0.21188217401504517,0.6652504801750183,0.937466025352478,0.3198542594909668,0.07558992505073547,0.4492490887641907,0.2457370162010193,0.0038034245371818542,0.20514501631259918,0.24488286674022675,0.03625667840242386,0.7743794918060303,0.4862845540046692,0.2880949378013611
cmfbe_stgcn,test,2024-11-03,55.44150161743164,58.668243408203125,0.40973028540611267,0.40029382705688477,-2.2889976501464844,0.006747722625732422,0.0,0.0,0.0,0.03826915845274925,0.04014796391129494,0.04313205927610397,328.089111328125,0.11046653985977173,0.6652504801750183,1.0685771703720093,0.3679482638835907,0.09816215187311172,2.011197328567505,0.2999168336391449,0.001552680041640997,0.19818057119846344,0.4803752303123474,0.008903139270842075,2.4108288288116455,0.6874589323997498,1.723369836807251
cmfbe_stgcn,test,2024-11-04,58.58300018310547,66.29034423828125,0.4005364775657654,0.3798888325691223,3.141498565673828,-0.00919380784034729,0.0,0.0,0.0,0.05142159387469292,0.0568658784031868,0.05362718552350998,55.64373016357422,0.40912318229675293,0.6652504801750183,1.0659737586975098,0.2992737293243408,0.09294810891151428,0.3610563278198242,0.30067235231399536,0.0015788719756528735,0.19849053025245667,0.5403265953063965,0.013861756771802902,0.7562556862831116,0.7526788711547852,0.003576815128326416
cmfbe_stgcn,test,2024-11-05,70.3145980834961,65.85891723632812,0.37002989649772644,0.38098055124282837,11.731597900390625,-0.03050658106803894,1.0,1.0,1.0,0.06471560895442963,0.07374278455972672,0.07067808508872986,43.493385314941406,0.45010411739349365,0.6652504801750183,1.0176256895065308,0.3531649112701416,0.07761678099632263,0.10825580358505249,0.2839820086956024,0.002291854238137603,0.20847201347351074,0.5408250093460083,0.014879155904054642,0.4721464514732361,0.7641761898994446,-0.2920297384262085
cmfbe_stgcn,test,2024-11-06,90.01166534423828,76.2715072631836,0.3286338150501251,0.35641300678253174,19.697067260742188,-0.04139608144760132,1.0,1.0,1.0,0.035919684916734695,0.03994809463620186,0.03992428258061409,53.11677551269531,0.4168694019317627,0.6652504801750183,0.9710902571678162,0.31279823184013367,0.07516594231128693,0.06478661298751831,0.28025326132774353,0.0032413725275546312,0.21176595985889435,0.4709174931049347,0.016720758751034737,0.4234471917152405,0.699404239654541,-0.27595704793930054
cmfbe_stgcn,test,2024-11-07,83.07050323486328,96.150146484375,0.34209921956062317,0.31755518913269043,-6.941162109375,0.013465404510498047,0.0,0.0,0.0,0.028653033077716827,0.031024746596813202,0.03144986927509308,72.51094818115234,0.3648812770843506,0.6652504801750183,0.9774871468544006,0.30289968848228455,0.0932178720831871,0.05836767703294754,0.28270965814590454,0.003017754526808858,0.2150452584028244,0.41631510853767395,0.019506189972162247,0.4373129606246948,0.6508665680885315,-0.21355360746383667
cmfbe_stgcn,test,2024-11-08,68.03433227539062,77.4825210571289,0.37554579973220825,0.3537735342979431,-15.036170959472656,0.03344658017158508,0.0,0.0,0.0,0.02355629950761795,0.02548275701701641,0.027137810364365578,68.1483154296875,0.37526577711105347,0.6652504801750183,1.0971674919128418,0.34766051173210144,0.09659871459007263,0.14341557025909424,0.28650033473968506,0.0012119159800931811,0.21271124482154846,0.49251091480255127,0.01790654845535755,0.5277265906333923,0.7231286764144897,-0.1954020857810974
cmfbe_stgcn,test,2024-11-09,51.39619827270508,62.37078857421875,0.4223535656929016,0.3900752663612366,-16.638134002685547,0.04680776596069336,0.0,0.0,0.0,0.018235601484775543,0.019140154123306274,0.020801788195967674,51.902587890625,0.42072105407714844,0.6652504801750183,1.0967416763305664,0.3597075343132019,0.07801979035139084,0.14550825953483582,0.2834782898426056,0.0011670448584482074,0.20645947754383087,0.536615252494812,0.03125034645199776,0.508173406124115,0.7743250727653503,-0.26615166664123535
cmfbe_stgcn,test,2024-11-10,46.75419998168945,52.35182571411133,0.43809938430786133,0.41928577423095703,-4.641998291015625,0.015745818614959717,0.0,0.0,0.0,0.05088659003376961,0.05318064242601395,0.05749716982245445,66.18803405761719,0.3801470994949341,0.6652504801750183,1.0988329648971558,0.36372074484825134,0.07826780527830124,0.7021632194519043,0.28035813570022583,0.0011680573225021362,0.2024843692779541,0.5859351754188538,0.024876615032553673,1.0619571208953857,0.8132961392402649,0.24866098165512085
cmfbe_stgcn,test,2024-11-11,55.27299880981445,49.12568664550781,0.41023775935173035,0.42987293004989624,8.518798828125,-0.02786162495613098,1.0,1.0,1.0,0.08664557337760925,0.08949807286262512,0.09031906723976135,51.42323303222656,0.42226600646972656,0.6652504801750183,1.1283318996429443,0.367570161819458,0.09813284873962402,0.5590485334396362,0.28804636001586914,0.0008999696001410484,0.20198482275009155,0.6238089203834534,0.02705109864473343,0.946127712726593,0.8528448343276978,0.09328287839889526
cmfbe_stgcn,test,2024-11-12,60.32416534423828,80.88992309570312,0.39564749598503113,0.3465598225593567,5.051166534423828,-0.014590263366699219,0.0,0.0,0.0,0.7547988295555115,0.7721596360206604,0.7716204524040222,69.27242279052734,0.37252867221832275,0.6652504801750183,1.1313328742980957,0.35308676958084106,0.07761197537183762,0.701055109500885,0.28531989455223083,0.0009144997457042336,0.20476478338241577,0.603435754776001,0.03453635424375534,1.0649014711380005,0.8427368998527527,0.2221645712852478
cmfbe_stgcn,test,2024-11-13,77.5,72.80963897705078,0.3537357449531555,0.3641929626464844,17.17583465576172,-0.04191175103187561,1.0,1.0,1.0,0.39106371998786926,0.3733506500720978,0.38868004083633423,45.51184844970703,0.44257354736328125,0.6652504801750183,1.1057465076446533,0.3416619598865509,0.07691212743520737,0.18333615362644196,0.28276944160461426,0.0011666668578982353,0.20975631475448608,0.5806909203529358,0.03020426817238331,0.5441843867301941,0.8206515312194824,-0.27646714448928833
cmfbe_stgcn,test,2024-11-14,108.54566955566406,100.91671752929688,0.29717278480529785,0.3094251751899719,31.045669555664062,-0.056562960147857666,1.0,1.0,1.0,0.7622279524803162,0.7668805718421936,0.7687956094741821,59.52658462524414,0.3978695273399353,0.6652504801750183,1.0653184652328491,0.334335595369339,0.07646593451499939,0.13626554608345032,0.2728545069694519,0.0015527416253462434,0.2100851982831955,0.49649667739868164,0.04057270660996437,0.4871387183666229,0.7471545934677124,-0.2600158751010895
cmfbe_stgcn,test,2024-11-15,154.7183380126953,162.54135131835938,0.23747578263282776,0.22915583848953247,46.17266845703125,-0.05969700217247009,1.0,1.0,1.0,0.9119321703910828,0.9214017391204834,0.9203777313232422,158.7159881591797,0.23317325115203857,0.6652504801750183,1.0482009649276733,0.30850350856781006,0.0749087929725647,0.6870715618133545,0.26823925971984863,0.0018829770851880312,0.20955988764762878,0.40578317642211914,0.03970392420887947,1.0321025848388672,0.6550469994544983,0.3770555853843689
cmfbe_stgcn,test,2024-11-16,194.50782775878906,155.93824768066406,0.1988523155450821,0.23615121841430664,39.78948974609375,-0.038623467087745667,1.0,1.0,1.0,0.09618708491325378,0.09192807972431183,0.09278333932161331,150.5882110595703,0.24203842878341675,0.6652504801750183,0.9644912481307983,0.2810911238193512,0.07328368723392487,0.17156840860843658,0.2634018361568451,0.003706537652760744,0.2142581045627594,0.29136011004447937,0.033223289996385574,0.5119604468345642,0.5388414859771729,-0.026881039142608643
cmfbe_stgcn,test,2024-11-17,190.64332580566406,172.13783264160156,0.2022409737110138,0.21947717666625977,-3.864501953125,0.0033886581659317017,0.0,0.0,0.0,0.03349219635128975,0.03442509472370148,0.03487510606646538,195.5526885986328,0.19794762134552002,0.6652504801750183,0.8482305407524109,0.25733235478401184,0.07189776003360748,0.12094849348068237,0.2602480947971344,0.007401193492114544,0.2124919295310974,0.21098898351192474,0.031684719026088715,0.46049556136131287,0.45516565442085266,0.005329906940460205
cmfbe_stgcn,test,2024-11-18,165.2895965576172,202.4352264404297,0.22632724046707153,0.19210582971572876,-25.353729248046875,0.02408626675605774,0.0,0.0,0.0,0.08624052256345749,0.09046319127082825,0.08743108063936234,198.57388305664062,0.19535845518112183,0.6652504801750183,0.6589049696922302,0.21495196223258972,0.06947723031044006,0.15545301139354706,0.19671054184436798,0.010851985774934292,0.21212303638458252,0.13012480735778809,0.049696508795022964,0.43249276280403137,0.39194434881210327,0.0405484139919281
cmfbe_stgcn,test,2024-11-19,180.87783813476562,173.07077026367188,0.21111825108528137,0.21856504678726196,15.588241577148438,-0.015208989381790161,0.0,0.0,0.0,0.030673377215862274,0.03255678340792656,0.03223966062068939,178.7057647705078,0.21315747499465942,0.6652504801750183,0.7912764549255371,0.25519344210624695,0.08971753716468811,0.15549734234809875,0.23643212020397186,0.00792422890663147,0.21160751581192017,0.13839881122112274,0.06197502091526985,0.4895712435245514,0.41198137402534485,0.07758986949920654
cmfbe_stgcn,test,2024-11-20,157.04266357421875,190.27700805664062,0.23496094346046448,0.2025657296180725,-23.835174560546875,0.023842692375183105,0.0,0.0,0.0,0.01115883607417345,0.012386326678097248,0.012723397463560104,277.4269104003906,0.1388416290283203,0.6652504801750183,0.955918550491333,0.2881077527999878,0.09212122857570648,0.5031958818435669,0.27703723311424255,0.0036497246474027634,0.2129736989736557,0.18544583022594452,0.051764290779829025,0.8760040998458862,0.45018380880355835,0.4258202910423279
cmfbe_stgcn,test,2024-11-21,159.2792510986328,141.97152709960938,0.23257572948932648,0.25197166204452515,2.2365875244140625,-0.0023852139711380005,0.0,0.0,0.0,0.00788805726915598,0.00888257659971714,0.009423661977052689,144.76852416992188,0.2486831545829773,0.6652504801750183,1.0072728395462036,0.3044891059398651,0.093336321413517,0.08974076062440872,0.27807772159576416,0.002499241381883621,0.21540096402168274,0.2860940992832184,0.043004442006349564,0.4636540710926056,0.5444995164871216,-0.08084544539451599
cmfbe_stgcn,test,2024-11-22,96.08450317382812,138.29898071289062,0.31766995787620544,0.25638866424560547,-63.19474792480469,0.08509422838687897,0.0,0.0,0.0,0.006117612589150667,0.006816128734499216,0.007564247120171785,139.02781677246094,0.25550293922424316,0.6652504801750183,1.0615544319152832,0.3325728476047516,0.09544860571622849,0.10922902077436447,0.2845412492752075,0.001633395324461162,0.221845343708992,0.35761651396751404,0.04646674916148186,0.4908522963523865,0.6259286403656006,-0.1350763440132141
cmfbe_stgcn,test,2024-11-23,66.27283477783203,78.42980194091797,0.3799329996109009,0.3517370820045471,-29.811668395996094,0.062263041734695435,0.0,0.0,0.0,0.006512726657092571,0.0071904417127370834,0.00812461320310831,75.92472076416016,0.3571764826774597,0.6652504801750183,1.103825569152832,0.36540451645851135,0.0783720463514328,0.14370064437389374,0.2821795344352722,0.001100317807868123,0.21664175391197205,0.47477617859840393,0.046688877046108246,0.5053524971008301,0.7381067872047424,-0.23275429010391235
cmfbe_stgcn,test,2024-11-24,55.54033279418945,69.32719421386719,0.4094333350658417,0.37239640951156616,-10.732501983642578,0.029500335454940796,0.0,0.0,0.0,0.023445729166269302,0.025223203003406525,0.026593293994665146,49.59877395629883,0.42827844619750977,0.6652504801750183,1.130472183227539,0.3605455458164215,0.0975894182920456,0.15912534296512604,0.2835942506790161,0.0008287649834528565,0.2150544822216034,0.5662612915039062,0.04465116187930107,0.5411377549171448,0.8259669542312622,-0.28482919931411743
cmfbe_stgcn,test,2024-11-25,51.41699981689453,62.33390426635742,0.4222862124443054,0.39017409086227417,-4.123332977294922,0.012852877378463745,0.0,0.0,0.0,0.024312838912010193,0.025448674336075783,0.026624973863363266,40.76854705810547,0.4608308672904968,0.6652504801750183,1.124107003211975,0.36669206619262695,0.09806478023529053,0.16262507438659668,0.28337562084198,0.0007878487231209874,0.2053060084581375,0.5954935550689697,0.04686417803168297,0.5448533296585083,0.8476637005805969,-0.3028103709220886
cmfbe_stgcn,test,2024-11-26,81.43599700927734,61.62043380737305,0.34543171525001526,0.3920970559120178,30.018997192382812,-0.07685449719429016,1.0,1.0,1.0,0.018606796860694885,0.02033553458750248,0.022011222317814827,61.132080078125,0.39342594146728516,0.6652504801750183,1.137507438659668,0.3968166708946228,0.1004205271601677,0.6576146483421326,0.2843306362628937,0.0006273363251239061,0.20076248049736023,0.6226536631584167,0.04954545572400093,1.0429930686950684,0.8729615807533264,0.17003148794174194
cmfbe_stgcn,test,2024-11-27,83.51333618164062,95.31523132324219,0.34120750427246094,0.31902021169662476,2.0773391723632812,-0.004224210977554321,0.0,0.0,0.0,0.06739506125450134,0.06674589216709137,0.07337766885757446,67.82758331298828,0.37605488300323486,0.6652504801750183,1.117940068244934,0.37391698360443115,0.07890066504478455,0.2471136748790741,0.28066399693489075,0.0007028523250482976,0.207260861992836,0.5297359824180603,0.05080182105302811,0.6073812246322632,0.7877986431121826,-0.18041741847991943
cmfbe_stgcn,test,2024-11-28,89.02716827392578,98.96367645263672,0.3304798901081085,0.31270939111709595,5.513832092285156,-0.010727614164352417,0.0,0.0,0.0,0.07781845331192017,0.07792870700359344,0.08196679502725601,69.57474517822266,0.3718000054359436,0.6652504801750183,1.1460537910461426,0.39233991503715515,0.10006770491600037,0.24054332077503204,0.2881999611854553,0.00048591571976430714,0.2068995088338852,0.5506398677825928,0.05199451372027397,0.6292968988418579,0.8095338940620422,-0.18023699522018433
cmfbe_stgcn,test,2024-11-29,116.90283203125,100.45545959472656,0.28469398617744446,0.3101951479911804,27.87566375732422,-0.04578590393066406,1.0,1.0,1.0,0.09109698981046677,0.09169726818799973,0.09583224356174469,65.85356140136719,0.38099414110183716,0.6652504801750183,1.167257308959961,0.420957088470459,0.10233955085277557,0.14591465890407562,0.2882061302661896,0.00034136453177779913,0.2102321982383728,0.5621271729469299,0.062049269676208496,0.5368016958236694,0.8344086408615112,-0.2976069450378418
cmfbe_stgcn,test,2024-11-30,136.15066528320312,119.61015319824219,0.25902679562568665,0.28084057569503784,19.247833251953125,-0.025667190551757812,0.0,0.0,0.0,0.03029160387814045,0.029577868059277534,0.031643617898225784,87.88617706298828,0.33264482021331787,0.6652504801750183,1.1353079080581665,0.3624476492404938,0.07818906754255295,0.1435583531856537,0.2758966088294983,0.00042354720062576234,0.21589146554470062,0.4973686933517456,0.06731139123439789,0.49806758761405945,0.7805715799331665,-0.28250399231910706
cmfbe_stgcn,test,2024-12-01,149.07850646972656,133.76853942871094,0.2437373548746109,0.26200079917907715,12.927841186523438,-0.015289440751075745,0.0,0.0,0.0,0.01775246299803257,0.018048662692308426,0.019129935652017593,105.42276000976562,0.3020818829536438,0.6652504801750183,1.039576530456543,0.2805720865726471,0.07325318455696106,0.09561532735824585,0.26589712500572205,0.0009479918517172337,0.21412423253059387,0.40396538376808167,0.07128468155860901,0.43571361899375916,0.6893743276596069,-0.2536607086658478
cmfbe_stgcn,test,2024-12-02,180.03782653808594,146.53884887695312,0.21190398931503296,0.24663418531417847,30.959320068359375,-0.03183336555957794,1.0,1.0,1.0,0.016248883679509163,0.016482006758451462,0.017448091879487038,120.00936126708984,0.2802796959877014,0.6652504801750183,0.9913450479507446,0.27812063694000244,0.07310926169157028,0.07330664992332458,0.26377207040786743,0.001489700865931809,0.21742580831050873,0.3332972228527069,0.07624532282352448,0.41167768836021423,0.6269683241844177,-0.2152906358242035
cmfbe_stgcn,test,2024-12-03,198.78750610351562,164.7331085205078,0.195176899433136,0.22689616680145264,18.749679565429688,-0.016727089881896973,0.0,0.0,0.0,0.012272702530026436,0.01321136113256216,0.013514806516468525,153.36875915527344,0.23895323276519775,0.6652504801750183,0.9556430578231812,0.28279033303260803,0.07338360697031021,0.07535424828529358,0.25566366314888,0.002070901682600379,0.22199903428554535,0.26354748010635376,0.08028779923915863,0.40647241473197937,0.5658343434333801,-0.15936192870140076
cmfbe_stgcn,test,2024-12-04,174.9654998779297,185.61404418945312,0.21672752499580383,0.20675480365753174,-23.822006225585938,0.021550625562667847,0.0,0.0,0.0,0.00920205470174551,0.01027869712561369,0.01068346668034792,175.403564453125,0.21630549430847168,0.6652504801750183,0.913478434085846,0.27856922149658203,0.07313557714223862,0.07075893878936768,0.24905212223529816,0.0028594827745109797,0.22066959738731384,0.21570535004138947,0.08391136676073074,0.39580613374710083,0.5202863216400146,-0.12448018789291382
cmfbe_stgcn,test,2024-12-05,165.18482971191406,161.41744995117188,0.22643421590328217,0.2303263545036316,-9.780670166015625,0.009706690907478333,0.0,0.0,0.0,0.005856442730873823,0.006754317320883274,0.007022274192422628,158.0800323486328,0.2338504195213318,0.6652504801750183,0.966975748538971,0.2917183041572571,0.09238797426223755,0.08043555915355682,0.26669299602508545,0.0019409109372645617,0.2183220237493515,0.24335461854934692,0.08066115528345108,0.44145745038986206,0.5423378348350525,-0.10088038444519043
cmfbe_stgcn,test,2024-12-06,137.61050415039062,148.11463928222656,0.25722968578338623,0.24483096599578857,-27.574325561523438,0.030795469880104065,0.0,0.0,0.0,0.004100649617612362,0.004902324639260769,0.005255014169961214,157.49513244628906,0.23447567224502563,0.6652504801750183,0.9936144948005676,0.28339341282844543,0.0917738676071167,0.16296003758907318,0.2673201858997345,0.001413140445947647,0.22110708057880402,0.27204272150993347,0.07769410312175751,0.5234672427177429,0.5708439350128174,-0.04737669229507446
cmfbe_stgcn,test,2024-12-07,131.4774932861328,121.77896118164062,0.26491105556488037,0.2778155207633972,-6.1330108642578125,0.007681369781494141,0.0,0.0,0.0,0.0033806362189352512,0.004034822341054678,0.004412258043885231,136.08358764648438,0.2591097950935364,0.6652504801750183,1.0443193912506104,0.3030937612056732,0.09323232620954514,0.2658274173736572,0.27477243542671204,0.0008491228218190372,0.22179396450519562,0.3478138744831085,0.0761505663394928,0.6346813440322876,0.6457583904266357,-0.011077046394348145
cmfbe_stgcn,test,2024-12-08,107.16200256347656,104.02006530761719,0.29933035373687744,0.3043339252471924,-24.31549072265625,0.03441929817199707,0.0,0.0,0.0,0.006265308242291212,0.007106376811861992,0.008196099661290646,128.56256103515625,0.26868748664855957,0.6652504801750183,1.0817101001739502,0.36591270565986633,0.0784035325050354,0.3002152740955353,0.2718499004840851,0.0005637683789245784,0.2154366821050644,0.37871864438056946,0.07912589609622955,0.6510324478149414,0.673281192779541,-0.02224874496459961
cmfbe_stgcn,test,2024-12-09,90.2308349609375,114.29397583007812,0.3282255530357361,0.2884919047355652,-16.931167602539062,0.028895199298858643,0.0,0.0,0.0,0.03878273442387581,0.03975776955485344,0.04314025491476059,84.96480560302734,0.3383170962333679,0.6652504801750183,1.0715022087097168,0.3285191059112549,0.07611313462257385,0.14196068048477173,0.26822903752326965,0.0005895952344872057,0.21894502639770508,0.41093674302101135,0.08670270442962646,0.4868924617767334,0.7165844440460205,-0.2296919822692871
cmfbe_stgcn,test,2024-12-10,79.02449798583984,91.24828338623047,0.35047104954719543,0.3263430595397949,-11.206336975097656,0.02224549651145935,0.0,0.0,0.0,0.013542279601097107,0.013925263658165932,0.014839726500213146,70.33509063720703,0.3699811100959778,0.6652504801750183,1.119484782218933,0.3417247533798218,0.09614494442939758,0.13952356576919556,0.28366050124168396,0.00027624951326288283,0.20869094133377075,0.4768342971801758,0.080084428191185,0.519605278968811,0.7656096816062927,-0.2460044026374817
cmfbe_stgcn,test,2024-12-11,68.08466339111328,77.06791687011719,0.37542209029197693,0.35467255115509033,-10.939834594726562,0.024951040744781494,0.0,0.0,0.0,0.011590673588216305,0.01214869786053896,0.01355197187513113,69.58106994628906,0.3717848062515259,0.6652504801750183,1.087170124053955,0.3616798222064972,0.07814160734415054,0.29973214864730835,0.2701904773712158,0.00042523207957856357,0.20330607891082764,0.485746830701828,0.08500724285840988,0.6484894752502441,0.7740601897239685,-0.12557071447372437
cmfbe_stgcn,test,2024-12-12,71.43866729736328,88.08271789550781,0.36737537384033203,0.33226990699768066,3.35400390625,-0.008046716451644897,0.0,0.0,0.0,0.07377814501523972,0.0719037652015686,0.07416202872991562,115.81121826171875,0.2862728238105774,0.6652504801750183,1.0977106094360352,0.3589763641357422,0.09746834635734558,0.966925859451294,0.27487581968307495,0.00039361361996270716,0.20214180648326874,0.5266587138175964,0.08563695847988129,1.3396637439727783,0.8144375085830688,0.5252262353897095
cmfbe_stgcn,test,2024-12-13,77.18299865722656,102.39863586425781,0.35442256927490234,0.30697494745254517,5.744331359863281,-0.012952804565429688,0.0,0.0,0.0,0.8489060997962952,0.8535769581794739,0.8542429208755493,81.30904388427734,0.34569329023361206,0.6652504801750183,1.0816084146499634,0.34206509590148926,0.0769367441534996,0.5559495687484741,0.2723916471004486,0.00046390341594815254,0.20254606008529663,0.491136759519577,0.0843181386590004,0.9057418704032898,0.7780009508132935,0.12774091958999634
cmfbe_stgcn,test,2024-12-14,87.8028335571289,111.67578125,0.3328040540218353,0.2923908233642578,10.619834899902344,-0.021618515253067017,0.0,0.0,0.0,0.9011158347129822,0.9078089594841003,0.9042650461196899,87.62458801269531,0.3331450819969177,0.6652504801750183,1.1127655506134033,0.37956029176712036,0.09906579554080963,0.5353469252586365,0.27937042713165283,0.00032273668330162764,0.208853617310524,0.5038467645645142,0.07604832947254181,0.9141058921813965,0.7887486815452576,0.12535721063613892
cmfbe_stgcn,test,2024-12-15,93.36699676513672,119.96771240234375,0.32248878479003906,0.2803381085395813,5.5641632080078125,-0.010315269231796265,0.0,0.0,0.0,0.7276897430419922,0.733136773109436,0.7427530884742737,66.4027099609375,0.37960559129714966,0.6652504801750183,1.103991150856018,0.36319658160209656,0.07823538780212402,0.1444050371646881,0.2763497531414032,0.0002949214249383658,0.21429379284381866,0.47946640849113464,0.0812583938241005,0.49928510189056396,0.7750186324119568,-0.2757335305213928
cmfbe_stgcn,test,2024-12-16,91.2248306274414,102.27890014648438,0.3263862431049347,0.3071715831756592,-2.1421661376953125,0.00389745831489563,0.0,0.0,0.0,0.056755565106868744,0.05498044937849045,0.05692674219608307,69.80470275878906,0.3712478280067444,0.6652504801750183,1.0504393577575684,0.3188553750514984,0.09441223740577698,0.08596940338611603,0.2800251245498657,0.0003903969482053071,0.20950348675251007,0.45863401889801025,0.07992615550756454,0.46079719066619873,0.7480636239051819,-0.28726643323898315
cmfbe_stgcn,test,2024-12-17,101.2701644897461,99.3380355834961,0.30883756279945374,0.3120749592781067,10.045333862304688,-0.017548680305480957,0.0,0.0,0.0,0.0562068335711956,0.05323290824890137,0.054472554475069046,66.33692169189453,0.37977135181427,0.6652504801750183,1.036410927772522,0.2943675220012665,0.07406726479530334,0.08279797434806824,0.2751719355583191,0.00039539553108625114,0.21171382069587708,0.4518713057041168,0.08336813747882843,0.4324325621128082,0.7469532489776611,-0.3145206868648529
cmfbe_stgcn,test,2024-12-18,110.45600128173828,104.29460144042969,0.2942383587360382,0.30389076471328735,9.185836791992188,-0.014599204063415527,0.0,0.0,0.0,0.030314836651086807,0.029878171160817146,0.030992651358246803,74.09222412109375,0.36126887798309326,0.6652504801750183,0.9780945181846619,0.27120545506477356,0.0727044865489006,0.057396940886974335,0.26786497235298157,0.0006575038423761725,0.22143296897411346,0.39968276023864746,0.08640909194946289,0.39862388372421265,0.707524836063385,-0.30890095233917236
cmfbe_stgcn,test,2024-12-19,114.97799682617188,126.98370361328125,0.2874878942966461,0.27076858282089233,4.521995544433594,-0.00675046443939209,0.0,0.0,0.0,0.7556765079498291,0.7910588383674622,0.7701382637023926,85.7786636352539,0.33671772480010986,0.6652504801750183,0.9461890459060669,0.3034367859363556,0.07460630685091019,0.06469488143920898,0.2590765953063965,0.0008631827076897025,0.21437852084636688,0.34532254934310913,0.08980882912874222,0.39924097061157227,0.6495099067687988,-0.25026893615722656
cmfbe_stgcn,test,2024-12-20,115.27100372314453,108.14512634277344,0.28705963492393494,0.29779452085494995,0.29300689697265625,-0.00042825937271118164,0.0,0.0,0.0,0.01493111439049244,0.01587904430925846,0.015741964802145958,91.78596496582031,0.3253566026687622,0.6652504801750183,0.9976959228515625,0.2965702414512634,0.09274737536907196,0.06701754033565521,0.2748952805995941,0.0004573203332256526,0.21209579706192017,0.3532809019088745,0.09284593164920807,0.4351175129413605,0.6582226157188416,-0.22310510277748108
cmfbe_stgcn,test,2024-12-21,102.09300231933594,120.61907196044922,0.3074774146080017,0.279426634311676,-13.178001403808594,0.020417779684066772,0.0,0.0,0.0,0.04931551218032837,0.052313584834337234,0.052833158522844315,92.72694396972656,0.32364392280578613,0.6652504801750183,1.041473388671875,0.3215829133987427,0.09461760520935059,0.09029611945152283,0.2774491310119629,0.00026731984689831734,0.21022941172122955,0.3826497495174408,0.08528884500265121,0.46263018250465393,0.678167998790741,-0.21553781628608704
cmfbe_stgcn,test,2024-12-22,89.32866668701172,105.37836456298828,0.329912394285202,0.30215269327163696,-12.764335632324219,0.022434979677200317,0.0,0.0,0.0,0.08018786460161209,0.0888674408197403,0.09023299068212509,76.8934555053711,0.3550523519515991,0.6652504801750183,1.0312963724136353,0.3472362756729126,0.07725297659635544,0.09263772517442703,0.2716383635997772,0.0002937696408480406,0.21311987936496735,0.4155939817428589,0.09339846670627594,0.4418228268623352,0.7221122980117798,-0.2802894711494446
cmfbe_stgcn,test,2024-12-23,78.94550323486328,67.86924743652344,0.3506386876106262,0.37595218420028687,-10.383163452148438,0.020726293325424194,0.0,0.0,0.0,0.047071587294340134,0.04583621025085449,0.04894626885652542,67.8900375366211,0.37590092420578003,0.6652504801750183,1.1135276556015015,0.3715665638446808,0.09844303876161575,0.1371038556098938,0.2824559211730957,9.354405483463779e-05,0.21441234648227692,0.48748987913131714,0.08713719248771667,0.5180963277816772,0.7890393733978271,-0.2709430456161499
cmfbe_stgcn,test,2024-12-24,74.2873306274414,77.49644470214844,0.3608284294605255,0.35374343395233154,-4.658172607421875,0.010189741849899292,0.0,0.0,0.0,0.025003116577863693,0.025072982534766197,0.026425598189234734,58.0318603515625,0.40211379528045654,0.6652504801750183,1.1199686527252197,0.36224067211151123,0.09772033244371414,0.1371038556098938,0.2812056243419647,6.061634121579118e-05,0.2121870368719101,0.5212280750274658,0.08594335615634918,0.516090452671051,0.8193584680557251,-0.3032680153846741
cmfbe_stgcn,test,2024-12-25,67.9352035522461,75.37921142578125,0.37578970193862915,0.35838449001312256,-6.3521270751953125,0.014961272478103638,0.0,0.0,0.0,0.049703776836395264,0.046809833496809006,0.04945975914597511,52.33597946166992,0.419336199760437,0.6652504801750183,1.1048593521118164,0.33516570925712585,0.07651638984680176,0.1412140429019928,0.27267026901245117,7.198748062364757e-05,0.2131028026342392,0.5287670493125916,0.09330350160598755,0.490472674369812,0.8351733684539795,-0.3447006940841675
cmfbe_stgcn,test,2024-12-26,167.7779998779297,70.24490356445312,0.22380609810352325,0.3701958656311035,99.8427963256836,-0.1519836038351059,1.0,1.0,1.0,0.05095566809177399,0.04955862835049629,0.05020925775170326,47.79267120361328,0.4344478249549866,0.6652504801750183,1.1258578300476074,0.352806031703949,0.09699338674545288,0.13968005776405334,0.28122633695602417,6.916639540577307e-05,0.21181459724903107,0.5552046895027161,0.09653662145137787,0.5179688930511475,0.863555908203125,-0.34558701515197754
cmfbe_stgcn,test,2024-12-27,64.22650146484375,172.97666931152344,0.38517624139785767,0.21865683794021606,-103.55149841308594,0.1613701432943344,0.0,0.0,0.0,0.12840571999549866,0.12088532745838165,0.12220286577939987,136.98033142089844,0.2580031156539917,0.6652504801750183,1.0869909524917603,0.35345137119293213,0.07763438671827316,0.1412140429019928,0.26766711473464966,0.00010670543269952759,0.2203885316848755,0.36414092779159546,0.10356612503528595,0.48662224411964417,0.6880955696105957,-0.20147332549095154
cmfbe_stgcn,test,2024-12-28,74.37666320800781,82.43536376953125,0.360627144575119,0.3433864116668701,10.150161743164062,-0.024549096822738647,0.0,0.0,0.0,0.38647305965423584,0.3841345012187958,0.3797168731689453,45.37274169921875,0.44308197498321533,0.6652504801750183,1.1185853481292725,0.3670881688594818,0.09809546917676926,0.1407596468925476,0.27750441431999207,6.507983198389411e-05,0.21231721341609955,0.5488687753677368,0.09639280289411545,0.5164246559143066,0.8575788140296936,-0.34115415811538696
cmfbe_stgcn,test,2024-12-29,85.7941665649414,92.732177734375,0.33668744564056396,0.32363444566726685,11.417503356933594,-0.023939698934555054,0.0,0.0,0.0,0.2910917401313782,0.2822315990924835,0.28074055910110474,53.652015686035156,0.4151989221572876,0.6652504801750183,1.1296669244766235,0.3648613691329956,0.09792301058769226,0.1407596468925476,0.2780551612377167,5.63598150620237e-05,0.21377594769001007,0.5257209539413452,0.09880910068750381,0.5167942047119141,0.8383060097694397,-0.32151180505752563
cmfbe_stgcn,test,2024-12-30,99.94066619873047,104.71034240722656,0.31105858087539673,0.3032219409942627,14.146499633789062,-0.025628864765167236,0.0,0.0,0.0,0.27466750144958496,0.25739702582359314,0.26283711194992065,62.43098068237305,0.3899140954017639,0.6652504801750183,1.1061545610427856,0.3423071503639221,0.0769515261054039,0.1371038556098938,0.27071917057037354,7.883587386459112e-05,0.20765580236911774,0.4969390630722046,0.09384553134441376,0.4848533868789673,0.7984403967857361,-0.3135870099067688
cmfbe_stgcn,test,2024-12-31,119.64679718017578,116.94190216064453,0.28078901767730713,0.2846377491950989,19.706130981445312,-0.0302695631980896,1.0,1.0,1.0,0.21250583231449127,0.19683925807476044,0.20480863749980927,73.29480743408203,0.3630809187889099,0.6652504801750183,0.9992325305938721,0.31368371844291687,0.0752190425992012,0.06569314748048782,0.26476573944091797,0.00021030157222412527,0.21008478105068207,0.40930667519569397,0.09298871457576752,0.40588822960853577,0.7123801708221436,-0.3064919412136078
ridge_window_baseline,train,2022-01-22,84.2066650390625,95.79541015625,0.3398207128047943,0.28047919273376465,,,,,,,,,,,,,,,,,,,,,,,
ridge_window_baseline,train,2022-01-23,92.17333221435547,101.43798828125,0.32464948296546936,0.31720471382141113,,,,,,,,,,,,,,,,,,,,,,,
ridge_window_baseline,train,2022-01-24,75.00499725341797,99.626953125,0.35921812057495117,0.3496735095977783,,,,,,,,,,,,,,,,,,,,,,,
ridge_window_baseline,train,2022-01-25,69.82833099365234,90.07568359375,0.37119120359420776,0.36180996894836426,,,,,,,,,,,,,,,,,,,,,,,
ridge_window_baseline,train,2022-01-26,55.17166519165039,88.0146484375,0.41054368019104004,0.40265345573425293,,,,,,,,,,,,,,,,,,,,,,,
ridge_window_baseline,train,2022-01-27,51.936668395996094,42.24072265625,0.42061173915863037,0.46311235427856445,,,,,,,,,,,,,,,,,,,,,,,
ridge_window_baseline,train,2022-01-28,41.20833206176758,6.9267578125,0.45905306935310364,0.44994449615478516,,,,,,,,,,,,,,,,,,,,,,,
ridge_window_baseline,train,2022-09-29,556.7913208007812,545.65283203125,0.02090483345091343,0.02535414695739746,,,,,,,,,,,,,,,,,,,,,,,
ridge_window_baseline,train,2022-09-30,610.4828491210938,622.13525390625,0.005305862985551357,0.0018815994262695312,,,,,,,,,,,,,,,,,,,,,,,
ridge_window_baseline,train,2022-10-01,604.0363159179688,612.3720703125,0.0071047767996788025,0.00047779083251953125,,,,,,,,,,,,,,,,,,,,,,,
ridge_window_baseline,train,2022-10-02,476.975341796875,471.201171875,0.04711629077792168,0.044078826904296875,,,,,,,,,,,,,,,,,,,,,,,
ridge_window_baseline,train,2022-11-21,191.15699768066406,174.228515625,0.20178663730621338,0.23299098014831543,,,,,,,,,,,,,,,,,,,,,,,
ridge_window_baseline,train,2022-11-22,268.1426696777344,256.427734375,0.14459803700447083,0.14629054069519043,,,,,,,,,,,,,,,,,,,,,,,
ridge_window_baseline,train,2022-11-23,336.93798828125,329.18896484375,0.1059628278017044,0.10406041145324707,,,,,,,,,,,,,,,,,,,,,,,
ridge_window_baseline,train,2022-11-24,322.3516540527344,307.10693359375,0.11345186829566956,0.13184499740600586,,,,,,,,,,,,,,,,,,,,,,,
ridge_window_baseline,train,2022-11-25,359.2120056152344,424.3896484375,0.09512859582901001,0.08419108390808105,,,,,,,,,,,,,,,,,,,,,,,
ridge_window_baseline,train,2022-11-26,365.5393371582031,339.30810546875,0.09217298775911331,0.09395956993103027,,,,,,,,,,,,,,,,,,,,,,,
ridge_window_baseline,train,2022-11-27,454.0268249511719,413.7451171875,0.05546771362423897,0.09229516983032227,,,,,,,,,,,,,,,,,,,,,,,
ridge_window_baseline,train,2022-11-28,481.3721618652344,474.29541015625,0.04556205868721008,0.040445804595947266,,,,,,,,,,,,,,,,,,,,,,,
ridge_window_baseline,train,2022-11-29,306.13616943359375,344.47265625,0.12218461185693741,0.08895754814147949,,,,,,,,,,,,,,,,,,,,,,,
ridge_window_baseline,train,2022-11-30,236.56149291992188,163.10986328125,0.16578352451324463,0.1701343059539795,,,,,,,,,,,,,,,,,,,,,,,
ridge_window_baseline,train,2022-12-01,240.163330078125,217.04541015625,0.16322936117649078,0.1620016098022461,,,,,,,,,,,,,,,,,,,,,,,
ridge_window_baseline,train,2022-12-02,281.62615966796875,304.02197265625,0.13630081713199615,0.17009425163269043,,,,,,,,,,,,,,,,,,,,,,,
ridge_window_baseline,train,2022-12-03,198.88265991210938,170.11328125,0.19509606063365936,0.1925647258758545,,,,,,,,,,,,,,,,,,,,,,,
ridge_window_baseline,train,2022-12-04,169.0366668701172,152.85791015625,0.22254499793052673,0.20378327369689941,,,,,,,,,,,,,,,,,,,,,,,
ridge_window_baseline,train,2022-12-05,182.67166137695312,173.98486328125,0.20945237576961517,0.2005918025970459,,,,,,,,,,,,,,,,,,,,,,,
ridge_window_baseline,train,2022-12-06,235.42550659179688,254.8193359375,0.1665971279144287,0.16494345664978027,,,,,,,,,,,,,,,,,,,,,,,
ridge_window_baseline,train,2022-12-07,263.2138366699219,291.66552734375,0.14773522317409515,0.12686419486999512,,,,,,,,,,,,,,,,,,,,,,,
ridge_window_baseline,train,2022-12-08,210.17550659179688,208.40478515625,0.18576760590076447,0.19702458381652832,,,,,,,,,,,,,,,,,,,,,,,
ridge_window_baseline,train,2022-12-09,178.12399291992188,212.7490234375,0.21370787918567657,0.1902601718902588,,,,,,,,,,,,,,,,,,,,,,,
ridge_window_baseline,train,2022-12-10,200.36000061035156,212.20458984375,0.19384616613388062,0.18114209175109863,,,,,,,,,,,,,,,,,,,,,,,
ridge_window_baseline,train,2022-12-11,206.45016479492188,177.142578125,0.18878860771656036,0.16603827476501465,,,,,,,,,,,,,,,,,,,,,,,
ridge_window_baseline,train,2022-12-12,203.74183654785156,207.93505859375,0.19101914763450623,0.19969630241394043,,,,,,,,,,,,,,,,,,,,,,,
ridge_window_baseline,train,2022-12-13,174.2431640625,170.32958984375,0.21742571890354156,0.2305314540863037,,,,,,,,,,,,,,,,,,,,,,,
ridge_window_baseline,train,2022-12-14,182.4808349609375,138.70458984375,0.20962882041931152,0.19441580772399902,,,,,,,,,,,,,,,,,,,,,,,
ridge_window_baseline,train,2022-12-15,169.62100219726562,211.18798828125,0.22196270525455475,0.2209186553955078,,,,,,,,,,,,,,,,,,,,,,,
ridge_window_baseline,train,2022-12-16,145.82217407226562,117.56689453125,0.2474607229232788,0.24938178062438965,,,,,,,,,,,,,,,,,,,,,,,
ridge_window_baseline,train,2022-12-17,131.33250427246094,141.63427734375,0.2650969326496124,0.25609469413757324,,,,,,,,,,,,,,,,,,,,,,,
ridge_window_baseline,train,2022-12-18,135.7548370361328,138.044921875,0.2595174014568329,0.253373384475708,,,,,,,,,,,,,,,,,,,,,,,
ridge_window_baseline,train,2022-12-19,164.559326171875,168.88818359375,0.2270742803812027,0.25017809867858887,,,,,,,,,,,,,,,,,,,,,,,
ridge_window_baseline,train,2022-12-20,168.4429931640625,147.58544921875,0.22313864529132843,0.23134851455688477,,,,,,,,,,,,,,,,,,,,,,,
ridge_window_baseline,train,2022-12-21,172.42967224121094,187.28125,0.21919137239456177,0.21824026107788086,,,,,,,,,,,,,,,,,,,,,,,
ridge_window_baseline,train,2022-12-22,202.52200317382812,173.35791015625,0.19203343987464905,0.21372389793395996,,,,,,,,,,,,,,,,,,,,,,,
ridge_window_baseline,train,2022-12-23,196.85133361816406,225.42041015625,0.19682984054088593,0.20710444450378418,,,,,,,,,,,,,,,,,,,,,,,
ridge_window_baseline,train,2022-12-24,80.6238021850586,105.72607421875,0.3471123278141022,0.32149481773376465,,,,,,,,,,,,,,,,,,,,,,,
ridge_window_baseline,train,2022-12-25,267.6390075683594,213.73681640625,0.14491598308086395,0.17112374305725098,,,,,,,,,,,,,,,,,,,,,,,
ridge_window_baseline,train,2022-12-26,111.96817016601562,154.04052734375,0.2919509708881378,0.25490570068359375,,,,,,,,,,,,,,,,,,,,,,,
ridge_window_baseline,train,2022-12-27,305.878173828125,290.15576171875,0.12232725322246552,0.11574435234069824,,,,,,,,,,,,,,,,,,,,,,,
ridge_window_baseline,train,2022-12-28,271.11151123046875,304.28857421875,0.14273600280284882,0.12636446952819824,,,,,,,,,,,,,,,,,,,,,,,
ridge_window_baseline,train,2022-12-29,243.79733276367188,257.85400390625,0.1606907695531845,0.14180254936218262,,,,,,,,,,,,,,,,,,,,,,,
ridge_window_baseline,train,2022-12-30,219.92433166503906,157.267578125,0.1781073361635208,0.18193268775939941,,,,,,,,,,,,,,,,,,,,,,,
ridge_window_baseline,train,2022-12-31,191.427001953125,227.97021484375,0.20154830813407898,0.18240809440612793,,,,,,,,,,,,,,,,,,,,,,,
ridge_window_baseline,train,2023-01-01,150.5001678466797,186.2080078125,0.24213705956935883,0.21165251731872559,,,,,,,,,,,,,,,,,,,,,,,
ridge_window_baseline,train,2023-01-02,123.01349639892578,124.1611328125,0.27611735463142395,0.26552271842956543,,,,,,,,,,,,,,,,,,,,,,,
ridge_window_baseline,train,2023-01-03,123.94249725341797,155.23876953125,0.27485060691833496,0.2664034366607666,,,,,,,,,,,,,,,,,,,,,,,
ridge_window_baseline,train,2023-01-04,143.78533935546875,129.48095703125,0.2498319149017334,0.2579977512359619,,,,,,,,,,,,,,,,,,,,,,,
ridge_window_baseline,train,2023-01-05,150.170166015625,119.349609375,0.2425071746110916,0.2622511386871338,,,,,,,,,,,,,,,,,,,,,,,
ridge_window_baseline,train,2023-01-06,153.40933227539062,172.46435546875,0.23890863358974457,0.22898244857788086,,,,,,,,,,,,,,,,,,,,,,,
ridge_window_baseline,train,2023-01-07,152.75149536132812,137.25146484375,0.23963330686092377,0.21790456771850586,,,,,,,,,,,,,,,,,,,,,,,
ridge_window_baseline,train,2023-01-08,139.56100463867188,130.83935546875,0.2548578679561615,0.2474973201751709,,,,,,,,,,,,,,,,,,,,,,,
ridge_window_baseline,train,2023-01-09,207.91883850097656,174.2255859375,0.18759118020534515,0.18826651573181152,,,,,,,,,,,,,,,,,,,,,,,
ridge_window_baseline,train,2023-01-10,201.59317016601562,221.35986328125,0.1928098499774933,0.1912686824798584,,,,,,,,,,,,,,,,,,,,,,,
ridge_window_baseline,train,2023-01-11,195.67767333984375,218.48779296875,0.19783972203731537,0.18004345893859863,,,,,,,,,,,,,,,,,,,,,,,
ridge_window_baseline,train,2023-01-12,179.91366577148438,220.36865234375,0.21202044188976288,0.21071982383728027,,,,,,,,,,,,,,,,,,,,,,,
ridge_window_baseline,train,2023-01-13,146.9586639404297,143.17236328125,0.24615192413330078,0.2733180522918701,,,,,,,,,,,,,,,,,,,,,,,
ridge_window_baseline,train,2023-01-14,132.59283447265625,172.28564453125,0.2634880244731903,0.265972375869751,,,,,,,,,,,,,,,,,,,,,,,
ridge_window_baseline,train,2023-01-15,110.06366729736328,104.43994140625,0.2948368787765503,0.31641650199890137,,,,,,,,,,,,,,,,,,,,,,,
ridge_window_baseline,train,2023-01-16,98.85566711425781,105.82763671875,0.3128929138183594,0.36414241790771484,,,,,,,,,,,,,,,,,,,,,,,
ridge_window_baseline,train,2023-01-17,82.59600067138672,75.03955078125,0.3430599272251129,0.3711106777191162,,,,,,,,,,,,,,,,,,,,,,,
ridge_window_baseline,train,2023-01-18,60.85649871826172,36.0029296875,0.39418044686317444,0.4070780277252197,,,,,,,,,,,,,,,,,,,,,,,
ridge_window_baseline,train,2023-01-19,63.762664794921875,61.25927734375,0.38638755679130554,0.3725767135620117,,,,,,,,,,,,,,,,,,,,,,,
ridge_window_baseline,train,2023-01-20,90.89616394042969,72.36279296875,0.3269922137260437,0.31104183197021484,,,,,,,,,,,,,,,,,,,,,,,
ridge_window_baseline,train,2023-01-21,124.60649871826172,141.79248046875,0.2739509344100952,0.2609851360321045,,,,,,,,,,,,,,,,,,,,,,,
ridge_window_baseline,train,2023-01-22,185.55816650390625,170.47021484375,0.20680564641952515,0.20534753799438477,,,,,,,,,,,,,,,,,,,,,,,
ridge_window_baseline,train,2023-01-23,231.07749938964844,230.2412109375,0.1697477102279663,0.1476743221282959,,,,,,,,,,,,,,,,,,,,,,,
ridge_window_baseline,train,2023-01-24,293.0559997558594,291.27587890625,0.12957164645195007,0.144364595413208,,,,,,,,,,,,,,,,,,,,,,,
ridge_window_baseline,train,2023-01-25,270.60382080078125,290.017578125,0.14305296540260315,0.09856319427490234,,,,,,,,,,,,,,,,,,,,,,,
ridge_window_baseline,train,2023-01-26,258.0635070800781,223.39404296875,0.1510765552520752,0.15829253196716309,,,,,,,,,,,,,,,,,,,,,,,
ridge_window_baseline,train,2023-01-27,218.76649475097656,237.23681640625,0.17899924516677856,0.1942918300628662,,,,,,,,,,,,,,,,,,,,,,,
ridge_window_baseline,train,2023-01-28,168.14466857910156,183.20654296875,0.22343775629997253,0.22782492637634277,,,,,,,,,,,,,,,,,,,,,,,
ridge_window_baseline,train,2023-01-29,110.86566925048828,134.43408203125,0.2936156094074249,0.27086591720581055,,,,,,,,,,,,,,,,,,,,,,,
ridge_window_baseline,train,2023-01-30,99.53216552734375,67.1162109375,0.31174686551094055,0.3257453441619873,,,,,,,,,,,,,,,,,,,,,,,
ridge_window_baseline,train,2023-01-31,67.1346664428711,52.51025390625,0.37777236104011536,0.37673163414001465,,,,,,,,,,,,,,,,,,,,,,,
ridge_window_baseline,train,2023-02-01,62.1505012512207,60.90478515625,0.39066633582115173,0.4127354621887207,,,,,,,,,,,,,,,,,,,,,,,
ridge_window_baseline,train,2023-02-02,71.88883209228516,42.16162109375,0.3663238286972046,0.3717818260192871,,,,,,,,,,,,,,,,,,,,,,,
ridge_window_baseline,train,2023-02-03,96.17849731445312,109.8232421875,0.31750568747520447,0.3203999996185303,,,,,,,,,,,,,,,,,,,,,,,
ridge_window_baseline,train,2023-02-04,129.65866088867188,136.8193359375,0.26725754141807556,0.2793886661529541,,,,,,,,,,,,,,,,,,,,,,,
ridge_window_baseline,train,2023-02-05,150.850830078125,148.91015625,0.24174463748931885,0.25669074058532715,,,,,,,,,,,,,,,,,,,,,,,
ridge_window_baseline,train,2023-02-06,184.70582580566406,185.73876953125,0.20758289098739624,0.21422934532165527,,,,,,,,,,,,,,,,,,,,,,,
ridge_window_baseline,train,2023-02-07,243.96217346191406,249.4521484375,0.16057652235031128,0.16688799858093262,,,,,,,,,,,,,,,,,,,,,,,
ridge_window_baseline,train,2023-02-08,258.0361633300781,216.71728515625,0.1510944664478302,0.13814401626586914,,,,,,,,,,,,,,,,,,,,,,,
ridge_window_baseline,train,2023-02-09,280.0950012207031,288.97998046875,0.13722287118434906,0.1551811695098877,,,,,,,,,,,,,,,,,,,,,,,
ridge_window_baseline,train,2023-02-10,264.0799865722656,277.57568359375,0.14717969298362732,0.13181281089782715,,,,,,,,,,,,,,,,,,,,,,,
ridge_window_baseline,train,2023-02-11,230.15550231933594,220.54052734375,0.17042337357997894,0.1836702823638916,,,,,,,,,,,,,,,,,,,,,,,
ridge_window_baseline,train,2023-02-12,215.3546600341797,210.091796875,0.18165500462055206,0.17412590980529785,,,,,,,,,,,,,,,,,,,,,,,
ridge_window_baseline,train,2023-02-13,224.70700073242188,226.53662109375,0.17447204887866974,0.20577740669250488,,,,,,,,,,,,,,,,,,,,,,,
ridge_window_baseline,train,2023-02-14,204.15032958984375,219.74365234375,0.1906808316707611,0.2180774211883545,,,,,,,,,,,,,,,,,,,,,,,
ridge_window_baseline,train,2023-02-15,178.843994140625,198.796875,0.2130269855260849,0.2042374610900879,,,,,,,,,,,,,,,,,,,,,,,
ridge_window_baseline,train,2023-02-16,143.96417236328125,119.43505859375,0.2496223896741867,0.2471766471862793,,,,,,,,,,,,,,,,,,,,,,,
ridge_window_baseline,train,2023-02-17,128.56149291992188,122.64013671875,0.2686888575553894,0.29326725006103516,,,,,,,,,,,,,,,,,,,,,,,
ridge_window_baseline,train,2023-02-18,140.0398406982422,112.39013671875,0.25428062677383423,0.24647259712219238,,,,,,,,,,,,,,,,,,,,,,,
ridge_window_baseline,train,2023-02-19,179.9896697998047,189.15966796875,0.2119491547346115,0.20870447158813477,,,,,,,,,,,,,,,,,,,,,,,
ridge_window_baseline,train,2023-02-20,185.82232666015625,169.5556640625,0.2065654695034027,0.20923209190368652,,,,,,,,,,,,,,,,,,,,,,,
ridge_window_baseline,train,2023-02-21,195.06883239746094,195.0654296875,0.1983659714460373,0.21793818473815918,,,,,,,,,,,,,,,,,,,,,,,
ridge_window_baseline,train,2023-02-22,234.7173309326172,233.34765625,0.16710630059242249,0.13853812217712402,,,,,,,,,,,,,,,,,,,,,,,
ridge_window_baseline,train,2023-02-23,252.0933380126953,254.4287109375,0.1550339013338089,0.14992237091064453,,,,,,,,,,,,,,,,,,,,,,,
ridge_window_baseline,train,2023-02-24,258.7658386230469,231.462890625,0.15061701834201813,0.20404458045959473,,,,,,,,,,,,,,,,,,,,,,,
ridge_window_baseline,train,2023-02-25,231.6544952392578,234.31591796875,0.16932623088359833,0.14621281623840332,,,,,,,,,,,,,,,,,,,,,,,
ridge_window_baseline,train,2023-02-26,241.8193359375,190.78857421875,0.16206783056259155,0.22940850257873535,,,,,,,,,,,,,,,,,,,,,,,
ridge_window_baseline,train,2023-02-27,222.81166076660156,206.83837890625,0.17590339481830597,0.18340182304382324,,,,,,,,,,,,,,,,,,,,,,,
ridge_window_baseline,train,2023-02-28,142.0679931640625,177.31005859375,0.2518572211265564,0.18592381477355957,,,,,,,,,,,,,,,,,,,,,,,
ridge_window_baseline,train,2023-03-01,96.70700073242188,101.22900390625,0.31658509373664856,0.323439359664917,,,,,,,,,,,,,,,,,,,,,,,
ridge_window_baseline,train,2023-03-02,71.91649627685547,48.45751953125,0.3662594258785248,0.36774611473083496,,,,,,,,,,,,,,,,,,,,,,,
ridge_window_baseline,train,2023-03-03,78.0354995727539,99.69287109375,0.35258182883262634,0.35631442070007324,,,,,,,,,,,,,,,,,,,,,,,
ridge_window_baseline,train,2023-03-04,85.62016296386719,40.49951171875,0.33702805638313293,0.3614518642425537,,,,,,,,,,,,,,,,,,,,,,,
ridge_window_baseline,train,2023-03-05,107.01983642578125,62.17529296875,0.29955360293388367,0.3220694065093994,,,,,,,,,,,,,,,,,,,,,,,
ridge_window_baseline,train,2023-03-06,126.02816772460938,139.7958984375,0.27204060554504395,0.24184608459472656,,,,,,,,,,,,,,,,,,,,,,,
ridge_window_baseline,train,2023-03-07,150.3731689453125,145.65185546875,0.24227939546108246,0.25033116340637207,,,,,,,,,,,,,,,,,,,,,,,
ridge_window_baseline,train,2023-03-08,183.52833557128906,191.78955078125,0.20866255462169647,0.23326468467712402,,,,,,,,,,,,,,,,,,,,,,,
ridge_window_baseline,train,2023-03-09,222.80332946777344,198.4921875,0.17590971291065216,0.17792344093322754,,,,,,,,,,,,,,,,,,,,,,,
ridge_window_baseline,train,2023-03-10,234.91233825683594,225.13427734375,0.16696594655513763,0.19527125358581543,,,,,,,,,,,,,,,,,,,,,,,
ridge_window_baseline,train,2023-03-11,260.8438415527344,239.947265625,0.1492646187543869,0.16874241828918457,,,,,,,,,,,,,,,,,,,,,,,
ridge_window_baseline,train,2023-03-12,307.3838195800781,289.93798828125,0.12149650603532791,0.10420727729797363,,,,,,,,,,,,,,,,,,,,,,,
ridge_window_baseline,train,2023-03-13,245.85000610351562,254.41748046875,0.1592734456062317,0.15331220626831055,,,,,,,,,,,,,,,,,,,,,,,
ridge_window_baseline,train,2023-03-14,276.6335144042969,257.32568359375,0.13932602107524872,0.11663222312927246,,,,,,,,,,,,,,,,,,,,,,,
ridge_window_baseline,train,2023-03-15,229.35833740234375,242.22998046875,0.17100973427295685,0.18488621711730957,,,,,,,,,,,,,,,,,,,,,,,
ridge_window_baseline,train,2023-03-16,152.76283264160156,183.1787109375,0.23962078988552094,0.22289276123046875,,,,,,,,,,,,,,,,,,,,,,,
ridge_window_baseline,train,2023-03-17,122.56016540527344,110.5478515625,0.2767389714717865,0.27874279022216797,,,,,,,,,,,,,,,,,,,,,,,
ridge_window_baseline,train,2023-03-18,118.26782989501953,188.15771484375,0.28274020552635193,0.271834135055542,,,,,,,,,,,,,,,,,,,,,,,
ridge_window_baseline,train,2023-03-19,139.8423309326172,124.92236328125,0.2545184791088104,0.2782001495361328,,,,,,,,,,,,,,,,,,,,,,,
ridge_window_baseline,train,2023-03-20,219.96217346191406,232.130859375,0.1780782788991928,0.1360328197479248,,,,,,,,,,,,,,,,,,,,,,,
ridge_window_baseline,train,2023-03-21,273.81915283203125,239.1943359375,0.1410553902387619,0.14663195610046387,,,,,,,,,,,,,,,,,,,,,,,
ridge_window_baseline,train,2023-03-22,270.281494140625,252.8505859375,0.14325451850891113,0.14011597633361816,,,,,,,,,,,,,,,,,,,,,,,
ridge_window_baseline,train,2023-03-23,301.662841796875,272.0048828125,0.12467492371797562,0.11244583129882812,,,,,,,,,,,,,,,,,,,,,,,
ridge_window_baseline,train,2023-03-24,316.08099365234375,354.99755859375,0.11677582561969757,0.1029975414276123,,,,,,,,,,,,,,,,,,,,,,,
ridge_window_baseline,train,2023-03-25,309.9891662597656,322.57080078125,0.12006854265928268,0.10918259620666504,,,,,,,,,,,,,,,,,,,,,,,
ridge_window_baseline,train,2023-03-26,288.40966796875,274.55908203125,0.13227501511573792,0.11908459663391113,,,,,,,,,,,,,,,,,,,,,,,
ridge_window_baseline,train,2023-03-27,282.412841796875,269.28515625,0.13582903146743774,0.13529038429260254,,,,,,,,,,,,,,,,,,,,,,,
ridge_window_baseline,train,2023-03-28,247.3806610107422,222.36669921875,0.1582242101430893,0.14615082740783691,,,,,,,,,,,,,,,,,,,,,,,
ridge_window_baseline,train,2023-03-29,171.98216247558594,215.4580078125,0.2196298986673355,0.21930861473083496,,,,,,,,,,,,,,,,,,,,,,,
ridge_window_baseline,train,2023-03-30,122.36883544921875,121.68994140625,0.2770020067691803,0.27573561668395996,,,,,,,,,,,,,,,,,,,,,,,
ridge_window_baseline,train,2023-03-31,93.62799835205078,57.22998046875,0.3220199644565582,0.32409238815307617,,,,,,,,,,,,,,,,,,,,,,,
ridge_window_baseline,train,2023-04-01,82.96733093261719,115.70947265625,0.3423076272010803,0.35222911834716797,,,,,,,,,,,,,,,,,,,,,,,
ridge_window_baseline,train,2023-04-02,96.62816619873047,77.51904296875,0.3167220950126648,0.3453547954559326,,,,,,,,,,,,,,,,,,,,,,,
ridge_window_baseline,train,2023-04-03,110.61499786376953,129.32373046875,0.2939963936805725,0.2969212532043457,,,,,,,,,,,,,,,,,,,,,,,
ridge_window_baseline,train,2023-04-04,95.9446029663086,73.2138671875,0.3179147243499756,0.3083624839782715,,,,,,,,,,,,,,,,,,,,,,,
ridge_window_baseline,train,2023-04-05,163.56900024414062,157.6767578125,0.22809264063835144,0.22729063034057617,,,,,,,,,,,,,,,,,,,,,,,
ridge_window_baseline,train,2023-04-06,184.04299926757812,203.50634765625,0.20818981528282166,0.21457672119140625,,,,,,,,,,,,,,,,,,,,,,,
ridge_window_baseline,train,2023-04-07,198.19766235351562,195.08349609375,0.19567875564098358,0.1942121982574463,,,,,,,,,,,,,,,,,,,,,,,
ridge_window_baseline,train,2023-04-08,177.90834045410156,203.0029296875,0.21391236782073975,0.19492888450622559,,,,,,,,,,,,,,,,,,,,,,,
ridge_window_baseline,train,2023-04-09,172.302001953125,187.38720703125,0.21931636333465576,0.19710755348205566,,,,,,,,,,,,,,,,,,,,,,,
ridge_window_baseline,train,2023-04-10,187.74949645996094,200.10791015625,0.2048235386610031,0.19011616706848145,,,,,,,,,,,,,,,,,,,,,,,
ridge_window_baseline,train,2023-04-11,195.97084045410156,203.38525390625,0.19758690893650055,0.1871628761291504,,,,,,,,,,,,,,,,,,,,,,,
ridge_window_baseline,train,2023-04-12,151.84683227539062,143.86474609375,0.2406349629163742,0.22700810432434082,,,,,,,,,,,,,,,,,,,,,,,
ridge_window_baseline,train,2023-04-13,131.52200317382812,128.22119140625,0.2648540437221527,0.2535717487335205,,,,,,,,,,,,,,,,,,,,,,,
ridge_window_baseline,train,2023-04-14,92.2490005493164,98.59912109375,0.32451170682907104,0.3300917148590088,,,,,,,,,,,,,,,,,,,,,,,
ridge_window_baseline,train,2023-04-15,80.18016815185547,88.48681640625,0.34803736209869385,0.32463669776916504,,,,,,,,,,,,,,,,,,,,,,,
ridge_window_baseline,train,2023-04-16,82.94816589355469,46.8505859375,0.3423464000225067,0.3555138111114502,,,,,,,,,,,,,,,,,,,,,,,
ridge_window_baseline,train,2023-04-17,99.52083587646484,123.23046875,0.31176602840423584,0.3544740676879883,,,,,,,,,,,,,,,,,,,,,,,
ridge_window_baseline,train,2023-04-18,131.97467041015625,137.88623046875,0.2642752528190613,0.27445268630981445,,,,,,,,,,,,,,,,,,,,,,,
ridge_window_baseline,train,2023-04-19,161.49366760253906,161.16943359375,0.23024673759937286,0.280031681060791,,,,,,,,,,,,,,,,,,,,,,,
ridge_window_baseline,train,2023-04-20,173.96800231933594,174.2744140625,0.21769244968891144,0.22633004188537598,,,,,,,,,,,,,,,,,,,,,,,
ridge_window_baseline,train,2023-04-21,173.97549438476562,181.318359375,0.21768516302108765,0.25662803649902344,,,,,,,,,,,,,,,,,,,,,,,
ridge_window_baseline,train,2023-04-22,178.01632690429688,181.64990234375,0.21380993723869324,0.2286241054534912,,,,,,,,,,,,,,,,,,,,,,,
ridge_window_baseline,train,2023-04-23,153.77783203125,166.6015625,0.23850403726100922,0.2420179843902588,,,,,,,,,,,,,,,,,,,,,,,
ridge_window_baseline,train,2023-04-24,150.91566467285156,106.39794921875,0.24167218804359436,0.23787856101989746,,,,,,,,,,,,,,,,,,,,,,,
ridge_window_baseline,train,2023-04-25,142.94667053222656,162.64013671875,0.2508179545402527,0.25855231285095215,,,,,,,,,,,,,,,,,,,,,,,
ridge_window_baseline,train,2023-04-26,127.02466583251953,182.81884765625,0.27071428298950195,0.2303149700164795,,,,,,,,,,,,,,,,,,,,,,,
ridge_window_baseline,train,2023-04-27,113.23516845703125,110.86865234375,0.290057897567749,0.29401087760925293,,,,,,,,,,,,,,,,,,,,,,,
ridge_window_baseline,train,2023-04-28,104.88533020019531,135.0244140625,0.3029412031173706,0.29979968070983887,,,,,,,,,,,,,,,,,,,,,,,
ridge_window_baseline,train,2023-04-29,96.49533081054688,93.103515625,0.31695321202278137,0.34955716133117676,,,,,,,,,,,,,,,,,,,,,,,
ridge_window_baseline,train,2023-04-30,90.54750061035156,136.65380859375,0.3276374340057373,0.3414008617401123,,,,,,,,,,,,,,,,,,,,,,,
ridge_window_baseline,train,2023-05-01,79.49016571044922,90.59912109375,0.34948620200157166,0.3259611129760742,,,,,,,,,,,,,,,,,,,,,,,
ridge_window_baseline,train,2023-05-02,79.46749877929688,123.50244140625,0.3495340049266815,0.33232784271240234,,,,,,,,,,,,,,,,,,,,,,,
ridge_window_baseline,train,2023-05-03,84.71800231933594,116.76318359375,0.3388051688671112,0.31246352195739746,,,,,,,,,,,,,,,,,,,,,,,
ridge_window_baseline,train,2023-05-04,113.21817016601562,75.52587890625,0.2900831699371338,0.277820348739624,,,,,,,,,,,,,,,,,,,,,,,
ridge_window_baseline,train,2023-05-05,132.68716430664062,145.50390625,0.2633682191371918,0.2339460849761963,,,,,,,,,,,,,,,,,,,,,,,
ridge_window_baseline,train,2023-05-06,144.0500030517578,135.6357421875,0.24952192604541779,0.2757246494293213,,,,,,,,,,,,,,,,,,,,,,,
ridge_window_baseline,train,2023-05-07,144.218505859375,126.70166015625,0.24932485818862915,0.25986409187316895,,,,,,,,,,,,,,,,,,,,,,,
ridge_window_baseline,train,2023-05-08,133.41749572753906,133.814453125,0.262443482875824,0.28412747383117676,,,,,,,,,,,,,,,,,,,,,,,
ridge_window_baseline,train,2023-05-09,136.31117248535156,166.4755859375,0.2588282823562622,0.25731348991394043,,,,,,,,,,,,,,,,,,,,,,,
ridge_window_baseline,train,2023-05-10,135.77783203125,132.36572265625,0.2594888508319855,0.255509614944458,,,,,,,,,,,,,,,,,,,,,,,
ridge_window_baseline,train,2023-05-11,114.45349884033203,134.38427734375,0.2882572412490845,0.283430814743042,,,,,,,,,,,,,,,,,,,,,,,
ridge_window_baseline,train,2023-05-12,93.97066497802734,130.8125,0.32140642404556274,0.296367883682251,,,,,,,,,,,,,,,,,,,,,,,
ridge_window_baseline,train,2023-05-13,83.02999877929688,88.51708984375,0.342180997133255,0.3395700454711914,,,,,,,,,,,,,,,,,,,,,,,
ridge_window_baseline,train,2023-05-14,91.36416625976562,94.14501953125,0.3261300027370453,0.35463786125183105,,,,,,,,,,,,,,,,,,,,,,,
ridge_window_baseline,train,2023-05-15,94.95366668701172,57.7060546875,0.3196586072444916,0.3139476776123047,,,,,,,,,,,,,,,,,,,,,,,
ridge_window_baseline,train,2023-05-16,98.92400360107422,107.72216796875,0.3127768039703369,0.2979757785797119,,,,,,,,,,,,,,,,,,,,,,,
ridge_window_baseline,train,2023-05-17,104.05733489990234,103.34130859375,0.30427369475364685,0.3152730464935303,,,,,,,,,,,,,,,,,,,,,,,
ridge_window_baseline,train,2023-05-18,140.16017150878906,137.33544921875,0.2541358768939972,0.2934129238128662,,,,,,,,,,,,,,,,,,,,,,,
ridge_window_baseline,train,2023-05-19,142.65550231933594,173.0537109375,0.2511616349220276,0.24930453300476074,,,,,,,,,,,,,,,,,,,,,,,
ridge_window_baseline,train,2023-05-20,131.65032958984375,177.7841796875,0.26468977332115173,0.2452399730682373,,,,,,,,,,,,,,,,,,,,,,,
ridge_window_baseline,train,2023-05-21,120.30583190917969,132.37646484375,0.2798643410205841,0.26594066619873047,,,,,,,,,,,,,,,,,,,,,,,
ridge_window_baseline,train,2023-05-22,102.53849792480469,108.48779296875,0.3067454993724823,0.29801392555236816,,,,,,,,,,,,,,,,,,,,,,,
ridge_window_baseline,train,2023-05-23,99.11166381835938,134.001953125,0.312458336353302,0.29526829719543457,,,,,,,,,,,,,,,,,,,,,,,
ridge_window_baseline,train,2023-05-24,99.65399932861328,126.44580078125,0.3115413188934326,0.2721531391143799,,,,,,,,,,,,,,,,,,,,,,,
ridge_window_baseline,train,2023-05-25,90.73999786376953,69.99755859375,0.3272809088230133,0.32697224617004395,,,,,,,,,,,,,,,,,,,,,,,
ridge_window_baseline,train,2023-05-26,83.41566467285156,57.60302734375,0.3414037823677063,0.34812045097351074,,,,,,,,,,,,,,,,,,,,,,,
ridge_window_baseline,train,2023-05-27,100.72566986083984,108.97314453125,0.3097436726093292,0.30803418159484863,,,,,,,,,,,,,,,,,,,,,,,
ridge_window_baseline,train,2023-05-28,80.46366882324219,66.00927734375,0.34744563698768616,0.35486721992492676,,,,,,,,,,,,,,,,,,,,,,,
ridge_window_baseline,train,2023-05-29,67.62650299072266,88.65087890625,0.3765515089035034,0.35225987434387207,,,,,,,,,,,,,,,,,,,,,,,
ridge_window_baseline,train,2023-05-30,70.54666900634766,54.19189453125,0.3694784641265869,0.35796046257019043,,,,,,,,,,,,,,,,,,,,,,,
ridge_window_baseline,train,2023-05-31,71.29000091552734,79.8427734375,0.36772409081459045,0.35460567474365234,,,,,,,,,,,,,,,,,,,,,,,
ridge_window_baseline,train,2023-06-01,80.67866516113281,92.35986328125,0.34699827432632446,0.3699638843536377,,,,,,,,,,,,,,,,,,,,,,,
ridge_window_baseline,train,2023-06-02,97.66716766357422,142.45849609375,0.31492525339126587,0.3315694332122803,,,,,,,,,,,,,,,,,,,,,,,
ridge_window_baseline,train,2023-06-03,125.33000183105469,93.48388671875,0.2729760706424713,0.2704012393951416,,,,,,,,,,,,,,,,,,,,,,,
ridge_window_baseline,train,2023-06-04,155.0568389892578,198.70458984375,0.23710720241069794,0.23868489265441895,,,,,,,,,,,,,,,,,,,,,,,
ridge_window_baseline,train,2023-06-05,154.5865020751953,177.77197265625,0.2376195341348648,0.22441625595092773,,,,,,,,,,,,,,,,,,,,,,,
ridge_window_baseline,train,2023-06-06,151.475830078125,126.203125,0.2410474568605423,0.2086329460144043,,,,,,,,,,,,,,,,,,,,,,,
ridge_window_baseline,train,2023-06-07,130.37049865722656,124.951171875,0.2663353383541107,0.25010204315185547,,,,,,,,,,,,,,,,,,,,,,,
ridge_window_baseline,train,2023-06-08,141.49533081054688,94.65966796875,0.2525379955768585,0.28046631813049316,,,,,,,,,,,,,,,,,,,,,,,
ridge_window_baseline,train,2023-06-09,128.47866821289062,118.20751953125,0.2687974274158478,0.2523200511932373,,,,,,,,,,,,,,,,,,,,,,,
ridge_window_baseline,train,2023-06-10,106.8584976196289,93.2900390625,0.2998073101043701,0.286639928817749,,,,,,,,,,,,,,,,,,,,,,,
ridge_window_baseline,train,2023-06-11,97.31916809082031,87.705078125,0.31552496552467346,0.3268773555755615,,,,,,,,,,,,,,,,,,,,,,,
ridge_window_baseline,train,2023-06-12,106.29283142089844,91.14306640625,0.3006998300552368,0.28724122047424316,,,,,,,,,,,,,,,,,,,,,,,
ridge_window_baseline,train,2023-06-13,97.26466369628906,110.18505859375,0.3156190812587738,0.3431689739227295,,,,,,,,,,,,,,,,,,,,,,,
ridge_window_baseline,train,2023-06-14,102.19683074951172,126.04052734375,0.30730652809143066,0.3198268413543701,,,,,,,,,,,,,,,,,,,,,,,
ridge_window_baseline,train,2023-06-15,107.7161636352539,68.83935546875,0.29846295714378357,0.283466100692749,,,,,,,,,,,,,,,,,,,,,,,
ridge_window_baseline,train,2023-06-16,114.91383361816406,146.97900390625,0.28758183121681213,0.28732800483703613,,,,,,,,,,,,,,,,,,,,,,,
ridge_window_baseline,train,2023-06-17,124.95116424560547,148.4912109375,0.27348580956459045,0.2749350070953369,,,,,,,,,,,,,,,,,,,,,,,
ridge_window_baseline,train,2023-06-18,126.84100341796875,79.85009765625,0.27095794677734375,0.2917039394378662,,,,,,,,,,,,,,,,,,,,,,,
ridge_window_baseline,train,2023-06-19,125.08032989501953,141.6328125,0.2733118534088135,0.28169703483581543,,,,,,,,,,,,,,,,,,,,,,,
ridge_window_baseline,train,2023-06-20,107.91400146484375,102.26953125,0.298154354095459,0.31354236602783203,,,,,,,,,,,,,,,,,,,,,,,
ridge_window_baseline,train,2023-06-21,87.02950286865234,91.92431640625,0.33428865671157837,0.33539414405822754,,,,,,,,,,,,,,,,,,,,,,,
ridge_window_baseline,train,2023-06-22,95.77433013916016,102.98828125,0.3182130753993988,0.3178215026855469,,,,,,,,,,,,,,,,,,,,,,,
ridge_window_baseline,train,2023-06-23,109.7750015258789,89.80126953125,0.2952786087989807,0.27689218521118164,,,,,,,,,,,,,,,,,,,,,,,
ridge_window_baseline,train,2023-06-24,112.4365005493164,145.0634765625,0.29124876856803894,0.31771183013916016,,,,,,,,,,,,,,,,,,,,,,,
ridge_window_baseline,train,2023-06-25,104.96299743652344,97.08740234375,0.3028167486190796,0.2955482006072998,,,,,,,,,,,,,,,,,,,,,,,
ridge_window_baseline,train,2023-06-26,89.86983489990234,83.41064453125,0.328898549079895,0.3290998935699463,,,,,,,,,,,,,,,,,,,,,,,
ridge_window_baseline,train,2023-06-27,76.3479995727539,58.95947265625,0.35624510049819946,0.36939001083374023,,,,,,,,,,,,,,,,,,,,,,,
ridge_window_baseline,train,2023-06-28,66.42533111572266,72.23681640625,0.37954866886138916,0.38652539253234863,,,,,,,,,,,,,,,,,,,,,,,
ridge_window_baseline,train,2023-06-29,81.04066467285156,88.70947265625,0.34624767303466797,0.3432919979095459,,,,,,,,,,,,,,,,,,,,,,,
ridge_window_baseline,train,2023-06-30,82.57333374023438,74.23974609375,0.3431059718132019,0.3357737064361572,,,,,,,,,,,,,,,,,,,,,,,
ridge_window_baseline,train,2023-07-01,77.47100067138672,94.34716796875,0.3537984788417816,0.3665432929992676,,,,,,,,,,,,,,,,,,,,,,,
ridge_window_baseline,train,2023-07-02,92.11399841308594,77.6318359375,0.3247576057910919,0.33222007751464844,,,,,,,,,,,,,,,,,,,,,,,
ridge_window_baseline,train,2023-07-03,106.57416534423828,112.70947265625,0.30025535821914673,0.30808281898498535,,,,,,,,,,,,,,,,,,,,,,,
ridge_window_baseline,train,2023-07-04,136.69183349609375,136.41064453125,0.2583583891391754,0.2650573253631592,,,,,,,,,,,,,,,,,,,,,,,
ridge_window_baseline,train,2023-07-05,157.39132690429688,139.60546875,0.2345868945121765,0.23692870140075684,,,,,,,,,,,,,,,,,,,,,,,
ridge_window_baseline,train,2023-07-06,145.77749633789062,149.69677734375,0.24751237034797668,0.239973783493042,,,,,,,,,,,,,,,,,,,,,,,
ridge_window_baseline,train,2023-07-07,186.08216857910156,171.359375,0.2063295692205429,0.1980907917022705,,,,,,,,,,,,,,,,,,,,,,,
ridge_window_baseline,train,2023-07-08,168.01133728027344,174.58544921875,0.22357161343097687,0.23131966590881348,,,,,,,,,,,,,,,,,,,,,,,
ridge_window_baseline,train,2023-07-09,143.91900634765625,132.08935546875,0.24967528879642487,0.24468636512756348,,,,,,,,,,,,,,,,,,,,,,,
ridge_window_baseline,train,2023-07-10,114.55850219726562,113.2353515625,0.2881029546260834,0.28463101387023926,,,,,,,,,,,,,,,,,,,,,,,
ridge_window_baseline,train,2023-07-11,107.72266387939453,134.45458984375,0.29845279455184937,0.2884223461151123,,,,,,,,,,,,,,,,,,,,,,,
ridge_window_baseline,train,2023-07-12,98.45916748046875,91.8359375,0.31356823444366455,0.30505919456481934,,,,,,,,,,,,,,,,,,,,,,,
ridge_window_baseline,train,2023-07-13,100.99566650390625,117.99560546875,0.3092937767505646,0.3040754795074463,,,,,,,,,,,,,,,,,,,,,,,
ridge_window_baseline,train,2023-07-14,93.78766632080078,92.89453125,0.32173383235931396,0.311359167098999,,,,,,,,,,,,,,,,,,,,,,,
ridge_window_baseline,train,2023-07-15,91.48049926757812,83.66748046875,0.3259163498878479,0.32791876792907715,,,,,,,,,,,,,,,,,,,,,,,
ridge_window_baseline,train,2023-07-16,100.16649627685547,97.6103515625,0.31067925691604614,0.3074452877044678,,,,,,,,,,,,,,,,,,,,,,,
ridge_window_baseline,train,2023-07-17,108.1624984741211,110.38232421875,0.2977675199508667,0.28742289543151855,,,,,,,,,,,,,,,,,,,,,,,
ridge_window_baseline,train,2023-07-18,115.83716583251953,76.91162109375,0.28623512387275696,0.28962016105651855,,,,,,,,,,,,,,,,,,,,,,,
ridge_window_baseline,train,2023-07-19,115.77816772460938,137.9931640625,0.28632086515426636,0.3124072551727295,,,,,,,,,,,,,,,,,,,,,,,
ridge_window_baseline,train,2023-07-20,129.66383361816406,155.56689453125,0.26725083589553833,0.2714688777923584,,,,,,,,,,,,,,,,,,,,,,,
ridge_window_baseline,train,2023-07-21,126.19733428955078,179.03564453125,0.2718147039413452,0.27805304527282715,,,,,,,,,,,,,,,,,,,,,,,
ridge_window_baseline,train,2023-07-22,97.52166748046875,111.134765625,0.31517574191093445,0.3064439296722412,,,,,,,,,,,,,,,,,,,,,,,
ridge_window_baseline,train,2023-07-23,95.99066925048828,101.54638671875,0.3178340792655945,0.31534457206726074,,,,,,,,,,,,,,,,,,,,,,,
ridge_window_baseline,train,2023-07-24,101.23433685302734,113.921875,0.3088970482349396,0.29149746894836426,,,,,,,,,,,,,,,,,,,,,,,
ridge_window_baseline,train,2023-07-25,90.42366790771484,59.43505859375,0.32786718010902405,0.33758974075317383,,,,,,,,,,,,,,,,,,,,,,,
ridge_window_baseline,train,2023-07-26,78.78166961669922,72.9501953125,0.35098686814308167,0.38512635231018066,,,,,,,,,,,,,,,,,,,,,,,
ridge_window_baseline,train,2023-07-27,82.71040344238281,84.39453125,0.34282779693603516,0.3708209991455078,,,,,,,,,,,,,,,,,,,,,,,
ridge_window_baseline,train,2023-07-28,92.20700073242188,81.52880859375,0.3245881497859955,0.35060596466064453,,,,,,,,,,,,,,,,,,,,,,,
ridge_window_baseline,train,2023-07-29,30.982999801635742,47.32080078125,0.5061397552490234,0.4818766117095947,,,,,,,,,,,,,,,,,,,,,,,
ridge_window_baseline,train,2023-07-30,43.59450149536133,55.37548828125,0.4497188329696655,0.454376220703125,,,,,,,,,,,,,,,,,,,,,,,
ridge_window_baseline,train,2023-07-31,108.98833465576172,41.66259765625,0.29648828506469727,0.319382905960083,,,,,,,,,,,,,,,,,,,,,,,
ridge_window_baseline,train,2023-08-01,133.78933715820312,184.47607421875,0.26197460293769836,0.24117207527160645,,,,,,,,,,,,,,,,,,,,,,,
ridge_window_baseline,train,2023-08-02,181.12567138671875,182.1083984375,0.2108871191740036,0.20496630668640137,,,,,,,,,,,,,,,,,,,,,,,
ridge_window_baseline,train,2023-08-03,176.54766845703125,183.06591796875,0.21520820260047913,0.22963690757751465,,,,,,,,,,,,,,,,,,,,,,,
ridge_window_baseline,train,2023-08-04,201.21983337402344,229.28466796875,0.19312292337417603,0.18436932563781738,,,,,,,,,,,,,,,,,,,,,,,
ridge_window_baseline,train,2023-08-05,220.0506591796875,203.66259765625,0.17801031470298767,0.1855180263519287,,,,,,,,,,,,,,,,,,,,,,,
ridge_window_baseline,train,2023-08-06,254.6058349609375,249.90234375,0.15335722267627716,0.1608285903930664,,,,,,,,,,,,,,,,,,,,,,,
ridge_window_baseline,train,2023-08-07,239.2375030517578,223.83837890625,0.16388224065303802,0.1645197868347168,,,,,,,,,,,,,,,,,,,,,,,
ridge_window_baseline,train,2023-08-08,161.54183959960938,135.29931640625,0.23019643127918243,0.22440457344055176,,,,,,,,,,,,,,,,,,,,,,,
ridge_window_baseline,train,2023-08-09,102.1336669921875,85.884765625,0.30741047859191895,0.2965586185455322,,,,,,,,,,,,,,,,,,,,,,,
ridge_window_baseline,train,2023-08-10,79.4135971069336,72.49951171875,0.34964773058891296,0.3572571277618408,,,,,,,,,,,,,,,,,,,,,,,
ridge_window_baseline,train,2023-08-11,73.10233306884766,69.27392578125,0.3635212481021881,0.37457919120788574,,,,,,,,,,,,,,,,,,,,,,,
ridge_window_baseline,train,2023-08-12,85.56849670410156,69.3994140625,0.3371293246746063,0.33831238746643066,,,,,,,,,,,,,,,,,,,,,,,
ridge_window_baseline,train,2023-08-13,95.9816665649414,81.58349609375,0.3178498446941376,0.3210022449493408,,,,,,,,,,,,,,,,,,,,,,,
ridge_window_baseline,train,2023-08-14,115.11383056640625,124.07568359375,0.28728920221328735,0.2799952030181885,,,,,,,,,,,,,,,,,,,,,,,
ridge_window_baseline,train,2023-08-15,122.5338363647461,81.19140625,0.27677515149116516,0.2893702983856201,,,,,,,,,,,,,,,,,,,,,,,
ridge_window_baseline,train,2023-08-16,147.93865966796875,130.9619140625,0.24503140151500702,0.22679591178894043,,,,,,,,,,,,,,,,,,,,,,,
ridge_window_baseline,train,2023-08-17,160.5279998779297,144.306640625,0.23125843703746796,0.23862576484680176,,,,,,,,,,,,,,,,,,,,,,,
ridge_window_baseline,train,2023-08-18,145.1978302001953,139.74072265625,0.24818402528762817,0.24856853485107422,,,,,,,,,,,,,,,,,,,,,,,
ridge_window_baseline,train,2023-08-19,127.84383392333984,92.5634765625,0.26963168382644653,0.2688894271850586,,,,,,,,,,,,,,,,,,,,,,,
ridge_window_baseline,train,2023-08-20,139.63633728027344,142.4130859375,0.25476691126823425,0.2672770023345947,,,,,,,,,,,,,,,,,,,,,,,
ridge_window_baseline,train,2023-08-21,163.23899841308594,115.056640625,0.22843334078788757,0.2384812831878662,,,,,,,,,,,,,,,,,,,,,,,
ridge_window_baseline,train,2023-08-22,171.88516235351562,131.1298828125,0.219725102186203,0.22261404991149902,,,,,,,,,,,,,,,,,,,,,,,
ridge_window_baseline,train,2023-08-23,138.23550415039062,167.63134765625,0.2564660608768463,0.23662734031677246,,,,,,,,,,,,,,,,,,,,,,,
ridge_window_baseline,train,2023-08-24,93.96116638183594,78.69140625,0.32142341136932373,0.31574177742004395,,,,,,,,,,,,,,,,,,,,,,,
ridge_window_baseline,train,2023-08-25,79.41217041015625,75.71826171875,0.3496507704257965,0.3541600704193115,,,,,,,,,,,,,,,,,,,,,,,
ridge_window_baseline,train,2023-08-26,73.72016906738281,66.69873046875,0.3621119260787964,0.3642709255218506,,,,,,,,,,,,,,,,,,,,,,,
ridge_window_baseline,train,2023-08-27,73.25483703613281,62.791015625,0.3631722927093506,0.37043070793151855,,,,,,,,,,,,,,,,,,,,,,,
ridge_window_baseline,train,2023-08-28,77.54450225830078,64.626953125,0.3536395728588104,0.3849632740020752,,,,,,,,,,,,,,,,,,,,,,,
ridge_window_baseline,train,2023-08-29,105.61100006103516,126.1474609375,0.30178192257881165,0.3117973804473877,,,,,,,,,,,,,,,,,,,,,,,
ridge_window_baseline,train,2023-08-30,140.40066528320312,119.37646484375,0.2538469433784485,0.24363493919372559,,,,,,,,,,,,,,,,,,,,,,,
ridge_window_baseline,train,2023-08-31,170.3711700439453,172.53857421875,0.2212180644273758,0.22135281562805176,,,,,,,,,,,,,,,,,,,,,,,
ridge_window_baseline,train,2023-09-01,177.82833862304688,160.41455078125,0.2139882743358612,0.2148733139038086,,,,,,,,,,,,,,,,,,,,,,,
ridge_window_baseline,train,2023-09-02,176.56216430664062,171.03955078125,0.21519434452056885,0.2139604091644287,,,,,,,,,,,,,,,,,,,,,,,
ridge_window_baseline,train,2023-09-03,189.94833374023438,231.640625,0.20285764336585999,0.18301939964294434,,,,,,,,,,,,,,,,,,,,,,,
ridge_window_baseline,train,2023-09-04,188.3541717529297,150.43603515625,0.20428065955638885,0.17292475700378418,,,,,,,,,,,,,,,,,,,,,,,
ridge_window_baseline,train,2023-09-05,161.7291717529297,143.0234375,0.23000091314315796,0.2356569766998291,,,,,,,,,,,,,,,,,,,,,,,
ridge_window_baseline,train,2023-09-06,115.24349975585938,136.9619140625,0.28709977865219116,0.26314854621887207,,,,,,,,,,,,,,,,,,,,,,,
ridge_window_baseline,train,2023-09-07,83.35333251953125,86.81884765625,0.34152916073799133,0.33962130546569824,,,,,,,,,,,,,,,,,,,,,,,
ridge_window_baseline,train,2023-09-08,67.88933563232422,79.72900390625,0.3759026825428009,0.38023924827575684,,,,,,,,,,,,,,,,,,,,,,,
ridge_window_baseline,train,2023-09-09,67.5875015258789,73.08203125,0.3766480088233948,0.3211100101470947,,,,,,,,,,,,,,,,,,,,,,,
ridge_window_baseline,train,2023-09-10,84.56183624267578,135.83154296875,0.3391146659851074,0.3138902187347412,,,,,,,,,,,,,,,,,,,,,,,
ridge_window_baseline,train,2023-09-11,89.38316345214844,90.322265625,0.3298100233078003,0.34662890434265137,,,,,,,,,,,,,,,,,,,,,,,
ridge_window_baseline,train,2023-09-12,102.72416687011719,105.4677734375,0.30644139647483826,0.2961699962615967,,,,,,,,,,,,,,,,,,,,,,,
ridge_window_baseline,train,2023-09-13,121.60116577148438,154.0859375,0.27806147933006287,0.2689485549926758,,,,,,,,,,,,,,,,,,,,,,,
ridge_window_baseline,train,2023-09-14,145.34033203125,133.97509765625,0.24801866710186005,0.24956321716308594,,,,,,,,,,,,,,,,,,,,,,,
ridge_window_baseline,train,2023-09-15,166.4441680908203,129.99853515625,0.22515282034873962,0.26270556449890137,,,,,,,,,,,,,,,,,,,,,,,
ridge_window_baseline,train,2023-09-16,151.8302001953125,133.8857421875,0.24065344035625458,0.2575232982635498,,,,,,,,,,,,,,,,,,,,,,,
ridge_window_baseline,train,2023-09-17,136.72633361816406,143.00634765625,0.2583158612251282,0.25513625144958496,,,,,,,,,,,,,,,,,,,,,,,
ridge_window_baseline,train,2023-09-18,127.62833404541016,149.3486328125,0.2699158191680908,0.263685941696167,,,,,,,,,,,,,,,,,,,,,,,
ridge_window_baseline,train,2023-09-19,146.11965942382812,148.29736328125,0.24711714684963226,0.2753612995147705,,,,,,,,,,,,,,,,,,,,,,,
ridge_window_baseline,train,2023-09-20,166.4409942626953,164.861328125,0.2251560389995575,0.23329734802246094,,,,,,,,,,,,,,,,,,,,,,,
ridge_window_baseline,train,2023-10-13,134.9344940185547,166.5625,0.26053863763809204,0.24944424629211426,,,,,,,,,,,,,,,,,,,,,,,
ridge_window_baseline,train,2023-10-14,160.87432861328125,154.25341796875,0.23089489340782166,0.23888039588928223,,,,,,,,,,,,,,,,,,,,,,,
ridge_window_baseline,train,2023-10-15,170.1195068359375,196.57666015625,0.2214675098657608,0.22803878784179688,,,,,,,,,,,,,,,,,,,,,,,
ridge_window_baseline,train,2023-10-16,167.8286590576172,174.78369140625,0.2237551510334015,0.2476961612701416,,,,,,,,,,,,,,,,,,,,,,,
ridge_window_baseline,train,2023-10-17,159.04367065429688,150.52783203125,0.2328253984451294,0.18301129341125488,,,,,,,,,,,,,,,,,,,,,,,
ridge_window_baseline,train,2023-10-18,174.79049682617188,187.87158203125,0.2168964147567749,0.19182467460632324,,,,,,,,,,,,,,,,,,,,,,,
ridge_window_baseline,train,2023-10-19,184.0973358154297,192.2216796875,0.20813998579978943,0.229295015335083,,,,,,,,,,,,,,,,,,,,,,,
ridge_window_baseline,train,2023-10-20,155.7881622314453,169.23876953125,0.2363136261701584,0.24584269523620605,,,,,,,,,,,,,,,,,,,,,,,
ridge_window_baseline,train,2023-10-21,147.58766174316406,127.86474609375,0.24543188512325287,0.2603166103363037,,,,,,,,,,,,,,,,,,,,,,,
ridge_window_baseline,train,2023-10-22,128.3596649169922,146.35009765625,0.26895350217819214,0.28046321868896484,,,,,,,,,,,,,,,,,,,,,,,
ridge_window_baseline,train,2023-10-23,116.43533325195312,135.318359375,0.2853683531284332,0.25882840156555176,,,,,,,,,,,,,,,,,,,,,,,
ridge_window_baseline,train,2023-10-24,104.76266479492188,138.98291015625,0.30313795804977417,0.3030674457550049,,,,,,,,,,,,,,,,,,,,,,,
ridge_window_baseline,train,2023-10-25,117.10800170898438,80.94384765625,0.2843988835811615,0.30019497871398926,,,,,,,,,,,,,,,,,,,,,,,
ridge_window_baseline,train,2023-10-26,119.80683135986328,139.9248046875,0.28056401014328003,0.2713124752044678,,,,,,,,,,,,,,,,,,,,,,,
ridge_window_baseline,train,2023-10-27,154.90432739257812,183.40380859375,0.23727315664291382,0.21881604194641113,,,,,,,,,,,,,,,,,,,,,,,
ridge_window_baseline,train,2023-10-28,195.44200134277344,201.0546875,0.19804322719573975,0.1840364933013916,,,,,,,,,,,,,,,,,,,,,,,
ridge_window_baseline,train,2023-10-29,207.003173828125,215.97412109375,0.18833674490451813,0.18701863288879395,,,,,,,,,,,,,,,,,,,,,,,
ridge_window_baseline,train,2023-10-30,207.83200073242188,200.97705078125,0.18766175210475922,0.18014311790466309,,,,,,,,,,,,,,,,,,,,,,,
ridge_window_baseline,train,2023-10-31,186.8228302001953,215.0869140625,0.2056589126586914,0.21442484855651855,,,,,,,,,,,,,,,,,,,,,,,
ridge_window_baseline,train,2023-11-01,199.70399475097656,216.77001953125,0.19440004229545593,0.21033501625061035,,,,,,,,,,,,,,,,,,,,,,,
ridge_window_baseline,train,2023-11-02,178.29966735839844,155.8310546875,0.21354150772094727,0.1909623146057129,,,,,,,,,,,,,,,,,,,,,,,
ridge_window_baseline,train,2023-11-03,150.88282775878906,180.81298828125,0.2417088747024536,0.21057486534118652,,,,,,,,,,,,,,,,,,,,,,,
ridge_window_baseline,train,2023-11-04,112.16883087158203,130.79443359375,0.291649729013443,0.3022184371948242,,,,,,,,,,,,,,,,,,,,,,,
ridge_window_baseline,train,2023-11-05,106.60933685302734,108.251953125,0.30019986629486084,0.3377261161804199,,,,,,,,,,,,,,,,,,,,,,,
ridge_window_baseline,train,2023-11-06,93.40650177001953,94.4482421875,0.3224177360534668,0.340897798538208,,,,,,,,,,,,,,,,,,,,,,,
ridge_window_baseline,train,2023-11-07,80.08716583251953,91.064453125,0.3482319116592407,0.33193469047546387,,,,,,,,,,,,,,,,,,,,,,,
ridge_window_baseline,train,2023-11-08,100.2701644897461,71.044921875,0.3105054199695587,0.3504211902618408,,,,,,,,,,,,,,,,,,,,,,,
ridge_window_baseline,train,2023-11-09,93.60600280761719,107.359375,0.3220594525337219,0.30703043937683105,,,,,,,,,,,,,,,,,,,,,,,
ridge_window_baseline,train,2023-11-10,91.4316635131836,113.4189453125,0.3260059952735901,0.30689024925231934,,,,,,,,,,,,,,,,,,,,,,,
ridge_window_baseline,train,2023-11-11,128.92416381835938,128.47607421875,0.2682144045829773,0.2808377742767334,,,,,,,,,,,,,,,,,,,,,,,
ridge_window_baseline,train,2023-11-12,165.37350463867188,146.03564453125,0.22624161839485168,0.2368462085723877,,,,,,,,,,,,,,,,,,,,,,,
ridge_window_baseline,train,2023-11-13,193.54100036621094,175.66845703125,0.19969378411769867,0.1800706386566162,,,,,,,,,,,,,,,,,,,,,,,
ridge_window_baseline,train,2023-11-14,208.1991729736328,210.35498046875,0.18736357986927032,0.19150400161743164,,,,,,,,,,,,,,,,,,,,,,,
ridge_window_baseline,train,2023-11-15,190.31883239746094,207.14990234375,0.20252862572669983,0.2031691074371338,,,,,,,,,,,,,,,,,,,,,,,
ridge_window_baseline,train,2023-11-16,183.795166015625,172.8720703125,0.20841729640960693,0.20370125770568848,,,,,,,,,,,,,,,,,,,,,,,
ridge_window_baseline,train,2023-11-17,190.24716186523438,155.1318359375,0.20259222388267517,0.21510863304138184,,,,,,,,,,,,,,,,,,,,,,,
ridge_window_baseline,train,2023-11-18,192.47616577148438,180.34130859375,0.20062538981437683,0.19521045684814453,,,,,,,,,,,,,,,,,,,,,,,
ridge_window_baseline,train,2023-11-19,174.93016052246094,219.51513671875,0.21676160395145416,0.21479320526123047,,,,,,,,,,,,,,,,,,,,,,,
ridge_window_baseline,train,2023-11-20,128.14967346191406,81.94189453125,0.2692292630672455,0.2786893844604492,,,,,,,,,,,,,,,,,,,,,,,
ridge_window_baseline,train,2023-11-21,111.48200225830078,115.70947265625,0.2926830053329468,0.30739474296569824,,,,,,,,,,,,,,,,,,,,,,,
ridge_window_baseline,train,2023-11-22,117.67716979980469,119.5908203125,0.2835828959941864,0.29161882400512695,,,,,,,,,,,,,,,,,,,,,,,
ridge_window_baseline,train,2023-11-23,103.06849670410156,109.51025390625,0.3058788776397705,0.3123643398284912,,,,,,,,,,,,,,,,,,,,,,,
ridge_window_baseline,train,2023-11-24,110.18516540527344,97.69091796875,0.2946512997150421,0.28678464889526367,,,,,,,,,,,,,,,,,,,,,,,
ridge_window_baseline,train,2023-11-25,120.8895034790039,129.49951171875,0.2790496349334717,0.27047228813171387,,,,,,,,,,,,,,,,,,,,,,,
ridge_window_baseline,train,2023-11-26,147.201171875,148.24560546875,0.24587395787239075,0.24259305000305176,,,,,,,,,,,,,,,,,,,,,,,
ridge_window_baseline,train,2023-11-27,160.9751739501953,166.70703125,0.2307891994714737,0.2239530086517334,,,,,,,,,,,,,,,,,,,,,,,
ridge_window_baseline,train,2023-11-28,162.7050018310547,197.62158203125,0.22898611426353455,0.2202916145324707,,,,,,,,,,,,,,,,,,,,,,,
ridge_window_baseline,train,2023-11-29,158.0366668701172,159.37060546875,0.23389674723148346,0.23283839225769043,,,,,,,,,,,,,,,,,,,,,,,
ridge_window_baseline,train,2023-11-30,148.81517028808594,166.95166015625,0.24403543770313263,0.25774550437927246,,,,,,,,,,,,,,,,,,,,,,,
ridge_window_baseline,train,2023-12-01,177.3818359375,204.1298828125,0.2144125998020172,0.2097933292388916,,,,,,,,,,,,,,,,,,,,,,,
ridge_window_baseline,train,2023-12-02,162.079833984375,156.57275390625,0.229635551571846,0.23106813430786133,,,,,,,,,,,,,,,,,,,,,,,
ridge_window_baseline,train,2023-12-03,143.72366333007812,179.58447265625,0.24990421533584595,0.20769524574279785,,,,,,,,,,,,,,,,,,,,,,,
ridge_window_baseline,train,2023-12-04,119.0531997680664,163.36572265625,0.2816261947154999,0.26137304306030273,,,,,,,,,,,,,,,,,,,,,,,
ridge_window_baseline,train,2023-12-05,86.70999908447266,94.8740234375,0.33490583300590515,0.31250596046447754,,,,,,,,,,,,,,,,,,,,,,,
ridge_window_baseline,train,2023-12-06,73.3673324584961,77.84814453125,0.3629153370857239,0.35858964920043945,,,,,,,,,,,,,,,,,,,,,,,
ridge_window_baseline,train,2023-12-07,68.02933502197266,73.9228515625,0.375558078289032,0.37317466735839844,,,,,,,,,,,,,,,,,,,,,,,
ridge_window_baseline,train,2023-12-08,73.7665023803711,80.14013671875,0.3620067238807678,0.3458712100982666,,,,,,,,,,,,,,,,,,,,,,,
ridge_window_baseline,train,2023-12-09,75.38816833496094,78.06640625,0.3583645820617676,0.3432753086090088,,,,,,,,,,,,,,,,,,,,,,,
ridge_window_baseline,train,2023-12-10,91.892333984375,90.53955078125,0.3251621425151825,0.35326170921325684,,,,,,,,,,,,,,,,,,,,,,,
ridge_window_baseline,train,2023-12-11,106.75216674804688,97.54150390625,0.2999747395515442,0.2813608646392822,,,,,,,,,,,,,,,,,,,,,,,
ridge_window_baseline,train,2023-12-12,129.13233947753906,84.00439453125,0.2679426670074463,0.33576107025146484,,,,,,,,,,,,,,,,,,,,,,,
ridge_window_baseline,train,2023-12-13,143.3695068359375,136.27294921875,0.25032010674476624,0.2763855457305908,,,,,,,,,,,,,,,,,,,,,,,
ridge_window_baseline,train,2023-12-14,137.87283325195312,168.12158203125,0.2569087743759155,0.27739477157592773,,,,,,,,,,,,,,,,,,,,,,,
ridge_window_baseline,train,2023-12-15,163.17233276367188,99.8203125,0.22850225865840912,0.3065769672393799,,,,,,,,,,,,,,,,,,,,,,,
ridge_window_baseline,train,2023-12-16,169.39849853515625,177.96728515625,0.2221841812133789,0.2117166519165039,,,,,,,,,,,,,,,,,,,,,,,
ridge_window_baseline,train,2023-12-17,171.66983032226562,174.84423828125,0.21993663907051086,0.21953892707824707,,,,,,,,,,,,,,,,,,,,,,,
ridge_window_baseline,train,2023-12-18,184.9463348388672,150.21826171875,0.20736321806907654,0.22057604789733887,,,,,,,,,,,,,,,,,,,,,,,
ridge_window_baseline,train,2023-12-19,152.5313262939453,179.07666015625,0.23987653851509094,0.21749472618103027,,,,,,,,,,,,,,,,,,,,,,,
ridge_window_baseline,train,2023-12-20,122.16783142089844,106.02685546875,0.2772787809371948,0.3002147674560547,,,,,,,,,,,,,,,,,,,,,,,
ridge_window_baseline,train,2023-12-21,107.3499984741211,131.48095703125,0.29903560876846313,0.2984926700592041,,,,,,,,,,,,,,,,,,,,,,,
ridge_window_baseline,train,2023-12-22,108.75499725341797,120.58251953125,0.29684874415397644,0.2823903560638428,,,,,,,,,,,,,,,,,,,,,,,
ridge_window_baseline,train,2023-12-23,111.37816619873047,71.74072265625,0.29283976554870605,0.30517125129699707,,,,,,,,,,,,,,,,,,,,,,,
ridge_window_baseline,train,2023-12-24,111.72433471679688,113.58984375,0.2923177182674408,0.28441739082336426,,,,,,,,,,,,,,,,,,,,,,,
ridge_window_baseline,train,2023-12-25,106.31999969482422,102.07470703125,0.30065685510635376,0.323134183883667,,,,,,,,,,,,,,,,,,,,,,,
ridge_window_baseline,train,2023-12-26,117.30549621582031,70.28271484375,0.2841153144836426,0.3077430725097656,,,,,,,,,,,,,,,,,,,,,,,
ridge_window_baseline,train,2023-12-27,122.85816955566406,118.45361328125,0.2763300836086273,0.30228686332702637,,,,,,,,,,,,,,,,,,,,,,,
ridge_window_baseline,train,2023-12-28,116.27083587646484,150.81103515625,0.2856062948703766,0.2795689105987549,,,,,,,,,,,,,,,,,,,,,,,
ridge_window_baseline,train,2023-12-29,114.39350128173828,109.0810546875,0.28834548592567444,0.29941797256469727,,,,,,,,,,,,,,,,,,,,,,,
ridge_window_baseline,train,2023-12-30,136.5228271484375,132.0625,0.25856685638427734,0.30263710021972656,,,,,,,,,,,,,,,,,,,,,,,
ridge_window_baseline,train,2023-12-31,133.72116088867188,123.541015625,0.2620604634284973,0.26151013374328613,,,,,,,,,,,,,,,,,,,,,,,
ridge_window_baseline,train,2024-01-01,118.83733367919922,120.94873046875,0.28193166851997375,0.28356075286865234,,,,,,,,,,,,,,,,,,,,,,,
ridge_window_baseline,train,2024-01-02,106.35566711425781,102.34814453125,0.30060046911239624,0.2859761714935303,,,,,,,,,,,,,,,,,,,,,,,
ridge_window_baseline,train,2024-01-03,85.38916778564453,73.34814453125,0.3374813199043274,0.32405591011047363,,,,,,,,,,,,,,,,,,,,,,,
ridge_window_baseline,train,2024-01-04,88.9403305053711,73.98095703125,0.3306436836719513,0.33374571800231934,,,,,,,,,,,,,,,,,,,,,,,
ridge_window_baseline,train,2024-01-05,76.63400268554688,57.27783203125,0.3556186556816101,0.36551332473754883,,,,,,,,,,,,,,,,,,,,,,,
ridge_window_baseline,train,2024-01-06,64.60433197021484,60.97607421875,0.38419586420059204,0.37000441551208496,,,,,,,,,,,,,,,,,,,,,,,
ridge_window_baseline,train,2024-01-07,63.421165466308594,47.94580078125,0.3872849643230438,0.39772963523864746,,,,,,,,,,,,,,,,,,,,,,,
ridge_window_baseline,train,2024-01-08,61.35100173950195,40.72802734375,0.39282894134521484,0.35706472396850586,,,,,,,,,,,,,,,,,,,,,,,
ridge_window_baseline,train,2024-01-09,68.64216613769531,117.71240234375,0.3740578591823578,0.32715678215026855,,,,,,,,,,,,,,,,,,,,,,,
ridge_window_baseline,train,2024-01-10,82.81632995605469,65.46875,0.342613160610199,0.309551477432251,,,,,,,,,,,,,,,,,,,,,,,
ridge_window_baseline,train,2024-01-11,98.79850006103516,117.98046875,0.31299012899398804,0.298999547958374,,,,,,,,,,,,,,,,,,,,,,,
ridge_window_baseline,train,2024-01-12,112.18016815185547,131.8251953125,0.291632741689682,0.2797200679779053,,,,,,,,,,,,,,,,,,,,,,,
ridge_window_baseline,train,2024-01-13,128.24400329589844,113.64599609375,0.26910531520843506,0.24182629585266113,,,,,,,,,,,,,,,,,,,,,,,
ridge_window_baseline,train,2024-01-14,173.7288360595703,145.0263671875,0.21792460978031158,0.2375013828277588,,,,,,,,,,,,,,,,,,,,,,,
ridge_window_baseline,train,2024-01-15,173.71200561523438,146.13916015625,0.21794097125530243,0.23940539360046387,,,,,,,,,,,,,,,,,,,,,,,
ridge_window_baseline,train,2024-01-16,155.41917419433594,133.5986328125,0.23671357333660126,0.27847933769226074,,,,,,,,,,,,,,,,,,,,,,,
ridge_window_baseline,train,2024-01-17,127.9114990234375,136.44873046875,0.2695425748825073,0.25121283531188965,,,,,,,,,,,,,,,,,,,,,,,
ridge_window_baseline,train,2024-01-18,102.62283325195312,95.01318359375,0.30660730600357056,0.30269360542297363,,,,,,,,,,,,,,,,,,,,,,,
ridge_window_baseline,train,2024-01-19,87.18916320800781,96.77294921875,0.33398106694221497,0.3190639019012451,,,,,,,,,,,,,,,,,,,,,,,
ridge_window_baseline,train,2024-01-20,77.22216796875,98.140625,0.35433757305145264,0.3439300060272217,,,,,,,,,,,,,,,,,,,,,,,
ridge_window_baseline,train,2024-01-21,65.64749908447266,63.45361328125,0.38151815533638,0.37582826614379883,,,,,,,,,,,,,,,,,,,,,,,
ridge_window_baseline,train,2024-01-22,63.08966827392578,65.736328125,0.3881606459617615,0.39777207374572754,,,,,,,,,,,,,,,,,,,,,,,
ridge_window_baseline,train,2024-01-23,83.45249938964844,88.96875,0.3413297235965729,0.35558629035949707,,,,,,,,,,,,,,,,,,,,,,,
ridge_window_baseline,train,2024-01-24,103.04366302490234,80.46240234375,0.3059193789958954,0.3357391357421875,,,,,,,,,,,,,,,,,,,,,,,
ridge_window_baseline,train,2024-01-25,123.20417022705078,101.2021484375,0.275856614112854,0.27628111839294434,,,,,,,,,,,,,,,,,,,,,,,
ridge_window_baseline,train,2024-01-26,131.875,111.74462890625,0.2644025385379791,0.3175067901611328,,,,,,,,,,,,,,,,,,,,,,,
ridge_window_baseline,train,2024-01-27,132.08616638183594,121.138671875,0.2641330063343048,0.3138856887817383,,,,,,,,,,,,,,,,,,,,,,,
ridge_window_baseline,train,2024-01-28,137.1718292236328,134.599609375,0.2577677071094513,0.2688908576965332,,,,,,,,,,,,,,,,,,,,,,,
ridge_window_baseline,train,2024-01-29,138.4425048828125,128.724609375,0.2562139332294464,0.25792503356933594,,,,,,,,,,,,,,,,,,,,,,,
ridge_window_baseline,train,2024-01-30,148.44566345214844,142.9345703125,0.24445459246635437,0.3109002113342285,,,,,,,,,,,,,,,,,,,,,,,
ridge_window_baseline,train,2024-01-31,116.74016571044922,144.36767578125,0.2849283516407013,0.2768826484680176,,,,,,,,,,,,,,,,,,,,,,,
ridge_window_baseline,train,2024-02-01,95.53900146484375,99.595703125,0.318626344203949,0.3097195625305176,,,,,,,,,,,,,,,,,,,,,,,
ridge_window_baseline,train,2024-02-02,90.01166534423828,103.10986328125,0.3286338150501251,0.2910325527191162,,,,,,,,,,,,,,,,,,,,,,,
ridge_window_baseline,train,2024-02-03,82.13700103759766,132.08251953125,0.34399446845054626,0.30911922454833984,,,,,,,,,,,,,,,,,,,,,,,
ridge_window_baseline,train,2024-02-04,60.47949981689453,68.45166015625,0.3952181041240692,0.3321259021759033,,,,,,,,,,,,,,,,,,,,,,,
ridge_window_baseline,train,2024-02-05,54.481834411621094,35.44580078125,0.41264107823371887,0.4038510322570801,,,,,,,,,,,,,,,,,,,,,,,
ridge_window_baseline,train,2024-02-06,47.3668327331543,40.365234375,0.43593573570251465,0.448042631149292,,,,,,,,,,,,,,,,,,,,,,,
ridge_window_baseline,train,2024-02-07,50.041500091552734,53.08056640625,0.42679980397224426,0.40089869499206543,,,,,,,,,,,,,,,,,,,,,,,
ridge_window_baseline,train,2024-02-08,59.57416534423828,19.48583984375,0.39773616194725037,0.4014112949371338,,,,,,,,,,,,,,,,,,,,,,,
ridge_window_baseline,train,2024-02-09,74.49500274658203,18.833984375,0.36036089062690735,0.390408992767334,,,,,,,,,,,,,,,,,,,,,,,
ridge_window_baseline,train,2024-02-10,81.97450256347656,101.0361328125,0.34432655572891235,0.36546969413757324,,,,,,,,,,,,,,,,,,,,,,,
ridge_window_baseline,train,2024-02-11,86.91967010498047,89.15087890625,0.3345005512237549,0.3445117473602295,,,,,,,,,,,,,,,,,,,,,,,
ridge_window_baseline,train,2024-02-12,105.4538345336914,128.76708984375,0.30203232169151306,0.3062734603881836,,,,,,,,,,,,,,,,,,,,,,,
ridge_window_baseline,train,2024-02-13,121.1364974975586,128.0859375,0.27870601415634155,0.2701866626739502,,,,,,,,,,,,,,,,,,,,,,,
ridge_window_baseline,train,2024-02-14,108.10633087158203,119.9140625,0.2978549003601074,0.28148913383483887,,,,,,,,,,,,,,,,,,,,,,,
ridge_window_baseline,train,2024-02-15,96.77349853515625,97.6455078125,0.31646960973739624,0.30913472175598145,,,,,,,,,,,,,,,,,,,,,,,
ridge_window_baseline,train,2024-02-16,76.33782958984375,134.5595703125,0.35626742243766785,0.333634614944458,,,,,,,,,,,,,,,,,,,,,,,
ridge_window_baseline,train,2024-02-17,60.23400115966797,62.23486328125,0.39589723944664,0.3972461223602295,,,,,,,,,,,,,,,,,,,,,,,
ridge_window_baseline,train,2024-02-18,44.208831787109375,76.03759765625,0.44739654660224915,0.41866445541381836,,,,,,,,,,,,,,,,,,,,,,,
ridge_window_baseline,train,2024-02-19,34.60200119018555,74.39501953125,0.487944632768631,0.4454495906829834,,,,,,,,,,,,,,,,,,,,,,,
ridge_window_baseline,train,2024-02-20,34.478599548339844,0.0,0.48853397369384766,0.4646108150482178,,,,,,,,,,,,,,,,,,,,,,,
ridge_window_baseline,train,2024-03-14,160.37615966796875,117.8935546875,0.23141805827617645,0.2480621337890625,,,,,,,,,,,,,,,,,,,,,,,
ridge_window_baseline,train,2024-03-15,145.7271728515625,165.52880859375,0.24757058918476105,0.2889401912689209,,,,,,,,,,,,,,,,,,,,,,,
ridge_window_baseline,train,2024-03-16,113.67283630371094,94.9912109375,0.2894088327884674,0.34423184394836426,,,,,,,,,,,,,,,,,,,,,,,
ridge_window_baseline,train,2024-03-17,71.30049896240234,72.3935546875,0.36769944429397583,0.37009596824645996,,,,,,,,,,,,,,,,,,,,,,,
ridge_window_baseline,train,2024-03-18,60.678165435791016,107.57275390625,0.3946704864501953,0.3861963748931885,,,,,,,,,,,,,,,,,,,,,,,
ridge_window_baseline,train,2024-03-19,56.5359992980957,60.30322265625,0.40647032856941223,0.39820337295532227,,,,,,,,,,,,,,,,,,,,,,,
ridge_window_baseline,train,2024-03-20,46.02516555786133,57.43115234375,0.4407106041908264,0.4240090847015381,,,,,,,,,,,,,,,,,,,,,,,
ridge_window_baseline,train,2024-03-21,50.93116760253906,36.69970703125,0.42386674880981445,0.45767974853515625,,,,,,,,,,,,,,,,,,,,,,,
ridge_window_baseline,train,2024-03-22,57.33700180053711,34.98583984375,0.4041236340999603,0.4146270751953125,,,,,,,,,,,,,,,,,,,,,,,
ridge_window_baseline,train,2024-03-23,66.26950073242188,41.1494140625,0.3799414336681366,0.358745813369751,,,,,,,,,,,,,,,,,,,,,,,
ridge_window_baseline,train,2024-03-24,67.5251693725586,83.265625,0.37680232524871826,0.3763394355773926,,,,,,,,,,,,,,,,,,,,,,,
ridge_window_baseline,train,2024-03-25,66.4301986694336,29.63720703125,0.3795364201068878,0.38854193687438965,,,,,,,,,,,,,,,,,,,,,,,
ridge_window_baseline,train,2024-03-26,0.7429999709129333,8.7294921875,1.0,0.7989084720611572,,,,,,,,,,,,,,,,,,,,,,,
ridge_window_baseline,train,2024-03-27,44.424598693847656,42.3427734375,0.4465883672237396,0.452167272567749,,,,,,,,,,,,,,,,,,,,,,,
ridge_window_baseline,train,2024-03-28,101.82733154296875,77.1767578125,0.3079153597354889,0.30765414237976074,,,,,,,,,,,,,,,,,,,,,,,
ridge_window_baseline,train,2024-03-29,96.90516662597656,122.75146484375,0.31624120473861694,0.32004356384277344,,,,,,,,,,,,,,,,,,,,,,,
ridge_window_baseline,train,2024-03-30,86.97616577148438,54.08642578125,0.3343915343284607,0.34477686882019043,,,,,,,,,,,,,,,,,,,,,,,
ridge_window_baseline,train,2024-03-31,71.68416595458984,96.46533203125,0.36680111289024353,0.3701322078704834,,,,,,,,,,,,,,,,,,,,,,,
ridge_window_baseline,train,2024-04-01,67.95883178710938,41.67236328125,0.37573152780532837,0.3785133361816406,,,,,,,,,,,,,,,,,,,,,,,
ridge_window_baseline,train,2024-04-02,52.783668518066406,35.58837890625,0.4179174304008484,0.41795802116394043,,,,,,,,,,,,,,,,,,,,,,,
ridge_window_baseline,train,2024-04-03,42.80416488647461,1.4912109375,0.4527539908885956,0.45435214042663574,,,,,,,,,,,,,,,,,,,,,,,
ridge_window_baseline,train,2024-04-04,41.55833435058594,25.669921875,0.45765137672424316,0.4562242031097412,,,,,,,,,,,,,,,,,,,,,,,
ridge_window_baseline,val,2024-04-26,93.82633209228516,78.5908203125,0.32166460156440735,0.32660746574401855,,,,,,,,,,,,,,,,,,,,,,,
ridge_window_baseline,val,2024-04-27,93.57433319091797,149.6640625,0.32211625576019287,0.293621301651001,,,,,,,,,,,,,,,,,,,,,,,
ridge_window_baseline,val,2024-04-28,87.7308349609375,78.30908203125,0.3329417407512665,0.3019096851348877,,,,,,,,,,,,,,,,,,,,,,,
ridge_window_baseline,val,2024-04-29,83.41600036621094,153.9453125,0.3414030969142914,0.34850001335144043,,,,,,,,,,,,,,,,,,,,,,,
ridge_window_baseline,val,2024-04-30,69.024169921875,28.0859375,0.37312936782836914,0.35053038597106934,,,,,,,,,,,,,,,,,,,,,,,
ridge_window_baseline,val,2024-05-01,63.25033187866211,96.55859375,0.38773566484451294,0.3239758014678955,,,,,,,,,,,,,,,,,,,,,,,
ridge_window_baseline,val,2024-05-02,49.427833557128906,65.787109375,0.4288528561592102,0.3229362964630127,,,,,,,,,,,,,,,,,,,,,,,
ridge_window_baseline,val,2024-05-03,44.40216827392578,0.0,0.4466722309589386,0.5895388126373291,,,,,,,,,,,,,,,,,,,,,,,
ridge_window_baseline,val,2024-05-04,49.4114990234375,0.0,0.4289078414440155,0.5189919471740723,,,,,,,,,,,,,,,,,,,,,,,
ridge_window_baseline,val,2024-05-05,58.51566696166992,9.79345703125,0.40072840452194214,0.4218747615814209,,,,,,,,,,,,,,,,,,,,,,,
ridge_window_baseline,val,2024-05-06,75.9798355102539,87.15966796875,0.3570549488067627,0.3469555377960205,,,,,,,,,,,,,,,,,,,,,,,
ridge_window_baseline,val,2024-05-07,104.36483001708984,55.54296875,0.30377763509750366,0.3171103000640869,,,,,,,,,,,,,,,,,,,,,,,
ridge_window_baseline,val,2024-05-08,113.64199829101562,0.0,0.28945448994636536,0.41124653816223145,,,,,,,,,,,,,,,,,,,,,,,
ridge_window_baseline,val,2024-05-09,122.74766540527344,188.52099609375,0.27648159861564636,0.36740636825561523,,,,,,,,,,,,,,,,,,,,,,,
ridge_window_baseline,val,2024-05-10,108.3981704711914,0.0,0.297401487827301,0.4273500442504883,,,,,,,,,,,,,,,,,,,,,,,
ridge_window_baseline,val,2024-05-11,93.32949829101562,112.55322265625,0.3225562274456024,0.3412909507751465,,,,,,,,,,,,,,,,,,,,,,,
ridge_window_baseline,val,2024-05-12,99.39066314697266,64.28271484375,0.31198593974113464,0.363785982131958,,,,,,,,,,,,,,,,,,,,,,,
ridge_window_baseline,val,2024-05-13,87.72916412353516,90.732421875,0.33294492959976196,0.28904223442077637,,,,,,,,,,,,,,,,,,,,,,,
ridge_window_baseline,val,2024-05-14,72.44149780273438,64.013671875,0.36504170298576355,0.32424187660217285,,,,,,,,,,,,,,,,,,,,,,,
ridge_window_baseline,val,2024-05-15,56.36783218383789,94.92236328125,0.4069671630859375,0.30106425285339355,,,,,,,,,,,,,,,,,,,,,,,
ridge_window_baseline,val,2024-05-16,42.77799987792969,61.01025390625,0.4528554081916809,0.31302714347839355,,,,,,,,,,,,,,,,,,,,,,,
ridge_window_baseline,val,2024-05-17,47.94466781616211,35.19677734375,0.4339199364185333,0.4349939823150635,,,,,,,,,,,,,,,,,,,,,,,
ridge_window_baseline,val,2024-05-18,43.1341667175293,24.44921875,0.45148006081581116,0.4475057125091553,,,,,,,,,,,,,,,,,,,,,,,
ridge_window_baseline,val,2024-05-19,48.57816696166992,0.0,0.43173712491989136,0.511460542678833,,,,,,,,,,,,,,,,,,,,,,,
ridge_window_baseline,val,2024-05-20,58.162498474121094,51.76171875,0.40173861384391785,0.3722691535949707,,,,,,,,,,,,,,,,,,,,,,,
ridge_window_baseline,val,2024-05-21,66.70500183105469,69.68359375,0.37884610891342163,0.36421871185302734,,,,,,,,,,,,,,,,,,,,,,,
ridge_window_baseline,val,2024-05-22,81.66466522216797,25.77294921875,0.344961553812027,0.4242289066314697,,,,,,,,,,,,,,,,,,,,,,,
ridge_window_baseline,val,2024-05-23,91.00382995605469,106.3330078125,0.32679346203804016,0.3538858890533447,,,,,,,,,,,,,,,,,,,,,,,
ridge_window_baseline,val,2024-05-24,96.33100128173828,118.18701171875,0.31723952293395996,0.3265388011932373,,,,,,,,,,,,,,,,,,,,,,,
ridge_window_baseline,val,2024-05-25,93.3489990234375,83.1513671875,0.3225211501121521,0.3088858127593994,,,,,,,,,,,,,,,,,,,,,,,
ridge_window_baseline,val,2024-05-26,95.19300079345703,162.21875,0.31923577189445496,0.22023224830627441,,,,,,,,,,,,,,,,,,,,,,,
ridge_window_baseline,val,2024-05-27,92.75316619873047,178.3876953125,0.3235964775085449,0.2496941089630127,,,,,,,,,,,,,,,,,,,,,,,
ridge_window_baseline,val,2024-05-28,89.54100036621094,106.03466796875,0.32951387763023376,0.2406909465789795,,,,,,,,,,,,,,,,,,,,,,,
ridge_window_baseline,val,2024-05-29,74.1709976196289,142.85791015625,0.36109089851379395,0.2782423496246338,,,,,,,,,,,,,,,,,,,,,,,
ridge_window_baseline,val,2024-05-30,63.667667388916016,106.55224609375,0.38663673400878906,0.3545043468475342,,,,,,,,,,,,,,,,,,,,,,,
ridge_window_baseline,val,2024-05-31,60.48066711425781,98.39208984375,0.39521488547325134,0.4224121570587158,,,,,,,,,,,,,,,,,,,,,,,
ridge_window_baseline,val,2024-06-01,56.56966781616211,32.98828125,0.4063710570335388,0.4775233268737793,,,,,,,,,,,,,,,,,,,,,,,
ridge_window_baseline,val,2024-06-02,54.444332122802734,123.2890625,0.4127558469772339,0.39901304244995117,,,,,,,,,,,,,,,,,,,,,,,
ridge_window_baseline,val,2024-06-03,60.086334228515625,107.13623046875,0.3963070511817932,0.3479118347167969,,,,,,,,,,,,,,,,,,,,,,,
ridge_window_baseline,val,2024-06-04,72.08516693115234,120.91943359375,0.3658672571182251,0.37790799140930176,,,,,,,,,,,,,,,,,,,,,,,
ridge_window_baseline,val,2024-06-05,81.41533660888672,107.740234375,0.3454742729663849,0.28511524200439453,,,,,,,,,,,,,,,,,,,,,,,
ridge_window_baseline,val,2024-06-06,97.0433349609375,91.353515625,0.316001832485199,0.32081103324890137,,,,,,,,,,,,,,,,,,,,,,,
ridge_window_baseline,val,2024-06-07,103.7796630859375,127.33740234375,0.3047229051589966,0.33333277702331543,,,,,,,,,,,,,,,,,,,,,,,
ridge_window_baseline,val,2024-06-08,97.50749969482422,92.7587890625,0.31520015001296997,0.3304932117462158,,,,,,,,,,,,,,,,,,,,,,,
ridge_window_baseline,val,2024-06-09,95.05783081054688,88.5302734375,0.319474458694458,0.33147644996643066,,,,,,,,,,,,,,,,,,,,,,,
ridge_window_baseline,val,2024-06-10,90.34950256347656,99.67919921875,0.3280049264431,0.24765372276306152,,,,,,,,,,,,,,,,,,,,,,,
ridge_window_baseline,val,2024-06-11,88.15816497802734,127.4267578125,0.3321262300014496,0.27055931091308594,,,,,,,,,,,,,,,,,,,,,,,
ridge_window_baseline,val,2024-06-12,75.58516693115234,39.701171875,0.3579274117946625,0.3599693775177002,,,,,,,,,,,,,,,,,,,,,,,
ridge_window_baseline,val,2024-06-13,64.05233001708984,50.10498046875,0.3856300711631775,0.38780665397644043,,,,,,,,,,,,,,,,,,,,,,,
ridge_window_baseline,val,2024-06-14,56.574501037597656,71.6875,0.4063567817211151,0.35741758346557617,,,,,,,,,,,,,,,,,,,,,,,
ridge_window_baseline,val,2024-06-15,50.119998931884766,60.0126953125,0.42653894424438477,0.35330748558044434,,,,,,,,,,,,,,,,,,,,,,,
ridge_window_baseline,val,2024-06-16,47.753665924072266,10.46142578125,0.4345836043357849,0.38280224800109863,,,,,,,,,,,,,,,,,,,,,,,
ridge_window_baseline,val,2024-06-17,46.834999084472656,13.6640625,0.4378124475479126,0.49505186080932617,,,,,,,,,,,,,,,,,,,,,,,
ridge_window_baseline,val,2024-06-18,51.17583465576172,11.74560546875,0.42306894063949585,0.4681425094604492,,,,,,,,,,,,,,,,,,,,,,,
ridge_window_baseline,val,2024-06-19,45.6870002746582,83.8017578125,0.44193562865257263,0.37749719619750977,,,,,,,,,,,,,,,,,,,,,,,
ridge_window_baseline,val,2024-06-20,60.634334564208984,33.11572265625,0.3947911560535431,0.36060214042663574,,,,,,,,,,,,,,,,,,,,,,,
ridge_window_baseline,val,2024-06-21,38.46066665649414,9.2099609375,0.47047847509384155,0.40237903594970703,,,,,,,,,,,,,,,,,,,,,,,
ridge_window_baseline,val,2024-06-22,85.24250030517578,72.15234375,0.3377697169780731,0.3907928466796875,,,,,,,,,,,,,,,,,,,,,,,
ridge_window_baseline,val,2024-06-23,91.21116638183594,90.62744140625,0.3264113962650299,0.3112037181854248,,,,,,,,,,,,,,,,,,,,,,,
ridge_window_baseline,val,2024-06-24,83.6449966430664,139.10791015625,0.34094327688217163,0.31872105598449707,,,,,,,,,,,,,,,,,,,,,,,
ridge_window_baseline,val,2024-06-25,88.79633331298828,112.04052734375,0.3309156596660614,0.3409080505371094,,,,,,,,,,,,,,,,,,,,,,,
ridge_window_baseline,val,2024-06-26,88.10116577148438,53.25146484375,0.33223479986190796,0.3779728412628174,,,,,,,,,,,,,,,,,,,,,,,
ridge_window_baseline,val,2024-06-27,81.45816802978516,113.16357421875,0.3453860878944397,0.32570910453796387,,,,,,,,,,,,,,,,,,,,,,,
ridge_window_baseline,val,2024-06-28,56.96616744995117,64.78271484375,0.40520602464675903,0.2657039165496826,,,,,,,,,,,,,,,,,,,,,,,
ridge_window_baseline,val,2024-06-29,52.085166931152344,30.93310546875,0.4201362431049347,0.5047872066497803,,,,,,,,,,,,,,,,,,,,,,,
ridge_window_baseline,val,2024-06-30,55.59550094604492,89.54931640625,0.409267783164978,0.350233793258667,,,,,,,,,,,,,,,,,,,,,,,
ridge_window_baseline,val,2024-07-01,55.30950164794922,51.1181640625,0.4101276993751526,0.48725080490112305,,,,,,,,,,,,,,,,,,,,,,,
ridge_window_baseline,val,2024-07-02,40.50716781616211,29.06884765625,0.4618963897228241,0.47855448722839355,,,,,,,,,,,,,,,,,,,,,,,
ridge_window_baseline,val,2024-07-03,58.07866668701172,56.65576171875,0.4019792973995209,0.5565359592437744,,,,,,,,,,,,,,,,,,,,,,,
ridge_window_baseline,val,2024-07-04,52.16283416748047,80.75439453125,0.41988810896873474,0.5704386234283447,,,,,,,,,,,,,,,,,,,,,,,
ridge_window_baseline,val,2024-07-05,64.76266479492188,103.4931640625,0.38378670811653137,0.4187610149383545,,,,,,,,,,,,,,,,,,,,,,,
ridge_window_baseline,val,2024-07-06,86.30249786376953,43.60009765625,0.3356962502002716,0.40343785285949707,,,,,,,,,,,,,,,,,,,,,,,
ridge_window_baseline,val,2024-07-07,109.11433410644531,110.44677734375,0.2962939441204071,0.4516732692718506,,,,,,,,,,,,,,,,,,,,,,,
ridge_window_baseline,val,2024-07-08,120.86266326904297,168.408203125,0.27908700704574585,0.2970132827758789,,,,,,,,,,,,,,,,,,,,,,,
ridge_window_baseline,val,2024-07-09,110.69950103759766,139.47607421875,0.29386794567108154,0.37777090072631836,,,,,,,,,,,,,,,,,,,,,,,
ridge_window_baseline,val,2024-07-10,119.88166809082031,114.90771484375,0.28045889735221863,0.41681981086730957,,,,,,,,,,,,,,,,,,,,,,,
ridge_window_baseline,val,2024-07-11,98.66999816894531,170.86279296875,0.31320881843566895,0.33680129051208496,,,,,,,,,,,,,,,,,,,,,,,
ridge_window_baseline,val,2024-07-12,91.74674987792969,113.97412109375,0.3254283666610718,0.4934380054473877,,,,,,,,,,,,,,,,,,,,,,,
ridge_window_baseline,val,2024-07-13,62.457000732421875,188.955078125,0.38984450697898865,0.3204915523529053,,,,,,,,,,,,,,,,,,,,,,,
ridge_window_baseline,val,2024-07-14,52.44340133666992,0.0,0.4189946949481964,0.48342108726501465,,,,,,,,,,,,,,,,,,,,,,,
ridge_window_baseline,val,2024-07-15,46.90299987792969,94.1611328125,0.43757131695747375,0.43993258476257324,,,,,,,,,,,,,,,,,,,,,,,
ridge_window_baseline,val,2024-07-16,48.763668060302734,98.33984375,0.4311032295227051,0.4297173023223877,,,,,,,,,,,,,,,,,,,,,,,
ridge_window_baseline,val,2024-07-17,46.490665435791016,28.5966796875,0.4390386641025543,0.4579017162322998,,,,,,,,,,,,,,,,,,,,,,,
ridge_window_baseline,val,2024-07-18,51.77333450317383,33.0,0.4211362600326538,0.4458930492401123,,,,,,,,,,,,,,,,,,,,,,,
ridge_window_baseline,val,2024-07-19,54.82316589355469,42.32080078125,0.4116000533103943,0.4058372974395752,,,,,,,,,,,,,,,,,,,,,,,
ridge_window_baseline,val,2024-07-20,69.66600036621094,0.0,0.37158069014549255,0.43143486976623535,,,,,,,,,,,,,,,,,,,,,,,
ridge_window_baseline,val,2024-07-21,87.78266906738281,2.75244140625,0.332842618227005,0.4254772663116455,,,,,,,,,,,,,,,,,,,,,,,
ridge_window_baseline,val,2024-07-22,98.84449768066406,130.765625,0.31291189789772034,0.3652966022491455,,,,,,,,,,,,,,,,,,,,,,,
ridge_window_baseline,val,2024-07-23,122.2731704711914,128.2392578125,0.27713367342948914,0.40822291374206543,,,,,,,,,,,,,,,,,,,,,,,
ridge_window_baseline,val,2024-07-24,130.135498046875,73.2783203125,0.26663923263549805,0.40523648262023926,,,,,,,,,,,,,,,,,,,,,,,
ridge_window_baseline,val,2024-07-25,133.7811737060547,177.05859375,0.2619848847389221,0.2901794910430908,,,,,,,,,,,,,,,,,,,,,,,
ridge_window_baseline,val,2024-07-26,141.0395050048828,175.71337890625,0.2530818283557892,0.24090051651000977,,,,,,,,,,,,,,,,,,,,,,,
ridge_window_baseline,val,2024-07-27,131.18833923339844,182.11181640625,0.26528194546699524,0.3220541477203369,,,,,,,,,,,,,,,,,,,,,,,
ridge_window_baseline,val,2024-07-28,109.01066589355469,103.39599609375,0.2964538335800171,0.23803424835205078,,,,,,,,,,,,,,,,,,,,,,,
ridge_window_baseline,val,2024-07-29,88.85250091552734,116.70947265625,0.3308095335960388,0.22667622566223145,,,,,,,,,,,,,,,,,,,,,,,
ridge_window_baseline,val,2024-07-30,77.39167022705078,201.552734375,0.35397017002105713,0.21056866645812988,,,,,,,,,,,,,,,,,,,,,,,
ridge_window_baseline,val,2024-07-31,75.24933624267578,78.6796875,0.3586733341217041,0.2628614902496338,,,,,,,,,,,,,,,,,,,,,,,
ridge_window_baseline,val,2024-08-01,73.45016479492188,50.88916015625,0.3627263903617859,0.35509181022644043,,,,,,,,,,,,,,,,,,,,,,,
ridge_window_baseline,val,2024-08-02,92.82499694824219,96.36865234375,0.3234664797782898,0.379716157913208,,,,,,,,,,,,,,,,,,,,,,,
ridge_window_baseline,val,2024-08-03,116.86866760253906,21.68603515625,0.28474318981170654,0.34967780113220215,,,,,,,,,,,,,,,,,,,,,,,
ridge_window_baseline,val,2024-08-04,125.10099792480469,100.2001953125,0.27328401803970337,0.19637131690979004,,,,,,,,,,,,,,,,,,,,,,,
ridge_window_baseline,val,2024-08-05,120.83316802978516,135.80322265625,0.2791280746459961,0.22615933418273926,,,,,,,,,,,,,,,,,,,,,,,
ridge_window_baseline,val,2024-08-06,116.02933502197266,127.05029296875,0.28595617413520813,0.3361327648162842,,,,,,,,,,,,,,,,,,,,,,,
ridge_window_baseline,val,2024-08-07,116.55149841308594,143.798828125,0.2852005362510681,0.36178088188171387,,,,,,,,,,,,,,,,,,,,,,,
ridge_window_baseline,val,2024-08-08,112.18260192871094,139.595703125,0.2916291058063507,0.25998425483703613,,,,,,,,,,,,,,,,,,,,,,,
ridge_window_baseline,val,2024-08-09,130.64474487304688,116.31103515625,0.26598137617111206,0.27254557609558105,,,,,,,,,,,,,,,,,,,,,,,
ridge_window_baseline,val,2024-08-10,110.28700256347656,139.5634765625,0.29449591040611267,0.18622088432312012,,,,,,,,,,,,,,,,,,,,,,,
ridge_window_baseline,val,2024-08-11,94.27950286865234,62.580078125,0.32085537910461426,0.32971739768981934,,,,,,,,,,,,,,,,,,,,,,,
ridge_window_baseline,val,2024-08-12,72.24140167236328,99.541015625,0.36550480127334595,0.37245941162109375,,,,,,,,,,,,,,,,,,,,,,,
ridge_window_baseline,val,2024-08-13,50.115665435791016,95.91552734375,0.426553338766098,0.45355963706970215,,,,,,,,,,,,,,,,,,,,,,,
ridge_window_baseline,val,2024-08-14,41.341331481933594,19.44140625,0.4585190713405609,0.47216057777404785,,,,,,,,,,,,,,,,,,,,,,,
ridge_window_baseline,val,2024-08-15,44.02316665649414,25.5517578125,0.44809505343437195,0.4914729595184326,,,,,,,,,,,,,,,,,,,,,,,
ridge_window_baseline,val,2024-08-16,48.2244987487793,41.8486328125,0.43295228481292725,0.44428300857543945,,,,,,,,,,,,,,,,,,,,,,,
ridge_window_baseline,test,2024-09-07,93.95316314697266,83.84033203125,0.3214377164840698,0.28758835792541504,,,,,,,,,,,,,,,,,,,,,,,
ridge_window_baseline,test,2024-09-08,102.64383697509766,70.64892578125,0.30657291412353516,0.3345210552215576,,,,,,,,,,,,,,,,,,,,,,,
ridge_window_baseline,test,2024-09-09,107.69249725341797,156.22998046875,0.2984999120235443,0.33527445793151855,,,,,,,,,,,,,,,,,,,,,,,
ridge_window_baseline,test,2024-09-10,88.54666900634766,103.30224609375,0.3313882350921631,0.34830307960510254,,,,,,,,,,,,,,,,,,,,,,,
ridge_window_baseline,test,2024-09-11,75.02999877929688,106.826171875,0.359162300825119,0.30461716651916504,,,,,,,,,,,,,,,,,,,,,,,
ridge_window_baseline,test,2024-09-12,55.55416488647461,108.66796875,0.4093917906284332,0.28669190406799316,,,,,,,,,,,,,,,,,,,,,,,
ridge_window_baseline,test,2024-09-13,53.781166076660156,19.5693359375,0.4147982597351074,0.43500781059265137,,,,,,,,,,,,,,,,,,,,,,,
ridge_window_baseline,test,2024-09-14,54.09400177001953,92.03369140625,0.4138317406177521,0.35938572883605957,,,,,,,,,,,,,,,,,,,,,,,
ridge_window_baseline,test,2024-09-15,55.83416748046875,119.298828125,0.40855351090431213,0.32383298873901367,,,,,,,,,,,,,,,,,,,,,,,
ridge_window_baseline,test,2024-09-16,48.1952018737793,74.43212890625,0.4330533444881439,0.27077364921569824,,,,,,,,,,,,,,,,,,,,,,,
ridge_window_baseline,test,2024-09-17,116.66533660888672,120.78857421875,0.28503626585006714,0.43482184410095215,,,,,,,,,,,,,,,,,,,,,,,
ridge_window_baseline,test,2024-09-18,176.28433227539062,0.0,0.2154601365327835,0.367659330368042,,,,,,,,,,,,,,,,,,,,,,,
ridge_window_baseline,test,2024-09-19,190.49400329589844,94.01171875,0.20237329602241516,0.44008898735046387,,,,,,,,,,,,,,,,,,,,,,,
ridge_window_baseline,test,2024-09-20,231.56016540527344,259.0126953125,0.1693950593471527,0.19197344779968262,,,,,,,,,,,,,,,,,,,,,,,
ridge_window_baseline,test,2024-09-21,150.12083435058594,0.0,0.24256257712841034,0.4000678062438965,,,,,,,,,,,,,,,,,,,,,,,
ridge_window_baseline,test,2024-09-22,135.26283264160156,192.96728515625,0.2601291537284851,0.45976758003234863,,,,,,,,,,,,,,,,,,,,,,,
ridge_window_baseline,test,2024-09-23,123.44149780273438,24.84765625,0.2755325734615326,0.4537851810455322,,,,,,,,,,,,,,,,,,,,,,,
ridge_window_baseline,test,2024-10-18,245.25950622558594,222.9404296875,0.15967996418476105,0.2699458599090576,,,,,,,,,,,,,,,,,,,,,,,
ridge_window_baseline,test,2024-10-19,296.135009765625,183.40869140625,0.12780362367630005,0.35310912132263184,,,,,,,,,,,,,,,,,,,,,,,
ridge_window_baseline,test,2024-10-20,265.0311584472656,275.5556640625,0.14657174050807953,0.1291801929473877,,,,,,,,,,,,,,,,,,,,,,,
ridge_window_baseline,test,2024-10-21,223.7191619873047,215.4716796875,0.17521655559539795,0.1214289665222168,,,,,,,,,,,,,,,,,,,,,,,
ridge_window_baseline,test,2024-10-22,199.46200561523438,234.28076171875,0.19460482895374298,0.09900784492492676,,,,,,,,,,,,,,,,,,,,,,,
ridge_window_baseline,test,2024-10-23,131.52149963378906,184.36669921875,0.26485469937324524,0.23730993270874023,,,,,,,,,,,,,,,,,,,,,,,
ridge_window_baseline,test,2024-10-24,92.78983306884766,101.10009765625,0.3235301077365875,0.2676963806152344,,,,,,,,,,,,,,,,,,,,,,,
ridge_window_baseline,test,2024-10-25,64.95050048828125,167.52294921875,0.38330259919166565,0.2568795680999756,,,,,,,,,,,,,,,,,,,,,,,
ridge_window_baseline,test,2024-10-26,58.926334381103516,93.05712890625,0.39956122636795044,0.3489077091217041,,,,,,,,,,,,,,,,,,,,,,,
ridge_window_baseline,test,2024-10-27,56.665164947509766,35.01318359375,0.406089723110199,0.318692684173584,,,,,,,,,,,,,,,,,,,,,,,
ridge_window_baseline,test,2024-10-28,58.47999954223633,110.16064453125,0.40083014965057373,0.3779890537261963,,,,,,,,,,,,,,,,,,,,,,,
ridge_window_baseline,test,2024-10-29,73.51300048828125,68.03955078125,0.362583190202713,0.4095284938812256,,,,,,,,,,,,,,,,,,,,,,,
ridge_window_baseline,test,2024-10-30,97.34549713134766,33.220703125,0.3154795169830322,0.42334818840026855,,,,,,,,,,,,,,,,,,,,,,,
ridge_window_baseline,test,2024-10-31,113.06800079345703,98.01220703125,0.2903064787387848,0.3802831172943115,,,,,,,,,,,,,,,,,,,,,,,
ridge_window_baseline,test,2024-11-01,134.73974609375,178.16552734375,0.2607819736003876,0.3085157871246338,,,,,,,,,,,,,,,,,,,,,,,
ridge_window_baseline,test,2024-11-02,57.730499267578125,205.2421875,0.40298256278038025,0.2553274631500244,,,,,,,,,,,,,,,,,,,,,,,
ridge_window_baseline,test,2024-11-03,55.44150161743164,169.82275390625,0.40973028540611267,0.12887072563171387,,,,,,,,,,,,,,,,,,,,,,,
ridge_window_baseline,test,2024-11-04,58.58300018310547,121.58740234375,0.4005364775657654,0.2903413772583008,,,,,,,,,,,,,,,,,,,,,,,
ridge_window_baseline,test,2024-11-05,70.3145980834961,167.53662109375,0.37002989649772644,0.1062006950378418,,,,,,,,,,,,,,,,,,,,,,,
ridge_window_baseline,test,2024-11-06,90.01166534423828,79.71142578125,0.3286338150501251,0.40572571754455566,,,,,,,,,,,,,,,,,,,,,,,
ridge_window_baseline,test,2024-11-07,83.07050323486328,92.13232421875,0.34209921956062317,0.2819514274597168,,,,,,,,,,,,,,,,,,,,,,,
ridge_window_baseline,test,2024-11-08,68.03433227539062,109.673828125,0.37554579973220825,0.23616290092468262,,,,,,,,,,,,,,,,,,,,,,,
ridge_window_baseline,test,2024-11-09,51.39619827270508,214.71484375,0.4223535656929016,0.13567399978637695,,,,,,,,,,,,,,,,,,,,,,,
ridge_window_baseline,test,2024-11-10,46.75419998168945,90.23095703125,0.43809938430786133,0.1489272117614746,,,,,,,,,,,,,,,,,,,,,,,
ridge_window_baseline,test,2024-11-11,55.27299880981445,0.0,0.41023775935173035,0.3751342296600342,,,,,,,,,,,,,,,,,,,,,,,
ridge_window_baseline,test,2024-11-12,60.32416534423828,17.86962890625,0.39564749598503113,0.3164944648742676,,,,,,,,,,,,,,,,,,,,,,,
ridge_window_baseline,test,2024-11-13,77.5,184.52880859375,0.3537357449531555,0.20775628089904785,,,,,,,,,,,,,,,,,,,,,,,
ridge_window_baseline,test,2024-11-14,108.54566955566406,122.0615234375,0.29717278480529785,0.480271577835083,,,,,,,,,,,,,,,,,,,,,,,
ridge_window_baseline,test,2024-11-15,154.7183380126953,0.0,0.23747578263282776,0.6099212169647217,,,,,,,,,,,,,,,,,,,,,,,
ridge_window_baseline,test,2024-11-16,194.50782775878906,91.99755859375,0.1988523155450821,0.25840020179748535,,,,,,,,,,,,,,,,,,,,,,,
ridge_window_baseline,test,2024-11-17,190.64332580566406,225.96728515625,0.2022409737110138,0.15483403205871582,,,,,,,,,,,,,,,,,,,,,,,
ridge_window_baseline,test,2024-11-18,165.2895965576172,173.109375,0.22632724046707153,0.18791508674621582,,,,,,,,,,,,,,,,,,,,,,,
ridge_window_baseline,test,2024-11-19,180.87783813476562,95.3564453125,0.21111825108528137,0.3681948184967041,,,,,,,,,,,,,,,,,,,,,,,
ridge_window_baseline,test,2024-11-20,157.04266357421875,11.5,0.23496094346046448,0.2669670581817627,,,,,,,,,,,,,,,,,,,,,,,
ridge_window_baseline,test,2024-11-21,159.2792510986328,368.6240234375,0.23257572948932648,0.17794370651245117,,,,,,,,,,,,,,,,,,,,,,,
ridge_window_baseline,test,2024-11-22,96.08450317382812,48.595703125,0.31766995787620544,0.2505776882171631,,,,,,,,,,,,,,,,,,,,,,,
ridge_window_baseline,test,2024-11-23,66.27283477783203,80.24365234375,0.3799329996109009,0.21958708763122559,,,,,,,,,,,,,,,,,,,,,,,
ridge_window_baseline,test,2024-11-24,55.54033279418945,122.05615234375,0.4094333350658417,0.3778414726257324,,,,,,,,,,,,,,,,,,,,,,,
ridge_window_baseline,test,2024-11-25,51.41699981689453,44.72314453125,0.4222862124443054,0.3059694766998291,,,,,,,,,,,,,,,,,,,,,,,
ridge_window_baseline,test,2024-11-26,81.43599700927734,113.12939453125,0.34543171525001526,0.4063138961791992,,,,,,,,,,,,,,,,,,,,,,,
ridge_window_baseline,test,2024-11-27,83.51333618164062,130.26708984375,0.34120750427246094,0.3732917308807373,,,,,,,,,,,,,,,,,,,,,,,
ridge_window_baseline,test,2024-11-28,89.02716827392578,100.77294921875,0.3304798901081085,0.4397885799407959,,,,,,,,,,,,,,,,,,,,,,,
ridge_window_baseline,test,2024-11-29,116.90283203125,31.49951171875,0.28469398617744446,0.4405999183654785,,,,,,,,,,,,,,,,,,,,,,,
ridge_window_baseline,test,2024-11-30,136.15066528320312,45.50146484375,0.25902679562568665,0.316699743270874,,,,,,,,,,,,,,,,,,,,,,,
ridge_window_baseline,test,2024-12-01,149.07850646972656,171.228515625,0.2437373548746109,0.2058103084564209,,,,,,,,,,,,,,,,,,,,,,,
ridge_window_baseline,test,2024-12-02,180.03782653808594,137.94775390625,0.21190398931503296,0.27692246437072754,,,,,,,,,,,,,,,,,,,,,,,
ridge_window_baseline,test,2024-12-03,198.78750610351562,142.169921875,0.195176899433136,0.24477171897888184,,,,,,,,,,,,,,,,,,,,,,,
ridge_window_baseline,test,2024-12-04,174.9654998779297,235.28173828125,0.21672752499580383,0.18173480033874512,,,,,,,,,,,,,,,,,,,,,,,
ridge_window_baseline,test,2024-12-05,165.18482971191406,160.77978515625,0.22643421590328217,0.19675540924072266,,,,,,,,,,,,,,,,,,,,,,,
ridge_window_baseline,test,2024-12-06,137.61050415039062,149.970703125,0.25722968578338623,0.17657899856567383,,,,,,,,,,,,,,,,,,,,,,,
ridge_window_baseline,test,2024-12-07,131.4774932861328,135.33837890625,0.26491105556488037,0.3285176753997803,,,,,,,,,,,,,,,,,,,,,,,
ridge_window_baseline,test,2024-12-08,107.16200256347656,116.25634765625,0.29933035373687744,0.3181750774383545,,,,,,,,,,,,,,,,,,,,,,,
ridge_window_baseline,test,2024-12-09,90.2308349609375,125.9560546875,0.3282255530357361,0.2955899238586426,,,,,,,,,,,,,,,,,,,,,,,
ridge_window_baseline,test,2024-12-10,79.02449798583984,85.04931640625,0.35047104954719543,0.33770084381103516,,,,,,,,,,,,,,,,,,,,,,,
ridge_window_baseline,test,2024-12-11,68.08466339111328,81.697265625,0.37542209029197693,0.32353830337524414,,,,,,,,,,,,,,,,,,,,,,,
ridge_window_baseline,test,2024-12-12,71.43866729736328,97.931640625,0.36737537384033203,0.3908541202545166,,,,,,,,,,,,,,,,,,,,,,,
ridge_window_baseline,test,2024-12-13,77.18299865722656,81.5068359375,0.35442256927490234,0.47803282737731934,,,,,,,,,,,,,,,,,,,,,,,
ridge_window_baseline,test,2024-12-14,87.8028335571289,129.28271484375,0.3328040540218353,0.4216420650482178,,,,,,,,,,,,,,,,,,,,,,,
ridge_window_baseline,test,2024-12-15,93.36699676513672,42.14599609375,0.32248878479003906,0.4440324306488037,,,,,,,,,,,,,,,,,,,,,,,
ridge_window_baseline,test,2024-12-16,91.2248306274414,127.82080078125,0.3263862431049347,0.3604283332824707,,,,,,,,,,,,,,,,,,,,,,,
ridge_window_baseline,test,2024-12-17,101.2701644897461,102.74951171875,0.30883756279945374,0.3105027675628662,,,,,,,,,,,,,,,,,,,,,,,
ridge_window_baseline,test,2024-12-18,110.45600128173828,119.35400390625,0.2942383587360382,0.23797821998596191,,,,,,,,,,,,,,,,,,,,,,,
ridge_window_baseline,test,2024-12-19,114.97799682617188,142.9892578125,0.2874878942966461,0.24836230278015137,,,,,,,,,,,,,,,,,,,,,,,
ridge_window_baseline,test,2024-12-20,115.27100372314453,100.80908203125,0.28705963492393494,0.27056336402893066,,,,,,,,,,,,,,,,,,,,,,,
ridge_window_baseline,test,2024-12-21,102.09300231933594,119.96826171875,0.3074774146080017,0.2283926010131836,,,,,,,,,,,,,,,,,,,,,,,
ridge_window_baseline,test,2024-12-22,89.32866668701172,115.7939453125,0.329912394285202,0.33907580375671387,,,,,,,,,,,,,,,,,,,,,,,
ridge_window_baseline,test,2024-12-23,78.94550323486328,73.3916015625,0.3506386876106262,0.381502628326416,,,,,,,,,,,,,,,,,,,,,,,
ridge_window_baseline,test,2024-12-24,74.2873306274414,56.94677734375,0.3608284294605255,0.39740681648254395,,,,,,,,,,,,,,,,,,,,,,,
ridge_window_baseline,test,2024-12-25,67.9352035522461,62.10986328125,0.37578970193862915,0.4275832176208496,,,,,,,,,,,,,,,,,,,,,,,
ridge_window_baseline,test,2024-12-26,167.7779998779297,50.6650390625,0.22380609810352325,0.34113001823425293,,,,,,,,,,,,,,,,,,,,,,,
ridge_window_baseline,test,2024-12-27,64.22650146484375,201.001953125,0.38517624139785767,0.2637500762939453,,,,,,,,,,,,,,,,,,,,,,,
ridge_window_baseline,test,2024-12-28,74.37666320800781,29.95556640625,0.360627144575119,0.3493192195892334,,,,,,,,,,,,,,,,,,,,,,,
ridge_window_baseline,test,2024-12-29,85.7941665649414,62.59521484375,0.33668744564056396,0.34648919105529785,,,,,,,,,,,,,,,,,,,,,,,
ridge_window_baseline,test,2024-12-30,99.94066619873047,127.94140625,0.31105858087539673,0.298689603805542,,,,,,,,,,,,,,,,,,,,,,,
ridge_window_baseline,test,2024-12-31,119.64679718017578,70.265625,0.28078901767730713,0.3348391056060791,,,,,,,,,,,,,,,,,,,,,,,
persistence_baseline,train,2022-01-22,84.2066650390625,99.89666748046875,0.3398207128047943,0.3111325800418854,,,,,,,,,,,,,,,,,,,,,,,
persistence_baseline,train,2022-01-23,92.17333221435547,84.2066650390625,0.32464948296546936,0.3398207128047943,,,,,,,,,,,,,,,,,,,,,,,
persistence_baseline,train,2022-01-24,75.00499725341797,92.17333221435547,0.35921812057495117,0.32464948296546936,,,,,,,,,,,,,,,,,,,,,,,
persistence_baseline,train,2022-01-25,69.82833099365234,75.00499725341797,0.37119120359420776,0.35921812057495117,,,,,,,,,,,,,,,,,,,,,,,
persistence_baseline,train,2022-01-26,55.17166519165039,69.82833099365234,0.41054368019104004,0.37119120359420776,,,,,,,,,,,,,,,,,,,,,,,
persistence_baseline,train,2022-01-27,51.936668395996094,55.17166519165039,0.42061173915863037,0.41054368019104004,,,,,,,,,,,,,,,,,,,,,,,
persistence_baseline,train,2022-01-28,41.20833206176758,51.936668395996094,0.45905306935310364,0.42061173915863037,,,,,,,,,,,,,,,,,,,,,,,
persistence_baseline,train,2022-09-29,556.7913208007812,421.6734924316406,0.02090483345091343,0.06798674911260605,,,,,,,,,,,,,,,,,,,,,,,
persistence_baseline,train,2022-09-30,610.4828491210938,556.7913208007812,0.005305862985551357,0.02090483345091343,,,,,,,,,,,,,,,,,,,,,,,
persistence_baseline,train,2022-10-01,604.0363159179688,610.4828491210938,0.0071047767996788025,0.005305862985551357,,,,,,,,,,,,,,,,,,,,,,,
persistence_baseline,train,2022-10-02,476.975341796875,604.0363159179688,0.04711629077792168,0.0071047767996788025,,,,,,,,,,,,,,,,,,,,,,,
persistence_baseline,train,2022-11-21,191.15699768066406,137.1925048828125,0.20178663730621338,0.257742315530777,,,,,,,,,,,,,,,,,,,,,,,
persistence_baseline,train,2022-11-22,268.1426696777344,191.15699768066406,0.14459803700447083,0.20178663730621338,,,,,,,,,,,,,,,,,,,,,,,
persistence_baseline,train,2022-11-23,336.93798828125,268.1426696777344,0.1059628278017044,0.14459803700447083,,,,,,,,,,,,,,,,,,,,,,,
persistence_baseline,train,2022-11-24,322.3516540527344,336.93798828125,0.11345186829566956,0.1059628278017044,,,,,,,,,,,,,,,,,,,,,,,
persistence_baseline,train,2022-11-25,359.2120056152344,322.3516540527344,0.09512859582901001,0.11345186829566956,,,,,,,,,,,,,,,,,,,,,,,
persistence_baseline,train,2022-11-26,365.5393371582031,359.2120056152344,0.09217298775911331,0.09512859582901001,,,,,,,,,,,,,,,,,,,,,,,
persistence_baseline,train,2022-11-27,454.0268249511719,365.5393371582031,0.05546771362423897,0.09217298775911331,,,,,,,,,,,,,,,,,,,,,,,
persistence_baseline,train,2022-11-28,481.3721618652344,454.0268249511719,0.04556205868721008,0.05546771362423897,,,,,,,,,,,,,,,,,,,,,,,
persistence_baseline,train,2022-11-29,306.13616943359375,481.3721618652344,0.12218461185693741,0.04556205868721008,,,,,,,,,,,,,,,,,,,,,,,
persistence_baseline,train,2022-11-30,236.56149291992188,306.13616943359375,0.16578352451324463,0.12218461185693741,,,,,,,,,,,,,,,,,,,,,,,
persistence_baseline,train,2022-12-01,240.163330078125,236.56149291992188,0.16322936117649078,0.16578352451324463,,,,,,,,,,,,,,,,,,,,,,,
persistence_baseline,train,2022-12-02,281.62615966796875,240.163330078125,0.13630081713199615,0.16322936117649078,,,,,,,,,,,,,,,,,,,,,,,
persistence_baseline,train,2022-12-03,198.88265991210938,281.62615966796875,0.19509606063365936,0.13630081713199615,,,,,,,,,,,,,,,,,,,,,,,
persistence_baseline,train,2022-12-04,169.0366668701172,198.88265991210938,0.22254499793052673,0.19509606063365936,,,,,,,,,,,,,,,,,,,,,,,
persistence_baseline,train,2022-12-05,182.67166137695312,169.0366668701172,0.20945237576961517,0.22254499793052673,,,,,,,,,,,,,,,,,,,,,,,
persistence_baseline,train,2022-12-06,235.42550659179688,182.67166137695312,0.1665971279144287,0.20945237576961517,,,,,,,,,,,,,,,,,,,,,,,
persistence_baseline,train,2022-12-07,263.2138366699219,235.42550659179688,0.14773522317409515,0.1665971279144287,,,,,,,,,,,,,,,,,,,,,,,
persistence_baseline,train,2022-12-08,210.17550659179688,263.2138366699219,0.18576760590076447,0.14773522317409515,,,,,,,,,,,,,,,,,,,,,,,
persistence_baseline,train,2022-12-09,178.12399291992188,210.17550659179688,0.21370787918567657,0.18576760590076447,,,,,,,,,,,,,,,,,,,,,,,
persistence_baseline,train,2022-12-10,200.36000061035156,178.12399291992188,0.19384616613388062,0.21370787918567657,,,,,,,,,,,,,,,,,,,,,,,
persistence_baseline,train,2022-12-11,206.45016479492188,200.36000061035156,0.18878860771656036,0.19384616613388062,,,,,,,,,,,,,,,,,,,,,,,
persistence_baseline,train,2022-12-12,203.74183654785156,206.45016479492188,0.19101914763450623,0.18878860771656036,,,,,,,,,,,,,,,,,,,,,,,
persistence_baseline,train,2022-12-13,174.2431640625,203.74183654785156,0.21742571890354156,0.19101914763450623,,,,,,,,,,,,,,,,,,,,,,,
persistence_baseline,train,2022-12-14,182.4808349609375,174.2431640625,0.20962882041931152,0.21742571890354156,,,,,,,,,,,,,,,,,,,,,,,
persistence_baseline,train,2022-12-15,169.62100219726562,182.4808349609375,0.22196270525455475,0.20962882041931152,,,,,,,,,,,,,,,,,,,,,,,
persistence_baseline,train,2022-12-16,145.82217407226562,169.62100219726562,0.2474607229232788,0.22196270525455475,,,,,,,,,,,,,,,,,,,,,,,
persistence_baseline,train,2022-12-17,131.33250427246094,145.82217407226562,0.2650969326496124,0.2474607229232788,,,,,,,,,,,,,,,,,,,,,,,
persistence_baseline,train,2022-12-18,135.7548370361328,131.33250427246094,0.2595174014568329,0.2650969326496124,,,,,,,,,,,,,,,,,,,,,,,
persistence_baseline,train,2022-12-19,164.559326171875,135.7548370361328,0.2270742803812027,0.2595174014568329,,,,,,,,,,,,,,,,,,,,,,,
persistence_baseline,train,2022-12-20,168.4429931640625,164.559326171875,0.22313864529132843,0.2270742803812027,,,,,,,,,,,,,,,,,,,,,,,
persistence_baseline,train,2022-12-21,172.42967224121094,168.4429931640625,0.21919137239456177,0.22313864529132843,,,,,,,,,,,,,,,,,,,,,,,
persistence_baseline,train,2022-12-22,202.52200317382812,172.42967224121094,0.19203343987464905,0.21919137239456177,,,,,,,,,,,,,,,,,,,,,,,
persistence_baseline,train,2022-12-23,196.85133361816406,202.52200317382812,0.19682984054088593,0.19203343987464905,,,,,,,,,,,,,,,,,,,,,,,
persistence_baseline,train,2022-12-24,80.6238021850586,196.85133361816406,0.3471123278141022,0.19682984054088593,,,,,,,,,,,,,,,,,,,,,,,
persistence_baseline,train,2022-12-25,267.6390075683594,80.6238021850586,0.14491598308086395,0.3471123278141022,,,,,,,,,,,,,,,,,,,,,,,
persistence_baseline,train,2022-12-26,111.96817016601562,267.6390075683594,0.2919509708881378,0.14491598308086395,,,,,,,,,,,,,,,,,,,,,,,
persistence_baseline,train,2022-12-27,305.878173828125,111.96817016601562,0.12232725322246552,0.2919509708881378,,,,,,,,,,,,,,,,,,,,,,,
persistence_baseline,train,2022-12-28,271.11151123046875,305.878173828125,0.14273600280284882,0.12232725322246552,,,,,,,,,,,,,,,,,,,,,,,
persistence_baseline,train,2022-12-29,243.79733276367188,271.11151123046875,0.1606907695531845,0.14273600280284882,,,,,,,,,,,,,,,,,,,,,,,
persistence_baseline,train,2022-12-30,219.92433166503906,243.79733276367188,0.1781073361635208,0.1606907695531845,,,,,,,,,,,,,,,,,,,,,,,
persistence_baseline,train,2022-12-31,191.427001953125,219.92433166503906,0.20154830813407898,0.1781073361635208,,,,,,,,,,,,,,,,,,,,,,,
persistence_baseline,train,2023-01-01,150.5001678466797,191.427001953125,0.24213705956935883,0.20154830813407898,,,,,,,,,,,,,,,,,,,,,,,
persistence_baseline,train,2023-01-02,123.01349639892578,150.5001678466797,0.27611735463142395,0.24213705956935883,,,,,,,,,,,,,,,,,,,,,,,
persistence_baseline,train,2023-01-03,123.94249725341797,123.01349639892578,0.27485060691833496,0.27611735463142395,,,,,,,,,,,,,,,,,,,,,,,
persistence_baseline,train,2023-01-04,143.78533935546875,123.94249725341797,0.2498319149017334,0.27485060691833496,,,,,,,,,,,,,,,,,,,,,,,
persistence_baseline,train,2023-01-05,150.170166015625,143.78533935546875,0.2425071746110916,0.2498319149017334,,,,,,,,,,,,,,,,,,,,,,,
persistence_baseline,train,2023-01-06,153.40933227539062,150.170166015625,0.23890863358974457,0.2425071746110916,,,,,,,,,,,,,,,,,,,,,,,
persistence_baseline,train,2023-01-07,152.75149536132812,153.40933227539062,0.23963330686092377,0.23890863358974457,,,,,,,,,,,,,,,,,,,,,,,
persistence_baseline,train,2023-01-08,139.56100463867188,152.75149536132812,0.2548578679561615,0.23963330686092377,,,,,,,,,,,,,,,,,,,,,,,
persistence_baseline,train,2023-01-09,207.91883850097656,139.56100463867188,0.18759118020534515,0.2548578679561615,,,,,,,,,,,,,,,,,,,,,,,
persistence_baseline,train,2023-01-10,201.59317016601562,207.91883850097656,0.1928098499774933,0.18759118020534515,,,,,,,,,,,,,,,,,,,,,,,
persistence_baseline,train,2023-01-11,195.67767333984375,201.59317016601562,0.19783972203731537,0.1928098499774933,,,,,,,,,,,,,,,,,,,,,,,
persistence_baseline,train,2023-01-12,179.91366577148438,195.67767333984375,0.21202044188976288,0.19783972203731537,,,,,,,,,,,,,,,,,,,,,,,
persistence_baseline,train,2023-01-13,146.9586639404297,179.91366577148438,0.24615192413330078,0.21202044188976288,,,,,,,,,,,,,,,,,,,,,,,
persistence_baseline,train,2023-01-14,132.59283447265625,146.9586639404297,0.2634880244731903,0.24615192413330078,,,,,,,,,,,,,,,,,,,,,,,
persistence_baseline,train,2023-01-15,110.06366729736328,132.59283447265625,0.2948368787765503,0.2634880244731903,,,,,,,,,,,,,,,,,,,,,,,
persistence_baseline,train,2023-01-16,98.85566711425781,110.06366729736328,0.3128929138183594,0.2948368787765503,,,,,,,,,,,,,,,,,,,,,,,
persistence_baseline,train,2023-01-17,82.59600067138672,98.85566711425781,0.3430599272251129,0.3128929138183594,,,,,,,,,,,,,,,,,,,,,,,
persistence_baseline,train,2023-01-18,60.85649871826172,82.59600067138672,0.39418044686317444,0.3430599272251129,,,,,,,,,,,,,,,,,,,,,,,
persistence_baseline,train,2023-01-19,63.762664794921875,60.85649871826172,0.38638755679130554,0.39418044686317444,,,,,,,,,,,,,,,,,,,,,,,
persistence_baseline,train,2023-01-20,90.89616394042969,63.762664794921875,0.3269922137260437,0.38638755679130554,,,,,,,,,,,,,,,,,,,,,,,
persistence_baseline,train,2023-01-21,124.60649871826172,90.89616394042969,0.2739509344100952,0.3269922137260437,,,,,,,,,,,,,,,,,,,,,,,
persistence_baseline,train,2023-01-22,185.55816650390625,124.60649871826172,0.20680564641952515,0.2739509344100952,,,,,,,,,,,,,,,,,,,,,,,
persistence_baseline,train,2023-01-23,231.07749938964844,185.55816650390625,0.1697477102279663,0.20680564641952515,,,,,,,,,,,,,,,,,,,,,,,
persistence_baseline,train,2023-01-24,293.0559997558594,231.07749938964844,0.12957164645195007,0.1697477102279663,,,,,,,,,,,,,,,,,,,,,,,
persistence_baseline,train,2023-01-25,270.60382080078125,293.0559997558594,0.14305296540260315,0.12957164645195007,,,,,,,,,,,,,,,,,,,,,,,
persistence_baseline,train,2023-01-26,258.0635070800781,270.60382080078125,0.1510765552520752,0.14305296540260315,,,,,,,,,,,,,,,,,,,,,,,
persistence_baseline,train,2023-01-27,218.76649475097656,258.0635070800781,0.17899924516677856,0.1510765552520752,,,,,,,,,,,,,,,,,,,,,,,
persistence_baseline,train,2023-01-28,168.14466857910156,218.76649475097656,0.22343775629997253,0.17899924516677856,,,,,,,,,,,,,,,,,,,,,,,
persistence_baseline,train,2023-01-29,110.86566925048828,168.14466857910156,0.2936156094074249,0.22343775629997253,,,,,,,,,,,,,,,,,,,,,,,
persistence_baseline,train,2023-01-30,99.53216552734375,110.86566925048828,0.31174686551094055,0.2936156094074249,,,,,,,,,,,,,,,,,,,,,,,
persistence_baseline,train,2023-01-31,67.1346664428711,99.53216552734375,0.37777236104011536,0.31174686551094055,,,,,,,,,,,,,,,,,,,,,,,
persistence_baseline,train,2023-02-01,62.1505012512207,67.1346664428711,0.39066633582115173,0.37777236104011536,,,,,,,,,,,,,,,,,,,,,,,
persistence_baseline,train,2023-02-02,71.88883209228516,62.1505012512207,0.3663238286972046,0.39066633582115173,,,,,,,,,,,,,,,,,,,,,,,
persistence_baseline,train,2023-02-03,96.17849731445312,71.88883209228516,0.31750568747520447,0.3663238286972046,,,,,,,,,,,,,,,,,,,,,,,
persistence_baseline,train,2023-02-04,129.65866088867188,96.17849731445312,0.26725754141807556,0.31750568747520447,,,,,,,,,,,,,,,,,,,,,,,
persistence_baseline,train,2023-02-05,150.850830078125,129.65866088867188,0.24174463748931885,0.26725754141807556,,,,,,,,,,,,,,,,,,,,,,,
persistence_baseline,train,2023-02-06,184.70582580566406,150.850830078125,0.20758289098739624,0.24174463748931885,,,,,,,,,,,,,,,,,,,,,,,
persistence_baseline,train,2023-02-07,243.96217346191406,184.70582580566406,0.16057652235031128,0.20758289098739624,,,,,,,,,,,,,,,,,,,,,,,
persistence_baseline,train,2023-02-08,258.0361633300781,243.96217346191406,0.1510944664478302,0.16057652235031128,,,,,,,,,,,,,,,,,,,,,,,
persistence_baseline,train,2023-02-09,280.0950012207031,258.0361633300781,0.13722287118434906,0.1510944664478302,,,,,,,,,,,,,,,,,,,,,,,
persistence_baseline,train,2023-02-10,264.0799865722656,280.0950012207031,0.14717969298362732,0.13722287118434906,,,,,,,,,,,,,,,,,,,,,,,
persistence_baseline,train,2023-02-11,230.15550231933594,264.0799865722656,0.17042337357997894,0.14717969298362732,,,,,,,,,,,,,,,,,,,,,,,
persistence_baseline,train,2023-02-12,215.3546600341797,230.15550231933594,0.18165500462055206,0.17042337357997894,,,,,,,,,,,,,,,,,,,,,,,
persistence_baseline,train,2023-02-13,224.70700073242188,215.3546600341797,0.17447204887866974,0.18165500462055206,,,,,,,,,,,,,,,,,,,,,,,
persistence_baseline,train,2023-02-14,204.15032958984375,224.70700073242188,0.1906808316707611,0.17447204887866974,,,,,,,,,,,,,,,,,,,,,,,
persistence_baseline,train,2023-02-15,178.843994140625,204.15032958984375,0.2130269855260849,0.1906808316707611,,,,,,,,,,,,,,,,,,,,,,,
persistence_baseline,train,2023-02-16,143.96417236328125,178.843994140625,0.2496223896741867,0.2130269855260849,,,,,,,,,,,,,,,,,,,,,,,
persistence_baseline,train,2023-02-17,128.56149291992188,143.96417236328125,0.2686888575553894,0.2496223896741867,,,,,,,,,,,,,,,,,,,,,,,
persistence_baseline,train,2023-02-18,140.0398406982422,128.56149291992188,0.25428062677383423,0.2686888575553894,,,,,,,,,,,,,,,,,,,,,,,
persistence_baseline,train,2023-02-19,179.9896697998047,140.0398406982422,0.2119491547346115,0.25428062677383423,,,,,,,,,,,,,,,,,,,,,,,
persistence_baseline,train,2023-02-20,185.82232666015625,179.9896697998047,0.2065654695034027,0.2119491547346115,,,,,,,,,,,,,,,,,,,,,,,
persistence_baseline,train,2023-02-21,195.06883239746094,185.82232666015625,0.1983659714460373,0.2065654695034027,,,,,,,,,,,,,,,,,,,,,,,
persistence_baseline,train,2023-02-22,234.7173309326172,195.06883239746094,0.16710630059242249,0.1983659714460373,,,,,,,,,,,,,,,,,,,,,,,
persistence_baseline,train,2023-02-23,252.0933380126953,234.7173309326172,0.1550339013338089,0.16710630059242249,,,,,,,,,,,,,,,,,,,,,,,
persistence_baseline,train,2023-02-24,258.7658386230469,252.0933380126953,0.15061701834201813,0.1550339013338089,,,,,,,,,,,,,,,,,,,,,,,
persistence_baseline,train,2023-02-25,231.6544952392578,258.7658386230469,0.16932623088359833,0.15061701834201813,,,,,,,,,,,,,,,,,,,,,,,
persistence_baseline,train,2023-02-26,241.8193359375,231.6544952392578,0.16206783056259155,0.16932623088359833,,,,,,,,,,,,,,,,,,,,,,,
persistence_baseline,train,2023-02-27,222.81166076660156,241.8193359375,0.17590339481830597,0.16206783056259155,,,,,,,,,,,,,,,,,,,,,,,
persistence_baseline,train,2023-02-28,142.0679931640625,222.81166076660156,0.2518572211265564,0.17590339481830597,,,,,,,,,,,,,,,,,,,,,,,
persistence_baseline,train,2023-03-01,96.70700073242188,142.0679931640625,0.31658509373664856,0.2518572211265564,,,,,,,,,,,,,,,,,,,,,,,
persistence_baseline,train,2023-03-02,71.91649627685547,96.70700073242188,0.3662594258785248,0.31658509373664856,,,,,,,,,,,,,,,,,,,,,,,
persistence_baseline,train,2023-03-03,78.0354995727539,71.91649627685547,0.35258182883262634,0.3662594258785248,,,,,,,,,,,,,,,,,,,,,,,
persistence_baseline,train,2023-03-04,85.62016296386719,78.0354995727539,0.33702805638313293,0.35258182883262634,,,,,,,,,,,,,,,,,,,,,,,
persistence_baseline,train,2023-03-05,107.01983642578125,85.62016296386719,0.29955360293388367,0.33702805638313293,,,,,,,,,,,,,,,,,,,,,,,
persistence_baseline,train,2023-03-06,126.02816772460938,107.01983642578125,0.27204060554504395,0.29955360293388367,,,,,,,,,,,,,,,,,,,,,,,
persistence_baseline,train,2023-03-07,150.3731689453125,126.02816772460938,0.24227939546108246,0.27204060554504395,,,,,,,,,,,,,,,,,,,,,,,
persistence_baseline,train,2023-03-08,183.52833557128906,150.3731689453125,0.20866255462169647,0.24227939546108246,,,,,,,,,,,,,,,,,,,,,,,
persistence_baseline,train,2023-03-09,222.80332946777344,183.52833557128906,0.17590971291065216,0.20866255462169647,,,,,,,,,,,,,,,,,,,,,,,
persistence_baseline,train,2023-03-10,234.91233825683594,222.80332946777344,0.16696594655513763,0.17590971291065216,,,,,,,,,,,,,,,,,,,,,,,
persistence_baseline,train,2023-03-11,260.8438415527344,234.91233825683594,0.1492646187543869,0.16696594655513763,,,,,,,,,,,,,,,,,,,,,,,
persistence_baseline,train,2023-03-12,307.3838195800781,260.8438415527344,0.12149650603532791,0.1492646187543869,,,,,,,,,,,,,,,,,,,,,,,
persistence_baseline,train,2023-03-13,245.85000610351562,307.3838195800781,0.1592734456062317,0.12149650603532791,,,,,,,,,,,,,,,,,,,,,,,
persistence_baseline,train,2023-03-14,276.6335144042969,245.85000610351562,0.13932602107524872,0.1592734456062317,,,,,,,,,,,,,,,,,,,,,,,
persistence_baseline,train,2023-03-15,229.35833740234375,276.6335144042969,0.17100973427295685,0.13932602107524872,,,,,,,,,,,,,,,,,,,,,,,
persistence_baseline,train,2023-03-16,152.76283264160156,229.35833740234375,0.23962078988552094,0.17100973427295685,,,,,,,,,,,,,,,,,,,,,,,
persistence_baseline,train,2023-03-17,122.56016540527344,152.76283264160156,0.2767389714717865,0.23962078988552094,,,,,,,,,,,,,,,,,,,,,,,
persistence_baseline,train,2023-03-18,118.26782989501953,122.56016540527344,0.28274020552635193,0.2767389714717865,,,,,,,,,,,,,,,,,,,,,,,
persistence_baseline,train,2023-03-19,139.8423309326172,118.26782989501953,0.2545184791088104,0.28274020552635193,,,,,,,,,,,,,,,,,,,,,,,
persistence_baseline,train,2023-03-20,219.96217346191406,139.8423309326172,0.1780782788991928,0.2545184791088104,,,,,,,,,,,,,,,,,,,,,,,
persistence_baseline,train,2023-03-21,273.81915283203125,219.96217346191406,0.1410553902387619,0.1780782788991928,,,,,,,,,,,,,,,,,,,,,,,
persistence_baseline,train,2023-03-22,270.281494140625,273.81915283203125,0.14325451850891113,0.1410553902387619,,,,,,,,,,,,,,,,,,,,,,,
persistence_baseline,train,2023-03-23,301.662841796875,270.281494140625,0.12467492371797562,0.14325451850891113,,,,,,,,,,,,,,,,,,,,,,,
persistence_baseline,train,2023-03-24,316.08099365234375,301.662841796875,0.11677582561969757,0.12467492371797562,,,,,,,,,,,,,,,,,,,,,,,
persistence_baseline,train,2023-03-25,309.9891662597656,316.08099365234375,0.12006854265928268,0.11677582561969757,,,,,,,,,,,,,,,,,,,,,,,
persistence_baseline,train,2023-03-26,288.40966796875,309.9891662597656,0.13227501511573792,0.12006854265928268,,,,,,,,,,,,,,,,,,,,,,,
persistence_baseline,train,2023-03-27,282.412841796875,288.40966796875,0.13582903146743774,0.13227501511573792,,,,,,,,,,,,,,,,,,,,,,,
persistence_baseline,train,2023-03-28,247.3806610107422,282.412841796875,0.1582242101430893,0.13582903146743774,,,,,,,,,,,,,,,,,,,,,,,
persistence_baseline,train,2023-03-29,171.98216247558594,247.3806610107422,0.2196298986673355,0.1582242101430893,,,,,,,,,,,,,,,,,,,,,,,
persistence_baseline,train,2023-03-30,122.36883544921875,171.98216247558594,0.2770020067691803,0.2196298986673355,,,,,,,,,,,,,,,,,,,,,,,
persistence_baseline,train,2023-03-31,93.62799835205078,122.36883544921875,0.3220199644565582,0.2770020067691803,,,,,,,,,,,,,,,,,,,,,,,
persistence_baseline,train,2023-04-01,82.96733093261719,93.62799835205078,0.3423076272010803,0.3220199644565582,,,,,,,,,,,,,,,,,,,,,,,
persistence_baseline,train,2023-04-02,96.62816619873047,82.96733093261719,0.3167220950126648,0.3423076272010803,,,,,,,,,,,,,,,,,,,,,,,
persistence_baseline,train,2023-04-03,110.61499786376953,96.62816619873047,0.2939963936805725,0.3167220950126648,,,,,,,,,,,,,,,,,,,,,,,
persistence_baseline,train,2023-04-04,95.9446029663086,110.61499786376953,0.3179147243499756,0.2939963936805725,,,,,,,,,,,,,,,,,,,,,,,
persistence_baseline,train,2023-04-05,163.56900024414062,95.9446029663086,0.22809264063835144,0.3179147243499756,,,,,,,,,,,,,,,,,,,,,,,
persistence_baseline,train,2023-04-06,184.04299926757812,163.56900024414062,0.20818981528282166,0.22809264063835144,,,,,,,,,,,,,,,,,,,,,,,
persistence_baseline,train,2023-04-07,198.19766235351562,184.04299926757812,0.19567875564098358,0.20818981528282166,,,,,,,,,,,,,,,,,,,,,,,
persistence_baseline,train,2023-04-08,177.90834045410156,198.19766235351562,0.21391236782073975,0.19567875564098358,,,,,,,,,,,,,,,,,,,,,,,
persistence_baseline,train,2023-04-09,172.302001953125,177.90834045410156,0.21931636333465576,0.21391236782073975,,,,,,,,,,,,,,,,,,,,,,,
persistence_baseline,train,2023-04-10,187.74949645996094,172.302001953125,0.2048235386610031,0.21931636333465576,,,,,,,,,,,,,,,,,,,,,,,
persistence_baseline,train,2023-04-11,195.97084045410156,187.74949645996094,0.19758690893650055,0.2048235386610031,,,,,,,,,,,,,,,,,,,,,,,
persistence_baseline,train,2023-04-12,151.84683227539062,195.97084045410156,0.2406349629163742,0.19758690893650055,,,,,,,,,,,,,,,,,,,,,,,
persistence_baseline,train,2023-04-13,131.52200317382812,151.84683227539062,0.2648540437221527,0.2406349629163742,,,,,,,,,,,,,,,,,,,,,,,
persistence_baseline,train,2023-04-14,92.2490005493164,131.52200317382812,0.32451170682907104,0.2648540437221527,,,,,,,,,,,,,,,,,,,,,,,
persistence_baseline,train,2023-04-15,80.18016815185547,92.2490005493164,0.34803736209869385,0.32451170682907104,,,,,,,,,,,,,,,,,,,,,,,
persistence_baseline,train,2023-04-16,82.94816589355469,80.18016815185547,0.3423464000225067,0.34803736209869385,,,,,,,,,,,,,,,,,,,,,,,
persistence_baseline,train,2023-04-17,99.52083587646484,82.94816589355469,0.31176602840423584,0.3423464000225067,,,,,,,,,,,,,,,,,,,,,,,
persistence_baseline,train,2023-04-18,131.97467041015625,99.52083587646484,0.2642752528190613,0.31176602840423584,,,,,,,,,,,,,,,,,,,,,,,
persistence_baseline,train,2023-04-19,161.49366760253906,131.97467041015625,0.23024673759937286,0.2642752528190613,,,,,,,,,,,,,,,,,,,,,,,
persistence_baseline,train,2023-04-20,173.96800231933594,161.49366760253906,0.21769244968891144,0.23024673759937286,,,,,,,,,,,,,,,,,,,,,,,
persistence_baseline,train,2023-04-21,173.97549438476562,173.96800231933594,0.21768516302108765,0.21769244968891144,,,,,,,,,,,,,,,,,,,,,,,
persistence_baseline,train,2023-04-22,178.01632690429688,173.97549438476562,0.21380993723869324,0.21768516302108765,,,,,,,,,,,,,,,,,,,,,,,
persistence_baseline,train,2023-04-23,153.77783203125,178.01632690429688,0.23850403726100922,0.21380993723869324,,,,,,,,,,,,,,,,,,,,,,,
persistence_baseline,train,2023-04-24,150.91566467285156,153.77783203125,0.24167218804359436,0.23850403726100922,,,,,,,,,,,,,,,,,,,,,,,
persistence_baseline,train,2023-04-25,142.94667053222656,150.91566467285156,0.2508179545402527,0.24167218804359436,,,,,,,,,,,,,,,,,,,,,,,
persistence_baseline,train,2023-04-26,127.02466583251953,142.94667053222656,0.27071428298950195,0.2508179545402527,,,,,,,,,,,,,,,,,,,,,,,
persistence_baseline,train,2023-04-27,113.23516845703125,127.02466583251953,0.290057897567749,0.27071428298950195,,,,,,,,,,,,,,,,,,,,,,,
persistence_baseline,train,2023-04-28,104.88533020019531,113.23516845703125,0.3029412031173706,0.290057897567749,,,,,,,,,,,,,,,,,,,,,,,
persistence_baseline,train,2023-04-29,96.49533081054688,104.88533020019531,0.31695321202278137,0.3029412031173706,,,,,,,,,,,,,,,,,,,,,,,
persistence_baseline,train,2023-04-30,90.54750061035156,96.49533081054688,0.3276374340057373,0.31695321202278137,,,,,,,,,,,,,,,,,,,,,,,
persistence_baseline,train,2023-05-01,79.49016571044922,90.54750061035156,0.34948620200157166,0.3276374340057373,,,,,,,,,,,,,,,,,,,,,,,
persistence_baseline,train,2023-05-02,79.46749877929688,79.49016571044922,0.3495340049266815,0.34948620200157166,,,,,,,,,,,,,,,,,,,,,,,
persistence_baseline,train,2023-05-03,84.71800231933594,79.46749877929688,0.3388051688671112,0.3495340049266815,,,,,,,,,,,,,,,,,,,,,,,
persistence_baseline,train,2023-05-04,113.21817016601562,84.71800231933594,0.2900831699371338,0.3388051688671112,,,,,,,,,,,,,,,,,,,,,,,
persistence_baseline,train,2023-05-05,132.68716430664062,113.21817016601562,0.2633682191371918,0.2900831699371338,,,,,,,,,,,,,,,,,,,,,,,
persistence_baseline,train,2023-05-06,144.0500030517578,132.68716430664062,0.24952192604541779,0.2633682191371918,,,,,,,,,,,,,,,,,,,,,,,
persistence_baseline,train,2023-05-07,144.218505859375,144.0500030517578,0.24932485818862915,0.24952192604541779,,,,,,,,,,,,,,,,,,,,,,,
persistence_baseline,train,2023-05-08,133.41749572753906,144.218505859375,0.262443482875824,0.24932485818862915,,,,,,,,,,,,,,,,,,,,,,,
persistence_baseline,train,2023-05-09,136.31117248535156,133.41749572753906,0.2588282823562622,0.262443482875824,,,,,,,,,,,,,,,,,,,,,,,
persistence_baseline,train,2023-05-10,135.77783203125,136.31117248535156,0.2594888508319855,0.2588282823562622,,,,,,,,,,,,,,,,,,,,,,,
persistence_baseline,train,2023-05-11,114.45349884033203,135.77783203125,0.2882572412490845,0.2594888508319855,,,,,,,,,,,,,,,,,,,,,,,
persistence_baseline,train,2023-05-12,93.97066497802734,114.45349884033203,0.32140642404556274,0.2882572412490845,,,,,,,,,,,,,,,,,,,,,,,
persistence_baseline,train,2023-05-13,83.02999877929688,93.97066497802734,0.342180997133255,0.32140642404556274,,,,,,,,,,,,,,,,,,,,,,,
persistence_baseline,train,2023-05-14,91.36416625976562,83.02999877929688,0.3261300027370453,0.342180997133255,,,,,,,,,,,,,,,,,,,,,,,
persistence_baseline,train,2023-05-15,94.95366668701172,91.36416625976562,0.3196586072444916,0.3261300027370453,,,,,,,,,,,,,,,,,,,,,,,
persistence_baseline,train,2023-05-16,98.92400360107422,94.95366668701172,0.3127768039703369,0.3196586072444916,,,,,,,,,,,,,,,,,,,,,,,
persistence_baseline,train,2023-05-17,104.05733489990234,98.92400360107422,0.30427369475364685,0.3127768039703369,,,,,,,,,,,,,,,,,,,,,,,
persistence_baseline,train,2023-05-18,140.16017150878906,104.05733489990234,0.2541358768939972,0.30427369475364685,,,,,,,,,,,,,,,,,,,,,,,
persistence_baseline,train,2023-05-19,142.65550231933594,140.16017150878906,0.2511616349220276,0.2541358768939972,,,,,,,,,,,,,,,,,,,,,,,
persistence_baseline,train,2023-05-20,131.65032958984375,142.65550231933594,0.26468977332115173,0.2511616349220276,,,,,,,,,,,,,,,,,,,,,,,
persistence_baseline,train,2023-05-21,120.30583190917969,131.65032958984375,0.2798643410205841,0.26468977332115173,,,,,,,,,,,,,,,,,,,,,,,
persistence_baseline,train,2023-05-22,102.53849792480469,120.30583190917969,0.3067454993724823,0.2798643410205841,,,,,,,,,,,,,,,,,,,,,,,
persistence_baseline,train,2023-05-23,99.11166381835938,102.53849792480469,0.312458336353302,0.3067454993724823,,,,,,,,,,,,,,,,,,,,,,,
persistence_baseline,train,2023-05-24,99.65399932861328,99.11166381835938,0.3115413188934326,0.312458336353302,,,,,,,,,,,,,,,,,,,,,,,
persistence_baseline,train,2023-05-25,90.73999786376953,99.65399932861328,0.3272809088230133,0.3115413188934326,,,,,,,,,,,,,,,,,,,,,,,
persistence_baseline,train,2023-05-26,83.41566467285156,90.73999786376953,0.3414037823677063,0.3272809088230133,,,,,,,,,,,,,,,,,,,,,,,
persistence_baseline,train,2023-05-27,100.72566986083984,83.41566467285156,0.3097436726093292,0.3414037823677063,,,,,,,,,,,,,,,,,,,,,,,
persistence_baseline,train,2023-05-28,80.46366882324219,100.72566986083984,0.34744563698768616,0.3097436726093292,,,,,,,,,,,,,,,,,,,,,,,
persistence_baseline,train,2023-05-29,67.62650299072266,80.46366882324219,0.3765515089035034,0.34744563698768616,,,,,,,,,,,,,,,,,,,,,,,
persistence_baseline,train,2023-05-30,70.54666900634766,67.62650299072266,0.3694784641265869,0.3765515089035034,,,,,,,,,,,,,,,,,,,,,,,
persistence_baseline,train,2023-05-31,71.29000091552734,70.54666900634766,0.36772409081459045,0.3694784641265869,,,,,,,,,,,,,,,,,,,,,,,
persistence_baseline,train,2023-06-01,80.67866516113281,71.29000091552734,0.34699827432632446,0.36772409081459045,,,,,,,,,,,,,,,,,,,,,,,
persistence_baseline,train,2023-06-02,97.66716766357422,80.67866516113281,0.31492525339126587,0.34699827432632446,,,,,,,,,,,,,,,,,,,,,,,
persistence_baseline,train,2023-06-03,125.33000183105469,97.66716766357422,0.2729760706424713,0.31492525339126587,,,,,,,,,,,,,,,,,,,,,,,
persistence_baseline,train,2023-06-04,155.0568389892578,125.33000183105469,0.23710720241069794,0.2729760706424713,,,,,,,,,,,,,,,,,,,,,,,
persistence_baseline,train,2023-06-05,154.5865020751953,155.0568389892578,0.2376195341348648,0.23710720241069794,,,,,,,,,,,,,,,,,,,,,,,
persistence_baseline,train,2023-06-06,151.475830078125,154.5865020751953,0.2410474568605423,0.2376195341348648,,,,,,,,,,,,,,,,,,,,,,,
persistence_baseline,train,2023-06-07,130.37049865722656,151.475830078125,0.2663353383541107,0.2410474568605423,,,,,,,,,,,,,,,,,,,,,,,
persistence_baseline,train,2023-06-08,141.49533081054688,130.37049865722656,0.2525379955768585,0.2663353383541107,,,,,,,,,,,,,,,,,,,,,,,
persistence_baseline,train,2023-06-09,128.47866821289062,141.49533081054688,0.2687974274158478,0.2525379955768585,,,,,,,,,,,,,,,,,,,,,,,
persistence_baseline,train,2023-06-10,106.8584976196289,128.47866821289062,0.2998073101043701,0.2687974274158478,,,,,,,,,,,,,,,,,,,,,,,
persistence_baseline,train,2023-06-11,97.31916809082031,106.8584976196289,0.31552496552467346,0.2998073101043701,,,,,,,,,,,,,,,,,,,,,,,
persistence_baseline,train,2023-06-12,106.29283142089844,97.31916809082031,0.3006998300552368,0.31552496552467346,,,,,,,,,,,,,,,,,,,,,,,
persistence_baseline,train,2023-06-13,97.26466369628906,106.29283142089844,0.3156190812587738,0.3006998300552368,,,,,,,,,,,,,,,,,,,,,,,
persistence_baseline,train,2023-06-14,102.19683074951172,97.26466369628906,0.30730652809143066,0.3156190812587738,,,,,,,,,,,,,,,,,,,,,,,
persistence_baseline,train,2023-06-15,107.7161636352539,102.19683074951172,0.29846295714378357,0.30730652809143066,,,,,,,,,,,,,,,,,,,,,,,
persistence_baseline,train,2023-06-16,114.91383361816406,107.7161636352539,0.28758183121681213,0.29846295714378357,,,,,,,,,,,,,,,,,,,,,,,
persistence_baseline,train,2023-06-17,124.95116424560547,114.91383361816406,0.27348580956459045,0.28758183121681213,,,,,,,,,,,,,,,,,,,,,,,
persistence_baseline,train,2023-06-18,126.84100341796875,124.95116424560547,0.27095794677734375,0.27348580956459045,,,,,,,,,,,,,,,,,,,,,,,
persistence_baseline,train,2023-06-19,125.08032989501953,126.84100341796875,0.2733118534088135,0.27095794677734375,,,,,,,,,,,,,,,,,,,,,,,
persistence_baseline,train,2023-06-20,107.91400146484375,125.08032989501953,0.298154354095459,0.2733118534088135,,,,,,,,,,,,,,,,,,,,,,,
persistence_baseline,train,2023-06-21,87.02950286865234,107.91400146484375,0.33428865671157837,0.298154354095459,,,,,,,,,,,,,,,,,,,,,,,
persistence_baseline,train,2023-06-22,95.77433013916016,87.02950286865234,0.3182130753993988,0.33428865671157837,,,,,,,,,,,,,,,,,,,,,,,
persistence_baseline,train,2023-06-23,109.7750015258789,95.77433013916016,0.2952786087989807,0.3182130753993988,,,,,,,,,,,,,,,,,,,,,,,
persistence_baseline,train,2023-06-24,112.4365005493164,109.7750015258789,0.29124876856803894,0.2952786087989807,,,,,,,,,,,,,,,,,,,,,,,
persistence_baseline,train,2023-06-25,104.96299743652344,112.4365005493164,0.3028167486190796,0.29124876856803894,,,,,,,,,,,,,,,,,,,,,,,
persistence_baseline,train,2023-06-26,89.86983489990234,104.96299743652344,0.328898549079895,0.3028167486190796,,,,,,,,,,,,,,,,,,,,,,,
persistence_baseline,train,2023-06-27,76.3479995727539,89.86983489990234,0.35624510049819946,0.328898549079895,,,,,,,,,,,,,,,,,,,,,,,
persistence_baseline,train,2023-06-28,66.42533111572266,76.3479995727539,0.37954866886138916,0.35624510049819946,,,,,,,,,,,,,,,,,,,,,,,
persistence_baseline,train,2023-06-29,81.04066467285156,66.42533111572266,0.34624767303466797,0.37954866886138916,,,,,,,,,,,,,,,,,,,,,,,
persistence_baseline,train,2023-06-30,82.57333374023438,81.04066467285156,0.3431059718132019,0.34624767303466797,,,,,,,,,,,,,,,,,,,,,,,
persistence_baseline,train,2023-07-01,77.47100067138672,82.57333374023438,0.3537984788417816,0.3431059718132019,,,,,,,,,,,,,,,,,,,,,,,
persistence_baseline,train,2023-07-02,92.11399841308594,77.47100067138672,0.3247576057910919,0.3537984788417816,,,,,,,,,,,,,,,,,,,,,,,
persistence_baseline,train,2023-07-03,106.57416534423828,92.11399841308594,0.30025535821914673,0.3247576057910919,,,,,,,,,,,,,,,,,,,,,,,
persistence_baseline,train,2023-07-04,136.69183349609375,106.57416534423828,0.2583583891391754,0.30025535821914673,,,,,,,,,,,,,,,,,,,,,,,
persistence_baseline,train,2023-07-05,157.39132690429688,136.69183349609375,0.2345868945121765,0.2583583891391754,,,,,,,,,,,,,,,,,,,,,,,
persistence_baseline,train,2023-07-06,145.77749633789062,157.39132690429688,0.24751237034797668,0.2345868945121765,,,,,,,,,,,,,,,,,,,,,,,
persistence_baseline,train,2023-07-07,186.08216857910156,145.77749633789062,0.2063295692205429,0.24751237034797668,,,,,,,,,,,,,,,,,,,,,,,
persistence_baseline,train,2023-07-08,168.01133728027344,186.08216857910156,0.22357161343097687,0.2063295692205429,,,,,,,,,,,,,,,,,,,,,,,
persistence_baseline,train,2023-07-09,143.91900634765625,168.01133728027344,0.24967528879642487,0.22357161343097687,,,,,,,,,,,,,,,,,,,,,,,
persistence_baseline,train,2023-07-10,114.55850219726562,143.91900634765625,0.2881029546260834,0.24967528879642487,,,,,,,,,,,,,,,,,,,,,,,
persistence_baseline,train,2023-07-11,107.72266387939453,114.55850219726562,0.29845279455184937,0.2881029546260834,,,,,,,,,,,,,,,,,,,,,,,
persistence_baseline,train,2023-07-12,98.45916748046875,107.72266387939453,0.31356823444366455,0.29845279455184937,,,,,,,,,,,,,,,,,,,,,,,
persistence_baseline,train,2023-07-13,100.99566650390625,98.45916748046875,0.3092937767505646,0.31356823444366455,,,,,,,,,,,,,,,,,,,,,,,
persistence_baseline,train,2023-07-14,93.78766632080078,100.99566650390625,0.32173383235931396,0.3092937767505646,,,,,,,,,,,,,,,,,,,,,,,
persistence_baseline,train,2023-07-15,91.48049926757812,93.78766632080078,0.3259163498878479,0.32173383235931396,,,,,,,,,,,,,,,,,,,,,,,
persistence_baseline,train,2023-07-16,100.16649627685547,91.48049926757812,0.31067925691604614,0.3259163498878479,,,,,,,,,,,,,,,,,,,,,,,
persistence_baseline,train,2023-07-17,108.1624984741211,100.16649627685547,0.2977675199508667,0.31067925691604614,,,,,,,,,,,,,,,,,,,,,,,
persistence_baseline,train,2023-07-18,115.83716583251953,108.1624984741211,0.28623512387275696,0.2977675199508667,,,,,,,,,,,,,,,,,,,,,,,
persistence_baseline,train,2023-07-19,115.77816772460938,115.83716583251953,0.28632086515426636,0.28623512387275696,,,,,,,,,,,,,,,,,,,,,,,
persistence_baseline,train,2023-07-20,129.66383361816406,115.77816772460938,0.26725083589553833,0.28632086515426636,,,,,,,,,,,,,,,,,,,,,,,
persistence_baseline,train,2023-07-21,126.19733428955078,129.66383361816406,0.2718147039413452,0.26725083589553833,,,,,,,,,,,,,,,,,,,,,,,
persistence_baseline,train,2023-07-22,97.52166748046875,126.19733428955078,0.31517574191093445,0.2718147039413452,,,,,,,,,,,,,,,,,,,,,,,
persistence_baseline,train,2023-07-23,95.99066925048828,97.52166748046875,0.3178340792655945,0.31517574191093445,,,,,,,,,,,,,,,,,,,,,,,
persistence_baseline,train,2023-07-24,101.23433685302734,95.99066925048828,0.3088970482349396,0.3178340792655945,,,,,,,,,,,,,,,,,,,,,,,
persistence_baseline,train,2023-07-25,90.42366790771484,101.23433685302734,0.32786718010902405,0.3088970482349396,,,,,,,,,,,,,,,,,,,,,,,
persistence_baseline,train,2023-07-26,78.78166961669922,90.42366790771484,0.35098686814308167,0.32786718010902405,,,,,,,,,,,,,,,,,,,,,,,
persistence_baseline,train,2023-07-27,82.71040344238281,78.78166961669922,0.34282779693603516,0.35098686814308167,,,,,,,,,,,,,,,,,,,,,,,
persistence_baseline,train,2023-07-28,92.20700073242188,82.71040344238281,0.3245881497859955,0.34282779693603516,,,,,,,,,,,,,,,,,,,,,,,
persistence_baseline,train,2023-07-29,30.982999801635742,92.20700073242188,0.5061397552490234,0.3245881497859955,,,,,,,,,,,,,,,,,,,,,,,
persistence_baseline,train,2023-07-30,43.59450149536133,30.982999801635742,0.4497188329696655,0.5061397552490234,,,,,,,,,,,,,,,,,,,,,,,
persistence_baseline,train,2023-07-31,108.98833465576172,43.59450149536133,0.29648828506469727,0.4497188329696655,,,,,,,,,,,,,,,,,,,,,,,
persistence_baseline,train,2023-08-01,133.78933715820312,108.98833465576172,0.26197460293769836,0.29648828506469727,,,,,,,,,,,,,,,,,,,,,,,
persistence_baseline,train,2023-08-02,181.12567138671875,133.78933715820312,0.2108871191740036,0.26197460293769836,,,,,,,,,,,,,,,,,,,,,,,
persistence_baseline,train,2023-08-03,176.54766845703125,181.12567138671875,0.21520820260047913,0.2108871191740036,,,,,,,,,,,,,,,,,,,,,,,
persistence_baseline,train,2023-08-04,201.21983337402344,176.54766845703125,0.19312292337417603,0.21520820260047913,,,,,,,,,,,,,,,,,,,,,,,
persistence_baseline,train,2023-08-05,220.0506591796875,201.21983337402344,0.17801031470298767,0.19312292337417603,,,,,,,,,,,,,,,,,,,,,,,
persistence_baseline,train,2023-08-06,254.6058349609375,220.0506591796875,0.15335722267627716,0.17801031470298767,,,,,,,,,,,,,,,,,,,,,,,
persistence_baseline,train,2023-08-07,239.2375030517578,254.6058349609375,0.16388224065303802,0.15335722267627716,,,,,,,,,,,,,,,,,,,,,,,
persistence_baseline,train,2023-08-08,161.54183959960938,239.2375030517578,0.23019643127918243,0.16388224065303802,,,,,,,,,,,,,,,,,,,,,,,
persistence_baseline,train,2023-08-09,102.1336669921875,161.54183959960938,0.30741047859191895,0.23019643127918243,,,,,,,,,,,,,,,,,,,,,,,
persistence_baseline,train,2023-08-10,79.4135971069336,102.1336669921875,0.34964773058891296,0.30741047859191895,,,,,,,,,,,,,,,,,,,,,,,
persistence_baseline,train,2023-08-11,73.10233306884766,79.4135971069336,0.3635212481021881,0.34964773058891296,,,,,,,,,,,,,,,,,,,,,,,
persistence_baseline,train,2023-08-12,85.56849670410156,73.10233306884766,0.3371293246746063,0.3635212481021881,,,,,,,,,,,,,,,,,,,,,,,
persistence_baseline,train,2023-08-13,95.9816665649414,85.56849670410156,0.3178498446941376,0.3371293246746063,,,,,,,,,,,,,,,,,,,,,,,
persistence_baseline,train,2023-08-14,115.11383056640625,95.9816665649414,0.28728920221328735,0.3178498446941376,,,,,,,,,,,,,,,,,,,,,,,
persistence_baseline,train,2023-08-15,122.5338363647461,115.11383056640625,0.27677515149116516,0.28728920221328735,,,,,,,,,,,,,,,,,,,,,,,
persistence_baseline,train,2023-08-16,147.93865966796875,122.5338363647461,0.24503140151500702,0.27677515149116516,,,,,,,,,,,,,,,,,,,,,,,
persistence_baseline,train,2023-08-17,160.5279998779297,147.93865966796875,0.23125843703746796,0.24503140151500702,,,,,,,,,,,,,,,,,,,,,,,
persistence_baseline,train,2023-08-18,145.1978302001953,160.5279998779297,0.24818402528762817,0.23125843703746796,,,,,,,,,,,,,,,,,,,,,,,
persistence_baseline,train,2023-08-19,127.84383392333984,145.1978302001953,0.26963168382644653,0.24818402528762817,,,,,,,,,,,,,,,,,,,,,,,
persistence_baseline,train,2023-08-20,139.63633728027344,127.84383392333984,0.25476691126823425,0.26963168382644653,,,,,,,,,,,,,,,,,,,,,,,
persistence_baseline,train,2023-08-21,163.23899841308594,139.63633728027344,0.22843334078788757,0.25476691126823425,,,,,,,,,,,,,,,,,,,,,,,
persistence_baseline,train,2023-08-22,171.88516235351562,163.23899841308594,0.219725102186203,0.22843334078788757,,,,,,,,,,,,,,,,,,,,,,,
persistence_baseline,train,2023-08-23,138.23550415039062,171.88516235351562,0.2564660608768463,0.219725102186203,,,,,,,,,,,,,,,,,,,,,,,
persistence_baseline,train,2023-08-24,93.96116638183594,138.23550415039062,0.32142341136932373,0.2564660608768463,,,,,,,,,,,,,,,,,,,,,,,
persistence_baseline,train,2023-08-25,79.41217041015625,93.96116638183594,0.3496507704257965,0.32142341136932373,,,,,,,,,,,,,,,,,,,,,,,
persistence_baseline,train,2023-08-26,73.72016906738281,79.41217041015625,0.3621119260787964,0.3496507704257965,,,,,,,,,,,,,,,,,,,,,,,
persistence_baseline,train,2023-08-27,73.25483703613281,73.72016906738281,0.3631722927093506,0.3621119260787964,,,,,,,,,,,,,,,,,,,,,,,
persistence_baseline,train,2023-08-28,77.54450225830078,73.25483703613281,0.3536395728588104,0.3631722927093506,,,,,,,,,,,,,,,,,,,,,,,
persistence_baseline,train,2023-08-29,105.61100006103516,77.54450225830078,0.30178192257881165,0.3536395728588104,,,,,,,,,,,,,,,,,,,,,,,
persistence_baseline,train,2023-08-30,140.40066528320312,105.61100006103516,0.2538469433784485,0.30178192257881165,,,,,,,,,,,,,,,,,,,,,,,
persistence_baseline,train,2023-08-31,170.3711700439453,140.40066528320312,0.2212180644273758,0.2538469433784485,,,,,,,,,,,,,,,,,,,,,,,
persistence_baseline,train,2023-09-01,177.82833862304688,170.3711700439453,0.2139882743358612,0.2212180644273758,,,,,,,,,,,,,,,,,,,,,,,
persistence_baseline,train,2023-09-02,176.56216430664062,177.82833862304688,0.21519434452056885,0.2139882743358612,,,,,,,,,,,,,,,,,,,,,,,
persistence_baseline,train,2023-09-03,189.94833374023438,176.56216430664062,0.20285764336585999,0.21519434452056885,,,,,,,,,,,,,,,,,,,,,,,
persistence_baseline,train,2023-09-04,188.3541717529297,189.94833374023438,0.20428065955638885,0.20285764336585999,,,,,,,,,,,,,,,,,,,,,,,
persistence_baseline,train,2023-09-05,161.7291717529297,188.3541717529297,0.23000091314315796,0.20428065955638885,,,,,,,,,,,,,,,,,,,,,,,
persistence_baseline,train,2023-09-06,115.24349975585938,161.7291717529297,0.28709977865219116,0.23000091314315796,,,,,,,,,,,,,,,,,,,,,,,
persistence_baseline,train,2023-09-07,83.35333251953125,115.24349975585938,0.34152916073799133,0.28709977865219116,,,,,,,,,,,,,,,,,,,,,,,
persistence_baseline,train,2023-09-08,67.88933563232422,83.35333251953125,0.3759026825428009,0.34152916073799133,,,,,,,,,,,,,,,,,,,,,,,
persistence_baseline,train,2023-09-09,67.5875015258789,67.88933563232422,0.3766480088233948,0.3759026825428009,,,,,,,,,,,,,,,,,,,,,,,
persistence_baseline,train,2023-09-10,84.56183624267578,67.5875015258789,0.3391146659851074,0.3766480088233948,,,,,,,,,,,,,,,,,,,,,,,
persistence_baseline,train,2023-09-11,89.38316345214844,84.56183624267578,0.3298100233078003,0.3391146659851074,,,,,,,,,,,,,,,,,,,,,,,
persistence_baseline,train,2023-09-12,102.72416687011719,89.38316345214844,0.30644139647483826,0.3298100233078003,,,,,,,,,,,,,,,,,,,,,,,
persistence_baseline,train,2023-09-13,121.60116577148438,102.72416687011719,0.27806147933006287,0.30644139647483826,,,,,,,,,,,,,,,,,,,,,,,
persistence_baseline,train,2023-09-14,145.34033203125,121.60116577148438,0.24801866710186005,0.27806147933006287,,,,,,,,,,,,,,,,,,,,,,,
persistence_baseline,train,2023-09-15,166.4441680908203,145.34033203125,0.22515282034873962,0.24801866710186005,,,,,,,,,,,,,,,,,,,,,,,
persistence_baseline,train,2023-09-16,151.8302001953125,166.4441680908203,0.24065344035625458,0.22515282034873962,,,,,,,,,,,,,,,,,,,,,,,
persistence_baseline,train,2023-09-17,136.72633361816406,151.8302001953125,0.2583158612251282,0.24065344035625458,,,,,,,,,,,,,,,,,,,,,,,
persistence_baseline,train,2023-09-18,127.62833404541016,136.72633361816406,0.2699158191680908,0.2583158612251282,,,,,,,,,,,,,,,,,,,,,,,
persistence_baseline,train,2023-09-19,146.11965942382812,127.62833404541016,0.24711714684963226,0.2699158191680908,,,,,,,,,,,,,,,,,,,,,,,
persistence_baseline,train,2023-09-20,166.4409942626953,146.11965942382812,0.2251560389995575,0.24711714684963226,,,,,,,,,,,,,,,,,,,,,,,
persistence_baseline,train,2023-10-13,134.9344940185547,120.9191665649414,0.26053863763809204,0.27900832891464233,,,,,,,,,,,,,,,,,,,,,,,
persistence_baseline,train,2023-10-14,160.87432861328125,134.9344940185547,0.23089489340782166,0.26053863763809204,,,,,,,,,,,,,,,,,,,,,,,
persistence_baseline,train,2023-10-15,170.1195068359375,160.87432861328125,0.2214675098657608,0.23089489340782166,,,,,,,,,,,,,,,,,,,,,,,
persistence_baseline,train,2023-10-16,167.8286590576172,170.1195068359375,0.2237551510334015,0.2214675098657608,,,,,,,,,,,,,,,,,,,,,,,
persistence_baseline,train,2023-10-17,159.04367065429688,167.8286590576172,0.2328253984451294,0.2237551510334015,,,,,,,,,,,,,,,,,,,,,,,
persistence_baseline,train,2023-10-18,174.79049682617188,159.04367065429688,0.2168964147567749,0.2328253984451294,,,,,,,,,,,,,,,,,,,,,,,
persistence_baseline,train,2023-10-19,184.0973358154297,174.79049682617188,0.20813998579978943,0.2168964147567749,,,,,,,,,,,,,,,,,,,,,,,
persistence_baseline,train,2023-10-20,155.7881622314453,184.0973358154297,0.2363136261701584,0.20813998579978943,,,,,,,,,,,,,,,,,,,,,,,
persistence_baseline,train,2023-10-21,147.58766174316406,155.7881622314453,0.24543188512325287,0.2363136261701584,,,,,,,,,,,,,,,,,,,,,,,
persistence_baseline,train,2023-10-22,128.3596649169922,147.58766174316406,0.26895350217819214,0.24543188512325287,,,,,,,,,,,,,,,,,,,,,,,
persistence_baseline,train,2023-10-23,116.43533325195312,128.3596649169922,0.2853683531284332,0.26895350217819214,,,,,,,,,,,,,,,,,,,,,,,
persistence_baseline,train,2023-10-24,104.76266479492188,116.43533325195312,0.30313795804977417,0.2853683531284332,,,,,,,,,,,,,,,,,,,,,,,
persistence_baseline,train,2023-10-25,117.10800170898438,104.76266479492188,0.2843988835811615,0.30313795804977417,,,,,,,,,,,,,,,,,,,,,,,
persistence_baseline,train,2023-10-26,119.80683135986328,117.10800170898438,0.28056401014328003,0.2843988835811615,,,,,,,,,,,,,,,,,,,,,,,
persistence_baseline,train,2023-10-27,154.90432739257812,119.80683135986328,0.23727315664291382,0.28056401014328003,,,,,,,,,,,,,,,,,,,,,,,
persistence_baseline,train,2023-10-28,195.44200134277344,154.90432739257812,0.19804322719573975,0.23727315664291382,,,,,,,,,,,,,,,,,,,,,,,
persistence_baseline,train,2023-10-29,207.003173828125,195.44200134277344,0.18833674490451813,0.19804322719573975,,,,,,,,,,,,,,,,,,,,,,,
persistence_baseline,train,2023-10-30,207.83200073242188,207.003173828125,0.18766175210475922,0.18833674490451813,,,,,,,,,,,,,,,,,,,,,,,
persistence_baseline,train,2023-10-31,186.8228302001953,207.83200073242188,0.2056589126586914,0.18766175210475922,,,,,,,,,,,,,,,,,,,,,,,
persistence_baseline,train,2023-11-01,199.70399475097656,186.8228302001953,0.19440004229545593,0.2056589126586914,,,,,,,,,,,,,,,,,,,,,,,
persistence_baseline,train,2023-11-02,178.29966735839844,199.70399475097656,0.21354150772094727,0.19440004229545593,,,,,,,,,,,,,,,,,,,,,,,
persistence_baseline,train,2023-11-03,150.88282775878906,178.29966735839844,0.2417088747024536,0.21354150772094727,,,,,,,,,,,,,,,,,,,,,,,
persistence_baseline,train,2023-11-04,112.16883087158203,150.88282775878906,0.291649729013443,0.2417088747024536,,,,,,,,,,,,,,,,,,,,,,,
persistence_baseline,train,2023-11-05,106.60933685302734,112.16883087158203,0.30019986629486084,0.291649729013443,,,,,,,,,,,,,,,,,,,,,,,
persistence_baseline,train,2023-11-06,93.40650177001953,106.60933685302734,0.3224177360534668,0.30019986629486084,,,,,,,,,,,,,,,,,,,,,,,
persistence_baseline,train,2023-11-07,80.08716583251953,93.40650177001953,0.3482319116592407,0.3224177360534668,,,,,,,,,,,,,,,,,,,,,,,
persistence_baseline,train,2023-11-08,100.2701644897461,80.08716583251953,0.3105054199695587,0.3482319116592407,,,,,,,,,,,,,,,,,,,,,,,
persistence_baseline,train,2023-11-09,93.60600280761719,100.2701644897461,0.3220594525337219,0.3105054199695587,,,,,,,,,,,,,,,,,,,,,,,
persistence_baseline,train,2023-11-10,91.4316635131836,93.60600280761719,0.3260059952735901,0.3220594525337219,,,,,,,,,,,,,,,,,,,,,,,
persistence_baseline,train,2023-11-11,128.92416381835938,91.4316635131836,0.2682144045829773,0.3260059952735901,,,,,,,,,,,,,,,,,,,,,,,
persistence_baseline,train,2023-11-12,165.37350463867188,128.92416381835938,0.22624161839485168,0.2682144045829773,,,,,,,,,,,,,,,,,,,,,,,
persistence_baseline,train,2023-11-13,193.54100036621094,165.37350463867188,0.19969378411769867,0.22624161839485168,,,,,,,,,,,,,,,,,,,,,,,
persistence_baseline,train,2023-11-14,208.1991729736328,193.54100036621094,0.18736357986927032,0.19969378411769867,,,,,,,,,,,,,,,,,,,,,,,
persistence_baseline,train,2023-11-15,190.31883239746094,208.1991729736328,0.20252862572669983,0.18736357986927032,,,,,,,,,,,,,,,,,,,,,,,
persistence_baseline,train,2023-11-16,183.795166015625,190.31883239746094,0.20841729640960693,0.20252862572669983,,,,,,,,,,,,,,,,,,,,,,,
persistence_baseline,train,2023-11-17,190.24716186523438,183.795166015625,0.20259222388267517,0.20841729640960693,,,,,,,,,,,,,,,,,,,,,,,
persistence_baseline,train,2023-11-18,192.47616577148438,190.24716186523438,0.20062538981437683,0.20259222388267517,,,,,,,,,,,,,,,,,,,,,,,
persistence_baseline,train,2023-11-19,174.93016052246094,192.47616577148438,0.21676160395145416,0.20062538981437683,,,,,,,,,,,,,,,,,,,,,,,
persistence_baseline,train,2023-11-20,128.14967346191406,174.93016052246094,0.2692292630672455,0.21676160395145416,,,,,,,,,,,,,,,,,,,,,,,
persistence_baseline,train,2023-11-21,111.48200225830078,128.14967346191406,0.2926830053329468,0.2692292630672455,,,,,,,,,,,,,,,,,,,,,,,
persistence_baseline,train,2023-11-22,117.67716979980469,111.48200225830078,0.2835828959941864,0.2926830053329468,,,,,,,,,,,,,,,,,,,,,,,
persistence_baseline,train,2023-11-23,103.06849670410156,117.67716979980469,0.3058788776397705,0.2835828959941864,,,,,,,,,,,,,,,,,,,,,,,
persistence_baseline,train,2023-11-24,110.18516540527344,103.06849670410156,0.2946512997150421,0.3058788776397705,,,,,,,,,,,,,,,,,,,,,,,
persistence_baseline,train,2023-11-25,120.8895034790039,110.18516540527344,0.2790496349334717,0.2946512997150421,,,,,,,,,,,,,,,,,,,,,,,
persistence_baseline,train,2023-11-26,147.201171875,120.8895034790039,0.24587395787239075,0.2790496349334717,,,,,,,,,,,,,,,,,,,,,,,
persistence_baseline,train,2023-11-27,160.9751739501953,147.201171875,0.2307891994714737,0.24587395787239075,,,,,,,,,,,,,,,,,,,,,,,
persistence_baseline,train,2023-11-28,162.7050018310547,160.9751739501953,0.22898611426353455,0.2307891994714737,,,,,,,,,,,,,,,,,,,,,,,
persistence_baseline,train,2023-11-29,158.0366668701172,162.7050018310547,0.23389674723148346,0.22898611426353455,,,,,,,,,,,,,,,,,,,,,,,
persistence_baseline,train,2023-11-30,148.81517028808594,158.0366668701172,0.24403543770313263,0.23389674723148346,,,,,,,,,,,,,,,,,,,,,,,
persistence_baseline,train,2023-12-01,177.3818359375,148.81517028808594,0.2144125998020172,0.24403543770313263,,,,,,,,,,,,,,,,,,,,,,,
persistence_baseline,train,2023-12-02,162.079833984375,177.3818359375,0.229635551571846,0.2144125998020172,,,,,,,,,,,,,,,,,,,,,,,
persistence_baseline,train,2023-12-03,143.72366333007812,162.079833984375,0.24990421533584595,0.229635551571846,,,,,,,,,,,,,,,,,,,,,,,
persistence_baseline,train,2023-12-04,119.0531997680664,143.72366333007812,0.2816261947154999,0.24990421533584595,,,,,,,,,,,,,,,,,,,,,,,
persistence_baseline,train,2023-12-05,86.70999908447266,119.0531997680664,0.33490583300590515,0.2816261947154999,,,,,,,,,,,,,,,,,,,,,,,
persistence_baseline,train,2023-12-06,73.3673324584961,86.70999908447266,0.3629153370857239,0.33490583300590515,,,,,,,,,,,,,,,,,,,,,,,
persistence_baseline,train,2023-12-07,68.02933502197266,73.3673324584961,0.375558078289032,0.3629153370857239,,,,,,,,,,,,,,,,,,,,,,,
persistence_baseline,train,2023-12-08,73.7665023803711,68.02933502197266,0.3620067238807678,0.375558078289032,,,,,,,,,,,,,,,,,,,,,,,
persistence_baseline,train,2023-12-09,75.38816833496094,73.7665023803711,0.3583645820617676,0.3620067238807678,,,,,,,,,,,,,,,,,,,,,,,
persistence_baseline,train,2023-12-10,91.892333984375,75.38816833496094,0.3251621425151825,0.3583645820617676,,,,,,,,,,,,,,,,,,,,,,,
persistence_baseline,train,2023-12-11,106.75216674804688,91.892333984375,0.2999747395515442,0.3251621425151825,,,,,,,,,,,,,,,,,,,,,,,
persistence_baseline,train,2023-12-12,129.13233947753906,106.75216674804688,0.2679426670074463,0.2999747395515442,,,,,,,,,,,,,,,,,,,,,,,
persistence_baseline,train,2023-12-13,143.3695068359375,129.13233947753906,0.25032010674476624,0.2679426670074463,,,,,,,,,,,,,,,,,,,,,,,
persistence_baseline,train,2023-12-14,137.87283325195312,143.3695068359375,0.2569087743759155,0.25032010674476624,,,,,,,,,,,,,,,,,,,,,,,
persistence_baseline,train,2023-12-15,163.17233276367188,137.87283325195312,0.22850225865840912,0.2569087743759155,,,,,,,,,,,,,,,,,,,,,,,
persistence_baseline,train,2023-12-16,169.39849853515625,163.17233276367188,0.2221841812133789,0.22850225865840912,,,,,,,,,,,,,,,,,,,,,,,
persistence_baseline,train,2023-12-17,171.66983032226562,169.39849853515625,0.21993663907051086,0.2221841812133789,,,,,,,,,,,,,,,,,,,,,,,
persistence_baseline,train,2023-12-18,184.9463348388672,171.66983032226562,0.20736321806907654,0.21993663907051086,,,,,,,,,,,,,,,,,,,,,,,
persistence_baseline,train,2023-12-19,152.5313262939453,184.9463348388672,0.23987653851509094,0.20736321806907654,,,,,,,,,,,,,,,,,,,,,,,
persistence_baseline,train,2023-12-20,122.16783142089844,152.5313262939453,0.2772787809371948,0.23987653851509094,,,,,,,,,,,,,,,,,,,,,,,
persistence_baseline,train,2023-12-21,107.3499984741211,122.16783142089844,0.29903560876846313,0.2772787809371948,,,,,,,,,,,,,,,,,,,,,,,
persistence_baseline,train,2023-12-22,108.75499725341797,107.3499984741211,0.29684874415397644,0.29903560876846313,,,,,,,,,,,,,,,,,,,,,,,
persistence_baseline,train,2023-12-23,111.37816619873047,108.75499725341797,0.29283976554870605,0.29684874415397644,,,,,,,,,,,,,,,,,,,,,,,
persistence_baseline,train,2023-12-24,111.72433471679688,111.37816619873047,0.2923177182674408,0.29283976554870605,,,,,,,,,,,,,,,,,,,,,,,
persistence_baseline,train,2023-12-25,106.31999969482422,111.72433471679688,0.30065685510635376,0.2923177182674408,,,,,,,,,,,,,,,,,,,,,,,
persistence_baseline,train,2023-12-26,117.30549621582031,106.31999969482422,0.2841153144836426,0.30065685510635376,,,,,,,,,,,,,,,,,,,,,,,
persistence_baseline,train,2023-12-27,122.85816955566406,117.30549621582031,0.2763300836086273,0.2841153144836426,,,,,,,,,,,,,,,,,,,,,,,
persistence_baseline,train,2023-12-28,116.27083587646484,122.85816955566406,0.2856062948703766,0.2763300836086273,,,,,,,,,,,,,,,,,,,,,,,
persistence_baseline,train,2023-12-29,114.39350128173828,116.27083587646484,0.28834548592567444,0.2856062948703766,,,,,,,,,,,,,,,,,,,,,,,
persistence_baseline,train,2023-12-30,136.5228271484375,114.39350128173828,0.25856685638427734,0.28834548592567444,,,,,,,,,,,,,,,,,,,,,,,
persistence_baseline,train,2023-12-31,133.72116088867188,136.5228271484375,0.2620604634284973,0.25856685638427734,,,,,,,,,,,,,,,,,,,,,,,
persistence_baseline,train,2024-01-01,118.83733367919922,133.72116088867188,0.28193166851997375,0.2620604634284973,,,,,,,,,,,,,,,,,,,,,,,
persistence_baseline,train,2024-01-02,106.35566711425781,118.83733367919922,0.30060046911239624,0.28193166851997375,,,,,,,,,,,,,,,,,,,,,,,
persistence_baseline,train,2024-01-03,85.38916778564453,106.35566711425781,0.3374813199043274,0.30060046911239624,,,,,,,,,,,,,,,,,,,,,,,
persistence_baseline,train,2024-01-04,88.9403305053711,85.38916778564453,0.3306436836719513,0.3374813199043274,,,,,,,,,,,,,,,,,,,,,,,
persistence_baseline,train,2024-01-05,76.63400268554688,88.9403305053711,0.3556186556816101,0.3306436836719513,,,,,,,,,,,,,,,,,,,,,,,
persistence_baseline,train,2024-01-06,64.60433197021484,76.63400268554688,0.38419586420059204,0.3556186556816101,,,,,,,,,,,,,,,,,,,,,,,
persistence_baseline,train,2024-01-07,63.421165466308594,64.60433197021484,0.3872849643230438,0.38419586420059204,,,,,,,,,,,,,,,,,,,,,,,
persistence_baseline,train,2024-01-08,61.35100173950195,63.421165466308594,0.39282894134521484,0.3872849643230438,,,,,,,,,,,,,,,,,,,,,,,
persistence_baseline,train,2024-01-09,68.64216613769531,61.35100173950195,0.3740578591823578,0.39282894134521484,,,,,,,,,,,,,,,,,,,,,,,
persistence_baseline,train,2024-01-10,82.81632995605469,68.64216613769531,0.342613160610199,0.3740578591823578,,,,,,,,,,,,,,,,,,,,,,,
persistence_baseline,train,2024-01-11,98.79850006103516,82.81632995605469,0.31299012899398804,0.342613160610199,,,,,,,,,,,,,,,,,,,,,,,
persistence_baseline,train,2024-01-12,112.18016815185547,98.79850006103516,0.291632741689682,0.31299012899398804,,,,,,,,,,,,,,,,,,,,,,,
persistence_baseline,train,2024-01-13,128.24400329589844,112.18016815185547,0.26910531520843506,0.291632741689682,,,,,,,,,,,,,,,,,,,,,,,
persistence_baseline,train,2024-01-14,173.7288360595703,128.24400329589844,0.21792460978031158,0.26910531520843506,,,,,,,,,,,,,,,,,,,,,,,
persistence_baseline,train,2024-01-15,173.71200561523438,173.7288360595703,0.21794097125530243,0.21792460978031158,,,,,,,,,,,,,,,,,,,,,,,
persistence_baseline,train,2024-01-16,155.41917419433594,173.71200561523438,0.23671357333660126,0.21794097125530243,,,,,,,,,,,,,,,,,,,,,,,
persistence_baseline,train,2024-01-17,127.9114990234375,155.41917419433594,0.2695425748825073,0.23671357333660126,,,,,,,,,,,,,,,,,,,,,,,
persistence_baseline,train,2024-01-18,102.62283325195312,127.9114990234375,0.30660730600357056,0.2695425748825073,,,,,,,,,,,,,,,,,,,,,,,
persistence_baseline,train,2024-01-19,87.18916320800781,102.62283325195312,0.33398106694221497,0.30660730600357056,,,,,,,,,,,,,,,,,,,,,,,
persistence_baseline,train,2024-01-20,77.22216796875,87.18916320800781,0.35433757305145264,0.33398106694221497,,,,,,,,,,,,,,,,,,,,,,,
persistence_baseline,train,2024-01-21,65.64749908447266,77.22216796875,0.38151815533638,0.35433757305145264,,,,,,,,,,,,,,,,,,,,,,,
persistence_baseline,train,2024-01-22,63.08966827392578,65.64749908447266,0.3881606459617615,0.38151815533638,,,,,,,,,,,,,,,,,,,,,,,
persistence_baseline,train,2024-01-23,83.45249938964844,63.08966827392578,0.3413297235965729,0.3881606459617615,,,,,,,,,,,,,,,,,,,,,,,
persistence_baseline,train,2024-01-24,103.04366302490234,83.45249938964844,0.3059193789958954,0.3413297235965729,,,,,,,,,,,,,,,,,,,,,,,
persistence_baseline,train,2024-01-25,123.20417022705078,103.04366302490234,0.275856614112854,0.3059193789958954,,,,,,,,,,,,,,,,,,,,,,,
persistence_baseline,train,2024-01-26,131.875,123.20417022705078,0.2644025385379791,0.275856614112854,,,,,,,,,,,,,,,,,,,,,,,
persistence_baseline,train,2024-01-27,132.08616638183594,131.875,0.2641330063343048,0.2644025385379791,,,,,,,,,,,,,,,,,,,,,,,
persistence_baseline,train,2024-01-28,137.1718292236328,132.08616638183594,0.2577677071094513,0.2641330063343048,,,,,,,,,,,,,,,,,,,,,,,
persistence_baseline,train,2024-01-29,138.4425048828125,137.1718292236328,0.2562139332294464,0.2577677071094513,,,,,,,,,,,,,,,,,,,,,,,
persistence_baseline,train,2024-01-30,148.44566345214844,138.4425048828125,0.24445459246635437,0.2562139332294464,,,,,,,,,,,,,,,,,,,,,,,
persistence_baseline,train,2024-01-31,116.74016571044922,148.44566345214844,0.2849283516407013,0.24445459246635437,,,,,,,,,,,,,,,,,,,,,,,
persistence_baseline,train,2024-02-01,95.53900146484375,116.74016571044922,0.318626344203949,0.2849283516407013,,,,,,,,,,,,,,,,,,,,,,,
persistence_baseline,train,2024-02-02,90.01166534423828,95.53900146484375,0.3286338150501251,0.318626344203949,,,,,,,,,,,,,,,,,,,,,,,
persistence_baseline,train,2024-02-03,82.13700103759766,90.01166534423828,0.34399446845054626,0.3286338150501251,,,,,,,,,,,,,,,,,,,,,,,
persistence_baseline,train,2024-02-04,60.47949981689453,82.13700103759766,0.3952181041240692,0.34399446845054626,,,,,,,,,,,,,,,,,,,,,,,
persistence_baseline,train,2024-02-05,54.481834411621094,60.47949981689453,0.41264107823371887,0.3952181041240692,,,,,,,,,,,,,,,,,,,,,,,
persistence_baseline,train,2024-02-06,47.3668327331543,54.481834411621094,0.43593573570251465,0.41264107823371887,,,,,,,,,,,,,,,,,,,,,,,
persistence_baseline,train,2024-02-07,50.041500091552734,47.3668327331543,0.42679980397224426,0.43593573570251465,,,,,,,,,,,,,,,,,,,,,,,
persistence_baseline,train,2024-02-08,59.57416534423828,50.041500091552734,0.39773616194725037,0.42679980397224426,,,,,,,,,,,,,,,,,,,,,,,
persistence_baseline,train,2024-02-09,74.49500274658203,59.57416534423828,0.36036089062690735,0.39773616194725037,,,,,,,,,,,,,,,,,,,,,,,
persistence_baseline,train,2024-02-10,81.97450256347656,74.49500274658203,0.34432655572891235,0.36036089062690735,,,,,,,,,,,,,,,,,,,,,,,
persistence_baseline,train,2024-02-11,86.91967010498047,81.97450256347656,0.3345005512237549,0.34432655572891235,,,,,,,,,,,,,,,,,,,,,,,
persistence_baseline,train,2024-02-12,105.4538345336914,86.91967010498047,0.30203232169151306,0.3345005512237549,,,,,,,,,,,,,,,,,,,,,,,
persistence_baseline,train,2024-02-13,121.1364974975586,105.4538345336914,0.27870601415634155,0.30203232169151306,,,,,,,,,,,,,,,,,,,,,,,
persistence_baseline,train,2024-02-14,108.10633087158203,121.1364974975586,0.2978549003601074,0.27870601415634155,,,,,,,,,,,,,,,,,,,,,,,
persistence_baseline,train,2024-02-15,96.77349853515625,108.10633087158203,0.31646960973739624,0.2978549003601074,,,,,,,,,,,,,,,,,,,,,,,
persistence_baseline,train,2024-02-16,76.33782958984375,96.77349853515625,0.35626742243766785,0.31646960973739624,,,,,,,,,,,,,,,,,,,,,,,
persistence_baseline,train,2024-02-17,60.23400115966797,76.33782958984375,0.39589723944664,0.35626742243766785,,,,,,,,,,,,,,,,,,,,,,,
persistence_baseline,train,2024-02-18,44.208831787109375,60.23400115966797,0.44739654660224915,0.39589723944664,,,,,,,,,,,,,,,,,,,,,,,
persistence_baseline,train,2024-02-19,34.60200119018555,44.208831787109375,0.487944632768631,0.44739654660224915,,,,,,,,,,,,,,,,,,,,,,,
persistence_baseline,train,2024-02-20,34.478599548339844,34.60200119018555,0.48853397369384766,0.487944632768631,,,,,,,,,,,,,,,,,,,,,,,
persistence_baseline,train,2024-03-14,160.37615966796875,120.91850280761719,0.23141805827617645,0.27900925278663635,,,,,,,,,,,,,,,,,,,,,,,
persistence_baseline,train,2024-03-15,145.7271728515625,160.37615966796875,0.24757058918476105,0.23141805827617645,,,,,,,,,,,,,,,,,,,,,,,
persistence_baseline,train,2024-03-16,113.67283630371094,145.7271728515625,0.2894088327884674,0.24757058918476105,,,,,,,,,,,,,,,,,,,,,,,
persistence_baseline,train,2024-03-17,71.30049896240234,113.67283630371094,0.36769944429397583,0.2894088327884674,,,,,,,,,,,,,,,,,,,,,,,
persistence_baseline,train,2024-03-18,60.678165435791016,71.30049896240234,0.3946704864501953,0.36769944429397583,,,,,,,,,,,,,,,,,,,,,,,
persistence_baseline,train,2024-03-19,56.5359992980957,60.678165435791016,0.40647032856941223,0.3946704864501953,,,,,,,,,,,,,,,,,,,,,,,
persistence_baseline,train,2024-03-20,46.02516555786133,56.5359992980957,0.4407106041908264,0.40647032856941223,,,,,,,,,,,,,,,,,,,,,,,
persistence_baseline,train,2024-03-21,50.93116760253906,46.02516555786133,0.42386674880981445,0.4407106041908264,,,,,,,,,,,,,,,,,,,,,,,
persistence_baseline,train,2024-03-22,57.33700180053711,50.93116760253906,0.4041236340999603,0.42386674880981445,,,,,,,,,,,,,,,,,,,,,,,
persistence_baseline,train,2024-03-23,66.26950073242188,57.33700180053711,0.3799414336681366,0.4041236340999603,,,,,,,,,,,,,,,,,,,,,,,
persistence_baseline,train,2024-03-24,67.5251693725586,66.26950073242188,0.37680232524871826,0.3799414336681366,,,,,,,,,,,,,,,,,,,,,,,
persistence_baseline,train,2024-03-25,66.4301986694336,67.5251693725586,0.3795364201068878,0.37680232524871826,,,,,,,,,,,,,,,,,,,,,,,
persistence_baseline,train,2024-03-26,0.7429999709129333,66.4301986694336,1.0,0.3795364201068878,,,,,,,,,,,,,,,,,,,,,,,
persistence_baseline,train,2024-03-27,44.424598693847656,0.7429999709129333,0.4465883672237396,1.0,,,,,,,,,,,,,,,,,,,,,,,
persistence_baseline,train,2024-03-28,101.82733154296875,44.424598693847656,0.3079153597354889,0.4465883672237396,,,,,,,,,,,,,,,,,,,,,,,
persistence_baseline,train,2024-03-29,96.90516662597656,101.82733154296875,0.31624120473861694,0.3079153597354889,,,,,,,,,,,,,,,,,,,,,,,
persistence_baseline,train,2024-03-30,86.97616577148438,96.90516662597656,0.3343915343284607,0.31624120473861694,,,,,,,,,,,,,,,,,,,,,,,
persistence_baseline,train,2024-03-31,71.68416595458984,86.97616577148438,0.36680111289024353,0.3343915343284607,,,,,,,,,,,,,,,,,,,,,,,
persistence_baseline,train,2024-04-01,67.95883178710938,71.68416595458984,0.37573152780532837,0.36680111289024353,,,,,,,,,,,,,,,,,,,,,,,
persistence_baseline,train,2024-04-02,52.783668518066406,67.95883178710938,0.4179174304008484,0.37573152780532837,,,,,,,,,,,,,,,,,,,,,,,
persistence_baseline,train,2024-04-03,42.80416488647461,52.783668518066406,0.4527539908885956,0.4179174304008484,,,,,,,,,,,,,,,,,,,,,,,
persistence_baseline,train,2024-04-04,41.55833435058594,42.80416488647461,0.45765137672424316,0.4527539908885956,,,,,,,,,,,,,,,,,,,,,,,
persistence_baseline,val,2024-04-26,93.82633209228516,94.72467041015625,0.32166460156440735,0.3200641870498657,,,,,,,,,,,,,,,,,,,,,,,
persistence_baseline,val,2024-04-27,93.57433319091797,93.82633209228516,0.32211625576019287,0.32166460156440735,,,,,,,,,,,,,,,,,,,,,,,
persistence_baseline,val,2024-04-28,87.7308349609375,93.57433319091797,0.3329417407512665,0.32211625576019287,,,,,,,,,,,,,,,,,,,,,,,
persistence_baseline,val,2024-04-29,83.41600036621094,87.7308349609375,0.3414030969142914,0.3329417407512665,,,,,,,,,,,,,,,,,,,,,,,
persistence_baseline,val,2024-04-30,69.024169921875,83.41600036621094,0.37312936782836914,0.3414030969142914,,,,,,,,,,,,,,,,,,,,,,,
persistence_baseline,val,2024-05-01,63.25033187866211,69.024169921875,0.38773566484451294,0.37312936782836914,,,,,,,,,,,,,,,,,,,,,,,
persistence_baseline,val,2024-05-02,49.427833557128906,63.25033187866211,0.4288528561592102,0.38773566484451294,,,,,,,,,,,,,,,,,,,,,,,
persistence_baseline,val,2024-05-03,44.40216827392578,49.427833557128906,0.4466722309589386,0.4288528561592102,,,,,,,,,,,,,,,,,,,,,,,
persistence_baseline,val,2024-05-04,49.4114990234375,44.40216827392578,0.4289078414440155,0.4466722309589386,,,,,,,,,,,,,,,,,,,,,,,
persistence_baseline,val,2024-05-05,58.51566696166992,49.4114990234375,0.40072840452194214,0.4289078414440155,,,,,,,,,,,,,,,,,,,,,,,
persistence_baseline,val,2024-05-06,75.9798355102539,58.51566696166992,0.3570549488067627,0.40072840452194214,,,,,,,,,,,,,,,,,,,,,,,
persistence_baseline,val,2024-05-07,104.36483001708984,75.9798355102539,0.30377763509750366,0.3570549488067627,,,,,,,,,,,,,,,,,,,,,,,
persistence_baseline,val,2024-05-08,113.64199829101562,104.36483001708984,0.28945448994636536,0.30377763509750366,,,,,,,,,,,,,,,,,,,,,,,
persistence_baseline,val,2024-05-09,122.74766540527344,113.64199829101562,0.27648159861564636,0.28945448994636536,,,,,,,,,,,,,,,,,,,,,,,
persistence_baseline,val,2024-05-10,108.3981704711914,122.74766540527344,0.297401487827301,0.27648159861564636,,,,,,,,,,,,,,,,,,,,,,,
persistence_baseline,val,2024-05-11,93.32949829101562,108.3981704711914,0.3225562274456024,0.297401487827301,,,,,,,,,,,,,,,,,,,,,,,
persistence_baseline,val,2024-05-12,99.39066314697266,93.32949829101562,0.31198593974113464,0.3225562274456024,,,,,,,,,,,,,,,,,,,,,,,
persistence_baseline,val,2024-05-13,87.72916412353516,99.39066314697266,0.33294492959976196,0.31198593974113464,,,,,,,,,,,,,,,,,,,,,,,
persistence_baseline,val,2024-05-14,72.44149780273438,87.72916412353516,0.36504170298576355,0.33294492959976196,,,,,,,,,,,,,,,,,,,,,,,
persistence_baseline,val,2024-05-15,56.36783218383789,72.44149780273438,0.4069671630859375,0.36504170298576355,,,,,,,,,,,,,,,,,,,,,,,
persistence_baseline,val,2024-05-16,42.77799987792969,56.36783218383789,0.4528554081916809,0.4069671630859375,,,,,,,,,,,,,,,,,,,,,,,
persistence_baseline,val,2024-05-17,47.94466781616211,42.77799987792969,0.4339199364185333,0.4528554081916809,,,,,,,,,,,,,,,,,,,,,,,
persistence_baseline,val,2024-05-18,43.1341667175293,47.94466781616211,0.45148006081581116,0.4339199364185333,,,,,,,,,,,,,,,,,,,,,,,
persistence_baseline,val,2024-05-19,48.57816696166992,43.1341667175293,0.43173712491989136,0.45148006081581116,,,,,,,,,,,,,,,,,,,,,,,
persistence_baseline,val,2024-05-20,58.162498474121094,48.57816696166992,0.40173861384391785,0.43173712491989136,,,,,,,,,,,,,,,,,,,,,,,
persistence_baseline,val,2024-05-21,66.70500183105469,58.162498474121094,0.37884610891342163,0.40173861384391785,,,,,,,,,,,,,,,,,,,,,,,
persistence_baseline,val,2024-05-22,81.66466522216797,66.70500183105469,0.344961553812027,0.37884610891342163,,,,,,,,,,,,,,,,,,,,,,,
persistence_baseline,val,2024-05-23,91.00382995605469,81.66466522216797,0.32679346203804016,0.344961553812027,,,,,,,,,,,,,,,,,,,,,,,
persistence_baseline,val,2024-05-24,96.33100128173828,91.00382995605469,0.31723952293395996,0.32679346203804016,,,,,,,,,,,,,,,,,,,,,,,
persistence_baseline,val,2024-05-25,93.3489990234375,96.33100128173828,0.3225211501121521,0.31723952293395996,,,,,,,,,,,,,,,,,,,,,,,
persistence_baseline,val,2024-05-26,95.19300079345703,93.3489990234375,0.31923577189445496,0.3225211501121521,,,,,,,,,,,,,,,,,,,,,,,
persistence_baseline,val,2024-05-27,92.75316619873047,95.19300079345703,0.3235964775085449,0.31923577189445496,,,,,,,,,,,,,,,,,,,,,,,
persistence_baseline,val,2024-05-28,89.54100036621094,92.75316619873047,0.32951387763023376,0.3235964775085449,,,,,,,,,,,,,,,,,,,,,,,
persistence_baseline,val,2024-05-29,74.1709976196289,89.54100036621094,0.36109089851379395,0.32951387763023376,,,,,,,,,,,,,,,,,,,,,,,
persistence_baseline,val,2024-05-30,63.667667388916016,74.1709976196289,0.38663673400878906,0.36109089851379395,,,,,,,,,,,,,,,,,,,,,,,
persistence_baseline,val,2024-05-31,60.48066711425781,63.667667388916016,0.39521488547325134,0.38663673400878906,,,,,,,,,,,,,,,,,,,,,,,
persistence_baseline,val,2024-06-01,56.56966781616211,60.48066711425781,0.4063710570335388,0.39521488547325134,,,,,,,,,,,,,,,,,,,,,,,
persistence_baseline,val,2024-06-02,54.444332122802734,56.56966781616211,0.4127558469772339,0.4063710570335388,,,,,,,,,,,,,,,,,,,,,,,
persistence_baseline,val,2024-06-03,60.086334228515625,54.444332122802734,0.3963070511817932,0.4127558469772339,,,,,,,,,,,,,,,,,,,,,,,
persistence_baseline,val,2024-06-04,72.08516693115234,60.086334228515625,0.3658672571182251,0.3963070511817932,,,,,,,,,,,,,,,,,,,,,,,
persistence_baseline,val,2024-06-05,81.41533660888672,72.08516693115234,0.3454742729663849,0.3658672571182251,,,,,,,,,,,,,,,,,,,,,,,
persistence_baseline,val,2024-06-06,97.0433349609375,81.41533660888672,0.316001832485199,0.3454742729663849,,,,,,,,,,,,,,,,,,,,,,,
persistence_baseline,val,2024-06-07,103.7796630859375,97.0433349609375,0.3047229051589966,0.316001832485199,,,,,,,,,,,,,,,,,,,,,,,
persistence_baseline,val,2024-06-08,97.50749969482422,103.7796630859375,0.31520015001296997,0.3047229051589966,,,,,,,,,,,,,,,,,,,,,,,
persistence_baseline,val,2024-06-09,95.05783081054688,97.50749969482422,0.319474458694458,0.31520015001296997,,,,,,,,,,,,,,,,,,,,,,,
persistence_baseline,val,2024-06-10,90.34950256347656,95.05783081054688,0.3280049264431,0.319474458694458,,,,,,,,,,,,,,,,,,,,,,,
persistence_baseline,val,2024-06-11,88.15816497802734,90.34950256347656,0.3321262300014496,0.3280049264431,,,,,,,,,,,,,,,,,,,,,,,
persistence_baseline,val,2024-06-12,75.58516693115234,88.15816497802734,0.3579274117946625,0.3321262300014496,,,,,,,,,,,,,,,,,,,,,,,
persistence_baseline,val,2024-06-13,64.05233001708984,75.58516693115234,0.3856300711631775,0.3579274117946625,,,,,,,,,,,,,,,,,,,,,,,
persistence_baseline,val,2024-06-14,56.574501037597656,64.05233001708984,0.4063567817211151,0.3856300711631775,,,,,,,,,,,,,,,,,,,,,,,
persistence_baseline,val,2024-06-15,50.119998931884766,56.574501037597656,0.42653894424438477,0.4063567817211151,,,,,,,,,,,,,,,,,,,,,,,
persistence_baseline,val,2024-06-16,47.753665924072266,50.119998931884766,0.4345836043357849,0.42653894424438477,,,,,,,,,,,,,,,,,,,,,,,
persistence_baseline,val,2024-06-17,46.834999084472656,47.753665924072266,0.4378124475479126,0.4345836043357849,,,,,,,,,,,,,,,,,,,,,,,
persistence_baseline,val,2024-06-18,51.17583465576172,46.834999084472656,0.42306894063949585,0.4378124475479126,,,,,,,,,,,,,,,,,,,,,,,
persistence_baseline,val,2024-06-19,45.6870002746582,51.17583465576172,0.44193562865257263,0.42306894063949585,,,,,,,,,,,,,,,,,,,,,,,
persistence_baseline,val,2024-06-20,60.634334564208984,45.6870002746582,0.3947911560535431,0.44193562865257263,,,,,,,,,,,,,,,,,,,,,,,
persistence_baseline,val,2024-06-21,38.46066665649414,60.634334564208984,0.47047847509384155,0.3947911560535431,,,,,,,,,,,,,,,,,,,,,,,
persistence_baseline,val,2024-06-22,85.24250030517578,38.46066665649414,0.3377697169780731,0.47047847509384155,,,,,,,,,,,,,,,,,,,,,,,
persistence_baseline,val,2024-06-23,91.21116638183594,85.24250030517578,0.3264113962650299,0.3377697169780731,,,,,,,,,,,,,,,,,,,,,,,
persistence_baseline,val,2024-06-24,83.6449966430664,91.21116638183594,0.34094327688217163,0.3264113962650299,,,,,,,,,,,,,,,,,,,,,,,
persistence_baseline,val,2024-06-25,88.79633331298828,83.6449966430664,0.3309156596660614,0.34094327688217163,,,,,,,,,,,,,,,,,,,,,,,
persistence_baseline,val,2024-06-26,88.10116577148438,88.79633331298828,0.33223479986190796,0.3309156596660614,,,,,,,,,,,,,,,,,,,,,,,
persistence_baseline,val,2024-06-27,81.45816802978516,88.10116577148438,0.3453860878944397,0.33223479986190796,,,,,,,,,,,,,,,,,,,,,,,
persistence_baseline,val,2024-06-28,56.96616744995117,81.45816802978516,0.40520602464675903,0.3453860878944397,,,,,,,,,,,,,,,,,,,,,,,
persistence_baseline,val,2024-06-29,52.085166931152344,56.96616744995117,0.4201362431049347,0.40520602464675903,,,,,,,,,,,,,,,,,,,,,,,
persistence_baseline,val,2024-06-30,55.59550094604492,52.085166931152344,0.409267783164978,0.4201362431049347,,,,,,,,,,,,,,,,,,,,,,,
persistence_baseline,val,2024-07-01,55.30950164794922,55.59550094604492,0.4101276993751526,0.409267783164978,,,,,,,,,,,,,,,,,,,,,,,
persistence_baseline,val,2024-07-02,40.50716781616211,55.30950164794922,0.4618963897228241,0.4101276993751526,,,,,,,,,,,,,,,,,,,,,,,
persistence_baseline,val,2024-07-03,58.07866668701172,40.50716781616211,0.4019792973995209,0.4618963897228241,,,,,,,,,,,,,,,,,,,,,,,
persistence_baseline,val,2024-07-04,52.16283416748047,58.07866668701172,0.41988810896873474,0.4019792973995209,,,,,,,,,,,,,,,,,,,,,,,
persistence_baseline,val,2024-07-05,64.76266479492188,52.16283416748047,0.38378670811653137,0.41988810896873474,,,,,,,,,,,,,,,,,,,,,,,
persistence_baseline,val,2024-07-06,86.30249786376953,64.76266479492188,0.3356962502002716,0.38378670811653137,,,,,,,,,,,,,,,,,,,,,,,
persistence_baseline,val,2024-07-07,109.11433410644531,86.30249786376953,0.2962939441204071,0.3356962502002716,,,,,,,,,,,,,,,,,,,,,,,
persistence_baseline,val,2024-07-08,120.86266326904297,109.11433410644531,0.27908700704574585,0.2962939441204071,,,,,,,,,,,,,,,,,,,,,,,
persistence_baseline,val,2024-07-09,110.69950103759766,120.86266326904297,0.29386794567108154,0.27908700704574585,,,,,,,,,,,,,,,,,,,,,,,
persistence_baseline,val,2024-07-10,119.88166809082031,110.69950103759766,0.28045889735221863,0.29386794567108154,,,,,,,,,,,,,,,,,,,,,,,
persistence_baseline,val,2024-07-11,98.66999816894531,119.88166809082031,0.31320881843566895,0.28045889735221863,,,,,,,,,,,,,,,,,,,,,,,
persistence_baseline,val,2024-07-12,91.74674987792969,98.66999816894531,0.3254283666610718,0.31320881843566895,,,,,,,,,,,,,,,,,,,,,,,
persistence_baseline,val,2024-07-13,62.457000732421875,91.74674987792969,0.38984450697898865,0.3254283666610718,,,,,,,,,,,,,,,,,,,,,,,
persistence_baseline,val,2024-07-14,52.44340133666992,62.457000732421875,0.4189946949481964,0.38984450697898865,,,,,,,,,,,,,,,,,,,,,,,
persistence_baseline,val,2024-07-15,46.90299987792969,52.44340133666992,0.43757131695747375,0.4189946949481964,,,,,,,,,,,,,,,,,,,,,,,
persistence_baseline,val,2024-07-16,48.763668060302734,46.90299987792969,0.4311032295227051,0.43757131695747375,,,,,,,,,,,,,,,,,,,,,,,
persistence_baseline,val,2024-07-17,46.490665435791016,48.763668060302734,0.4390386641025543,0.4311032295227051,,,,,,,,,,,,,,,,,,,,,,,
persistence_baseline,val,2024-07-18,51.77333450317383,46.490665435791016,0.4211362600326538,0.4390386641025543,,,,,,,,,,,,,,,,,,,,,,,
persistence_baseline,val,2024-07-19,54.82316589355469,51.77333450317383,0.4116000533103943,0.4211362600326538,,,,,,,,,,,,,,,,,,,,,,,
persistence_baseline,val,2024-07-20,69.66600036621094,54.82316589355469,0.37158069014549255,0.4116000533103943,,,,,,,,,,,,,,,,,,,,,,,
persistence_baseline,val,2024-07-21,87.78266906738281,69.66600036621094,0.332842618227005,0.37158069014549255,,,,,,,,,,,,,,,,,,,,,,,
persistence_baseline,val,2024-07-22,98.84449768066406,87.78266906738281,0.31291189789772034,0.332842618227005,,,,,,,,,,,,,,,,,,,,,,,
persistence_baseline,val,2024-07-23,122.2731704711914,98.84449768066406,0.27713367342948914,0.31291189789772034,,,,,,,,,,,,,,,,,,,,,,,
persistence_baseline,val,2024-07-24,130.135498046875,122.2731704711914,0.26663923263549805,0.27713367342948914,,,,,,,,,,,,,,,,,,,,,,,
persistence_baseline,val,2024-07-25,133.7811737060547,130.135498046875,0.2619848847389221,0.26663923263549805,,,,,,,,,,,,,,,,,,,,,,,
persistence_baseline,val,2024-07-26,141.0395050048828,133.7811737060547,0.2530818283557892,0.2619848847389221,,,,,,,,,,,,,,,,,,,,,,,
persistence_baseline,val,2024-07-27,131.18833923339844,141.0395050048828,0.26528194546699524,0.2530818283557892,,,,,,,,,,,,,,,,,,,,,,,
persistence_baseline,val,2024-07-28,109.01066589355469,131.18833923339844,0.2964538335800171,0.26528194546699524,,,,,,,,,,,,,,,,,,,,,,,
persistence_baseline,val,2024-07-29,88.85250091552734,109.01066589355469,0.3308095335960388,0.2964538335800171,,,,,,,,,,,,,,,,,,,,,,,
persistence_baseline,val,2024-07-30,77.39167022705078,88.85250091552734,0.35397017002105713,0.3308095335960388,,,,,,,,,,,,,,,,,,,,,,,
persistence_baseline,val,2024-07-31,75.24933624267578,77.39167022705078,0.3586733341217041,0.35397017002105713,,,,,,,,,,,,,,,,,,,,,,,
persistence_baseline,val,2024-08-01,73.45016479492188,75.24933624267578,0.3627263903617859,0.3586733341217041,,,,,,,,,,,,,,,,,,,,,,,
persistence_baseline,val,2024-08-02,92.82499694824219,73.45016479492188,0.3234664797782898,0.3627263903617859,,,,,,,,,,,,,,,,,,,,,,,
persistence_baseline,val,2024-08-03,116.86866760253906,92.82499694824219,0.28474318981170654,0.3234664797782898,,,,,,,,,,,,,,,,,,,,,,,
persistence_baseline,val,2024-08-04,125.10099792480469,116.86866760253906,0.27328401803970337,0.28474318981170654,,,,,,,,,,,,,,,,,,,,,,,
persistence_baseline,val,2024-08-05,120.83316802978516,125.10099792480469,0.2791280746459961,0.27328401803970337,,,,,,,,,,,,,,,,,,,,,,,
persistence_baseline,val,2024-08-06,116.02933502197266,120.83316802978516,0.28595617413520813,0.2791280746459961,,,,,,,,,,,,,,,,,,,,,,,
persistence_baseline,val,2024-08-07,116.55149841308594,116.02933502197266,0.2852005362510681,0.28595617413520813,,,,,,,,,,,,,,,,,,,,,,,
persistence_baseline,val,2024-08-08,112.18260192871094,116.55149841308594,0.2916291058063507,0.2852005362510681,,,,,,,,,,,,,,,,,,,,,,,
persistence_baseline,val,2024-08-09,130.64474487304688,112.18260192871094,0.26598137617111206,0.2916291058063507,,,,,,,,,,,,,,,,,,,,,,,
persistence_baseline,val,2024-08-10,110.28700256347656,130.64474487304688,0.29449591040611267,0.26598137617111206,,,,,,,,,,,,,,,,,,,,,,,
persistence_baseline,val,2024-08-11,94.27950286865234,110.28700256347656,0.32085537910461426,0.29449591040611267,,,,,,,,,,,,,,,,,,,,,,,
persistence_baseline,val,2024-08-12,72.24140167236328,94.27950286865234,0.36550480127334595,0.32085537910461426,,,,,,,,,,,,,,,,,,,,,,,
persistence_baseline,val,2024-08-13,50.115665435791016,72.24140167236328,0.426553338766098,0.36550480127334595,,,,,,,,,,,,,,,,,,,,,,,
persistence_baseline,val,2024-08-14,41.341331481933594,50.115665435791016,0.4585190713405609,0.426553338766098,,,,,,,,,,,,,,,,,,,,,,,
persistence_baseline,val,2024-08-15,44.02316665649414,41.341331481933594,0.44809505343437195,0.4585190713405609,,,,,,,,,,,,,,,,,,,,,,,
persistence_baseline,val,2024-08-16,48.2244987487793,44.02316665649414,0.43295228481292725,0.44809505343437195,,,,,,,,,,,,,,,,,,,,,,,
persistence_baseline,test,2024-09-07,93.95316314697266,88.35016632080078,0.3214377164840698,0.33176112174987793,,,,,,,,,,,,,,,,,,,,,,,
persistence_baseline,test,2024-09-08,102.64383697509766,93.95316314697266,0.30657291412353516,0.3214377164840698,,,,,,,,,,,,,,,,,,,,,,,
persistence_baseline,test,2024-09-09,107.69249725341797,102.64383697509766,0.2984999120235443,0.30657291412353516,,,,,,,,,,,,,,,,,,,,,,,
persistence_baseline,test,2024-09-10,88.54666900634766,107.69249725341797,0.3313882350921631,0.2984999120235443,,,,,,,,,,,,,,,,,,,,,,,
persistence_baseline,test,2024-09-11,75.02999877929688,88.54666900634766,0.359162300825119,0.3313882350921631,,,,,,,,,,,,,,,,,,,,,,,
persistence_baseline,test,2024-09-12,55.55416488647461,75.02999877929688,0.4093917906284332,0.359162300825119,,,,,,,,,,,,,,,,,,,,,,,
persistence_baseline,test,2024-09-13,53.781166076660156,55.55416488647461,0.4147982597351074,0.4093917906284332,,,,,,,,,,,,,,,,,,,,,,,
persistence_baseline,test,2024-09-14,54.09400177001953,53.781166076660156,0.4138317406177521,0.4147982597351074,,,,,,,,,,,,,,,,,,,,,,,
persistence_baseline,test,2024-09-15,55.83416748046875,54.09400177001953,0.40855351090431213,0.4138317406177521,,,,,,,,,,,,,,,,,,,,,,,
persistence_baseline,test,2024-09-16,48.1952018737793,55.83416748046875,0.4330533444881439,0.40855351090431213,,,,,,,,,,,,,,,,,,,,,,,
persistence_baseline,test,2024-09-17,116.66533660888672,48.1952018737793,0.28503626585006714,0.4330533444881439,,,,,,,,,,,,,,,,,,,,,,,
persistence_baseline,test,2024-09-18,176.28433227539062,116.66533660888672,0.2154601365327835,0.28503626585006714,,,,,,,,,,,,,,,,,,,,,,,
persistence_baseline,test,2024-09-19,190.49400329589844,176.28433227539062,0.20237329602241516,0.2154601365327835,,,,,,,,,,,,,,,,,,,,,,,
persistence_baseline,test,2024-09-20,231.56016540527344,190.49400329589844,0.1693950593471527,0.20237329602241516,,,,,,,,,,,,,,,,,,,,,,,
persistence_baseline,test,2024-09-21,150.12083435058594,231.56016540527344,0.24256257712841034,0.1693950593471527,,,,,,,,,,,,,,,,,,,,,,,
persistence_baseline,test,2024-09-22,135.26283264160156,150.12083435058594,0.2601291537284851,0.24256257712841034,,,,,,,,,,,,,,,,,,,,,,,
persistence_baseline,test,2024-09-23,123.44149780273438,135.26283264160156,0.2755325734615326,0.2601291537284851,,,,,,,,,,,,,,,,,,,,,,,
persistence_baseline,test,2024-10-18,245.25950622558594,190.8661651611328,0.15967996418476105,0.20204372704029083,,,,,,,,,,,,,,,,,,,,,,,
persistence_baseline,test,2024-10-19,296.135009765625,245.25950622558594,0.12780362367630005,0.15967996418476105,,,,,,,,,,,,,,,,,,,,,,,
persistence_baseline,test,2024-10-20,265.0311584472656,296.135009765625,0.14657174050807953,0.12780362367630005,,,,,,,,,,,,,,,,,,,,,,,
persistence_baseline,test,2024-10-21,223.7191619873047,265.0311584472656,0.17521655559539795,0.14657174050807953,,,,,,,,,,,,,,,,,,,,,,,
persistence_baseline,test,2024-10-22,199.46200561523438,223.7191619873047,0.19460482895374298,0.17521655559539795,,,,,,,,,,,,,,,,,,,,,,,
persistence_baseline,test,2024-10-23,131.52149963378906,199.46200561523438,0.26485469937324524,0.19460482895374298,,,,,,,,,,,,,,,,,,,,,,,
persistence_baseline,test,2024-10-24,92.78983306884766,131.52149963378906,0.3235301077365875,0.26485469937324524,,,,,,,,,,,,,,,,,,,,,,,
persistence_baseline,test,2024-10-25,64.95050048828125,92.78983306884766,0.38330259919166565,0.3235301077365875,,,,,,,,,,,,,,,,,,,,,,,
persistence_baseline,test,2024-10-26,58.926334381103516,64.95050048828125,0.39956122636795044,0.38330259919166565,,,,,,,,,,,,,,,,,,,,,,,
persistence_baseline,test,2024-10-27,56.665164947509766,58.926334381103516,0.406089723110199,0.39956122636795044,,,,,,,,,,,,,,,,,,,,,,,
persistence_baseline,test,2024-10-28,58.47999954223633,56.665164947509766,0.40083014965057373,0.406089723110199,,,,,,,,,,,,,,,,,,,,,,,
persistence_baseline,test,2024-10-29,73.51300048828125,58.47999954223633,0.362583190202713,0.40083014965057373,,,,,,,,,,,,,,,,,,,,,,,
persistence_baseline,test,2024-10-30,97.34549713134766,73.51300048828125,0.3154795169830322,0.362583190202713,,,,,,,,,,,,,,,,,,,,,,,
persistence_baseline,test,2024-10-31,113.06800079345703,97.34549713134766,0.2903064787387848,0.3154795169830322,,,,,,,,,,,,,,,,,,,,,,,
persistence_baseline,test,2024-11-01,134.73974609375,113.06800079345703,0.2607819736003876,0.2903064787387848,,,,,,,,,,,,,,,,,,,,,,,
persistence_baseline,test,2024-11-02,57.730499267578125,134.73974609375,0.40298256278038025,0.2607819736003876,,,,,,,,,,,,,,,,,,,,,,,
persistence_baseline,test,2024-11-03,55.44150161743164,57.730499267578125,0.40973028540611267,0.40298256278038025,,,,,,,,,,,,,,,,,,,,,,,
persistence_baseline,test,2024-11-04,58.58300018310547,55.44150161743164,0.4005364775657654,0.40973028540611267,,,,,,,,,,,,,,,,,,,,,,,
persistence_baseline,test,2024-11-05,70.3145980834961,58.58300018310547,0.37002989649772644,0.4005364775657654,,,,,,,,,,,,,,,,,,,,,,,
persistence_baseline,test,2024-11-06,90.01166534423828,70.3145980834961,0.3286338150501251,0.37002989649772644,,,,,,,,,,,,,,,,,,,,,,,
persistence_baseline,test,2024-11-07,83.07050323486328,90.01166534423828,0.34209921956062317,0.3286338150501251,,,,,,,,,,,,,,,,,,,,,,,
persistence_baseline,test,2024-11-08,68.03433227539062,83.07050323486328,0.37554579973220825,0.34209921956062317,,,,,,,,,,,,,,,,,,,,,,,
persistence_baseline,test,2024-11-09,51.39619827270508,68.03433227539062,0.4223535656929016,0.37554579973220825,,,,,,,,,,,,,,,,,,,,,,,
persistence_baseline,test,2024-11-10,46.75419998168945,51.39619827270508,0.43809938430786133,0.4223535656929016,,,,,,,,,,,,,,,,,,,,,,,
persistence_baseline,test,2024-11-11,55.27299880981445,46.75419998168945,0.41023775935173035,0.43809938430786133,,,,,,,,,,,,,,,,,,,,,,,
persistence_baseline,test,2024-11-12,60.32416534423828,55.27299880981445,0.39564749598503113,0.41023775935173035,,,,,,,,,,,,,,,,,,,,,,,
persistence_baseline,test,2024-11-13,77.5,60.32416534423828,0.3537357449531555,0.39564749598503113,,,,,,,,,,,,,,,,,,,,,,,
persistence_baseline,test,2024-11-14,108.54566955566406,77.5,0.29717278480529785,0.3537357449531555,,,,,,,,,,,,,,,,,,,,,,,
persistence_baseline,test,2024-11-15,154.7183380126953,108.54566955566406,0.23747578263282776,0.29717278480529785,,,,,,,,,,,,,,,,,,,,,,,
persistence_baseline,test,2024-11-16,194.50782775878906,154.7183380126953,0.1988523155450821,0.23747578263282776,,,,,,,,,,,,,,,,,,,,,,,
persistence_baseline,test,2024-11-17,190.64332580566406,194.50782775878906,0.2022409737110138,0.1988523155450821,,,,,,,,,,,,,,,,,,,,,,,
persistence_baseline,test,2024-11-18,165.2895965576172,190.64332580566406,0.22632724046707153,0.2022409737110138,,,,,,,,,,,,,,,,,,,,,,,
persistence_baseline,test,2024-11-19,180.87783813476562,165.2895965576172,0.21111825108528137,0.22632724046707153,,,,,,,,,,,,,,,,,,,,,,,
persistence_baseline,test,2024-11-20,157.04266357421875,180.87783813476562,0.23496094346046448,0.21111825108528137,,,,,,,,,,,,,,,,,,,,,,,
persistence_baseline,test,2024-11-21,159.2792510986328,157.04266357421875,0.23257572948932648,0.23496094346046448,,,,,,,,,,,,,,,,,,,,,,,
persistence_baseline,test,2024-11-22,96.08450317382812,159.2792510986328,0.31766995787620544,0.23257572948932648,,,,,,,,,,,,,,,,,,,,,,,
persistence_baseline,test,2024-11-23,66.27283477783203,96.08450317382812,0.3799329996109009,0.31766995787620544,,,,,,,,,,,,,,,,,,,,,,,
persistence_baseline,test,2024-11-24,55.54033279418945,66.27283477783203,0.4094333350658417,0.3799329996109009,,,,,,,,,,,,,,,,,,,,,,,
persistence_baseline,test,2024-11-25,51.41699981689453,55.54033279418945,0.4222862124443054,0.4094333350658417,,,,,,,,,,,,,,,,,,,,,,,
persistence_baseline,test,2024-11-26,81.43599700927734,51.41699981689453,0.34543171525001526,0.4222862124443054,,,,,,,,,,,,,,,,,,,,,,,
persistence_baseline,test,2024-11-27,83.51333618164062,81.43599700927734,0.34120750427246094,0.34543171525001526,,,,,,,,,,,,,,,,,,,,,,,
persistence_baseline,test,2024-11-28,89.02716827392578,83.51333618164062,0.3304798901081085,0.34120750427246094,,,,,,,,,,,,,,,,,,,,,,,
persistence_baseline,test,2024-11-29,116.90283203125,89.02716827392578,0.28469398617744446,0.3304798901081085,,,,,,,,,,,,,,,,,,,,,,,
persistence_baseline,test,2024-11-30,136.15066528320312,116.90283203125,0.25902679562568665,0.28469398617744446,,,,,,,,,,,,,,,,,,,,,,,
persistence_baseline,test,2024-12-01,149.07850646972656,136.15066528320312,0.2437373548746109,0.25902679562568665,,,,,,,,,,,,,,,,,,,,,,,
persistence_baseline,test,2024-12-02,180.03782653808594,149.07850646972656,0.21190398931503296,0.2437373548746109,,,,,,,,,,,,,,,,,,,,,,,
persistence_baseline,test,2024-12-03,198.78750610351562,180.03782653808594,0.195176899433136,0.21190398931503296,,,,,,,,,,,,,,,,,,,,,,,
persistence_baseline,test,2024-12-04,174.9654998779297,198.78750610351562,0.21672752499580383,0.195176899433136,,,,,,,,,,,,,,,,,,,,,,,
persistence_baseline,test,2024-12-05,165.18482971191406,174.9654998779297,0.22643421590328217,0.21672752499580383,,,,,,,,,,,,,,,,,,,,,,,
persistence_baseline,test,2024-12-06,137.61050415039062,165.18482971191406,0.25722968578338623,0.22643421590328217,,,,,,,,,,,,,,,,,,,,,,,
persistence_baseline,test,2024-12-07,131.4774932861328,137.61050415039062,0.26491105556488037,0.25722968578338623,,,,,,,,,,,,,,,,,,,,,,,
persistence_baseline,test,2024-12-08,107.16200256347656,131.4774932861328,0.29933035373687744,0.26491105556488037,,,,,,,,,,,,,,,,,,,,,,,
persistence_baseline,test,2024-12-09,90.2308349609375,107.16200256347656,0.3282255530357361,0.29933035373687744,,,,,,,,,,,,,,,,,,,,,,,
persistence_baseline,test,2024-12-10,79.02449798583984,90.2308349609375,0.35047104954719543,0.3282255530357361,,,,,,,,,,,,,,,,,,,,,,,
persistence_baseline,test,2024-12-11,68.08466339111328,79.02449798583984,0.37542209029197693,0.35047104954719543,,,,,,,,,,,,,,,,,,,,,,,
persistence_baseline,test,2024-12-12,71.43866729736328,68.08466339111328,0.36737537384033203,0.37542209029197693,,,,,,,,,,,,,,,,,,,,,,,
persistence_baseline,test,2024-12-13,77.18299865722656,71.43866729736328,0.35442256927490234,0.36737537384033203,,,,,,,,,,,,,,,,,,,,,,,
persistence_baseline,test,2024-12-14,87.8028335571289,77.18299865722656,0.3328040540218353,0.35442256927490234,,,,,,,,,,,,,,,,,,,,,,,
persistence_baseline,test,2024-12-15,93.36699676513672,87.8028335571289,0.32248878479003906,0.3328040540218353,,,,,,,,,,,,,,,,,,,,,,,
persistence_baseline,test,2024-12-16,91.2248306274414,93.36699676513672,0.3263862431049347,0.32248878479003906,,,,,,,,,,,,,,,,,,,,,,,
persistence_baseline,test,2024-12-17,101.2701644897461,91.2248306274414,0.30883756279945374,0.3263862431049347,,,,,,,,,,,,,,,,,,,,,,,
persistence_baseline,test,2024-12-18,110.45600128173828,101.2701644897461,0.2942383587360382,0.30883756279945374,,,,,,,,,,,,,,,,,,,,,,,
persistence_baseline,test,2024-12-19,114.97799682617188,110.45600128173828,0.2874878942966461,0.2942383587360382,,,,,,,,,,,,,,,,,,,,,,,
persistence_baseline,test,2024-12-20,115.27100372314453,114.97799682617188,0.28705963492393494,0.2874878942966461,,,,,,,,,,,,,,,,,,,,,,,
persistence_baseline,test,2024-12-21,102.09300231933594,115.27100372314453,0.3074774146080017,0.28705963492393494,,,,,,,,,,,,,,,,,,,,,,,
persistence_baseline,test,2024-12-22,89.32866668701172,102.09300231933594,0.329912394285202,0.3074774146080017,,,,,,,,,,,,,,,,,,,,,,,
persistence_baseline,test,2024-12-23,78.94550323486328,89.32866668701172,0.3506386876106262,0.329912394285202,,,,,,,,,,,,,,,,,,,,,,,
persistence_baseline,test,2024-12-24,74.2873306274414,78.94550323486328,0.3608284294605255,0.3506386876106262,,,,,,,,,,,,,,,,,,,,,,,
persistence_baseline,test,2024-12-25,67.9352035522461,74.2873306274414,0.37578970193862915,0.3608284294605255,,,,,,,,,,,,,,,,,,,,,,,
persistence_baseline,test,2024-12-26,167.7779998779297,67.9352035522461,0.22380609810352325,0.37578970193862915,,,,,,,,,,,,,,,,,,,,,,,
persistence_baseline,test,2024-12-27,64.22650146484375,167.7779998779297,0.38517624139785767,0.22380609810352325,,,,,,,,,,,,,,,,,,,,,,,
persistence_baseline,test,2024-12-28,74.37666320800781,64.22650146484375,0.360627144575119,0.38517624139785767,,,,,,,,,,,,,,,,,,,,,,,
persistence_baseline,test,2024-12-29,85.7941665649414,74.37666320800781,0.33668744564056396,0.360627144575119,,,,,,,,,,,,,,,,,,,,,,,
persistence_baseline,test,2024-12-30,99.94066619873047,85.7941665649414,0.31105858087539673,0.33668744564056396,,,,,,,,,,,,,,,,,,,,,,,
persistence_baseline,test,2024-12-31,119.64679718017578,99.94066619873047,0.28078901767730713,0.31105858087539673,,,,,,,,,,,,,,,,,,,,,,,
