model,split,target_date,actual_turbidity,predicted_turbidity,actual_clearness,predicted_clearness,actual_turbidity_delta,actual_clearness_delta,actual_self_purification_failure,actual_turbidity_surge,actual_critical_transition,predicted_self_purification_failure_prob,predicted_turbidity_surge_prob,predicted_critical_transition_prob,actual_boundary_label,boundary_label_available,predicted_boundary_probability,physics_turbidity,physics_clearness,fusion_ratio,velocity_proxy,bed_shear_proxy,erosion_source,runoff_source,tidal_source,phytoplankton_source,krone_deposition_sink,flushing_sink,purification_sink,source_total,sink_total,physics_delta_log_turbidity
mscim,train,2023-08-09,102.1336669921875,161.0252685546875,0.30741047859191895,0.23073667287826538,-59.408172607421875,0.07721404731273651,0.0,0.0,0.0,0.4894501566886902,0.5472336411476135,0.537278950214386,1.0,1.0,0.5964862108230591,,,,,,,,,,,,,,,
mscim,train,2023-07-05,157.39132690429688,136.4022216796875,0.2345868945121765,0.25871574878692627,20.699493408203125,-0.0237714946269989,0.0,0.0,0.0,0.4921663999557495,0.5512996912002563,0.5412346124649048,1.0,1.0,0.6424123644828796,,,,,,,,,,,,,,,
mscim,train,2023-07-19,115.77816772460938,121.60211181640625,0.28632086515426636,0.2780601382255554,-0.05899810791015625,8.574128150939941e-05,0.0,0.0,0.0,0.4906452000141144,0.5508753061294556,0.5431818962097168,1.0,1.0,0.6324916481971741,,,,,,,,,,,,,,,
mscim,train,2022-12-21,172.42967224121094,161.39576721191406,0.21919137239456177,0.23034900426864624,3.9866790771484375,-0.003947272896766663,0.0,0.0,0.0,0.43529000878334045,0.5926569104194641,0.5429795980453491,0.0,1.0,0.2949613332748413,,,,,,,,,,,,,,,
mscim,train,2023-01-18,60.85649871826172,88.6520767211914,0.39418044686317444,0.3311885595321655,-21.739501953125,0.05112051963806152,0.0,0.0,0.0,0.43073487281799316,0.5977884531021118,0.54295814037323,0.0,1.0,0.2864871025085449,,,,,,,,,,,,,,,
mscim,train,2023-12-07,68.02933502197266,78.05326843261719,0.375558078289032,0.3525436520576477,-5.3379974365234375,0.012642741203308105,0.0,0.0,0.0,0.432214617729187,0.5914185643196106,0.5358948111534119,0.0,1.0,0.23104041814804077,,,,,,,,,,,,,,,
mscim,train,2023-03-22,270.281494140625,243.09922790527344,0.14325451850891113,0.16117548942565918,-3.53765869140625,0.002199128270149231,0.0,0.0,0.0,0.4324330687522888,0.5985422730445862,0.5452508330345154,1.0,1.0,0.35178738832473755,,,,,,,,,,,,,,,
mscim,train,2022-09-29,556.7913208007812,359.3108825683594,0.02090483345091343,0.09508198499679565,135.11782836914062,-0.04708191752433777,1.0,1.0,1.0,0.47644731402397156,0.5806146860122681,0.5453929305076599,0.0,1.0,0.4690461754798889,,,,,,,,,,,,,,,
mscim,train,2023-04-05,163.56900024414062,106.31499481201172,0.22809264063835144,0.3006647825241089,67.62439727783203,-0.08982208371162415,1.0,1.0,1.0,0.4300948679447174,0.5967196226119995,0.5443981885910034,0.0,1.0,0.34524989128112793,,,,,,,,,,,,,,,
mscim,train,2023-11-30,148.81517028808594,147.68814086914062,0.24403543770313263,0.24531710147857666,-9.22149658203125,0.01013869047164917,0.0,0.0,0.0,0.4388807713985443,0.5899919271469116,0.5417206287384033,0.0,1.0,0.2427530139684677,,,,,,,,,,,,,,,
mscim,train,2023-09-20,166.4409942626953,149.00238037109375,0.2251560389995575,0.24382346868515015,20.321334838867188,-0.021961107850074768,0.0,0.0,0.0,0.49271973967552185,0.5496569275856018,0.5371496677398682,0.0,1.0,0.6007082462310791,,,,,,,,,,,,,,,
mscim,train,2023-07-12,98.45916748046875,111.43281555175781,0.31356823444366455,0.29275721311569214,-9.263496398925781,0.015115439891815186,0.0,0.0,0.0,0.49420908093452454,0.549294114112854,0.5408234000205994,1.0,1.0,0.6500567197799683,,,,,,,,,,,,,,,
mscim,train,2023-09-13,121.60116577148438,113.60739135742188,0.27806147933006287,0.2895057201385498,18.876998901367188,-0.02837991714477539,1.0,1.0,1.0,0.4902952313423157,0.5484604835510254,0.5332895517349243,0.0,1.0,0.5867668390274048,,,,,,,,,,,,,,,
mscim,train,2023-04-19,161.49366760253906,131.2361297607422,0.23024673759937286,0.265220582485199,29.518997192382812,-0.034028515219688416,1.0,1.0,1.0,0.42169010639190674,0.59731125831604,0.5342994332313538,0.0,1.0,0.2672991454601288,,,,,,,,,,,,,,,
mscim,train,2023-11-09,93.60600280761719,110.1591796875,0.3220594525337219,0.29469096660614014,-6.664161682128906,0.011554032564163208,0.0,0.0,0.0,0.4718562066555023,0.560314416885376,0.5484918355941772,1.0,1.0,0.5063508152961731,,,,,,,,,,,,,,,
mscim,train,2022-12-28,271.11151123046875,256.1528625488281,0.14273600280284882,0.15233302116394043,-34.76666259765625,0.0204087495803833,0.0,0.0,0.0,0.43183720111846924,0.595584511756897,0.5463133454322815,0.0,1.0,0.2815607190132141,,,,,,,,,,,,,,,
mscim,train,2024-03-29,96.90516662597656,104.81039428710938,0.31624120473861694,0.3030613660812378,-4.9221649169921875,0.008325845003128052,0.0,0.0,0.0,0.43178701400756836,0.5898374319076538,0.5578500032424927,0.0,1.0,0.3602978587150574,,,,,,,,,,,,,,,
mscim,train,2024-03-22,57.33700180053711,60.85205841064453,0.4041236340999603,0.394192636013031,6.405834197998047,-0.019743114709854126,0.0,0.0,0.0,0.4292634129524231,0.586897075176239,0.5544279217720032,1.0,1.0,0.345598042011261,,,,,,,,,,,,,,,
mscim,train,2023-06-21,87.02950286865234,114.5000991821289,0.33428865671157837,0.28818875551223755,-20.884498596191406,0.036134302616119385,0.0,0.0,0.0,0.4890195429325104,0.5467750430107117,0.5394943952560425,1.0,1.0,0.6159420609474182,,,,,,,,,,,,,,,
mscim,train,2022-12-14,182.4808349609375,168.39028930664062,0.20962882041931152,0.22319144010543823,8.2376708984375,-0.0077968984842300415,0.0,0.0,0.0,0.44473502039909363,0.5902925133705139,0.553600013256073,0.0,1.0,0.3358275592327118,,,,,,,,,,,,,,,
mscim,train,2022-11-30,236.56149291992188,275.1238708496094,0.16578352451324463,0.14025145769119263,-69.57467651367188,0.04359891265630722,0.0,0.0,0.0,0.47520944476127625,0.5835813283920288,0.5469526648521423,1.0,1.0,0.5037285089492798,,,,,,,,,,,,,,,
mscim,train,2023-03-01,96.70700073242188,139.13241577148438,0.31658509373664856,0.2553761601448059,-45.360992431640625,0.06472787261009216,0.0,0.0,0.0,0.43098315596580505,0.5985513925552368,0.5550509095191956,0.0,1.0,0.3599961996078491,,,,,,,,,,,,,,,
mscim,train,2023-11-16,183.795166015625,185.50747680664062,0.20841729640960693,0.2068517804145813,-6.5236663818359375,0.0058886706829071045,0.0,0.0,0.0,0.4619770050048828,0.5712224841117859,0.5481346845626831,1.0,1.0,0.4322403371334076,,,,,,,,,,,,,,,
mscim,train,2023-11-23,103.06849670410156,115.43462371826172,0.3058788776397705,0.2868208885192871,-14.608673095703125,0.022295981645584106,0.0,0.0,0.0,0.4451579451560974,0.5805597901344299,0.5401162505149841,0.0,1.0,0.2690487205982208,,,,,,,,,,,,,,,
mscim,train,2023-07-26,78.78166961669922,97.86489868164062,0.35098686814308167,0.3145853877067566,-11.641998291015625,0.023119688034057617,0.0,0.0,0.0,0.49458742141723633,0.5468661785125732,0.5393550395965576,1.0,1.0,0.6462911367416382,,,,,,,,,,,,,,,
mscim,train,2023-11-02,178.29966735839844,191.912109375,0.21354150772094727,0.20112091302871704,-21.404327392578125,0.019141465425491333,0.0,0.0,0.0,0.4784236252307892,0.5614535212516785,0.5501924157142639,0.0,1.0,0.5261144042015076,,,,,,,,,,,,,,,
mscim,train,2023-01-25,270.60382080078125,244.5164794921875,0.14305296540260315,0.1601928472518921,-22.452178955078125,0.013481318950653076,0.0,0.0,0.0,0.4330267012119293,0.5965031385421753,0.5439231991767883,1.0,1.0,0.27872535586357117,,,,,,,,,,,,,,,
mscim,train,2024-01-04,88.9403305053711,85.74581909179688,0.3306436836719513,0.3367820382118225,3.5511627197265625,-0.006837636232376099,0.0,0.0,0.0,0.43161556124687195,0.5930372476577759,0.5368960499763489,0.0,1.0,0.22850695252418518,,,,,,,,,,,,,,,
mscim,train,2023-08-02,181.12567138671875,139.91720581054688,0.2108871191740036,0.25442826747894287,47.336334228515625,-0.05108748376369476,1.0,1.0,1.0,0.48741164803504944,0.5531814694404602,0.5397884249687195,1.0,1.0,0.5933444499969482,,,,,,,,,,,,,,,
mscim,train,2024-02-01,95.53900146484375,112.40772247314453,0.318626344203949,0.29129183292388916,-21.20116424560547,0.03369799256324768,0.0,0.0,0.0,0.4280940294265747,0.6062839031219482,0.5425148010253906,1.0,1.0,0.27423322200775146,,,,,,,,,,,,,,,
mscim,train,2023-05-17,104.05733489990234,101.82392120361328,0.30427369475364685,0.30792099237442017,5.133331298828125,-0.008503109216690063,0.0,0.0,0.0,0.43967682123184204,0.5743824243545532,0.5186387300491333,0.0,1.0,0.24900297820568085,,,,,,,,,,,,,,,
mscim,train,2024-02-08,59.57416534423828,56.989654541015625,0.39773616194725037,0.40513724088668823,9.532665252685547,-0.029063642024993896,1.0,1.0,1.0,0.43256476521492004,0.5986726880073547,0.546779215335846,1.0,1.0,0.3017953932285309,,,,,,,,,,,,,,,
mscim,train,2023-03-29,171.98216247558594,221.21566772460938,0.2196298986673355,0.17711806297302246,-75.39849853515625,0.061405688524246216,0.0,0.0,0.0,0.4266338050365448,0.5955320596694946,0.5487483739852905,0.0,1.0,0.33853280544281006,,,,,,,,,,,,,,,
mscim,train,2023-10-26,119.80683135986328,125.17644500732422,0.28056401014328003,0.2731824517250061,2.6988296508789062,-0.0038348734378814697,0.0,0.0,0.0,0.4826586842536926,0.5524129867553711,0.5382838249206543,0.0,1.0,0.5293803811073303,,,,,,,,,,,,,,,
mscim,train,2024-02-15,96.77349853515625,108.70777130126953,0.31646960973739624,0.2969217896461487,-11.332832336425781,0.01861470937728882,0.0,0.0,0.0,0.4310721158981323,0.6039102077484131,0.5534647107124329,0.0,1.0,0.32941463589668274,,,,,,,,,,,,,,,
mscim,train,2023-06-28,66.42533111572266,84.44692993164062,0.37954866886138916,0.33934277296066284,-9.92266845703125,0.023303568363189697,0.0,0.0,0.0,0.49386632442474365,0.5479156374931335,0.5372763872146606,1.0,1.0,0.6485447287559509,,,,,,,,,,,,,,,
mscim,train,2023-10-19,184.0973358154297,170.8184051513672,0.20813998579978943,0.22077566385269165,9.306838989257812,-0.008756428956985474,0.0,0.0,0.0,0.4877007007598877,0.5532941222190857,0.5451722741127014,1.0,1.0,0.5641683340072632,,,,,,,,,,,,,,,
mscim,train,2023-04-12,151.84683227539062,181.21170043945312,0.2406349629163742,0.2108069658279419,-44.12400817871094,0.04304805397987366,0.0,0.0,0.0,0.4263181984424591,0.599345862865448,0.5526092052459717,0.0,1.0,0.3193128705024719,,,,,,,,,,,,,,,
mscim,train,2023-01-11,195.67767333984375,183.7790985107422,0.19783972203731537,0.20843201875686646,-5.915496826171875,0.0050298720598220825,0.0,0.0,0.0,0.4309922754764557,0.5976004004478455,0.5424253344535828,0.0,1.0,0.2768644392490387,,,,,,,,,,,,,,,
mscim,train,2023-06-14,102.19683074951172,106.832763671875,0.30730652809143066,0.2998477816581726,4.932167053222656,-0.00831255316734314,0.0,0.0,0.0,0.48639819025993347,0.5436574816703796,0.5300537943840027,1.0,1.0,0.5858763456344604,,,,,,,,,,,,,,,
mscim,train,2024-01-11,98.79850006103516,87.42366027832031,0.31299012899398804,0.3335303068161011,15.982170104980469,-0.029623031616210938,1.0,1.0,1.0,0.43327412009239197,0.5970094799995422,0.5372164249420166,0.0,1.0,0.25090333819389343,,,,,,,,,,,,,,,
mscim,train,2023-02-15,178.843994140625,177.39028930664062,0.2130269855260849,0.21440452337265015,-25.30633544921875,0.02234615385532379,0.0,0.0,0.0,0.4278416037559509,0.5918420553207397,0.5474091172218323,1.0,1.0,0.31303584575653076,,,,,,,,,,,,,,,
mscim,train,2023-08-30,140.40066528320312,115.8936767578125,0.2538469433784485,0.28615301847457886,34.78966522216797,-0.04793497920036316,1.0,1.0,1.0,0.4877736270427704,0.5494458079338074,0.5375510454177856,1.0,1.0,0.5934125781059265,,,,,,,,,,,,,,,
mscim,train,2023-09-06,115.24349975585938,159.53939819335938,0.28709977865219116,0.23230046033859253,-46.48567199707031,0.0570988655090332,0.0,0.0,0.0,0.4949687123298645,0.5469148755073547,0.5392501950263977,1.0,1.0,0.6137012243270874,,,,,,,,,,,,,,,
mscim,train,2023-08-16,147.93865966796875,134.2158966064453,0.24503140151500702,0.261438250541687,25.404823303222656,-0.03174374997615814,1.0,1.0,1.0,0.47810131311416626,0.55857914686203,0.5392884612083435,0.0,1.0,0.5305652618408203,,,,,,,,,,,,,,,
mscim,train,2023-05-24,99.65399932861328,107.19882202148438,0.3115413188934326,0.2992725968360901,0.5423355102539062,-0.0009170174598693848,0.0,0.0,0.0,0.463559091091156,0.5542374849319458,0.5370169281959534,1.0,1.0,0.46813711524009705,,,,,,,,,,,,,,,
mscim,train,2023-12-28,116.27083587646484,119.37309265136719,0.2856062948703766,0.2811744809150696,-6.587333679199219,0.009276211261749268,0.0,0.0,0.0,0.434696763753891,0.5987898111343384,0.5348295569419861,0.0,1.0,0.2474077194929123,,,,,,,,,,,,,,,
mscim,train,2023-03-15,229.35833740234375,239.13429260253906,0.17100973427295685,0.16395515203475952,-47.275177001953125,0.03168371319770813,0.0,0.0,0.0,0.4259004294872284,0.5981149077415466,0.5481829047203064,1.0,1.0,0.33596786856651306,,,,,,,,,,,,,,,
mscim,train,2023-05-10,135.77783203125,124.1978759765625,0.2594888508319855,0.27450400590896606,-0.5333404541015625,0.0006605684757232666,0.0,0.0,0.0,0.4281138777732849,0.5753383040428162,0.5272361636161804,0.0,1.0,0.23680390417575836,,,,,,,,,,,,,,,
mscim,train,2022-11-23,336.93798828125,247.13967895507812,0.1059628278017044,0.15838897228240967,68.79531860351562,-0.03863520920276642,1.0,1.0,1.0,0.47093427181243896,0.5912139415740967,0.5441264510154724,1.0,1.0,0.468706339597702,,,,,,,,,,,,,,,
mscim,train,2023-02-01,62.1505012512207,73.62045288085938,0.39066633582115173,0.3623386025428772,-4.984165191650391,0.012893974781036377,0.0,0.0,0.0,0.42922303080558777,0.5992852449417114,0.5404581427574158,0.0,1.0,0.27379119396209717,,,,,,,,,,,,,,,
mscim,train,2023-01-04,143.78533935546875,124.42266845703125,0.2498319149017334,0.27419954538345337,19.84284210205078,-0.025018692016601562,0.0,0.0,0.0,0.4298984706401825,0.5948862433433533,0.543307900428772,1.0,1.0,0.28091534972190857,,,,,,,,,,,,,,,
mscim,train,2022-01-22,84.2066650390625,95.59652709960938,0.3398207128047943,0.31852519512176514,-15.69000244140625,0.028688132762908936,0.0,0.0,0.0,0.4288232922554016,0.5983724594116211,0.5258388519287109,0.0,1.0,0.20583564043045044,,,,,,,,,,,,,,,
mscim,train,2023-02-22,234.7173309326172,180.98342895507812,0.16710630059242249,0.21101969480514526,39.64849853515625,-0.03125967085361481,1.0,1.0,1.0,0.4319060146808624,0.5959705710411072,0.54893559217453,0.0,1.0,0.3155367374420166,,,,,,,,,,,,,,,
mscim,train,2023-04-26,127.02466583251953,131.2568817138672,0.27071428298950195,0.2651939392089844,-15.922004699707031,0.019896328449249268,0.0,0.0,0.0,0.42599523067474365,0.5908312797546387,0.5427390933036804,0.0,1.0,0.2576463222503662,,,,,,,,,,,,,,,
mscim,train,2023-03-08,183.52833557128906,149.2879638671875,0.20866255462169647,0.24350059032440186,33.15516662597656,-0.033616840839385986,1.0,1.0,1.0,0.43097615242004395,0.5968495011329651,0.5484939813613892,0.0,1.0,0.3354934751987457,,,,,,,,,,,,,,,
mscim,train,2023-05-31,71.29000091552734,83.24568176269531,0.36772409081459045,0.34174591302871704,0.7433319091796875,-0.00175437331199646,0.0,0.0,0.0,0.4780236780643463,0.5466850996017456,0.5304014086723328,0.0,1.0,0.5543293356895447,,,,,,,,,,,,,,,
mscim,train,2023-12-21,107.3499984741211,114.33576202392578,0.29903560876846313,0.288430392742157,-14.817832946777344,0.02175682783126831,0.0,0.0,0.0,0.43486735224723816,0.5863732099533081,0.5344516038894653,0.0,1.0,0.2331576645374298,,,,,,,,,,,,,,,
mscim,train,2024-01-18,102.62283325195312,120.0614242553711,0.30660730600357056,0.28020668029785156,-25.288665771484375,0.03706473112106323,0.0,0.0,0.0,0.42863956093788147,0.6028763055801392,0.5352700352668762,0.0,1.0,0.23855866491794586,,,,,,,,,,,,,,,
mscim,train,2023-06-07,130.37049865722656,153.755615234375,0.2663353383541107,0.23852837085723877,-21.105331420898438,0.02528788149356842,0.0,0.0,0.0,0.4833250045776367,0.5491092205047607,0.5414098501205444,0.0,1.0,0.5672094225883484,,,,,,,,,,,,,,,
mscim,train,2022-12-07,263.2138366699219,223.25453186035156,0.14773522317409515,0.1755678653717041,27.788330078125,-0.018861904740333557,0.0,0.0,0.0,0.4581945836544037,0.5826700925827026,0.5482118725776672,0.0,1.0,0.42395755648612976,,,,,,,,,,,,,,,
mscim,train,2023-02-08,258.0361633300781,212.3292694091797,0.1510944664478302,0.18404525518417358,14.073989868164062,-0.009482055902481079,0.0,0.0,0.0,0.43219831585884094,0.6004686951637268,0.5425413250923157,0.0,1.0,0.2817316949367523,,,,,,,,,,,,,,,
mscim,train,2023-05-03,84.71800231933594,83.4906005859375,0.3388051688671112,0.3412531614303589,5.2505035400390625,-0.010728836059570312,0.0,0.0,0.0,0.4298941195011139,0.5864697098731995,0.5233677625656128,0.0,1.0,0.2220230996608734,,,,,,,,,,,,,,,
mscim,train,2024-03-15,145.7271728515625,152.39088439941406,0.24757058918476105,0.24003183841705322,-14.64898681640625,0.016152530908584595,0.0,0.0,0.0,0.43116188049316406,0.5907498002052307,0.5631136894226074,1.0,1.0,0.36692196130752563,,,,,,,,,,,,,,,
mscim,train,2023-12-14,137.87283325195312,135.9712677001953,0.2569087743759155,0.2592489719390869,-5.496673583984375,0.006588667631149292,0.0,0.0,0.0,0.43348976969718933,0.5976179838180542,0.5348081588745117,0.0,1.0,0.24814914166927338,,,,,,,,,,,,,,,
mscim,train,2023-08-23,138.23550415039062,170.4573974609375,0.2564660608768463,0.22113263607025146,-33.649658203125,0.03674095869064331,0.0,0.0,0.0,0.4855961799621582,0.5540168881416321,0.5418646335601807,1.0,1.0,0.5860803723335266,,,,,,,,,,,,,,,
mscim,train,2024-01-25,123.20417022705078,101.05375671386719,0.275856614112854,0.3091971278190613,20.160507202148438,-0.030062764883041382,1.0,1.0,1.0,0.42930537462234497,0.5979641079902649,0.5387773513793945,0.0,1.0,0.2507389783859253,,,,,,,,,,,,,,,
mscim,val,2024-04-26,93.82633209228516,101.0058364868164,0.32166460156440735,0.309276819229126,-0.8983383178710938,0.001600414514541626,0.0,0.0,0.0,0.45361328125,0.5512166619300842,0.5578826665878296,0.0,1.0,0.5358189344406128,,,,,,,,,,,,,,,
mscim,val,2024-05-03,44.40216827392578,58.74018478393555,0.4466722309589386,0.4000892639160156,-5.025665283203125,0.017819374799728394,0.0,0.0,0.0,0.4591391384601593,0.535325288772583,0.540582537651062,0.0,1.0,0.576754629611969,,,,,,,,,,,,,,,
mscim,val,2024-05-10,108.3981704711914,122.80986785888672,0.297401487827301,0.2763962745666504,-14.349494934082031,0.020919889211654663,0.0,0.0,0.0,0.4468531608581543,0.5406268239021301,0.5439688563346863,0.0,1.0,0.3843197226524353,,,,,,,,,,,,,,,
mscim,val,2024-05-17,47.94466781616211,46.85430908203125,0.4339199364185333,0.4377439022064209,5.166667938232422,-0.018935471773147583,0.0,0.0,0.0,0.4434998333454132,0.5354350805282593,0.5381830930709839,1.0,1.0,0.316607266664505,,,,,,,,,,,,,,,
mscim,val,2024-05-24,96.33100128173828,89.12686920166016,0.31723952293395996,0.3302919864654541,5.327171325683594,-0.0095539391040802,0.0,0.0,0.0,0.43489009141921997,0.5599456429481506,0.5250159502029419,0.0,1.0,0.22798021137714386,,,,,,,,,,,,,,,
mscim,val,2024-05-31,60.48066711425781,55.37510681152344,0.39521488547325134,0.4099300503730774,-3.187000274658203,0.00857815146446228,0.0,0.0,0.0,0.44571635127067566,0.5330101847648621,0.5101515650749207,1.0,1.0,0.367732435464859,,,,,,,,,,,,,,,
mscim,val,2024-06-07,103.7796630859375,92.38807678222656,0.3047229051589966,0.3242587447166443,6.736328125,-0.011278927326202393,0.0,0.0,0.0,0.4459201991558075,0.5457499623298645,0.5180934071540833,0.0,1.0,0.3068895936012268,,,,,,,,,,,,,,,
mscim,val,2024-06-14,56.574501037597656,58.58496856689453,0.4063567817211151,0.4005308747291565,-7.4778289794921875,0.020726710557937622,0.0,0.0,0.0,0.4646126925945282,0.5230758786201477,0.49458226561546326,0.0,1.0,0.482954740524292,,,,,,,,,,,,,,,
mscim,val,2024-06-21,38.46066665649414,63.38841247558594,0.47047847509384155,0.3873712420463562,-22.173667907714844,0.07568731904029846,0.0,0.0,0.0,0.45941945910453796,0.528600811958313,0.5178409218788147,0.0,1.0,0.52177894115448,,,,,,,,,,,,,,,
mscim,val,2024-06-28,56.96616744995117,80.3465805053711,0.40520602464675903,0.34768974781036377,-24.492000579833984,0.059819936752319336,0.0,0.0,0.0,0.4887339472770691,0.5271980166435242,0.5287482142448425,0.0,1.0,0.6734098196029663,,,,,,,,,,,,,,,
mscim,val,2024-07-05,64.76266479492188,60.504486083984375,0.38378670811653137,0.3951491117477417,12.599830627441406,-0.03610140085220337,1.0,1.0,1.0,0.4896067678928375,0.541792631149292,0.5351270437240601,0.0,1.0,0.6638393998146057,,,,,,,,,,,,,,,
mscim,val,2024-07-12,91.74674987792969,98.47624206542969,0.3254283666610718,0.3135390877723694,-6.923248291015625,0.012219548225402832,0.0,0.0,0.0,0.49635910987854004,0.544117271900177,0.5415933728218079,0.0,1.0,0.6786912083625793,,,,,,,,,,,,,,,
mscim,val,2024-07-19,54.82316589355469,60.81281280517578,0.4116000533103943,0.39430034160614014,3.0498313903808594,-0.009536206722259521,0.0,0.0,0.0,0.48916131258010864,0.5408877730369568,0.5361450910568237,0.0,1.0,0.656175434589386,,,,,,,,,,,,,,,
mscim,val,2024-07-26,141.0395050048828,128.3369598388672,0.2530818283557892,0.26898330450057983,7.258331298828125,-0.008903056383132935,0.0,0.0,0.0,0.4864535927772522,0.5392643213272095,0.5344151854515076,0.0,1.0,0.6179555058479309,,,,,,,,,,,,,,,
mscim,val,2024-08-02,92.82499694824219,72.71260070800781,0.3234664797782898,0.36441630125045776,19.374832153320312,-0.039259910583496094,1.0,1.0,1.0,0.4666554629802704,0.5311273336410522,0.5128093361854553,0.0,1.0,0.5400236248970032,,,,,,,,,,,,,,,
mscim,val,2024-08-09,130.64474487304688,99.84815979003906,0.26598137617111206,0.3112142086029053,18.462142944335938,-0.025647729635238647,0.0,0.0,0.0,0.44781649112701416,0.5486177802085876,0.5200816988945007,1.0,1.0,0.43491706252098083,,,,,,,,,,,,,,,
mscim,val,2024-08-11,94.27950286865234,87.70533752441406,0.32085537910461426,0.33299046754837036,-16.00749969482422,0.026359468698501587,0.0,0.0,0.0,0.4450049102306366,0.5381706357002258,0.503123939037323,0.0,1.0,0.4300491213798523,,,,,,,,,,,,,,,
mscim,val,2024-08-12,72.24140167236328,79.90859985351562,0.36550480127334595,0.3486061096191406,-22.038101196289062,0.04464942216873169,0.0,0.0,0.0,0.4497951865196228,0.5402837991714478,0.5073757171630859,0.0,1.0,0.48016422986984253,,,,,,,,,,,,,,,
mscim,val,2024-08-13,50.115665435791016,67.51823425292969,0.426553338766098,0.3768194913864136,-22.125736236572266,0.061048537492752075,0.0,0.0,0.0,0.45330938696861267,0.5369659066200256,0.505035936832428,1.0,1.0,0.5072669982910156,,,,,,,,,,,,,,,
mscim,val,2024-08-14,41.341331481933594,51.76421356201172,0.4585190713405609,0.4211655855178833,-8.774333953857422,0.03196573257446289,0.0,0.0,0.0,0.45550739765167236,0.5335590243339539,0.5041134357452393,1.0,1.0,0.5215234756469727,,,,,,,,,,,,,,,
mscim,val,2024-08-15,44.02316665649414,44.10716247558594,0.44809505343437195,0.44777870178222656,2.681835174560547,-0.010424017906188965,0.0,0.0,0.0,0.45398423075675964,0.5308550596237183,0.5021559596061707,1.0,1.0,0.5104989409446716,,,,,,,,,,,,,,,
mscim,val,2024-08-16,48.2244987487793,47.26056671142578,0.43295228481292725,0.4363090395927429,4.201332092285156,-0.015142768621444702,0.0,0.0,0.0,0.45785900950431824,0.5309690237045288,0.5061346888542175,0.0,1.0,0.5244579911231995,,,,,,,,,,,,,,,
mscim,test,2024-09-07,93.95316314697266,94.23452758789062,0.3214377164840698,0.3209354877471924,5.602996826171875,-0.010323405265808105,0.0,0.0,0.0,0.47004544734954834,0.5451400876045227,0.5197133421897888,0.0,1.0,0.5211588144302368,,,,,,,,,,,,,,,
mscim,test,2024-09-08,102.64383697509766,96.82315826416016,0.30657291412353516,0.316383421421051,8.690673828125,-0.014864802360534668,0.0,0.0,0.0,0.4687793552875519,0.5433387756347656,0.5176416039466858,0.0,1.0,0.5160428881645203,,,,,,,,,,,,,,,
mscim,test,2024-09-09,107.69249725341797,103.85264587402344,0.2984999120235443,0.304604709148407,5.0486602783203125,-0.008073002099990845,0.0,0.0,0.0,0.47059759497642517,0.5457139611244202,0.51925128698349,0.0,1.0,0.5338454842567444,,,,,,,,,,,,,,,
mscim,test,2024-09-10,88.54666900634766,104.76923370361328,0.3313882350921631,0.3031274080276489,-19.145828247070312,0.032888323068618774,0.0,0.0,0.0,0.46871083974838257,0.5382795929908752,0.5080869793891907,0.0,1.0,0.5300484299659729,,,,,,,,,,,,,,,
mscim,test,2024-09-11,75.02999877929688,91.90301513671875,0.359162300825119,0.32514262199401855,-13.516670227050781,0.027774065732955933,0.0,0.0,0.0,0.47198423743247986,0.5451850891113281,0.5130932331085205,0.0,1.0,0.5583196878433228,,,,,,,,,,,,,,,
mscim,test,2024-09-12,55.55416488647461,78.59339904785156,0.4093917906284332,0.3513878583908081,-19.475833892822266,0.05022948980331421,0.0,0.0,0.0,0.46870771050453186,0.5382023453712463,0.5164372324943542,0.0,1.0,0.553655743598938,,,,,,,,,,,,,,,
mscim,test,2024-09-13,53.781166076660156,61.53705978393555,0.4147982597351074,0.3923231363296509,-1.7729988098144531,0.005406469106674194,0.0,0.0,0.0,0.46935945749282837,0.5321734547615051,0.5168392062187195,0.0,1.0,0.5615331530570984,,,,,,,,,,,,,,,
mscim,test,2024-09-14,54.09400177001953,60.31391906738281,0.4138317406177521,0.3956758379936218,0.312835693359375,-0.0009665191173553467,0.0,0.0,0.0,0.46599069237709045,0.5368708968162537,0.5101035833358765,0.0,1.0,0.5555084347724915,,,,,,,,,,,,,,,
mscim,test,2024-09-15,55.83416748046875,61.38510513305664,0.40855351090431213,0.3927360773086548,1.7401657104492188,-0.005278229713439941,0.0,0.0,0.0,0.4646384119987488,0.5380684733390808,0.5065277814865112,0.0,1.0,0.528367817401886,,,,,,,,,,,,,,,
mscim,test,2024-09-16,48.1952018737793,63.550941467285156,0.4330533444881439,0.38694334030151367,-7.638965606689453,0.024499833583831787,0.0,0.0,0.0,0.4645109474658966,0.5379709005355835,0.5062720775604248,0.0,1.0,0.5019019842147827,,,,,,,,,,,,,,,
mscim,test,2024-09-17,116.66533660888672,57.4194221496582,0.28503626585006714,0.40388399362564087,68.47013854980469,-0.14801707863807678,1.0,1.0,1.0,0.46625643968582153,0.5410357117652893,0.51517653465271,0.0,1.0,0.5402620434761047,,,,,,,,,,,,,,,
mscim,test,2024-09-18,176.28433227539062,112.71068572998047,0.2154601365327835,0.29083895683288574,59.618995666503906,-0.06957612931728363,1.0,1.0,1.0,0.4680057466030121,0.5293144583702087,0.5209870934486389,0.0,1.0,0.5615768432617188,,,,,,,,,,,,,,,
mscim,test,2024-09-19,190.49400329589844,159.83285522460938,0.20237329602241516,0.23199045658111572,14.209671020507812,-0.013086840510368347,0.0,0.0,0.0,0.4710594713687897,0.5341106057167053,0.5230966210365295,0.0,1.0,0.5773288607597351,,,,,,,,,,,,,,,
mscim,test,2024-09-20,231.56016540527344,172.404541015625,0.1693950593471527,0.21921592950820923,41.066162109375,-0.03297823667526245,1.0,1.0,1.0,0.47157520055770874,0.5399705767631531,0.5222509503364563,0.0,1.0,0.5854164361953735,,,,,,,,,,,,,,,
mscim,test,2024-09-21,150.12083435058594,200.8852996826172,0.24256257712841034,0.193403959274292,-81.4393310546875,0.07316751778125763,0.0,0.0,0.0,0.4783499538898468,0.5426581501960754,0.530630886554718,1.0,1.0,0.6050990223884583,,,,,,,,,,,,,,,
mscim,test,2024-09-22,135.26283264160156,138.85418701171875,0.2601291537284851,0.2557135224342346,-14.858001708984375,0.017566576600074768,0.0,0.0,0.0,0.48678916692733765,0.5306827425956726,0.5272873044013977,1.0,1.0,0.6279444098472595,,,,,,,,,,,,,,,
mscim,test,2024-09-23,123.44149780273438,128.72174072265625,0.2755325734615326,0.26847904920578003,-11.821334838867188,0.015403419733047485,0.0,0.0,0.0,0.4876096248626709,0.5342797040939331,0.5275483727455139,1.0,1.0,0.6283213496208191,,,,,,,,,,,,,,,
mscim,test,2024-10-18,245.25950622558594,181.2753143310547,0.15967996418476105,0.21074771881103516,54.393341064453125,-0.042363762855529785,1.0,1.0,1.0,0.4428405463695526,0.5772159695625305,0.5381687879562378,0.0,1.0,0.4079664945602417,,,,,,,,,,,,,,,
mscim,test,2024-10-19,296.135009765625,220.92288208007812,0.12780362367630005,0.17734187841415405,50.87550354003906,-0.031876340508461,1.0,1.0,1.0,0.44094258546829224,0.5810146927833557,0.5413480401039124,0.0,1.0,0.3926002085208893,,,,,,,,,,,,,,,
mscim,test,2024-10-20,265.0311584472656,257.3949279785156,0.14657174050807953,0.15151512622833252,-31.103851318359375,0.01876811683177948,0.0,0.0,0.0,0.43958789110183716,0.5804489254951477,0.5408887267112732,0.0,1.0,0.3771105110645294,,,,,,,,,,,,,,,
mscim,test,2024-10-21,223.7191619873047,231.41043090820312,0.17521655559539795,0.1695043444633484,-41.31199645996094,0.02864481508731842,0.0,0.0,0.0,0.43851029872894287,0.5804892778396606,0.5446487069129944,0.0,1.0,0.37341946363449097,,,,,,,,,,,,,,,
mscim,test,2024-10-22,199.46200561523438,201.77154541015625,0.19460482895374298,0.19266045093536377,-24.257156372070312,0.019388273358345032,0.0,0.0,0.0,0.4400213658809662,0.5829156637191772,0.546981155872345,0.0,1.0,0.37600022554397583,,,,,,,,,,,,,,,
mscim,test,2024-10-23,131.52149963378906,180.86483764648438,0.26485469937324524,0.21113038063049316,-67.94050598144531,0.07024987041950226,0.0,0.0,0.0,0.43694499135017395,0.5855523943901062,0.5470871329307556,0.0,1.0,0.3490603268146515,,,,,,,,,,,,,,,
mscim,test,2024-10-24,92.78983306884766,127.91475677490234,0.3235301077365875,0.2695382833480835,-38.731666564941406,0.058675408363342285,0.0,0.0,0.0,0.4340262711048126,0.5869590640068054,0.546156644821167,0.0,1.0,0.3309018313884735,,,,,,,,,,,,,,,
mscim,test,2024-10-25,64.95050048828125,94.04150390625,0.38330259919166565,0.3212798833847046,-27.839332580566406,0.059772491455078125,0.0,0.0,0.0,0.4256780743598938,0.5860629081726074,0.5369283556938171,0.0,1.0,0.30849599838256836,,,,,,,,,,,,,,,
mscim,test,2024-10-26,58.926334381103516,71.98448944091797,0.39956122636795044,0.3661012053489685,-6.024166107177734,0.01625862717628479,0.0,0.0,0.0,0.43173903226852417,0.5902755856513977,0.5297529101371765,0.0,1.0,0.33643800020217896,,,,,,,,,,,,,,,
mscim,test,2024-10-27,56.665164947509766,67.12699890136719,0.406089723110199,0.37779146432876587,-2.26116943359375,0.006528496742248535,0.0,0.0,0.0,0.427575021982193,0.5872619152069092,0.5329775810241699,0.0,1.0,0.3876849412918091,,,,,,,,,,,,,,,
mscim,test,2024-10-28,58.47999954223633,65.86666870117188,0.40083014965057373,0.3809608817100525,1.8148345947265625,-0.005259573459625244,0.0,0.0,0.0,0.42910096049308777,0.5801132321357727,0.532589852809906,0.0,1.0,0.4041123390197754,,,,,,,,,,,,,,,
mscim,test,2024-10-29,73.51300048828125,67.77095794677734,0.362583190202713,0.3761945962905884,15.033000946044922,-0.03824695944786072,1.0,1.0,1.0,0.4276164770126343,0.5826187133789062,0.5369433760643005,0.0,1.0,0.3778763711452484,,,,,,,,,,,,,,,
mscim,test,2024-10-30,97.34549713134766,83.9216079711914,0.3154795169830322,0.3403894901275635,23.832496643066406,-0.047103673219680786,1.0,1.0,1.0,0.43090444803237915,0.588828444480896,0.5375941395759583,0.0,1.0,0.37303462624549866,,,,,,,,,,,,,,,
mscim,test,2024-10-31,113.06800079345703,105.63422393798828,0.2903064787387848,0.3017449378967285,15.722503662109375,-0.025173038244247437,0.0,0.0,0.0,0.42905646562576294,0.5903153419494629,0.5328119397163391,0.0,1.0,0.3422519266605377,,,,,,,,,,,,,,,
mscim,test,2024-11-01,134.73974609375,118.29438781738281,0.2607819736003876,0.28270238637924194,21.67174530029297,-0.029524505138397217,1.0,1.0,1.0,0.43419376015663147,0.5868194699287415,0.5390239953994751,0.0,1.0,0.4242783486843109,,,,,,,,,,,,,,,
mscim,test,2024-11-02,57.730499267578125,136.02810668945312,0.40298256278038025,0.2591785192489624,-77.00924682617188,0.14220058917999268,0.0,0.0,0.0,0.4434239864349365,0.5858867764472961,0.5455109477043152,0.0,1.0,0.4416605234146118,,,,,,,,,,,,,,,
mscim,test,2024-11-03,55.44150161743164,67.15052032470703,0.40973028540611267,0.3777328133583069,-2.2889976501464844,0.006747722625732422,0.0,0.0,0.0,0.4511488676071167,0.5678375959396362,0.5510302186012268,0.0,1.0,0.4712563455104828,,,,,,,,,,,,,,,
mscim,test,2024-11-04,58.58300018310547,65.708740234375,0.4005364775657654,0.38136225938796997,3.141498565673828,-0.00919380784034729,0.0,0.0,0.0,0.4465281367301941,0.5767078399658203,0.5522244572639465,0.0,1.0,0.4883326292037964,,,,,,,,,,,,,,,
mscim,test,2024-11-05,70.3145980834961,67.88080596923828,0.37002989649772644,0.37592369318008423,11.731597900390625,-0.03050658106803894,1.0,1.0,1.0,0.4489133358001709,0.5753406882286072,0.5487526059150696,0.0,1.0,0.5145907998085022,,,,,,,,,,,,,,,
mscim,test,2024-11-06,90.01166534423828,79.08484649658203,0.3286338150501251,0.3503430485725403,19.697067260742188,-0.04139608144760132,1.0,1.0,1.0,0.45339882373809814,0.57586669921875,0.5517606735229492,0.0,1.0,0.5270794630050659,,,,,,,,,,,,,,,
mscim,test,2024-11-07,83.07050323486328,95.1258773803711,0.34209921956062317,0.31935423612594604,-6.941162109375,0.013465404510498047,0.0,0.0,0.0,0.4537280797958374,0.5716401934623718,0.5518491864204407,0.0,1.0,0.5366990566253662,,,,,,,,,,,,,,,
mscim,test,2024-11-08,68.03433227539062,89.22008514404297,0.37554579973220825,0.33011651039123535,-15.036170959472656,0.03344658017158508,0.0,0.0,0.0,0.44210219383239746,0.5736972093582153,0.5469497442245483,0.0,1.0,0.48878732323646545,,,,,,,,,,,,,,,
mscim,test,2024-11-09,51.39619827270508,76.33196258544922,0.4223535656929016,0.35628026723861694,-16.638134002685547,0.04680776596069336,0.0,0.0,0.0,0.4418269097805023,0.5824735164642334,0.5480700135231018,0.0,1.0,0.4495958983898163,,,,,,,,,,,,,,,
mscim,test,2024-11-10,46.75419998168945,61.954105377197266,0.43809938430786133,0.39119499921798706,-4.641998291015625,0.015745818614959717,0.0,0.0,0.0,0.4418777823448181,0.5819382071495056,0.5440883040428162,0.0,1.0,0.45427149534225464,,,,,,,,,,,,,,,
mscim,test,2024-11-11,55.27299880981445,56.71803283691406,0.41023775935173035,0.4059341549873352,8.518798828125,-0.02786162495613098,1.0,1.0,1.0,0.4366879463195801,0.5779820084571838,0.5445004105567932,0.0,1.0,0.42842715978622437,,,,,,,,,,,,,,,
mscim,test,2024-11-12,60.32416534423828,66.04769897460938,0.39564749598503113,0.38050198554992676,5.051166534423828,-0.014590263366699219,0.0,0.0,0.0,0.43714815378189087,0.5805147886276245,0.5398861765861511,0.0,1.0,0.4156128168106079,,,,,,,,,,,,,,,
mscim,test,2024-11-13,77.5,71.75376892089844,0.3537357449531555,0.3666386008262634,17.17583465576172,-0.04191175103187561,1.0,1.0,1.0,0.44022274017333984,0.5830722451210022,0.5437779426574707,0.0,1.0,0.4108147919178009,,,,,,,,,,,,,,,
mscim,test,2024-11-14,108.54566955566406,87.20350646972656,0.29717278480529785,0.3339534401893616,31.045669555664062,-0.056562960147857666,1.0,1.0,1.0,0.43717408180236816,0.5820672512054443,0.5386930108070374,0.0,1.0,0.3898378908634186,,,,,,,,,,,,,,,
mscim,test,2024-11-15,154.7183380126953,115.63533782958984,0.23747578263282776,0.2865285873413086,46.17266845703125,-0.05969700217247009,1.0,1.0,1.0,0.4406731426715851,0.579953670501709,0.5414230823516846,0.0,1.0,0.42824578285217285,,,,,,,,,,,,,,,
mscim,test,2024-11-16,194.50782775878906,155.31298828125,0.1988523155450821,0.23682880401611328,39.78948974609375,-0.038623467087745667,1.0,1.0,1.0,0.44506168365478516,0.582926869392395,0.5481910109519958,0.0,1.0,0.43451207876205444,,,,,,,,,,,,,,,
mscim,test,2024-11-17,190.64332580566406,186.97268676757812,0.2022409737110138,0.2055235505104065,-3.864501953125,0.0033886581659317017,0.0,0.0,0.0,0.4451654255390167,0.583781898021698,0.5502110123634338,0.0,1.0,0.43123412132263184,,,,,,,,,,,,,,,
mscim,test,2024-11-18,165.2895965576172,182.07460021972656,0.22632724046707153,0.2100050449371338,-25.353729248046875,0.02408626675605774,0.0,0.0,0.0,0.4421745240688324,0.5842190384864807,0.5465929508209229,0.0,1.0,0.39714503288269043,,,,,,,,,,,,,,,
mscim,test,2024-11-19,180.87783813476562,158.62759399414062,0.21111825108528137,0.23326724767684937,15.588241577148438,-0.015208989381790161,0.0,0.0,0.0,0.4378539025783539,0.5836222767829895,0.5463381409645081,0.0,1.0,0.3706226348876953,,,,,,,,,,,,,,,
mscim,test,2024-11-20,157.04266357421875,165.2163543701172,0.23496094346046448,0.22640198469161987,-23.835174560546875,0.023842692375183105,0.0,0.0,0.0,0.429575651884079,0.5862115621566772,0.5489852428436279,0.0,1.0,0.35922548174858093,,,,,,,,,,,,,,,
mscim,test,2024-11-21,159.2792510986328,146.40438842773438,0.23257572948932648,0.24678891897201538,2.2365875244140625,-0.0023852139711380005,0.0,0.0,0.0,0.4293941557407379,0.5893639326095581,0.5512073636054993,0.0,1.0,0.3567311763763428,,,,,,,,,,,,,,,
mscim,test,2024-11-22,96.08450317382812,147.4745330810547,0.31766995787620544,0.2455611228942871,-63.19474792480469,0.08509422838687897,0.0,0.0,0.0,0.4295007288455963,0.5927359461784363,0.5505521893501282,0.0,1.0,0.33469435572624207,,,,,,,,,,,,,,,
mscim,test,2024-11-23,66.27283477783203,97.46678161621094,0.3799329996109009,0.3152703046798706,-29.811668395996094,0.062263041734695435,0.0,0.0,0.0,0.4235669672489166,0.5943635106086731,0.540748119354248,0.0,1.0,0.30273693799972534,,,,,,,,,,,,,,,
mscim,test,2024-11-24,55.54033279418945,72.73077392578125,0.4094333350658417,0.36437445878982544,-10.732501983642578,0.029500335454940796,0.0,0.0,0.0,0.41769376397132874,0.5948442220687866,0.5359875559806824,0.0,1.0,0.28434082865715027,,,,,,,,,,,,,,,
mscim,test,2024-11-25,51.41699981689453,63.007659912109375,0.4222862124443054,0.38837796449661255,-4.123332977294922,0.012852877378463745,0.0,0.0,0.0,0.41600412130355835,0.6004427671432495,0.5321793556213379,0.0,1.0,0.2718551456928253,,,,,,,,,,,,,,,
mscim,test,2024-11-26,81.43599700927734,58.915550231933594,0.34543171525001526,0.3995918035507202,30.018997192382812,-0.07685449719429016,1.0,1.0,1.0,0.417277991771698,0.598362147808075,0.5336499810218811,0.0,1.0,0.26174676418304443,,,,,,,,,,,,,,,
mscim,test,2024-11-27,83.51333618164062,85.90765380859375,0.34120750427246094,0.33646565675735474,2.0773391723632812,-0.004224210977554321,0.0,0.0,0.0,0.42180055379867554,0.5983907580375671,0.5342351198196411,0.0,1.0,0.26293236017227173,,,,,,,,,,,,,,,
mscim,test,2024-11-28,89.02716827392578,86.43138122558594,0.3304798901081085,0.3354458212852478,5.513832092285156,-0.010727614164352417,0.0,0.0,0.0,0.41977402567863464,0.5995146632194519,0.5334256887435913,0.0,1.0,0.2454536259174347,,,,,,,,,,,,,,,
mscim,test,2024-11-29,116.90283203125,90.39031982421875,0.28469398617744446,0.3279290795326233,27.87566375732422,-0.04578590393066406,1.0,1.0,1.0,0.42037245631217957,0.6005091667175293,0.5324226021766663,0.0,1.0,0.2347937673330307,,,,,,,,,,,,,,,
mscim,test,2024-11-30,136.15066528320312,113.81694030761719,0.25902679562568665,0.2891956567764282,19.247833251953125,-0.025667190551757812,0.0,0.0,0.0,0.4207758605480194,0.6022789478302002,0.5297340750694275,0.0,1.0,0.2428261935710907,,,,,,,,,,,,,,,
mscim,test,2024-12-01,149.07850646972656,128.9735565185547,0.2437373548746109,0.26814985275268555,12.927841186523438,-0.015289440751075745,0.0,0.0,0.0,0.4231076240539551,0.6041324138641357,0.531982958316803,0.0,1.0,0.25258079171180725,,,,,,,,,,,,,,,
mscim,test,2024-12-02,180.03782653808594,138.53738403320312,0.21190398931503296,0.2560984492301941,30.959320068359375,-0.03183336555957794,1.0,1.0,1.0,0.4228527545928955,0.6028764247894287,0.5313738584518433,0.0,1.0,0.24607551097869873,,,,,,,,,,,,,,,
mscim,test,2024-12-03,198.78750610351562,161.09837341308594,0.195176899433136,0.23066014051437378,18.749679565429688,-0.016727089881896973,0.0,0.0,0.0,0.4241909980773926,0.6036913990974426,0.5338059067726135,0.0,1.0,0.2431873232126236,,,,,,,,,,,,,,,
mscim,test,2024-12-04,174.9654998779297,173.16476440429688,0.21672752499580383,0.2184734344482422,-23.822006225585938,0.021550625562667847,0.0,0.0,0.0,0.4235497713088989,0.6025283336639404,0.5324976444244385,0.0,1.0,0.23754048347473145,,,,,,,,,,,,,,,
mscim,test,2024-12-05,165.18482971191406,154.54849243164062,0.22643421590328217,0.23766100406646729,-9.780670166015625,0.009706690907478333,0.0,0.0,0.0,0.42183563113212585,0.6023882627487183,0.5335994362831116,0.0,1.0,0.23127757012844086,,,,,,,,,,,,,,,
mscim,test,2024-12-06,137.61050415039062,146.84039306640625,0.25722968578338623,0.24628764390945435,-27.574325561523438,0.030795469880104065,0.0,0.0,0.0,0.422890305519104,0.6030343174934387,0.53605717420578,0.0,1.0,0.23022814095020294,,,,,,,,,,,,,,,
mscim,test,2024-12-07,131.4774932861328,125.6432876586914,0.26491105556488037,0.2725556492805481,-6.1330108642578125,0.007681369781494141,0.0,0.0,0.0,0.42339617013931274,0.6019338369369507,0.5355342626571655,0.0,1.0,0.22684167325496674,,,,,,,,,,,,,,,
mscim,test,2024-12-08,107.16200256347656,119.7870101928711,0.29933035373687744,0.28059184551239014,-24.31549072265625,0.03441929817199707,0.0,0.0,0.0,0.4249808192253113,0.5985603332519531,0.5298136472702026,0.0,1.0,0.21504464745521545,,,,,,,,,,,,,,,
mscim,test,2024-12-09,90.2308349609375,102.59886169433594,0.3282255530357361,0.30664658546447754,-16.931167602539062,0.028895199298858643,0.0,0.0,0.0,0.42488205432891846,0.5989208221435547,0.5291445255279541,0.0,1.0,0.2185494750738144,,,,,,,,,,,,,,,
mscim,test,2024-12-10,79.02449798583984,88.84616088867188,0.35047104954719543,0.33082151412963867,-11.206336975097656,0.02224549651145935,0.0,0.0,0.0,0.4225715398788452,0.6003825068473816,0.5284963250160217,0.0,1.0,0.2199336290359497,,,,,,,,,,,,,,,
mscim,test,2024-12-11,68.08466339111328,81.00296783447266,0.37542209029197693,0.3463256359100342,-10.939834594726562,0.024951040744781494,0.0,0.0,0.0,0.4236111044883728,0.6030158996582031,0.5248161554336548,0.0,1.0,0.22082485258579254,,,,,,,,,,,,,,,
mscim,test,2024-12-12,71.43866729736328,71.80485534667969,0.36737537384033203,0.3665195107460022,3.35400390625,-0.008046716451644897,0.0,0.0,0.0,0.42481425404548645,0.5971276164054871,0.5289273262023926,0.0,1.0,0.22006984055042267,,,,,,,,,,,,,,,
mscim,test,2024-12-13,77.18299865722656,75.53262329101562,0.35442256927490234,0.358043909072876,5.744331359863281,-0.012952804565429688,0.0,0.0,0.0,0.4259372651576996,0.5985684394836426,0.5274360775947571,0.0,1.0,0.22389400005340576,,,,,,,,,,,,,,,
mscim,test,2024-12-14,87.8028335571289,80.00819396972656,0.3328040540218353,0.34839731454849243,10.619834899902344,-0.021618515253067017,0.0,0.0,0.0,0.42466554045677185,0.5979708433151245,0.5299757122993469,0.0,1.0,0.220404714345932,,,,,,,,,,,,,,,
mscim,test,2024-12-15,93.36699676513672,89.01155090332031,0.32248878479003906,0.3305093050003052,5.5641632080078125,-0.010315269231796265,0.0,0.0,0.0,0.42605823278427124,0.5973738431930542,0.5298985242843628,0.0,1.0,0.22177539765834808,,,,,,,,,,,,,,,
mscim,test,2024-12-16,91.2248306274414,93.87066650390625,0.3263862431049347,0.3215852379798889,-2.1421661376953125,0.00389745831489563,0.0,0.0,0.0,0.4272007644176483,0.6002484560012817,0.5342728495597839,0.0,1.0,0.2350665032863617,,,,,,,,,,,,,,,
mscim,test,2024-12-17,101.2701644897461,92.58577728271484,0.30883756279945374,0.3238997459411621,10.045333862304688,-0.017548680305480957,0.0,0.0,0.0,0.42511099576950073,0.6003139019012451,0.5304936170578003,0.0,1.0,0.23257222771644592,,,,,,,,,,,,,,,
mscim,test,2024-12-18,110.45600128173828,100.70665740966797,0.2942383587360382,0.3097754120826721,9.185836791992188,-0.014599204063415527,0.0,0.0,0.0,0.42705783247947693,0.6008716225624084,0.5350213050842285,0.0,1.0,0.23378963768482208,,,,,,,,,,,,,,,
mscim,test,2024-12-19,114.97799682617188,108.16808319091797,0.2874878942966461,0.2977588176727295,4.521995544433594,-0.00675046443939209,0.0,0.0,0.0,0.4279136657714844,0.5991535186767578,0.5348314046859741,0.0,1.0,0.23428452014923096,,,,,,,,,,,,,,,
mscim,test,2024-12-20,115.27100372314453,110.5914306640625,0.28705963492393494,0.2940322160720825,0.29300689697265625,-0.00042825937271118164,0.0,0.0,0.0,0.4263048768043518,0.5994113087654114,0.5362634658813477,0.0,1.0,0.23163770139217377,,,,,,,,,,,,,,,
mscim,test,2024-12-21,102.09300231933594,110.37049865722656,0.3074774146080017,0.29436856508255005,-13.178001403808594,0.020417779684066772,0.0,0.0,0.0,0.4259515404701233,0.600337564945221,0.5371478199958801,0.0,1.0,0.23292267322540283,,,,,,,,,,,,,,,
mscim,test,2024-12-22,89.32866668701172,100.01559448242188,0.329912394285202,0.31093263626098633,-12.764335632324219,0.022434979677200317,0.0,0.0,0.0,0.42710810899734497,0.5998508334159851,0.5355029106140137,0.0,1.0,0.22937899827957153,,,,,,,,,,,,,,,
mscim,test,2024-12-23,78.94550323486328,89.53683471679688,0.3506386876106262,0.32952165603637695,-10.383163452148438,0.020726293325424194,0.0,0.0,0.0,0.4249410331249237,0.5980725288391113,0.5347628593444824,0.0,1.0,0.22750720381736755,,,,,,,,,,,,,,,
mscim,test,2024-12-24,74.2873306274414,81.01908111572266,0.3608284294605255,0.34629231691360474,-4.658172607421875,0.010189741849899292,0.0,0.0,0.0,0.42490434646606445,0.6011395454406738,0.5336626768112183,0.0,1.0,0.228196382522583,,,,,,,,,,,,,,,
mscim,test,2024-12-25,67.9352035522461,77.55249786376953,0.37578970193862915,0.3536222577095032,-6.3521270751953125,0.014961272478103638,0.0,0.0,0.0,0.4249691069126129,0.6020531058311462,0.5309392213821411,0.0,1.0,0.22925296425819397,,,,,,,,,,,,,,,
mscim,test,2024-12-26,167.7779998779297,71.64669036865234,0.22380609810352325,0.3668886423110962,99.8427963256836,-0.1519836038351059,1.0,1.0,1.0,0.42603352665901184,0.600051999092102,0.533761739730835,0.0,1.0,0.22612257301807404,,,,,,,,,,,,,,,
mscim,test,2024-12-27,64.22650146484375,148.30618286132812,0.38517624139785767,0.24461305141448975,-103.55149841308594,0.1613701432943344,0.0,0.0,0.0,0.42735013365745544,0.6001944541931152,0.5313263535499573,0.0,1.0,0.2224198430776596,,,,,,,,,,,,,,,
mscim,test,2024-12-28,74.37666320800781,68.12962341308594,0.360627144575119,0.3753116726875305,10.150161743164062,-0.024549096822738647,0.0,0.0,0.0,0.42734673619270325,0.5987287759780884,0.5309367775917053,0.0,1.0,0.21437865495681763,,,,,,,,,,,,,,,
mscim,test,2024-12-29,85.7941665649414,76.7326431274414,0.33668744564056396,0.3554031252861023,11.417503356933594,-0.023939698934555054,0.0,0.0,0.0,0.4271757900714874,0.5977047681808472,0.5310255289077759,0.0,1.0,0.21460536122322083,,,,,,,,,,,,,,,
mscim,test,2024-12-30,99.94066619873047,87.01385498046875,0.31105858087539673,0.3343188166618347,14.146499633789062,-0.025628864765167236,0.0,0.0,0.0,0.426530122756958,0.5995792746543884,0.5300197005271912,0.0,1.0,0.2315220683813095,,,,,,,,,,,,,,,
mscim,test,2024-12-31,119.64679718017578,98.81735229492188,0.28078901767730713,0.3129580616950989,19.706130981445312,-0.0302695631980896,1.0,1.0,1.0,0.4290485084056854,0.6014140248298645,0.5336827635765076,0.0,1.0,0.23646609485149384,,,,,,,,,,,,,,,
mscim_no_kg,train,2024-02-15,96.77349853515625,127.18904876708984,0.31646960973739624,0.2704964280128479,-11.332832336425781,0.01861470937728882,0.0,0.0,0.0,0.4839763939380646,0.5039987564086914,0.4728661775588989,0.0,1.0,0.17339353263378143,,,,,,,,,,,,,,,
mscim_no_kg,train,2022-11-30,236.56149291992188,290.5148010253906,0.16578352451324463,0.13104480504989624,-69.57467651367188,0.04359891265630722,0.0,0.0,0.0,0.5089691877365112,0.499878853559494,0.49642807245254517,1.0,1.0,0.36684197187423706,,,,,,,,,,,,,,,
mscim_no_kg,train,2023-07-26,78.78166961669922,104.47359466552734,0.35098686814308167,0.30360251665115356,-11.641998291015625,0.023119688034057617,0.0,0.0,0.0,0.5106610655784607,0.503240704536438,0.4938243329524994,1.0,1.0,0.4760343134403229,,,,,,,,,,,,,,,
mscim_no_kg,train,2023-09-06,115.24349975585938,165.62002563476562,0.28709977865219116,0.22599029541015625,-46.48567199707031,0.0570988655090332,0.0,0.0,0.0,0.5067034959793091,0.5012122392654419,0.497476726770401,1.0,1.0,0.4779384434223175,,,,,,,,,,,,,,,
mscim_no_kg,train,2023-05-03,84.71800231933594,102.64599609375,0.3388051688671112,0.30656933784484863,5.2505035400390625,-0.010728836059570312,0.0,0.0,0.0,0.501326322555542,0.4920995235443115,0.47914204001426697,0.0,1.0,0.18635337054729462,,,,,,,,,,,,,,,
mscim_no_kg,train,2023-11-02,178.29966735839844,208.70278930664062,0.21354150772094727,0.18695545196533203,-21.404327392578125,0.019141465425491333,0.0,0.0,0.0,0.5033493041992188,0.4988403916358948,0.48350486159324646,0.0,1.0,0.34107837080955505,,,,,,,,,,,,,,,
mscim_no_kg,train,2023-08-02,181.12567138671875,144.18548583984375,0.2108871191740036,0.24936342239379883,47.336334228515625,-0.05108748376369476,1.0,1.0,1.0,0.5127156972885132,0.5023322701454163,0.4942229390144348,1.0,1.0,0.46437668800354004,,,,,,,,,,,,,,,
mscim_no_kg,train,2023-06-14,102.19683074951172,114.77249145507812,0.30730652809143066,0.28778892755508423,4.932167053222656,-0.00831255316734314,0.0,0.0,0.0,0.5084969997406006,0.5057293176651001,0.491667240858078,1.0,1.0,0.4020822048187256,,,,,,,,,,,,,,,
mscim_no_kg,train,2022-12-21,172.42967224121094,185.03201293945312,0.21919137239456177,0.20728498697280884,3.9866790771484375,-0.003947272896766663,0.0,0.0,0.0,0.4953387975692749,0.48903995752334595,0.4790498912334442,0.0,1.0,0.18840666115283966,,,,,,,,,,,,,,,
mscim_no_kg,train,2023-07-12,98.45916748046875,118.7825927734375,0.31356823444366455,0.28200918436050415,-9.263496398925781,0.015115439891815186,0.0,0.0,0.0,0.5119421482086182,0.5043036937713623,0.49494779109954834,1.0,1.0,0.48766061663627625,,,,,,,,,,,,,,,
mscim_no_kg,train,2023-07-19,115.77816772460938,126.74860382080078,0.28632086515426636,0.2710806727409363,-0.05899810791015625,8.574128150939941e-05,0.0,0.0,0.0,0.5149416327476501,0.5034729242324829,0.4947021007537842,1.0,1.0,0.48981502652168274,,,,,,,,,,,,,,,
mscim_no_kg,train,2024-01-11,98.79850006103516,104.17176055908203,0.31299012899398804,0.30408889055252075,15.982170104980469,-0.029623031616210938,1.0,1.0,1.0,0.48237016797065735,0.4932236671447754,0.4779905080795288,0.0,1.0,0.1666303128004074,,,,,,,,,,,,,,,
mscim_no_kg,train,2023-05-24,99.65399932861328,120.82291412353516,0.3115413188934326,0.2791423797607422,0.5423355102539062,-0.0009170174598693848,0.0,0.0,0.0,0.5144566893577576,0.5073566436767578,0.47839558124542236,1.0,1.0,0.30103033781051636,,,,,,,,,,,,,,,
mscim_no_kg,train,2023-08-23,138.23550415039062,179.48284912109375,0.2564660608768463,0.2124251127243042,-33.649658203125,0.03674095869064331,0.0,0.0,0.0,0.5069628953933716,0.4991595447063446,0.4932595193386078,1.0,1.0,0.4227035939693451,,,,,,,,,,,,,,,
mscim_no_kg,train,2023-04-12,151.84683227539062,210.59567260742188,0.2406349629163742,0.18543022871017456,-44.12400817871094,0.04304805397987366,0.0,0.0,0.0,0.49625667929649353,0.49588459730148315,0.4815126955509186,0.0,1.0,0.187028169631958,,,,,,,,,,,,,,,
mscim_no_kg,train,2023-12-14,137.87283325195312,162.0209503173828,0.2569087743759155,0.22969681024551392,-5.496673583984375,0.006588667631149292,0.0,0.0,0.0,0.48855188488960266,0.4890076816082001,0.4772924780845642,0.0,1.0,0.1746577024459839,,,,,,,,,,,,,,,
mscim_no_kg,train,2024-01-18,102.62283325195312,144.30966186523438,0.30660730600357056,0.24921834468841553,-25.288665771484375,0.03706473112106323,0.0,0.0,0.0,0.4789734482765198,0.49754294753074646,0.47334539890289307,0.0,1.0,0.16094447672367096,,,,,,,,,,,,,,,
mscim_no_kg,train,2023-06-07,130.37049865722656,164.24110412597656,0.2663353383541107,0.22740083932876587,-21.105331420898438,0.02528788149356842,0.0,0.0,0.0,0.5137017965316772,0.5064934492111206,0.48830413818359375,0.0,1.0,0.40154150128364563,,,,,,,,,,,,,,,
mscim_no_kg,train,2024-02-08,59.57416534423828,68.74151611328125,0.39773616194725037,0.3738158941268921,9.532665252685547,-0.029063642024993896,1.0,1.0,1.0,0.4847097396850586,0.5024979114532471,0.4778861403465271,1.0,1.0,0.16708707809448242,,,,,,,,,,,,,,,
mscim_no_kg,train,2023-05-31,71.29000091552734,90.38717651367188,0.36772409081459045,0.3279349207878113,0.7433319091796875,-0.00175437331199646,0.0,0.0,0.0,0.5125634074211121,0.5050969123840332,0.4881311357021332,0.0,1.0,0.35653963685035706,,,,,,,,,,,,,,,
mscim_no_kg,train,2023-03-01,96.70700073242188,159.2196502685547,0.31658509373664856,0.23263883590698242,-45.360992431640625,0.06472787261009216,0.0,0.0,0.0,0.4907984733581543,0.498564213514328,0.4773876368999481,0.0,1.0,0.16852501034736633,,,,,,,,,,,,,,,
mscim_no_kg,train,2023-03-15,229.35833740234375,273.2978210449219,0.17100973427295685,0.14137768745422363,-47.275177001953125,0.03168371319770813,0.0,0.0,0.0,0.49299362301826477,0.4929647743701935,0.47639894485473633,1.0,1.0,0.1701257824897766,,,,,,,,,,,,,,,
mscim_no_kg,train,2023-02-01,62.1505012512207,87.34333038330078,0.39066633582115173,0.33368462324142456,-4.984165191650391,0.012893974781036377,0.0,0.0,0.0,0.4852049946784973,0.49582186341285706,0.47761639952659607,0.0,1.0,0.16783276200294495,,,,,,,,,,,,,,,
mscim_no_kg,train,2023-11-16,183.795166015625,206.16184997558594,0.20841729640960693,0.18902462720870972,-6.5236663818359375,0.0058886706829071045,0.0,0.0,0.0,0.5012011528015137,0.49093154072761536,0.48326975107192993,1.0,1.0,0.2827504873275757,,,,,,,,,,,,,,,
mscim_no_kg,train,2023-05-10,135.77783203125,157.92710876464844,0.2594888508319855,0.23401367664337158,-0.5333404541015625,0.0006605684757232666,0.0,0.0,0.0,0.5028221011161804,0.5008315443992615,0.475737601518631,0.0,1.0,0.21455226838588715,,,,,,,,,,,,,,,
mscim_no_kg,train,2024-03-15,145.7271728515625,175.48104858398438,0.24757058918476105,0.21623092889785767,-14.64898681640625,0.016152530908584595,0.0,0.0,0.0,0.4883185625076294,0.5067205429077148,0.4773296117782593,1.0,1.0,0.17663519084453583,,,,,,,,,,,,,,,
mscim_no_kg,train,2022-12-28,271.11151123046875,297.64056396484375,0.14273600280284882,0.12694573402404785,-34.76666259765625,0.0204087495803833,0.0,0.0,0.0,0.48777398467063904,0.4868716597557068,0.481015145778656,0.0,1.0,0.17288130521774292,,,,,,,,,,,,,,,
mscim_no_kg,train,2023-04-19,161.49366760253906,152.7937774658203,0.23024673759937286,0.23958659172058105,29.518997192382812,-0.034028515219688416,1.0,1.0,1.0,0.5002462863922119,0.4943541884422302,0.4805624485015869,0.0,1.0,0.18126222491264343,,,,,,,,,,,,,,,
mscim_no_kg,train,2023-05-17,104.05733489990234,121.78488159179688,0.30427369475364685,0.2778072953224182,5.133331298828125,-0.008503109216690063,0.0,0.0,0.0,0.5101435780525208,0.49813562631607056,0.47788894176483154,0.0,1.0,0.2207016497850418,,,,,,,,,,,,,,,
mscim_no_kg,train,2023-08-16,147.93865966796875,138.43548583984375,0.24503140151500702,0.2562224268913269,25.404823303222656,-0.03174374997615814,1.0,1.0,1.0,0.5092776417732239,0.49916550517082214,0.49040332436561584,0.0,1.0,0.4101417660713196,,,,,,,,,,,,,,,
mscim_no_kg,train,2023-01-11,195.67767333984375,212.66970825195312,0.19783972203731537,0.18377459049224854,-5.915496826171875,0.0050298720598220825,0.0,0.0,0.0,0.4848605990409851,0.49237674474716187,0.47673705220222473,0.0,1.0,0.16453523933887482,,,,,,,,,,,,,,,
mscim_no_kg,train,2023-10-19,184.0973358154297,181.37173461914062,0.20813998579978943,0.21065795421600342,9.306838989257812,-0.008756428956985474,0.0,0.0,0.0,0.5015271902084351,0.49898770451545715,0.49055418372154236,1.0,1.0,0.4236677587032318,,,,,,,,,,,,,,,
mscim_no_kg,train,2023-01-25,270.60382080078125,285.4881591796875,0.14305296540260315,0.1339971423149109,-22.452178955078125,0.013481318950653076,0.0,0.0,0.0,0.4892784059047699,0.4935202896595001,0.4796251356601715,1.0,1.0,0.16855916380882263,,,,,,,,,,,,,,,
mscim_no_kg,train,2022-11-23,336.93798828125,261.76422119140625,0.1059628278017044,0.14866900444030762,68.79531860351562,-0.03863520920276642,1.0,1.0,1.0,0.5121932029724121,0.4973956346511841,0.49078860878944397,1.0,1.0,0.3429356813430786,,,,,,,,,,,,,,,
mscim_no_kg,train,2023-03-29,171.98216247558594,253.11029052734375,0.2196298986673355,0.15435326099395752,-75.39849853515625,0.061405688524246216,0.0,0.0,0.0,0.49698877334594727,0.49364104866981506,0.481545090675354,0.0,1.0,0.18499521911144257,,,,,,,,,,,,,,,
mscim_no_kg,train,2023-11-23,103.06849670410156,140.3498077392578,0.3058788776397705,0.2539079785346985,-14.608673095703125,0.022295981645584106,0.0,0.0,0.0,0.4966385066509247,0.4894832372665405,0.48133477568626404,0.0,1.0,0.2177971750497818,,,,,,,,,,,,,,,
mscim_no_kg,train,2023-01-18,60.85649871826172,103.64730072021484,0.39418044686317444,0.3049374222755432,-21.739501953125,0.05112051963806152,0.0,0.0,0.0,0.48635706305503845,0.4933500289916992,0.4763820767402649,0.0,1.0,0.16727682948112488,,,,,,,,,,,,,,,
mscim_no_kg,train,2023-08-30,140.40066528320312,120.358154296875,0.2538469433784485,0.27979111671447754,34.78966522216797,-0.04793497920036316,1.0,1.0,1.0,0.5093086957931519,0.4991106688976288,0.49356064200401306,1.0,1.0,0.4488529562950134,,,,,,,,,,,,,,,
mscim_no_kg,train,2024-02-01,95.53900146484375,135.54653930664062,0.318626344203949,0.25977611541748047,-21.20116424560547,0.03369799256324768,0.0,0.0,0.0,0.4843304455280304,0.4989544749259949,0.4746530055999756,1.0,1.0,0.16616365313529968,,,,,,,,,,,,,,,
mscim_no_kg,train,2023-04-05,163.56900024414062,119.13134002685547,0.22809264063835144,0.2815157175064087,67.62439727783203,-0.08982208371162415,1.0,1.0,1.0,0.5017550587654114,0.49870386719703674,0.48333045840263367,0.0,1.0,0.19159699976444244,,,,,,,,,,,,,,,
mscim_no_kg,train,2023-06-28,66.42533111572266,91.61662292480469,0.37954866886138916,0.3256666660308838,-9.92266845703125,0.023303568363189697,0.0,0.0,0.0,0.5078389644622803,0.5063914060592651,0.49423643946647644,1.0,1.0,0.4576687514781952,,,,,,,,,,,,,,,
mscim_no_kg,train,2023-06-21,87.02950286865234,122.7210464477539,0.33428865671157837,0.2765181064605713,-20.884498596191406,0.036134302616119385,0.0,0.0,0.0,0.511379599571228,0.5037545561790466,0.4926818311214447,1.0,1.0,0.436770498752594,,,,,,,,,,,,,,,
mscim_no_kg,train,2023-02-22,234.7173309326172,207.23780822753906,0.16710630059242249,0.18814533948898315,39.64849853515625,-0.03125967085361481,1.0,1.0,1.0,0.4901495575904846,0.4980107247829437,0.4771607518196106,0.0,1.0,0.1708013117313385,,,,,,,,,,,,,,,
mscim_no_kg,train,2023-03-08,183.52833557128906,169.04159545898438,0.20866255462169647,0.22254008054733276,33.15516662597656,-0.033616840839385986,1.0,1.0,1.0,0.49147123098373413,0.49509403109550476,0.47426947951316833,0.0,1.0,0.1754380613565445,,,,,,,,,,,,,,,
mscim_no_kg,train,2024-03-22,57.33700180053711,70.44194030761719,0.4041236340999603,0.36972707509994507,6.405834197998047,-0.019743114709854126,0.0,0.0,0.0,0.4906247556209564,0.5016871094703674,0.47351622581481934,1.0,1.0,0.17455554008483887,,,,,,,,,,,,,,,
mscim_no_kg,train,2023-09-20,166.4409942626953,153.26515197753906,0.2251560389995575,0.2390671968460083,20.321334838867188,-0.021961107850074768,0.0,0.0,0.0,0.5067047476768494,0.5002225637435913,0.4970264732837677,0.0,1.0,0.47018399834632874,,,,,,,,,,,,,,,
mscim_no_kg,train,2023-09-13,121.60116577148438,116.59850311279297,0.27806147933006287,0.28513264656066895,18.876998901367188,-0.02837991714477539,1.0,1.0,1.0,0.508190393447876,0.4978010654449463,0.4950724244117737,0.0,1.0,0.458222359418869,,,,,,,,,,,,,,,
mscim_no_kg,train,2024-01-25,123.20417022705078,123.04452514648438,0.275856614112854,0.2760748863220215,20.160507202148438,-0.030062764883041382,1.0,1.0,1.0,0.48232078552246094,0.4916975498199463,0.47727182507514954,0.0,1.0,0.16471268236637115,,,,,,,,,,,,,,,
mscim_no_kg,train,2023-02-08,258.0361633300781,246.3822784423828,0.1510944664478302,0.15890783071517944,14.073989868164062,-0.009482055902481079,0.0,0.0,0.0,0.4877384603023529,0.49257802963256836,0.4794217348098755,0.0,1.0,0.16791865229606628,,,,,,,,,,,,,,,
mscim_no_kg,train,2023-04-26,127.02466583251953,163.34561157226562,0.27071428298950195,0.22832316160202026,-15.922004699707031,0.019896328449249268,0.0,0.0,0.0,0.49869176745414734,0.49388405680656433,0.4769367575645447,0.0,1.0,0.18879413604736328,,,,,,,,,,,,,,,
mscim_no_kg,train,2024-03-29,96.90516662597656,122.94613647460938,0.31624120473861694,0.27620959281921387,-4.9221649169921875,0.008325845003128052,0.0,0.0,0.0,0.492618203163147,0.5056937336921692,0.47667843103408813,0.0,1.0,0.1801307648420334,,,,,,,,,,,,,,,
mscim_no_kg,train,2023-02-15,178.843994140625,211.80279541015625,0.2130269855260849,0.18446463346481323,-25.30633544921875,0.02234615385532379,0.0,0.0,0.0,0.48823848366737366,0.4904676079750061,0.4825015664100647,1.0,1.0,0.1650894433259964,,,,,,,,,,,,,,,
mscim_no_kg,train,2023-10-26,119.80683135986328,135.8642578125,0.28056401014328003,0.25938159227371216,2.6988296508789062,-0.0038348734378814697,0.0,0.0,0.0,0.5024749636650085,0.49767106771469116,0.4882260859012604,0.0,1.0,0.3461160957813263,,,,,,,,,,,,,,,
mscim_no_kg,train,2023-12-28,116.27083587646484,143.2730712890625,0.2856062948703766,0.2504335045814514,-6.587333679199219,0.009276211261749268,0.0,0.0,0.0,0.4863574802875519,0.49233126640319824,0.47951528429985046,0.0,1.0,0.1717052310705185,,,,,,,,,,,,,,,
mscim_no_kg,train,2023-03-22,270.281494140625,273.0502014160156,0.14325451850891113,0.14153099060058594,-3.53765869140625,0.002199128270149231,0.0,0.0,0.0,0.4965173602104187,0.49843090772628784,0.4819379448890686,1.0,1.0,0.18316704034805298,,,,,,,,,,,,,,,
mscim_no_kg,train,2022-12-14,182.4808349609375,191.7921142578125,0.20962882041931152,0.20122653245925903,8.2376708984375,-0.0077968984842300415,0.0,0.0,0.0,0.5015801191329956,0.49233734607696533,0.47951221466064453,0.0,1.0,0.2215213030576706,,,,,,,,,,,,,,,
mscim_no_kg,train,2023-01-04,143.78533935546875,144.51510620117188,0.2498319149017334,0.24897849559783936,19.84284210205078,-0.025018692016601562,0.0,0.0,0.0,0.48664215207099915,0.4896552860736847,0.4779457747936249,1.0,1.0,0.170331209897995,,,,,,,,,,,,,,,
mscim_no_kg,train,2023-12-21,107.3499984741211,142.73397827148438,0.29903560876846313,0.25106894969940186,-14.817832946777344,0.02175682783126831,0.0,0.0,0.0,0.4871658384799957,0.4860740005970001,0.4821237325668335,0.0,1.0,0.1732207089662552,,,,,,,,,,,,,,,
mscim_no_kg,train,2024-01-04,88.9403305053711,106.09441375732422,0.3306436836719513,0.3010140061378479,3.5511627197265625,-0.006837636232376099,0.0,0.0,0.0,0.4810228645801544,0.49203428626060486,0.47985365986824036,0.0,1.0,0.1630919724702835,,,,,,,,,,,,,,,
mscim_no_kg,train,2023-07-05,157.39132690429688,143.29281616210938,0.2345868945121765,0.250410258769989,20.699493408203125,-0.0237714946269989,0.0,0.0,0.0,0.5144140124320984,0.5058326721191406,0.4934755563735962,1.0,1.0,0.48424094915390015,,,,,,,,,,,,,,,
mscim_no_kg,train,2022-01-22,84.2066650390625,121.89623260498047,0.3398207128047943,0.27765345573425293,-15.69000244140625,0.028688132762908936,0.0,0.0,0.0,0.4809761643409729,0.48642346262931824,0.48317450284957886,0.0,1.0,0.16952738165855408,,,,,,,,,,,,,,,
mscim_no_kg,train,2023-11-30,148.81517028808594,177.6339111328125,0.24403543770313263,0.21417289972305298,-9.22149658203125,0.01013869047164917,0.0,0.0,0.0,0.49101200699806213,0.4836655855178833,0.4847111999988556,0.0,1.0,0.18708398938179016,,,,,,,,,,,,,,,
mscim_no_kg,train,2023-12-07,68.02933502197266,95.63499450683594,0.375558078289032,0.31845760345458984,-5.3379974365234375,0.012642741203308105,0.0,0.0,0.0,0.4840548038482666,0.48493465781211853,0.4816420376300812,0.0,1.0,0.17552858591079712,,,,,,,,,,,,,,,
mscim_no_kg,train,2022-09-29,556.7913208007812,363.60400390625,0.02090483345091343,0.09307152032852173,135.11782836914062,-0.04708191752433777,1.0,1.0,1.0,0.5051499009132385,0.4943097233772278,0.4937046766281128,0.0,1.0,0.4285377562046051,,,,,,,,,,,,,,,
mscim_no_kg,train,2023-08-09,102.1336669921875,168.9777069091797,0.30741047859191895,0.22260385751724243,-59.408172607421875,0.07721404731273651,0.0,0.0,0.0,0.5078604221343994,0.5013735890388489,0.4927355647087097,1.0,1.0,0.44482001662254333,,,,,,,,,,,,,,,
mscim_no_kg,train,2023-11-09,93.60600280761719,123.00904083251953,0.3220594525337219,0.2761234641075134,-6.664161682128906,0.011554032564163208,0.0,0.0,0.0,0.5005071759223938,0.49318283796310425,0.4803689420223236,1.0,1.0,0.27610233426094055,,,,,,,,,,,,,,,
mscim_no_kg,train,2022-12-07,263.2138366699219,239.47633361816406,0.14773522317409515,0.16371357440948486,27.788330078125,-0.018861904740333557,0.0,0.0,0.0,0.5137680768966675,0.5008978843688965,0.48768922686576843,0.0,1.0,0.2976711094379425,,,,,,,,,,,,,,,
mscim_no_kg,val,2024-04-26,93.82633209228516,117.03619384765625,0.32166460156440735,0.2845020890235901,-0.8983383178710938,0.001600414514541626,0.0,0.0,0.0,0.5092273950576782,0.5086658596992493,0.48541343212127686,0.0,1.0,0.30146488547325134,,,,,,,,,,,,,,,
mscim_no_kg,val,2024-05-03,44.40216827392578,69.51036834716797,0.4466722309589386,0.37195491790771484,-5.025665283203125,0.017819374799728394,0.0,0.0,0.0,0.5075536966323853,0.504073441028595,0.4900968670845032,0.0,1.0,0.30473917722702026,,,,,,,,,,,,,,,
mscim_no_kg,val,2024-05-10,108.3981704711914,144.381591796875,0.297401487827301,0.24913430213928223,-14.349494934082031,0.020919889211654663,0.0,0.0,0.0,0.5062988996505737,0.503476083278656,0.48795318603515625,0.0,1.0,0.29023510217666626,,,,,,,,,,,,,,,
mscim_no_kg,val,2024-05-17,47.94466781616211,62.33308792114258,0.4339199364185333,0.3901762366294861,5.166667938232422,-0.018935471773147583,0.0,0.0,0.0,0.5019450187683105,0.4951523244380951,0.4810599088668823,1.0,1.0,0.2515050172805786,,,,,,,,,,,,,,,
mscim_no_kg,val,2024-05-24,96.33100128173828,114.26802825927734,0.31723952293395996,0.2885301113128662,5.327171325683594,-0.0095539391040802,0.0,0.0,0.0,0.5027384757995605,0.4946780502796173,0.48221924901008606,0.0,1.0,0.2412629872560501,,,,,,,,,,,,,,,
mscim_no_kg,val,2024-05-31,60.48066711425781,84.58088684082031,0.39521488547325134,0.3390768766403198,-3.187000274658203,0.00857815146446228,0.0,0.0,0.0,0.5036445260047913,0.496873140335083,0.49157410860061646,1.0,1.0,0.2913014888763428,,,,,,,,,,,,,,,
mscim_no_kg,val,2024-06-07,103.7796630859375,118.94680786132812,0.3047229051589966,0.28177666664123535,6.736328125,-0.011278927326202393,0.0,0.0,0.0,0.5074039697647095,0.4976377487182617,0.48499795794487,0.0,1.0,0.29419177770614624,,,,,,,,,,,,,,,
mscim_no_kg,val,2024-06-14,56.574501037597656,83.89476776123047,0.4063567817211151,0.34044313430786133,-7.4778289794921875,0.020726710557937622,0.0,0.0,0.0,0.5004804134368896,0.499296635389328,0.49370065331459045,0.0,1.0,0.3495069444179535,,,,,,,,,,,,,,,
mscim_no_kg,val,2024-06-21,38.46066665649414,80.36392211914062,0.47047847509384155,0.3476535677909851,-22.173667907714844,0.07568731904029846,0.0,0.0,0.0,0.5074023604393005,0.4953659474849701,0.4899100363254547,0.0,1.0,0.34536221623420715,,,,,,,,,,,,,,,
mscim_no_kg,val,2024-06-28,56.96616744995117,98.8078384399414,0.40520602464675903,0.312974214553833,-24.492000579833984,0.059819936752319336,0.0,0.0,0.0,0.5074795484542847,0.49939337372779846,0.49533456563949585,0.0,1.0,0.41054680943489075,,,,,,,,,,,,,,,
mscim_no_kg,val,2024-07-05,64.76266479492188,67.37554168701172,0.38378670811653137,0.3771733045578003,12.599830627441406,-0.03610140085220337,1.0,1.0,1.0,0.5101268291473389,0.5025076866149902,0.4972442388534546,0.0,1.0,0.4570613205432892,,,,,,,,,,,,,,,
mscim_no_kg,val,2024-07-12,91.74674987792969,109.51350402832031,0.3254283666610718,0.2956797480583191,-6.923248291015625,0.012219548225402832,0.0,0.0,0.0,0.5082671046257019,0.5034632682800293,0.497959703207016,0.0,1.0,0.5025640726089478,,,,,,,,,,,,,,,
mscim_no_kg,val,2024-07-19,54.82316589355469,67.4966049194336,0.4116000533103943,0.37687307596206665,3.0498313903808594,-0.009536206722259521,0.0,0.0,0.0,0.5102182626724243,0.4998440146446228,0.4954264461994171,0.0,1.0,0.4512708783149719,,,,,,,,,,,,,,,
mscim_no_kg,val,2024-07-26,141.0395050048828,148.0016326904297,0.2530818283557892,0.24495965242385864,7.258331298828125,-0.008903056383132935,0.0,0.0,0.0,0.509626030921936,0.5006625056266785,0.4923258423805237,0.0,1.0,0.40183013677597046,,,,,,,,,,,,,,,
mscim_no_kg,val,2024-08-02,92.82499694824219,93.6754379272461,0.3234664797782898,0.32193487882614136,19.374832153320312,-0.039259910583496094,1.0,1.0,1.0,0.5077284574508667,0.4904184639453888,0.49310165643692017,0.0,1.0,0.3435748219490051,,,,,,,,,,,,,,,
mscim_no_kg,val,2024-08-09,130.64474487304688,133.0559539794922,0.26598137617111206,0.2629006505012512,18.462142944335938,-0.025647729635238647,0.0,0.0,0.0,0.50388503074646,0.48989710211753845,0.48903894424438477,1.0,1.0,0.3127304017543793,,,,,,,,,,,,,,,
mscim_no_kg,val,2024-08-11,94.27950286865234,130.64988708496094,0.32085537910461426,0.2659747004508972,-16.00749969482422,0.026359468698501587,0.0,0.0,0.0,0.5019189715385437,0.48770731687545776,0.4915071725845337,0.0,1.0,0.3188812732696533,,,,,,,,,,,,,,,
mscim_no_kg,val,2024-08-12,72.24140167236328,115.07601928710938,0.36550480127334595,0.2873445153236389,-22.038101196289062,0.04464942216873169,0.0,0.0,0.0,0.5030039548873901,0.48914602398872375,0.49268391728401184,0.0,1.0,0.33017873764038086,,,,,,,,,,,,,,,
mscim_no_kg,val,2024-08-13,50.115665435791016,92.9534912109375,0.426553338766098,0.3232341408729553,-22.125736236572266,0.061048537492752075,0.0,0.0,0.0,0.503993034362793,0.48912081122398376,0.49494943022727966,1.0,1.0,0.3352169692516327,,,,,,,,,,,,,,,
mscim_no_kg,val,2024-08-14,41.341331481933594,69.47123718261719,0.4585190713405609,0.37204909324645996,-8.774333953857422,0.03196573257446289,0.0,0.0,0.0,0.5050592422485352,0.487085223197937,0.49481403827667236,1.0,1.0,0.338137149810791,,,,,,,,,,,,,,,
mscim_no_kg,val,2024-08-15,44.02316665649414,59.792198181152344,0.44809505343437195,0.39712631702423096,2.681835174560547,-0.010424017906188965,0.0,0.0,0.0,0.5061493515968323,0.4857421815395355,0.49279311299324036,1.0,1.0,0.33142566680908203,,,,,,,,,,,,,,,
mscim_no_kg,val,2024-08-16,48.2244987487793,62.81806945800781,0.43295228481292725,0.3888814449310303,4.201332092285156,-0.015142768621444702,0.0,0.0,0.0,0.5053229331970215,0.4868920147418976,0.4919300079345703,0.0,1.0,0.33413541316986084,,,,,,,,,,,,,,,
mscim_no_kg,test,2024-09-07,93.95316314697266,108.25859069824219,0.3214377164840698,0.29761815071105957,5.602996826171875,-0.010323405265808105,0.0,0.0,0.0,0.5019389390945435,0.49116936326026917,0.4931813180446625,0.0,1.0,0.3653301000595093,,,,,,,,,,,,,,,
mscim_no_kg,test,2024-09-08,102.64383697509766,113.87104797363281,0.30657291412353516,0.28911566734313965,8.690673828125,-0.014864802360534668,0.0,0.0,0.0,0.49985525012016296,0.48998889327049255,0.49400022625923157,0.0,1.0,0.36350274085998535,,,,,,,,,,,,,,,
mscim_no_kg,test,2024-09-09,107.69249725341797,122.00926208496094,0.2984999120235443,0.27749741077423096,5.0486602783203125,-0.008073002099990845,0.0,0.0,0.0,0.5009561777114868,0.4893127679824829,0.4941924214363098,0.0,1.0,0.36753490567207336,,,,,,,,,,,,,,,
mscim_no_kg,test,2024-09-10,88.54666900634766,126.58466339111328,0.3313882350921631,0.2712985873222351,-19.145828247070312,0.032888323068618774,0.0,0.0,0.0,0.5007343888282776,0.4869092106819153,0.4951653480529785,0.0,1.0,0.36313173174858093,,,,,,,,,,,,,,,
mscim_no_kg,test,2024-09-11,75.02999877929688,107.50602722167969,0.359162300825119,0.2987913489341736,-13.516670227050781,0.027774065732955933,0.0,0.0,0.0,0.500500500202179,0.48849499225616455,0.4966249465942383,0.0,1.0,0.382769376039505,,,,,,,,,,,,,,,
mscim_no_kg,test,2024-09-12,55.55416488647461,94.67845916748047,0.4093917906284332,0.3201461434364319,-19.475833892822266,0.05022948980331421,0.0,0.0,0.0,0.502862274646759,0.485044002532959,0.49395182728767395,0.0,1.0,0.36939167976379395,,,,,,,,,,,,,,,
mscim_no_kg,test,2024-09-13,53.781166076660156,74.6570053100586,0.4147982597351074,0.359997034072876,-1.7729988098144531,0.005406469106674194,0.0,0.0,0.0,0.5034576058387756,0.4840700030326843,0.49381858110427856,0.0,1.0,0.3626030385494232,,,,,,,,,,,,,,,
mscim_no_kg,test,2024-09-14,54.09400177001953,72.90695190429688,0.4138317406177521,0.3639693856239319,0.312835693359375,-0.0009665191173553467,0.0,0.0,0.0,0.5024032592773438,0.48775389790534973,0.4924127757549286,0.0,1.0,0.35262665152549744,,,,,,,,,,,,,,,
mscim_no_kg,test,2024-09-15,55.83416748046875,73.34020233154297,0.40855351090431213,0.3629772663116455,1.7401657104492188,-0.005278229713439941,0.0,0.0,0.0,0.5027109980583191,0.4864184856414795,0.4936540424823761,0.0,1.0,0.3502511978149414,,,,,,,,,,,,,,,
mscim_no_kg,test,2024-09-16,48.1952018737793,75.11390686035156,0.4330533444881439,0.35897505283355713,-7.638965606689453,0.024499833583831787,0.0,0.0,0.0,0.5047590136528015,0.48553356528282166,0.49636897444725037,0.0,1.0,0.3530736267566681,,,,,,,,,,,,,,,
mscim_no_kg,test,2024-09-17,116.66533660888672,66.33171844482422,0.28503626585006714,0.3797844648361206,68.47013854980469,-0.14801707863807678,1.0,1.0,1.0,0.5031080842018127,0.48821985721588135,0.4967241585254669,0.0,1.0,0.379153311252594,,,,,,,,,,,,,,,
mscim_no_kg,test,2024-09-18,176.28433227539062,134.20680236816406,0.2154601365327835,0.2614496946334839,59.618995666503906,-0.06957612931728363,1.0,1.0,1.0,0.5066845417022705,0.48407337069511414,0.49429112672805786,0.0,1.0,0.36625298857688904,,,,,,,,,,,,,,,
mscim_no_kg,test,2024-09-19,190.49400329589844,184.406005859375,0.20237329602241516,0.2078571319580078,14.209671020507812,-0.013086840510368347,0.0,0.0,0.0,0.5044674277305603,0.48670342564582825,0.4974196255207062,0.0,1.0,0.3938215374946594,,,,,,,,,,,,,,,
mscim_no_kg,test,2024-09-20,231.56016540527344,194.78201293945312,0.1693950593471527,0.19861441850662231,41.066162109375,-0.03297823667526245,1.0,1.0,1.0,0.5019314885139465,0.48907166719436646,0.49874550104141235,0.0,1.0,0.40410590171813965,,,,,,,,,,,,,,,
mscim_no_kg,test,2024-09-21,150.12083435058594,226.0956268310547,0.24256257712841034,0.17343097925186157,-81.4393310546875,0.07316751778125763,0.0,0.0,0.0,0.502787172794342,0.4921897351741791,0.4996165633201599,1.0,1.0,0.4233635365962982,,,,,,,,,,,,,,,
mscim_no_kg,test,2024-09-22,135.26283264160156,159.78277587890625,0.2601291537284851,0.2320433259010315,-14.858001708984375,0.017566576600074768,0.0,0.0,0.0,0.5042986869812012,0.488757461309433,0.500844419002533,1.0,1.0,0.4237278699874878,,,,,,,,,,,,,,,
mscim_no_kg,test,2024-09-23,123.44149780273438,145.7759552001953,0.2755325734615326,0.24751412868499756,-11.821334838867188,0.015403419733047485,0.0,0.0,0.0,0.5018851161003113,0.4905446469783783,0.5016732811927795,1.0,1.0,0.4412803053855896,,,,,,,,,,,,,,,
mscim_no_kg,test,2024-10-18,245.25950622558594,203.12942504882812,0.15967996418476105,0.1915276050567627,54.393341064453125,-0.042363762855529785,1.0,1.0,1.0,0.49740535020828247,0.4811418354511261,0.5011182427406311,0.0,1.0,0.3117830455303192,,,,,,,,,,,,,,,
mscim_no_kg,test,2024-10-19,296.135009765625,248.47901916503906,0.12780362367630005,0.15747523307800293,50.87550354003906,-0.031876340508461,1.0,1.0,1.0,0.49758538603782654,0.47926291823387146,0.5037823915481567,0.0,1.0,0.3001523017883301,,,,,,,,,,,,,,,
mscim_no_kg,test,2024-10-20,265.0311584472656,290.98876953125,0.14657174050807953,0.13076907396316528,-31.103851318359375,0.01876811683177948,0.0,0.0,0.0,0.4967915713787079,0.4793931841850281,0.5032947063446045,0.0,1.0,0.2913016974925995,,,,,,,,,,,,,,,
mscim_no_kg,test,2024-10-21,223.7191619873047,265.6662902832031,0.17521655559539795,0.14616698026657104,-41.31199645996094,0.02864481508731842,0.0,0.0,0.0,0.49557173252105713,0.4804150462150574,0.5037125945091248,0.0,1.0,0.2899693548679352,,,,,,,,,,,,,,,
mscim_no_kg,test,2024-10-22,199.46200561523438,232.02308654785156,0.19460482895374298,0.16905748844146729,-24.257156372070312,0.019388273358345032,0.0,0.0,0.0,0.49513575434684753,0.48126715421676636,0.5034918189048767,0.0,1.0,0.2897433638572693,,,,,,,,,,,,,,,
mscim_no_kg,test,2024-10-23,131.52149963378906,212.35623168945312,0.26485469937324524,0.18402379751205444,-67.94050598144531,0.07024987041950226,0.0,0.0,0.0,0.4949297606945038,0.47918781638145447,0.5020313858985901,0.0,1.0,0.27977800369262695,,,,,,,,,,,,,,,
mscim_no_kg,test,2024-10-24,92.78983306884766,152.771484375,0.3235301077365875,0.2396112084388733,-38.731666564941406,0.058675408363342285,0.0,0.0,0.0,0.4923393130302429,0.4797382950782776,0.49924957752227783,0.0,1.0,0.2718661427497864,,,,,,,,,,,,,,,
mscim_no_kg,test,2024-10-25,64.95050048828125,115.45072937011719,0.38330259919166565,0.2867974638938904,-27.839332580566406,0.059772491455078125,0.0,0.0,0.0,0.49290481209754944,0.4772559702396393,0.49956682324409485,0.0,1.0,0.2651348114013672,,,,,,,,,,,,,,,
mscim_no_kg,test,2024-10-26,58.926334381103516,86.45343780517578,0.39956122636795044,0.3354030251502991,-6.024166107177734,0.01625862717628479,0.0,0.0,0.0,0.49326130747795105,0.4802541434764862,0.5038460493087769,0.0,1.0,0.26997438073158264,,,,,,,,,,,,,,,
mscim_no_kg,test,2024-10-27,56.665164947509766,79.89825439453125,0.406089723110199,0.34862780570983887,-2.26116943359375,0.006528496742248535,0.0,0.0,0.0,0.4947241544723511,0.48095977306365967,0.5029705762863159,0.0,1.0,0.28955718874931335,,,,,,,,,,,,,,,
mscim_no_kg,test,2024-10-28,58.47999954223633,77.39103698730469,0.40083014965057373,0.3539714813232422,1.8148345947265625,-0.005259573459625244,0.0,0.0,0.0,0.4970807135105133,0.48047778010368347,0.5073537230491638,0.0,1.0,0.2873327434062958,,,,,,,,,,,,,,,
mscim_no_kg,test,2024-10-29,73.51300048828125,79.69983673095703,0.362583190202713,0.3490446209907532,15.033000946044922,-0.03824695944786072,1.0,1.0,1.0,0.4984540045261383,0.4797472059726715,0.5038390755653381,0.0,1.0,0.2754654586315155,,,,,,,,,,,,,,,
mscim_no_kg,test,2024-10-30,97.34549713134766,95.96664428710938,0.3154795169830322,0.31787610054016113,23.832496643066406,-0.047103673219680786,1.0,1.0,1.0,0.49906089901924133,0.48017263412475586,0.5009949207305908,0.0,1.0,0.26389384269714355,,,,,,,,,,,,,,,
mscim_no_kg,test,2024-10-31,113.06800079345703,120.05333709716797,0.2903064787387848,0.2802180051803589,15.722503662109375,-0.025173038244247437,0.0,0.0,0.0,0.4936392903327942,0.4781629741191864,0.5075628757476807,0.0,1.0,0.2596784830093384,,,,,,,,,,,,,,,
mscim_no_kg,test,2024-11-01,134.73974609375,133.82984924316406,0.2607819736003876,0.26192355155944824,21.67174530029297,-0.029524505138397217,1.0,1.0,1.0,0.4962664246559143,0.48256149888038635,0.5053560733795166,0.0,1.0,0.29677051305770874,,,,,,,,,,,,,,,
mscim_no_kg,test,2024-11-02,57.730499267578125,152.8688201904297,0.40298256278038025,0.23950380086898804,-77.00924682617188,0.14220058917999268,0.0,0.0,0.0,0.49765169620513916,0.4850234091281891,0.5072659254074097,0.0,1.0,0.31315964460372925,,,,,,,,,,,,,,,
mscim_no_kg,test,2024-11-03,55.44150161743164,78.20782470703125,0.40973028540611267,0.352212131023407,-2.2889976501464844,0.006747722625732422,0.0,0.0,0.0,0.49998342990875244,0.4823704957962036,0.5057085752487183,0.0,1.0,0.29837802052497864,,,,,,,,,,,,,,,
mscim_no_kg,test,2024-11-04,58.58300018310547,74.75894927978516,0.4005364775657654,0.35976845026016235,3.141498565673828,-0.00919380784034729,0.0,0.0,0.0,0.49516651034355164,0.4878052771091461,0.5065483450889587,0.0,1.0,0.3381426930427551,,,,,,,,,,,,,,,
mscim_no_kg,test,2024-11-05,70.3145980834961,78.10466766357422,0.37002989649772644,0.35243332386016846,11.731597900390625,-0.03050658106803894,1.0,1.0,1.0,0.4941205680370331,0.4886534810066223,0.5069614052772522,0.0,1.0,0.33514583110809326,,,,,,,,,,,,,,,
mscim_no_kg,test,2024-11-06,90.01166534423828,90.365966796875,0.3286338150501251,0.3279743194580078,19.697067260742188,-0.04139608144760132,1.0,1.0,1.0,0.4937422573566437,0.48887836933135986,0.505602240562439,0.0,1.0,0.34335407614707947,,,,,,,,,,,,,,,
mscim_no_kg,test,2024-11-07,83.07050323486328,110.09596252441406,0.34209921956062317,0.29478752613067627,-6.941162109375,0.013465404510498047,0.0,0.0,0.0,0.49101659655570984,0.48611611127853394,0.5069910883903503,0.0,1.0,0.34516799449920654,,,,,,,,,,,,,,,
mscim_no_kg,test,2024-11-08,68.03433227539062,103.77561950683594,0.37554579973220825,0.3047294616699219,-15.036170959472656,0.03344658017158508,0.0,0.0,0.0,0.4936009645462036,0.48229849338531494,0.5046672821044922,0.0,1.0,0.3160015046596527,,,,,,,,,,,,,,,
mscim_no_kg,test,2024-11-09,51.39619827270508,87.93234252929688,0.4223535656929016,0.33255666494369507,-16.638134002685547,0.04680776596069336,0.0,0.0,0.0,0.4920196831226349,0.48259127140045166,0.5045589208602905,0.0,1.0,0.31314271688461304,,,,,,,,,,,,,,,
mscim_no_kg,test,2024-11-10,46.75419998168945,70.48239135742188,0.43809938430786133,0.36963099241256714,-4.641998291015625,0.015745818614959717,0.0,0.0,0.0,0.49493852257728577,0.48266157507896423,0.5067520141601562,0.0,1.0,0.30399221181869507,,,,,,,,,,,,,,,
mscim_no_kg,test,2024-11-11,55.27299880981445,65.96054077148438,0.41023775935173035,0.3807227611541748,8.518798828125,-0.02786162495613098,1.0,1.0,1.0,0.49507850408554077,0.4816420376300812,0.5074747800827026,0.0,1.0,0.2867189645767212,,,,,,,,,,,,,,,
mscim_no_kg,test,2024-11-12,60.32416534423828,75.44100189208984,0.39564749598503113,0.35824722051620483,5.051166534423828,-0.014590263366699219,0.0,0.0,0.0,0.494990736246109,0.4807310700416565,0.5053591132164001,0.0,1.0,0.28523287177085876,,,,,,,,,,,,,,,
mscim_no_kg,test,2024-11-13,77.5,81.31787109375,0.3537357449531555,0.34567511081695557,17.17583465576172,-0.04191175103187561,1.0,1.0,1.0,0.4931435286998749,0.4812479615211487,0.5033383369445801,0.0,1.0,0.280844509601593,,,,,,,,,,,,,,,
mscim_no_kg,test,2024-11-14,108.54566955566406,99.1192855834961,0.29717278480529785,0.31244540214538574,31.045669555664062,-0.056562960147857666,1.0,1.0,1.0,0.49252158403396606,0.4797573387622833,0.5033643245697021,0.0,1.0,0.2761981785297394,,,,,,,,,,,,,,,
mscim_no_kg,test,2024-11-15,154.7183380126953,129.32177734375,0.23747578263282776,0.26769572496414185,46.17266845703125,-0.05969700217247009,1.0,1.0,1.0,0.49416062235832214,0.4819318652153015,0.5044469237327576,0.0,1.0,0.28354403376579285,,,,,,,,,,,,,,,
mscim_no_kg,test,2024-11-16,194.50782775878906,172.58265686035156,0.1988523155450821,0.21904170513153076,39.78948974609375,-0.038623467087745667,1.0,1.0,1.0,0.49295955896377563,0.4825608432292938,0.5054451823234558,0.0,1.0,0.2844107449054718,,,,,,,,,,,,,,,
mscim_no_kg,test,2024-11-17,190.64332580566406,207.82199096679688,0.2022409737110138,0.18766987323760986,-3.864501953125,0.0033886581659317017,0.0,0.0,0.0,0.4948594570159912,0.4820984899997711,0.5034657120704651,0.0,1.0,0.2783752679824829,,,,,,,,,,,,,,,
mscim_no_kg,test,2024-11-18,165.2895965576172,205.27835083007812,0.22632724046707153,0.189750075340271,-25.353729248046875,0.02408626675605774,0.0,0.0,0.0,0.4935879409313202,0.48144373297691345,0.5010531544685364,0.0,1.0,0.2726651728153229,,,,,,,,,,,,,,,
mscim_no_kg,test,2024-11-19,180.87783813476562,183.52894592285156,0.21111825108528137,0.2086619734764099,15.588241577148438,-0.015208989381790161,0.0,0.0,0.0,0.49165576696395874,0.4817197024822235,0.4997531771659851,0.0,1.0,0.26822468638420105,,,,,,,,,,,,,,,
mscim_no_kg,test,2024-11-20,157.04266357421875,196.4836883544922,0.23496094346046448,0.1971455216407776,-23.835174560546875,0.023842692375183105,0.0,0.0,0.0,0.48750755190849304,0.48145538568496704,0.4995437264442444,0.0,1.0,0.26175522804260254,,,,,,,,,,,,,,,
mscim_no_kg,test,2024-11-21,159.2792510986328,175.55123901367188,0.23257572948932648,0.21616345643997192,2.2365875244140625,-0.0023852139711380005,0.0,0.0,0.0,0.48670393228530884,0.48291152715682983,0.5009573698043823,0.0,1.0,0.2550469934940338,,,,,,,,,,,,,,,
mscim_no_kg,test,2024-11-22,96.08450317382812,178.1713409423828,0.31766995787620544,0.2136629819869995,-63.19474792480469,0.08509422838687897,0.0,0.0,0.0,0.48669975996017456,0.4801517426967621,0.49996310472488403,0.0,1.0,0.2445467710494995,,,,,,,,,,,,,,,
mscim_no_kg,test,2024-11-23,66.27283477783203,119.3651123046875,0.3799329996109009,0.28118574619293213,-29.811668395996094,0.062263041734695435,0.0,0.0,0.0,0.4857494831085205,0.4786195456981659,0.49829670786857605,0.0,1.0,0.23364631831645966,,,,,,,,,,,,,,,
mscim_no_kg,test,2024-11-24,55.54033279418945,89.06388854980469,0.4094333350658417,0.3304106593132019,-10.732501983642578,0.029500335454940796,0.0,0.0,0.0,0.48471736907958984,0.47868412733078003,0.4990260601043701,0.0,1.0,0.22552821040153503,,,,,,,,,,,,,,,
mscim_no_kg,test,2024-11-25,51.41699981689453,77.4090576171875,0.4222862124443054,0.3539324998855591,-4.123332977294922,0.012852877378463745,0.0,0.0,0.0,0.4855060279369354,0.4778967797756195,0.4977501332759857,0.0,1.0,0.21862532198429108,,,,,,,,,,,,,,,
mscim_no_kg,test,2024-11-26,81.43599700927734,72.67138671875,0.34543171525001526,0.36451125144958496,30.018997192382812,-0.07685449719429016,1.0,1.0,1.0,0.48768118023872375,0.4791257381439209,0.4979008734226227,0.0,1.0,0.20442841947078705,,,,,,,,,,,,,,,
mscim_no_kg,test,2024-11-27,83.51333618164062,105.0287857055664,0.34120750427246094,0.3027113676071167,2.0773391723632812,-0.004224210977554321,0.0,0.0,0.0,0.48811012506484985,0.47687870264053345,0.4952584207057953,0.0,1.0,0.2040134221315384,,,,,,,,,,,,,,,
mscim_no_kg,test,2024-11-28,89.02716827392578,106.95289611816406,0.3304798901081085,0.2996588349342346,5.513832092285156,-0.010727614164352417,0.0,0.0,0.0,0.48810961842536926,0.47700434923171997,0.4937240183353424,0.0,1.0,0.19662025570869446,,,,,,,,,,,,,,,
mscim_no_kg,test,2024-11-29,116.90283203125,112.33290100097656,0.28469398617744446,0.2914038300514221,27.87566375732422,-0.04578590393066406,1.0,1.0,1.0,0.4875636100769043,0.4771243631839752,0.4941696524620056,0.0,1.0,0.19001077115535736,,,,,,,,,,,,,,,
mscim_no_kg,test,2024-11-30,136.15066528320312,139.59793090820312,0.25902679562568665,0.2548132538795471,19.247833251953125,-0.025667190551757812,0.0,0.0,0.0,0.4862315058708191,0.47737938165664673,0.4931020140647888,0.0,1.0,0.1925976723432541,,,,,,,,,,,,,,,
mscim_no_kg,test,2024-12-01,149.07850646972656,157.67562866210938,0.2437373548746109,0.2342824935913086,12.927841186523438,-0.015289440751075745,0.0,0.0,0.0,0.4862515330314636,0.47970473766326904,0.4925578534603119,0.0,1.0,0.19228164851665497,,,,,,,,,,,,,,,
mscim_no_kg,test,2024-12-02,180.03782653808594,169.6366424560547,0.21190398931503296,0.22194713354110718,30.959320068359375,-0.03183336555957794,1.0,1.0,1.0,0.48615631461143494,0.47910448908805847,0.49112606048583984,0.0,1.0,0.1915750950574875,,,,,,,,,,,,,,,
mscim_no_kg,test,2024-12-03,198.78750610351562,196.82891845703125,0.195176899433136,0.1968490481376648,18.749679565429688,-0.016727089881896973,0.0,0.0,0.0,0.4857296943664551,0.48076942563056946,0.4918387532234192,0.0,1.0,0.18271924555301666,,,,,,,,,,,,,,,
mscim_no_kg,test,2024-12-04,174.9654998779297,213.2353057861328,0.21672752499580383,0.1833258867263794,-23.822006225585938,0.021550625562667847,0.0,0.0,0.0,0.4853755533695221,0.47862708568573,0.4917505979537964,0.0,1.0,0.1852518618106842,,,,,,,,,,,,,,,
mscim_no_kg,test,2024-12-05,165.18482971191406,192.3386688232422,0.22643421590328217,0.2007460594177246,-9.780670166015625,0.009706690907478333,0.0,0.0,0.0,0.4848715662956238,0.47892725467681885,0.4906485378742218,0.0,1.0,0.18359306454658508,,,,,,,,,,,,,,,
mscim_no_kg,test,2024-12-06,137.61050415039062,183.16476440429688,0.25722968578338623,0.20899730920791626,-27.574325561523438,0.030795469880104065,0.0,0.0,0.0,0.4838326871395111,0.4819358289241791,0.4912719428539276,0.0,1.0,0.17693328857421875,,,,,,,,,,,,,,,
mscim_no_kg,test,2024-12-07,131.4774932861328,158.2472381591797,0.26491105556488037,0.2336721420288086,-6.1330108642578125,0.007681369781494141,0.0,0.0,0.0,0.483281672000885,0.4814445972442627,0.4901945888996124,0.0,1.0,0.1756868213415146,,,,,,,,,,,,,,,
mscim_no_kg,test,2024-12-08,107.16200256347656,152.0888214111328,0.29933035373687744,0.24036645889282227,-24.31549072265625,0.03441929817199707,0.0,0.0,0.0,0.4838545620441437,0.4790193438529968,0.4893593192100525,0.0,1.0,0.17280589044094086,,,,,,,,,,,,,,,
mscim_no_kg,test,2024-12-09,90.2308349609375,129.2795867919922,0.3282255530357361,0.26775068044662476,-16.931167602539062,0.028895199298858643,0.0,0.0,0.0,0.4815483093261719,0.4808986783027649,0.4887652099132538,0.0,1.0,0.17347504198551178,,,,,,,,,,,,,,,
mscim_no_kg,test,2024-12-10,79.02449798583984,112.37684631347656,0.35047104954719543,0.2913380265235901,-11.206336975097656,0.02224549651145935,0.0,0.0,0.0,0.48241469264030457,0.48015832901000977,0.4866868257522583,0.0,1.0,0.17638958990573883,,,,,,,,,,,,,,,
mscim_no_kg,test,2024-12-11,68.08466339111328,100.87960052490234,0.37542209029197693,0.3094870448112488,-10.939834594726562,0.024951040744781494,0.0,0.0,0.0,0.4834967255592346,0.4816835820674896,0.48939356207847595,0.0,1.0,0.17544414103031158,,,,,,,,,,,,,,,
mscim_no_kg,test,2024-12-12,71.43866729736328,89.97882080078125,0.36737537384033203,0.32869505882263184,3.35400390625,-0.008046716451644897,0.0,0.0,0.0,0.4845581650733948,0.4806603193283081,0.4906436502933502,0.0,1.0,0.17207437753677368,,,,,,,,,,,,,,,
mscim_no_kg,test,2024-12-13,77.18299865722656,93.23274993896484,0.35442256927490234,0.3227304220199585,5.744331359863281,-0.012952804565429688,0.0,0.0,0.0,0.4844561517238617,0.48158302903175354,0.4883282482624054,0.0,1.0,0.17200368642807007,,,,,,,,,,,,,,,
mscim_no_kg,test,2024-12-14,87.8028335571289,99.17334747314453,0.3328040540218353,0.31235378980636597,10.619834899902344,-0.021618515253067017,0.0,0.0,0.0,0.48449453711509705,0.4808764159679413,0.4885311722755432,0.0,1.0,0.16882416605949402,,,,,,,,,,,,,,,
mscim_no_kg,test,2024-12-15,93.36699676513672,110.03157043457031,0.32248878479003906,0.29488593339920044,5.5641632080078125,-0.010315269231796265,0.0,0.0,0.0,0.48397505283355713,0.48071447014808655,0.4873307943344116,0.0,1.0,0.17125268280506134,,,,,,,,,,,,,,,
mscim_no_kg,test,2024-12-16,91.2248306274414,115.51332092285156,0.3263862431049347,0.28670620918273926,-2.1421661376953125,0.00389745831489563,0.0,0.0,0.0,0.4839108884334564,0.48339569568634033,0.48668721318244934,0.0,1.0,0.17172771692276,,,,,,,,,,,,,,,
mscim_no_kg,test,2024-12-17,101.2701644897461,113.36293029785156,0.30883756279945374,0.28986817598342896,10.045333862304688,-0.017548680305480957,0.0,0.0,0.0,0.4823387563228607,0.48349425196647644,0.4839581251144409,0.0,1.0,0.17339369654655457,,,,,,,,,,,,,,,
mscim_no_kg,test,2024-12-18,110.45600128173828,123.2813491821289,0.2942383587360382,0.27575111389160156,9.185836791992188,-0.014599204063415527,0.0,0.0,0.0,0.4816836714744568,0.484122633934021,0.4853114187717438,0.0,1.0,0.17081744968891144,,,,,,,,,,,,,,,
mscim_no_kg,test,2024-12-19,114.97799682617188,131.992431640625,0.2874878942966461,0.26425260305404663,4.521995544433594,-0.00675046443939209,0.0,0.0,0.0,0.4824535548686981,0.4844490885734558,0.4851627051830292,0.0,1.0,0.16757456958293915,,,,,,,,,,,,,,,
mscim_no_kg,test,2024-12-20,115.27100372314453,135.96852111816406,0.28705963492393494,0.2592523694038391,0.29300689697265625,-0.00042825937271118164,0.0,0.0,0.0,0.4812575578689575,0.48512956500053406,0.48470595479011536,0.0,1.0,0.1680040806531906,,,,,,,,,,,,,,,
mscim_no_kg,test,2024-12-21,102.09300231933594,135.79745483398438,0.3074774146080017,0.2594645023345947,-13.178001403808594,0.020417779684066772,0.0,0.0,0.0,0.48116934299468994,0.48586517572402954,0.48467952013015747,0.0,1.0,0.166803240776062,,,,,,,,,,,,,,,
mscim_no_kg,test,2024-12-22,89.32866668701172,123.36682891845703,0.329912394285202,0.27563440799713135,-12.764335632324219,0.022434979677200317,0.0,0.0,0.0,0.480461061000824,0.4841855764389038,0.4846777021884918,0.0,1.0,0.16537775099277496,,,,,,,,,,,,,,,
mscim_no_kg,test,2024-12-23,78.94550323486328,110.7120132446289,0.3506386876106262,0.2938488721847534,-10.383163452148438,0.020726293325424194,0.0,0.0,0.0,0.4803115129470825,0.48344966769218445,0.48492100834846497,0.0,1.0,0.16498257219791412,,,,,,,,,,,,,,,
mscim_no_kg,test,2024-12-24,74.2873306274414,100.07804107666016,0.3608284294605255,0.31082773208618164,-4.658172607421875,0.010189741849899292,0.0,0.0,0.0,0.47966018319129944,0.48452284932136536,0.4853556752204895,0.0,1.0,0.16580985486507416,,,,,,,,,,,,,,,
mscim_no_kg,test,2024-12-25,67.9352035522461,95.14338684082031,0.37578970193862915,0.3193233013153076,-6.3521270751953125,0.014961272478103638,0.0,0.0,0.0,0.4788123667240143,0.4861472547054291,0.4843493402004242,0.0,1.0,0.16382691264152527,,,,,,,,,,,,,,,
mscim_no_kg,test,2024-12-26,167.7779998779297,88.86629486083984,0.22380609810352325,0.3307834267616272,99.8427963256836,-0.1519836038351059,1.0,1.0,1.0,0.4802556335926056,0.4845712184906006,0.4857063293457031,0.0,1.0,0.1661602407693863,,,,,,,,,,,,,,,
mscim_no_kg,test,2024-12-27,64.22650146484375,181.9586181640625,0.38517624139785767,0.2101125717163086,-103.55149841308594,0.1613701432943344,0.0,0.0,0.0,0.48001226782798767,0.48588159680366516,0.4849271774291992,0.0,1.0,0.16241122782230377,,,,,,,,,,,,,,,
mscim_no_kg,test,2024-12-28,74.37666320800781,84.9778823852539,0.360627144575119,0.3382912874221802,10.150161743164062,-0.024549096822738647,0.0,0.0,0.0,0.4800679087638855,0.48358121514320374,0.484168142080307,0.0,1.0,0.16553029417991638,,,,,,,,,,,,,,,
mscim_no_kg,test,2024-12-29,85.7941665649414,95.4786376953125,0.33668744564056396,0.31873250007629395,11.417503356933594,-0.023939698934555054,0.0,0.0,0.0,0.480448842048645,0.4842607080936432,0.4840264320373535,0.0,1.0,0.16571223735809326,,,,,,,,,,,,,,,
mscim_no_kg,test,2024-12-30,99.94066619873047,106.78018188476562,0.31105858087539673,0.2999305725097656,14.146499633789062,-0.025628864765167236,0.0,0.0,0.0,0.4827173352241516,0.48564183712005615,0.48305362462997437,0.0,1.0,0.16678474843502045,,,,,,,,,,,,,,,
mscim_no_kg,test,2024-12-31,119.64679718017578,120.8493423461914,0.28078901767730713,0.279105544090271,19.706130981445312,-0.0302695631980896,1.0,1.0,1.0,0.4830152988433838,0.4857305884361267,0.48456573486328125,0.0,1.0,0.16604101657867432,,,,,,,,,,,,,,,
cmfbe_stgcn,train,2023-02-08,258.0361633300781,247.03286743164062,0.1510944664478302,0.1584620475769043,14.073989868164062,-0.009482055902481079,0.0,0.0,0.0,0.1874943971633911,0.18216538429260254,0.1998894363641739,0.0,1.0,0.20556947588920593,257.4453125,0.15148204565048218,0.7714368104934692,0.8298304677009583,0.2619146406650543,0.1003473699092865,0.12953510880470276,0.2758552134037018,0.003836508374661207,0.1976894587278366,0.16524775326251984,0.09305675327777863,0.5095741748809814,0.4559939503669739,0.05358022451400757
cmfbe_stgcn,train,2023-06-07,130.37049865722656,145.75173950195312,0.2663353383541107,0.247542142868042,-21.105331420898438,0.02528788149356842,0.0,0.0,0.0,0.14807869493961334,0.13851144909858704,0.14588965475559235,0.0,1.0,0.35002246499061584,196.14291381835938,0.19743865728378296,0.7721449732780457,0.8148462772369385,0.2298598736524582,0.0978042483329773,0.24408495426177979,0.2729749083518982,0.031678419560194016,0.1901027262210846,0.18044251203536987,0.019074821844697,0.6465425491333008,0.3896200656890869,0.25692248344421387
cmfbe_stgcn,train,2024-02-08,59.57416534423828,47.946189880371094,0.39773616194725037,0.4339146614074707,9.532665252685547,-0.029063642024993896,1.0,1.0,1.0,0.1556784212589264,0.17027489840984344,0.15803855657577515,1.0,1.0,0.5544525980949402,37.33061218261719,0.47541022300720215,0.7776861190795898,1.0519896745681763,0.3649821877479553,0.08710070699453354,0.1658330261707306,0.3054724335670471,0.00017659405420999974,0.187652587890625,0.5783405303955078,0.07898001372814178,0.5585827827453613,0.8449731469154358,-0.28639036417007446
cmfbe_stgcn,train,2023-08-09,102.1336669921875,136.0805206298828,0.30741047859191895,0.259113609790802,-59.408172607421875,0.07721404731273651,0.0,0.0,0.0,0.10726086795330048,0.11019027978181839,0.10076159983873367,1.0,1.0,0.6754311919212341,191.6243133544922,0.201374351978302,0.7687625885009766,0.9201487302780151,0.30075687170028687,0.10349811613559723,0.15584848821163177,0.2780793309211731,0.001448052003979683,0.1994895339012146,0.1585276573896408,0.011050126515328884,0.5388739705085754,0.36906734108924866,0.16980662941932678
cmfbe_stgcn,train,2023-08-30,140.40066528320312,108.25328063964844,0.2538469433784485,0.29762643575668335,34.78966522216797,-0.04793497920036316,1.0,1.0,1.0,0.15717026591300964,0.1679166853427887,0.16247765719890594,1.0,1.0,0.7038198709487915,137.04212951660156,0.2579271197319031,0.7750025987625122,0.9504038691520691,0.28695544600486755,0.08189590275287628,0.43540218472480774,0.2823791205883026,0.0009681544033810496,0.18600574135780334,0.3488490581512451,0.0074183642864227295,0.8006454110145569,0.5422731637954712,0.2583722472190857
cmfbe_stgcn,train,2023-05-24,99.65399932861328,91.28250885009766,0.3115413188934326,0.3262801170349121,0.5423355102539062,-0.0009170174598693848,0.0,0.0,0.0,0.1454225480556488,0.1338770091533661,0.13752706348896027,1.0,1.0,0.5522477626800537,218.4639892578125,0.17923301458358765,0.7674210667610168,0.9578832983970642,0.29169759154319763,0.10275644063949585,0.8908118009567261,0.29711565375328064,0.02166188322007656,0.18839013576507568,0.31050577759742737,0.02854778990149498,1.3123457431793213,0.5274437069892883,0.784902036190033
cmfbe_stgcn,train,2024-03-15,145.7271728515625,143.99453735351562,0.24757058918476105,0.249586820602417,-14.64898681640625,0.016152530908584595,0.0,0.0,0.0,0.09947411715984344,0.1079193502664566,0.10349975526332855,1.0,1.0,0.4319511950016022,151.6818084716797,0.2408183217048645,0.7761272192001343,0.9458457231521606,0.29367488622665405,0.10291796922683716,0.09304550290107727,0.3005954325199127,0.0030378056690096855,0.20251047611236572,0.27917152643203735,0.07329662889242172,0.4995967149734497,0.554978609085083,-0.0553818941116333
cmfbe_stgcn,train,2024-01-04,88.9403305053711,81.98387145996094,0.3306436836719513,0.3443073630332947,3.5511627197265625,-0.006837636232376099,0.0,0.0,0.0,0.20793431997299194,0.1853533834218979,0.1943245828151703,0.0,1.0,0.16952024400234222,152.6420440673828,0.23975414037704468,0.7703255414962769,1.0351588726043701,0.34355634450912476,0.10705842077732086,0.8893104791641235,0.29660844802856445,0.00029139890102669597,0.19287075102329254,0.41886401176452637,0.1057707890868187,1.2932686805725098,0.7175055146217346,0.5757631659507751
cmfbe_stgcn,train,2023-09-13,121.60116577148438,118.54317474365234,0.27806147933006287,0.2823488116264343,18.876998901367188,-0.02837991714477539,1.0,1.0,1.0,0.2068270593881607,0.21420882642269135,0.21634429693222046,0.0,1.0,0.20714275538921356,124.70868682861328,0.2738128900527954,0.7753520011901855,0.9163303971290588,0.27829647064208984,0.08133354783058167,0.3524687588214874,0.26843559741973877,0.0017928631277754903,0.18751846253871918,0.31306639313697815,0.011213880963623524,0.7040307521820068,0.5117987394332886,0.19223201274871826
cmfbe_stgcn,train,2023-12-07,68.02933502197266,80.03485107421875,0.375558078289032,0.3483414649963379,-5.3379974365234375,0.012642741203308105,0.0,0.0,0.0,0.2298126369714737,0.21136894822120667,0.22295787930488586,0.0,1.0,0.14479149878025055,59.08348846435547,0.3991166949272156,0.7714712619781494,1.081913709640503,0.3731793463230133,0.10957743972539902,0.16244326531887054,0.3052123785018921,0.000994679401628673,0.19518589973449707,0.5152972936630249,0.08102613687515259,0.5782277584075928,0.7915093302726746,-0.2132815718650818
cmfbe_stgcn,train,2022-12-07,263.2138366699219,284.4109802246094,0.14773522317409515,0.1346365213394165,27.788330078125,-0.018861904740333557,0.0,0.0,0.0,0.22215023636817932,0.23029576241970062,0.24242839217185974,0.0,1.0,0.22399482131004333,460.49444580078125,0.05307209491729736,0.7762858271598816,1.0788601636886597,0.3329451382160187,0.1061670109629631,0.8202933669090271,0.31588882207870483,0.00232745916582644,0.19824500381946564,0.31890806555747986,0.05868695676326752,1.2446765899658203,0.5758400559425354,0.6688365340232849
cmfbe_stgcn,train,2022-01-22,84.2066650390625,96.6730728149414,0.3398207128047943,0.31664401292800903,-15.69000244140625,0.028688132762908936,0.0,0.0,0.0,0.253812700510025,0.22577381134033203,0.2398926317691803,0.0,1.0,0.1288549304008484,97.49275207519531,0.3152255415916443,0.7694059014320374,0.8889163732528687,0.2926532030105591,0.10283448547124863,0.14177842438220978,0.27794602513313293,0.0014440915547311306,0.19058959186077118,0.2692594528198242,0.08826830238103867,0.5240030288696289,0.5481173396110535,-0.02411431074142456
cmfbe_stgcn,train,2022-12-28,271.11151123046875,316.2597351074219,0.14273600280284882,0.11668014526367188,-34.76666259765625,0.0204087495803833,0.0,0.0,0.0,0.23947513103485107,0.24236439168453217,0.24464628100395203,0.0,1.0,0.20163846015930176,305.5108337402344,0.12253051996231079,0.774440586566925,0.9718925952911377,0.299080491065979,0.10336056351661682,0.10931043326854706,0.2929190397262573,0.0003810689668171108,0.20820218324661255,0.2106395959854126,0.08832736313343048,0.5059710741043091,0.5071691274642944,-0.0011980533599853516
cmfbe_stgcn,train,2023-02-15,178.843994140625,191.3388671875,0.2130269855260849,0.20162606239318848,-25.30633544921875,0.02234615385532379,0.0,0.0,0.0,0.15375863015651703,0.15001115202903748,0.1471417248249054,1.0,1.0,0.5921574831008911,846.2556762695312,0.0,0.7755683660507202,1.0860947370529175,0.400796502828598,0.111966572701931,1.601169228553772,0.3230728507041931,0.0011456796200945973,0.19135913252830505,0.35909104347229004,0.06864427775144577,2.0373542308807373,0.6190944910049438,1.4182597398757935
cmfbe_stgcn,train,2023-07-26,78.78166961669922,90.62000274658203,0.35098686814308167,0.3275030255317688,-11.641998291015625,0.023119688034057617,0.0,0.0,0.0,0.1637243926525116,0.19254428148269653,0.16396088898181915,1.0,1.0,0.8614653944969177,84.33719635009766,0.339560866355896,0.7761511206626892,1.0228271484375,0.3724798858165741,0.08761394768953323,0.1697521209716797,0.3043137788772583,0.0014096986269578338,0.19298385083675385,0.43607479333877563,0.002924832282587886,0.5630895495414734,0.6319835186004639,-0.06889396905899048
cmfbe_stgcn,train,2023-04-19,161.49366760253906,136.86997985839844,0.23024673759937286,0.25813889503479004,29.518997192382812,-0.034028515219688416,1.0,1.0,1.0,0.3093397617340088,0.28076839447021484,0.2769976258277893,0.0,1.0,0.14237916469573975,133.65194702148438,0.2621476650238037,0.7703379988670349,0.9872641563415527,0.32386353611946106,0.1054086685180664,0.16388557851314545,0.2822926342487335,0.017627719789743423,0.1967623382806778,0.3052579462528229,0.05465974658727646,0.5692145824432373,0.5566800236701965,0.012534558773040771
cmfbe_stgcn,train,2023-03-01,96.70700073242188,136.27203369140625,0.31658509373664856,0.25887662172317505,-45.360992431640625,0.06472787261009216,0.0,0.0,0.0,0.0985623374581337,0.10287532955408096,0.10980476438999176,0.0,1.0,0.38387542963027954,169.48129272460938,0.22210168838500977,0.7736119031906128,1.1198859214782715,0.387465238571167,0.11080837994813919,0.4766269624233246,0.31915467977523804,0.0007325334590859711,0.19183987379074097,0.4709413945674896,0.06923532485961914,0.9073225855827332,0.7320165634155273,0.1753060221672058
cmfbe_stgcn,train,2024-01-18,102.62283325195312,103.6263427734375,0.30660730600357056,0.30497145652770996,-25.288665771484375,0.03706473112106323,0.0,0.0,0.0,0.23648788034915924,0.20394903421401978,0.22867488861083984,0.0,1.0,0.14425818622112274,117.28438568115234,0.2841455936431885,0.7663788199424744,0.9605703353881836,0.3267448842525482,0.08451905846595764,0.1144757866859436,0.2888129651546478,0.001368064433336258,0.19166283309459686,0.2897653579711914,0.09378206729888916,0.4891758859157562,0.5752102732658386,-0.0860343873500824
cmfbe_stgcn,train,2023-06-28,66.42533111572266,70.7002182006836,0.37954866886138916,0.3691145181655884,-9.92266845703125,0.023303568363189697,0.0,0.0,0.0,0.19178380072116852,0.21197116374969482,0.18840226531028748,1.0,1.0,0.8080687522888184,62.27721405029297,0.3903260827064514,0.7733026146888733,1.0899971723556519,0.4105502963066101,0.09025581926107407,0.1895027458667755,0.3214465379714966,0.005028389394283295,0.19276732206344604,0.6113991737365723,0.002856491133570671,0.6062334775924683,0.8070229887962341,-0.20078951120376587
cmfbe_stgcn,train,2023-11-30,148.81517028808594,153.47471618652344,0.24403543770313263,0.23883676528930664,-9.22149658203125,0.01013869047164917,0.0,0.0,0.0,0.18572738766670227,0.17350970208644867,0.17939697206020355,0.0,1.0,0.16423700749874115,144.62005615234375,0.24885612726211548,0.7703364491462708,0.8933351635932922,0.31663089990615845,0.10480772703886032,0.05006564036011696,0.28852954506874084,0.005776114761829376,0.1964455246925354,0.26168522238731384,0.07918184995651245,0.4491790235042572,0.5373126268386841,-0.08813360333442688
cmfbe_stgcn,train,2023-05-03,84.71800231933594,78.0403823852539,0.3388051688671112,0.3525713086128235,5.2505035400390625,-0.010728836059570312,0.0,0.0,0.0,0.3691839575767517,0.33899572491645813,0.31931325793266296,0.0,1.0,0.11549855768680573,70.81481170654297,0.3688434958457947,0.7699118256568909,0.9695078730583191,0.368147075176239,0.0873170793056488,0.15324868261814117,0.2744986414909363,0.01960807479918003,0.18898551166057587,0.39504069089889526,0.06440872699022293,0.5346724987030029,0.6484349370002747,-0.11376243829727173
cmfbe_stgcn,train,2023-10-26,119.80683135986328,123.21451568603516,0.28056401014328003,0.27584242820739746,2.6988296508789062,-0.0038348734378814697,0.0,0.0,0.0,0.15023943781852722,0.15554651618003845,0.1689039021730423,0.0,1.0,0.20969630777835846,105.7938003540039,0.3014911413192749,0.775517463684082,1.030269980430603,0.3019587993621826,0.08287746459245682,0.16809390485286713,0.2951658070087433,0.00272951228544116,0.2017839550971985,0.4140872657299042,0.03369516506791115,0.5488667488098145,0.6495663523674011,-0.10069960355758667
cmfbe_stgcn,train,2023-12-14,137.87283325195312,153.62579345703125,0.2569087743759155,0.23867082595825195,-5.496673583984375,0.006588667631149292,0.0,0.0,0.0,0.23623126745224,0.2194158434867859,0.23878644406795502,0.0,1.0,0.16892699897289276,149.0737762451172,0.2437427043914795,0.771081805229187,0.9061899781227112,0.2713441252708435,0.10110526531934738,0.16687963902950287,0.28642576932907104,0.003882074262946844,0.19154265522956848,0.24504557251930237,0.08295319974422455,0.5582927465438843,0.5195414423942566,0.038751304149627686
cmfbe_stgcn,train,2023-04-05,163.56900024414062,113.6104507446289,0.22809264063835144,0.2895011901855469,67.62439727783203,-0.08982208371162415,1.0,1.0,1.0,0.21158891916275024,0.20048587024211884,0.20795860886573792,0.0,1.0,0.20804278552532196,116.71575927734375,0.2849634885787964,0.7749730348587036,0.9433818459510803,0.3402261734008789,0.10677805542945862,0.34247642755508423,0.274918794631958,0.01706889644265175,0.1862955242395401,0.2980596721172333,0.06275356560945511,0.7412422299385071,0.5471087694168091,0.194133460521698
cmfbe_stgcn,train,2023-03-29,171.98216247558594,212.2555389404297,0.2196298986673355,0.18410390615463257,-75.39849853515625,0.061405688524246216,0.0,0.0,0.0,0.0949658527970314,0.09402263164520264,0.09805742651224136,0.0,1.0,0.3391854465007782,250.88775634765625,0.1558443307876587,0.7708041667938232,1.0794976949691772,0.3796149790287018,0.110130675137043,0.16273529827594757,0.3138798177242279,0.0036938812118023634,0.2043815702199936,0.3211604654788971,0.050876881927251816,0.5904396772384644,0.5764188766479492,0.014020800590515137
cmfbe_stgcn,train,2022-11-30,236.56149291992188,301.06201171875,0.16578352451324463,0.12501215934753418,-69.57467651367188,0.04359891265630722,0.0,0.0,0.0,0.15688814222812653,0.15029054880142212,0.15753857791423798,1.0,1.0,0.7025142312049866,1171.928466796875,0.0,0.7703784704208374,0.6672468185424805,0.24685430526733398,0.07931689918041229,1.4055442810058594,0.1969916820526123,0.014799016527831554,0.1945725381374359,0.11225339770317078,0.0498582199215889,1.696651816368103,0.356684148311615,1.3399677276611328
cmfbe_stgcn,train,2023-01-18,60.85649871826172,90.94395446777344,0.39418044686317444,0.32690393924713135,-21.739501953125,0.05112051963806152,0.0,0.0,0.0,0.1898888498544693,0.1852012425661087,0.19517125189304352,0.0,1.0,0.274927020072937,65.896484375,0.3808852434158325,0.7751926779747009,1.0908187627792358,0.37252411246299744,0.08761698752641678,0.18664559721946716,0.3140210807323456,0.000429336418164894,0.19440077245235443,0.5336751341819763,0.08348631113767624,0.5887129902839661,0.8115622401237488,-0.22284924983978271
cmfbe_stgcn,train,2024-02-01,95.53900146484375,103.443115234375,0.318626344203949,0.30526894330978394,-21.20116424560547,0.03369799256324768,0.0,0.0,0.0,0.11446139216423035,0.10143272578716278,0.11700237542390823,1.0,1.0,0.3453676402568817,128.6986083984375,0.2685093283653259,0.7692602872848511,0.9520717859268188,0.2977656126022339,0.10325276851654053,0.30267244577407837,0.2913740575313568,0.0006448638159781694,0.18830470740795135,0.31744253635406494,0.0954638198018074,0.6979441046714783,0.6012110710144043,0.09673303365707397
cmfbe_stgcn,train,2023-08-23,138.23550415039062,173.41192626953125,0.2564660608768463,0.21823275089263916,-33.649658203125,0.03674095869064331,0.0,0.0,0.0,0.11439958959817886,0.10684334486722946,0.1032458022236824,1.0,1.0,0.729131281375885,805.6925659179688,0.0,0.7713422775268555,0.9536335468292236,0.2959253787994385,0.10310205817222595,1.5708022117614746,0.28732889890670776,0.0008046402945183218,0.1896210014820099,0.22339671850204468,0.008704673498868942,1.9620378017425537,0.4217223823070526,1.5403153896331787
cmfbe_stgcn,train,2024-03-29,96.90516662597656,104.87373352050781,0.31624120473861694,0.3029597997665405,-4.9221649169921875,0.008325845003128052,0.0,0.0,0.0,0.11476991325616837,0.11127250641584396,0.11499803513288498,0.0,1.0,0.4275180995464325,124.22515869140625,0.27446699142456055,0.7769089937210083,0.9769076108932495,0.31354397535324097,0.10455205291509628,0.365447998046875,0.2928643226623535,0.009104153141379356,0.18680059909820557,0.3396611511707306,0.04844474419951439,0.7719684839248657,0.5749064683914185,0.19706201553344727
cmfbe_stgcn,train,2023-05-10,135.77783203125,113.3075942993164,0.2594888508319855,0.28995031118392944,-0.5333404541015625,0.0006605684757232666,0.0,0.0,0.0,0.1534370332956314,0.1368086040019989,0.13975273072719574,0.0,1.0,0.3299562335014343,254.47357177734375,0.1534450650215149,0.7686038613319397,0.9182299375534058,0.2852895259857178,0.10223434120416641,0.6512908935546875,0.2841011583805084,0.028319666162133217,0.19593898952007294,0.2038874626159668,0.045250337570905685,1.065946102142334,0.4450767934322357,0.6208692789077759
cmfbe_stgcn,train,2023-12-28,116.27083587646484,127.0675277709961,0.2856062948703766,0.27065742015838623,-6.587333679199219,0.009276211261749268,0.0,0.0,0.0,0.25744545459747314,0.23960758745670319,0.2520807385444641,0.0,1.0,0.17675457894802094,100.35507202148438,0.31036317348480225,0.7719523906707764,0.8689349889755249,0.23362497985363007,0.07848023623228073,0.036095909774303436,0.27780836820602417,0.0009945307392627,0.20037491619586945,0.2986066937446594,0.09490463137626648,0.3933790624141693,0.5938862562179565,-0.20050719380378723
cmfbe_stgcn,train,2024-01-25,123.20417022705078,101.41157531738281,0.275856614112854,0.30860304832458496,20.160507202148438,-0.030062764883041382,1.0,1.0,1.0,0.21684947609901428,0.19754575192928314,0.2051319181919098,0.0,1.0,0.21217934787273407,83.89480590820312,0.34044307470321655,0.7732080817222595,1.0807710886001587,0.3894738256931305,0.08878583461046219,0.1483696848154068,0.31186726689338684,0.0007271405193023384,0.19289396703243256,0.4854544699192047,0.07479913532733917,0.5497499108314514,0.753147542476654,-0.20339763164520264
cmfbe_stgcn,train,2023-06-14,102.19683074951172,95.25054168701172,0.30730652809143066,0.3191342353820801,4.932167053222656,-0.00831255316734314,0.0,0.0,0.0,0.19228199124336243,0.1878812462091446,0.1886512190103531,1.0,1.0,0.23882894217967987,102.06307220458984,0.3075266480445862,0.7709771394729614,1.0053048133850098,0.31697165966033936,0.10483598709106445,0.19210213422775269,0.2916167080402374,0.009820527397096157,0.19945310056209564,0.33583423495292664,0.01541157066822052,0.5983753800392151,0.5506988763809204,0.04767650365829468
cmfbe_stgcn,train,2023-12-21,107.3499984741211,116.50315856933594,0.29903560876846313,0.2852703332901001,-14.817832946777344,0.02175682783126831,0.0,0.0,0.0,0.21766091883182526,0.2047109156847,0.19876237213611603,0.0,1.0,0.3410791754722595,394.16046142578125,0.07941126823425293,0.7753127813339233,1.0367525815963745,0.3874041438102722,0.11080309748649597,1.393547773361206,0.30141395330429077,0.0008247632067650557,0.1884716898202896,0.36674198508262634,0.08563215285539627,1.8065897226333618,0.6408458352088928,1.1657438278198242
cmfbe_stgcn,train,2024-01-11,98.79850006103516,94.84466552734375,0.31299012899398804,0.31985151767730713,15.982170104980469,-0.029623031616210938,1.0,1.0,1.0,0.263348251581192,0.2474374920129776,0.2592791020870209,0.0,1.0,0.18124499917030334,68.16404724121094,0.375227153301239,0.7715277075767517,0.94544517993927,0.30219945311546326,0.08289328217506409,0.11592967808246613,0.28026217222213745,0.0015406652819365263,0.1959003508090973,0.3821205198764801,0.09475161135196686,0.48062580823898315,0.6727724671363831,-0.1921466588973999
cmfbe_stgcn,train,2023-11-09,93.60600280761719,105.73001098632812,0.3220594525337219,0.30159252882003784,-6.664161682128906,0.011554032564163208,0.0,0.0,0.0,0.14665713906288147,0.14688335359096527,0.15952496230602264,1.0,1.0,0.32412636280059814,85.2169418334961,0.33781999349594116,0.7744553089141846,1.0612622499465942,0.3494323492050171,0.08604360371828079,0.15180081129074097,0.30589476227760315,0.002721846802160144,0.19168779253959656,0.4774632751941681,0.03823494166135788,0.5464610457420349,0.7073860168457031,-0.1609249711036682
cmfbe_stgcn,train,2023-11-23,103.06849670410156,123.87669372558594,0.3058788776397705,0.27494001388549805,-14.608673095703125,0.022295981645584106,0.0,0.0,0.0,0.18030285835266113,0.1754034459590912,0.18850021064281464,0.0,1.0,0.19048473238945007,102.44075012207031,0.3069058060646057,0.7742305994033813,1.0482203960418701,0.3363960087299347,0.08516502380371094,0.1461421102285385,0.3032105565071106,0.0020405761897563934,0.1944948136806488,0.4034072756767273,0.07606394588947296,0.5365582704544067,0.6739659905433655,-0.13740772008895874
cmfbe_stgcn,train,2023-02-22,234.7173309326172,188.147216796875,0.16710630059242249,0.20446628332138062,39.64849853515625,-0.03125967085361481,1.0,1.0,1.0,0.16229379177093506,0.157037153840065,0.1702849119901657,0.0,1.0,0.2550857961177826,182.55894470214844,0.20955657958984375,0.7720226049423218,0.8644946217536926,0.27544331550598145,0.0811489075422287,0.08634314686059952,0.2715686857700348,0.0042506493628025055,0.20157688856124878,0.22209660708904266,0.08556780219078064,0.4433113932609558,0.5092413425445557,-0.06592994928359985
cmfbe_stgcn,train,2023-11-16,183.795166015625,191.23379516601562,0.20841729640960693,0.20171880722045898,-6.5236663818359375,0.0058886706829071045,0.0,0.0,0.0,0.12202594429254532,0.11936075240373611,0.13058596849441528,1.0,1.0,0.3254554867744446,203.81689453125,0.19095689058303833,0.7741859555244446,0.8743289113044739,0.25204041600227356,0.07964679598808289,0.18200793862342834,0.2856329083442688,0.007244050968438387,0.19346411526203156,0.2399148941040039,0.05297767370939255,0.5545316934585571,0.4863566756248474,0.06817501783370972
cmfbe_stgcn,train,2023-11-02,178.29966735839844,183.14227294921875,0.21354150772094727,0.20901799201965332,-21.404327392578125,0.019141465425491333,0.0,0.0,0.0,0.10074056684970856,0.09503941982984543,0.10691151767969131,0.0,1.0,0.3016941547393799,207.98077392578125,0.18754082918167114,0.7721142172813416,0.9095553159713745,0.29647302627563477,0.10314689576625824,0.07400865107774734,0.2942718267440796,0.006161102093756199,0.1971527636051178,0.20301489531993866,0.03700986132025719,0.4775884747505188,0.43717750906944275,0.04041096568107605
cmfbe_stgcn,train,2023-10-19,184.0973358154297,151.0989532470703,0.20813998579978943,0.24146747589111328,9.306838989257812,-0.008756428956985474,0.0,0.0,0.0,0.07627341151237488,0.07558897137641907,0.08377072215080261,1.0,1.0,0.3332735002040863,175.80271911621094,0.2159218192100525,0.7705958485603333,0.854444146156311,0.25211137533187866,0.09956415742635727,0.04275980219244957,0.2889615297317505,0.006285756826400757,0.19663293659687042,0.2039031982421875,0.03129329904913902,0.437571257352829,0.43182942271232605,0.00574183464050293
cmfbe_stgcn,train,2023-04-12,151.84683227539062,178.2567138671875,0.2406349629163742,0.21358215808868408,-44.12400817871094,0.04304805397987366,0.0,0.0,0.0,0.11463595181703568,0.10596296191215515,0.10807409882545471,0.0,1.0,0.3063775599002838,191.68392944335938,0.20132184028625488,0.7707005143165588,0.9190573692321777,0.3087010979652405,0.10415192693471909,0.05790805444121361,0.29365697503089905,0.02047613076865673,0.20048458874225616,0.25450900197029114,0.04320404678583145,0.4761931002140045,0.49819764494895935,-0.022004544734954834
cmfbe_stgcn,train,2023-07-19,115.77816772460938,122.87045288085938,0.28632086515426636,0.27631324529647827,-0.05899810791015625,8.574128150939941e-05,0.0,0.0,0.0,0.187809556722641,0.21623088419437408,0.19142678380012512,1.0,1.0,0.8946942090988159,148.41351318359375,0.2444911003112793,0.7788921594619751,0.950232207775116,0.30886369943618774,0.08333227038383484,0.39780429005622864,0.29861655831336975,0.002147144638001919,0.18662972748279572,0.34641033411026,0.002923843916505575,0.7819002270698547,0.5359638929367065,0.2459363341331482
cmfbe_stgcn,train,2023-05-17,104.05733489990234,99.11045837402344,0.30427369475364685,0.31246036291122437,5.133331298828125,-0.008503109216690063,0.0,0.0,0.0,0.3199557065963745,0.29503291845321655,0.2845546305179596,0.0,1.0,0.15653511881828308,98.4497299194336,0.3135843276977539,0.7697551846504211,0.9691104292869568,0.36460742354393005,0.0870751142501831,0.1737343668937683,0.2789582312107086,0.020576119422912598,0.19210167229175568,0.34359046816825867,0.02940957620739937,0.560343861579895,0.5651017427444458,-0.004757881164550781
cmfbe_stgcn,train,2023-01-25,270.60382080078125,269.13885498046875,0.14305296540260315,0.14397096633911133,-22.452178955078125,0.013481318950653076,0.0,0.0,0.0,0.17113502323627472,0.16086633503437042,0.17009155452251434,1.0,1.0,0.3068771958351135,411.8552551269531,0.07197600603103638,0.7710030674934387,0.7458986639976501,0.2736653685569763,0.10129252076148987,0.37540772557258606,0.25643622875213623,0.0016367932548746467,0.19705413281917572,0.10196895897388458,0.09642327576875687,0.7347732782363892,0.3954463601112366,0.3393269181251526
cmfbe_stgcn,train,2023-01-11,195.67767333984375,204.33517456054688,0.19783972203731537,0.19052797555923462,-5.915496826171875,0.0050298720598220825,0.0,0.0,0.0,0.18800470232963562,0.1799750179052353,0.19689401984214783,0.0,1.0,0.19539713859558105,188.87619018554688,0.203813374042511,0.7722576856613159,0.9132095575332642,0.27785348892211914,0.08130485564470291,0.10557010024785995,0.2752830386161804,0.0011450907913967967,0.20399855077266693,0.22393327951431274,0.10019868612289429,0.4633030891418457,0.5281305313110352,-0.06482744216918945
cmfbe_stgcn,train,2023-08-02,181.12567138671875,148.555419921875,0.2108871191740036,0.24432992935180664,47.336334228515625,-0.05108748376369476,1.0,1.0,1.0,0.2574790418148041,0.2728944718837738,0.26028314232826233,1.0,1.0,0.3787539303302765,141.68719482421875,0.25230956077575684,0.7743462920188904,0.8407182097434998,0.28009071946144104,0.08144982159137726,0.17605838179588318,0.26411670446395874,0.0032283603213727474,0.19247661530971527,0.2628245949745178,0.01261054165661335,0.5248532891273499,0.4679117798805237,0.05694150924682617
cmfbe_stgcn,train,2023-05-31,71.29000091552734,74.83463287353516,0.36772409081459045,0.3595989942550659,0.7433319091796875,-0.00175437331199646,0.0,0.0,0.0,0.2572961151599884,0.25218477845191956,0.24942943453788757,0.0,1.0,0.2588030993938446,63.305015563964844,0.38759124279022217,0.7731605768203735,1.021932601928711,0.3410598337650299,0.08547854423522949,0.17195536196231842,0.2931092381477356,0.012515053153038025,0.19303397834300995,0.46262291073799133,0.01411355659365654,0.5630581974983215,0.6697704195976257,-0.1067122220993042
cmfbe_stgcn,train,2023-03-22,270.281494140625,278.8858337402344,0.14325451850891113,0.13795459270477295,-3.53765869140625,0.002199128270149231,0.0,0.0,0.0,0.15354563295841217,0.15386654436588287,0.1669190227985382,1.0,1.0,0.3431745171546936,326.42413330078125,0.11132746934890747,0.7742761969566345,0.8553759455680847,0.24864056706428528,0.07943041622638702,0.24038366973400116,0.2810302674770355,0.012696553021669388,0.19334173202514648,0.1969459503889084,0.04810987785458565,0.6135409474372864,0.4383975863456726,0.17514336109161377
cmfbe_stgcn,train,2022-09-29,556.7913208007812,406.40802001953125,0.02090483345091343,0.0742303729057312,135.11782836914062,-0.04708191752433777,1.0,1.0,1.0,0.19015006721019745,0.19229210913181305,0.20270724594593048,0.0,1.0,0.19263328611850739,536.53662109375,0.02718299627304077,0.7717459201812744,0.830500066280365,0.24549002945423126,0.09903787821531296,0.1909598857164383,0.2602570652961731,0.004808615427464247,0.20370282232761383,0.06803806126117706,0.04292572662234306,0.5550634264945984,0.31466659903526306,0.24039682745933533
cmfbe_stgcn,train,2023-09-06,115.24349975585938,164.31912231445312,0.28709977865219116,0.22732067108154297,-46.48567199707031,0.0570988655090332,0.0,0.0,0.0,0.09650446474552155,0.09445784240961075,0.09074457734823227,1.0,1.0,0.748810887336731,702.779541015625,0.0,0.7718861103057861,0.8091874122619629,0.2484385222196579,0.09927195310592651,1.4175658226013184,0.2588043510913849,0.002572224708274007,0.18964353203773499,0.1138412207365036,0.010351774282753468,1.7782143354415894,0.3138365149497986,1.4643778800964355
cmfbe_stgcn,train,2022-11-23,336.93798828125,269.168212890625,0.1059628278017044,0.14395248889923096,68.79531860351562,-0.03863520920276642,1.0,1.0,1.0,0.18660081923007965,0.18983475863933563,0.20748724043369293,1.0,1.0,0.32806989550590515,338.1489562988281,0.10535567998886108,0.7705312967300415,0.996839702129364,0.3474923074245453,0.08591241389513016,0.3303832411766052,0.2885994017124176,0.0053654988296329975,0.1952582597732544,0.24220556020736694,0.04159871116280556,0.7102605104446411,0.4790625274181366,0.23119798302650452
cmfbe_stgcn,train,2023-01-04,143.78533935546875,142.29421997070312,0.2498319149017334,0.25158900022506714,19.84284210205078,-0.025018692016601562,0.0,0.0,0.0,0.22967340052127838,0.231354758143425,0.23877595365047455,1.0,1.0,0.21375426650047302,105.47950744628906,0.30199140310287476,0.7755579948425293,1.0518684387207031,0.3222552239894867,0.10527481138706207,0.14314477145671844,0.30097389221191406,0.00012870735372416675,0.20114460587501526,0.4159059226512909,0.09237299114465714,0.5495221614837646,0.7094235420227051,-0.15990138053894043
cmfbe_stgcn,train,2023-08-16,147.93865966796875,140.7497100830078,0.24503140151500702,0.25342845916748047,25.404823303222656,-0.03174374997615814,1.0,1.0,1.0,0.20108838379383087,0.20259404182434082,0.20551323890686035,0.0,1.0,0.19563497602939606,129.26144409179688,0.2677743434906006,0.7723689675331116,0.8748729825019836,0.2576183080673218,0.08000282198190689,0.1711016744375229,0.27521657943725586,0.00115178560372442,0.1956910938024521,0.26036614179611206,0.018387220799922943,0.5274728536605835,0.4744444787502289,0.053028374910354614
cmfbe_stgcn,train,2023-04-26,127.02466583251953,135.75381469726562,0.27071428298950195,0.2595186233520508,-15.922004699707031,0.019896328449249268,0.0,0.0,0.0,0.1445157825946808,0.1240217387676239,0.12887370586395264,0.0,1.0,0.29591104388237,376.15447998046875,0.08732718229293823,0.7723457217216492,0.9643564820289612,0.31057679653167725,0.10430675745010376,1.0053794384002686,0.30427658557891846,0.019009122624993324,0.19083859026432037,0.22751612961292267,0.05140506103634834,1.4329718351364136,0.4697597920894623,0.9632120132446289
cmfbe_stgcn,train,2024-03-22,57.33700180053711,55.46014404296875,0.4041236340999603,0.4096742272377014,6.405834197998047,-0.019743114709854126,0.0,0.0,0.0,0.14116282761096954,0.1556432843208313,0.1526733785867691,1.0,1.0,0.4053143262863159,37.24976348876953,0.4757685661315918,0.7786820530891418,1.0766850709915161,0.3971652090549469,0.08932014554738998,0.1573418527841568,0.3113747239112854,0.0033425490837544203,0.18295858800411224,0.6147705912590027,0.06943177431821823,0.5613792538642883,0.867160975933075,-0.3057817220687866
cmfbe_stgcn,train,2023-06-21,87.02950286865234,119.40799713134766,0.33428865671157837,0.2811253070831299,-20.884498596191406,0.036134302616119385,0.0,0.0,0.0,0.19656313955783844,0.18617920577526093,0.1794431507587433,1.0,1.0,0.8183331489562988,674.5371704101562,0.0,0.7783117294311523,1.0618785619735718,0.3464231789112091,0.10730024427175522,1.9788882732391357,0.31744369864463806,0.005659293383359909,0.18602946400642395,0.39590829610824585,0.0024040178395807743,2.4092915058135986,0.584341824054718,1.8249497413635254
cmfbe_stgcn,train,2023-07-05,157.39132690429688,155.34637451171875,0.2345868945121765,0.23679256439208984,20.699493408203125,-0.0237714946269989,0.0,0.0,0.0,0.2225094437599182,0.23392435908317566,0.21300099790096283,1.0,1.0,0.903333306312561,447.6264953613281,0.057872116565704346,0.7807224988937378,0.955708920955658,0.332263708114624,0.08488798141479492,1.2956719398498535,0.29203692078590393,0.004955975338816643,0.18887700140476227,0.3039988577365875,0.0035043107345700264,1.6775528192520142,0.49638018012046814,1.1811726093292236
cmfbe_stgcn,train,2023-07-12,98.45916748046875,108.008544921875,0.31356823444366455,0.298007071018219,-9.263496398925781,0.015115439891815186,0.0,0.0,0.0,0.172019824385643,0.20082926750183105,0.17638394236564636,1.0,1.0,0.8247821927070618,107.46500396728516,0.2988555431365967,0.7767354846000671,1.0685635805130005,0.3664313554763794,0.10899965465068817,0.20554733276367188,0.31500011682510376,0.0014636185951530933,0.1945929378271103,0.4357303977012634,0.0030602077022194862,0.6310107111930847,0.633383572101593,-0.0023728609085083008
cmfbe_stgcn,train,2023-02-01,62.1505012512207,72.79672241210938,0.39066633582115173,0.3642227053642273,-4.984165191650391,0.012893974781036377,0.0,0.0,0.0,0.1975381225347519,0.19318334758281708,0.21401849389076233,0.0,1.0,0.21963918209075928,51.483036041259766,0.42207247018814087,0.7724283933639526,1.0893969535827637,0.34738239645957947,0.10738123208284378,0.1597297042608261,0.30906760692596436,0.000681767298374325,0.1880047768354416,0.5582820773124695,0.09156947582960129,0.5768603086471558,0.8378563523292542,-0.2609960436820984
cmfbe_stgcn,train,2024-02-15,96.77349853515625,103.58065795898438,0.31646960973739624,0.30504560470581055,-11.332832336425781,0.01861470937728882,0.0,0.0,0.0,0.1286364197731018,0.12770050764083862,0.13409078121185303,0.0,1.0,0.37275969982147217,94.19706726074219,0.3210022449493408,0.7737487554550171,0.9169268608093262,0.2713066041469574,0.08088178932666779,0.08149547129869461,0.2909306287765503,0.0016353518003597856,0.19405117630958557,0.31738078594207764,0.07988499104976654,0.4549432396888733,0.5913169384002686,-0.13637369871139526
cmfbe_stgcn,train,2023-03-15,229.35833740234375,246.64488220214844,0.17100973427295685,0.158727765083313,-47.275177001953125,0.03168371319770813,0.0,0.0,0.0,0.11153189092874527,0.1086246594786644,0.11474847048521042,1.0,1.0,0.3973809778690338,310.52984619140625,0.11977368593215942,0.7719957232475281,1.0799944400787354,0.39880234003067017,0.11179274320602417,0.2143832892179489,0.3134433627128601,0.0035065968986600637,0.19545169174671173,0.2734251320362091,0.059055984020233154,0.6431260108947754,0.5279328227043152,0.1151931881904602
cmfbe_stgcn,train,2022-12-14,182.4808349609375,187.78651428222656,0.20962882041931152,0.20479023456573486,8.2376708984375,-0.0077968984842300415,0.0,0.0,0.0,0.18623554706573486,0.19251304864883423,0.1991179883480072,0.0,1.0,0.20596030354499817,155.44772338867188,0.23668253421783447,0.7764619588851929,1.04475998878479,0.3762362003326416,0.0878719612956047,0.12534059584140778,0.3137127459049225,0.0024528547655791044,0.19951356947422028,0.37276920676231384,0.0705479308962822,0.5293781757354736,0.6428307294845581,-0.11345255374908447
cmfbe_stgcn,train,2023-03-08,183.52833557128906,164.00677490234375,0.20866255462169647,0.22764170169830322,33.15516662597656,-0.033616840839385986,1.0,1.0,1.0,0.16959942877292633,0.1685076802968979,0.18064208328723907,0.0,1.0,0.2454472929239273,137.35903930664062,0.2575379014015198,0.7748204469680786,0.9700384736061096,0.31229013204574585,0.08355868607759476,0.1036587804555893,0.2896554172039032,0.0044388072565197945,0.1964317262172699,0.30224961042404175,0.07252657413482666,0.48131170868873596,0.5712078809738159,-0.08989617228507996
cmfbe_stgcn,train,2023-09-20,166.4409942626953,147.41641235351562,0.2251560389995575,0.24562758207321167,20.321334838867188,-0.021961107850074768,0.0,0.0,0.0,0.15053138136863708,0.15314461290836334,0.158706933259964,0.0,1.0,0.23959071934223175,158.339599609375,0.23357373476028442,0.7725107669830322,0.9017500281333923,0.3042992949485779,0.08303140848875046,0.13946670293807983,0.2787090539932251,0.0019210628233850002,0.1940975785255432,0.22540225088596344,0.003837017109617591,0.5031282305717468,0.42333683371543884,0.07979139685630798
cmfbe_stgcn,train,2022-12-21,172.42967224121094,188.20611572265625,0.21919137239456177,0.20441341400146484,3.9866790771484375,-0.003947272896766663,0.0,0.0,0.0,0.29234778881073,0.299942284822464,0.30083322525024414,0.0,1.0,0.1945084184408188,145.295166015625,0.2480710744857788,0.7758528590202332,1.061123013496399,0.366720587015152,0.08721949905157089,0.16795934736728668,0.28856149315834045,0.00043174458551220596,0.19369615614414215,0.41477981209754944,0.08258603513240814,0.5441720485687256,0.6910620331764221,-0.14688998460769653
cmfbe_stgcn,val,2024-04-26,93.82633209228516,94.59910583496094,0.32166460156440735,0.32028692960739136,-0.8983383178710938,0.001600414514541626,0.0,0.0,0.0,0.15511824190616608,0.14539454877376556,0.14776062965393066,0.0,1.0,0.3388332426548004,101.01050567626953,0.3092690706253052,0.7762669920921326,0.9073800444602966,0.31026169657707214,0.1042807400226593,0.16934600472450256,0.29171863198280334,0.03040027990937233,0.18919670581817627,0.3236123323440552,0.019337261095643044,0.5957456827163696,0.5321462750434875,0.06359940767288208
cmfbe_stgcn,val,2024-05-03,44.40216827392578,52.39405059814453,0.4466722309589386,0.4191514849662781,-5.025665283203125,0.017819374799728394,0.0,0.0,0.0,0.1824025958776474,0.19242727756500244,0.1771385371685028,0.0,1.0,0.4358736574649811,48.2906379699707,0.43272435665130615,0.7799059748649597,1.036086916923523,0.3519119918346405,0.08621151000261307,0.3051196336746216,0.30315178632736206,0.012718907557427883,0.18408584594726562,0.5192393660545349,0.0266855638474226,0.7072018384933472,0.7300107479095459,-0.02280890941619873
cmfbe_stgcn,val,2024-05-10,108.3981704711914,120.31285095214844,0.297401487827301,0.27985453605651855,-14.349494934082031,0.020919889211654663,0.0,0.0,0.0,0.2038787454366684,0.19423916935920715,0.19350703060626984,0.0,1.0,0.18285198509693146,131.8762969970703,0.264400839805603,0.7730170488357544,0.8815772533416748,0.2898262143135071,0.10260376334190369,0.12566274404525757,0.2735571265220642,0.03347665071487427,0.19460554420948029,0.23322619497776031,0.03629446029663086,0.5353003144264221,0.46412619948387146,0.07117411494255066
cmfbe_stgcn,val,2024-05-17,47.94466781616211,45.170955657958984,0.4339199364185333,0.44382214546203613,5.166667938232422,-0.018935471773147583,0.0,0.0,0.0,0.20774148404598236,0.20327545702457428,0.20018690824508667,1.0,1.0,0.16171377897262573,35.29706954956055,0.4846627712249756,0.7757717370986938,1.0933837890625,0.3958436846733093,0.1115351989865303,0.1750773936510086,0.3195975124835968,0.008587186224758625,0.18288379907608032,0.5937947630882263,0.025513073429465294,0.6147972941398621,0.8021916151046753,-0.18739432096481323
cmfbe_stgcn,val,2024-05-24,96.33100128173828,100.28883361816406,0.31723952293395996,0.31047409772872925,5.327171325683594,-0.0095539391040802,0.0,0.0,0.0,0.2987702190876007,0.2762291431427002,0.2714191973209381,0.0,1.0,0.14072011411190033,85.64411926269531,0.3369811177253723,0.7725641131401062,0.8320245742797852,0.25616255402565,0.09988722205162048,0.025555456057190895,0.28084617853164673,0.033260177820920944,0.1921195387840271,0.2717038691043854,0.03574639558792114,0.4395490288734436,0.4995698034763336,-0.060020774602890015
cmfbe_stgcn,val,2024-05-31,60.48066711425781,59.463035583496094,0.39521488547325134,0.39804786443710327,-3.187000274658203,0.00857815146446228,0.0,0.0,0.0,0.2763040363788605,0.2461550533771515,0.23119863867759705,1.0,1.0,0.4311876893043518,207.92239379882812,0.18758827447891235,0.7747368812561035,0.9671187400817871,0.31006091833114624,0.10426416248083115,1.3513097763061523,0.2852665185928345,0.018154354766011238,0.18337729573249817,0.374818354845047,0.028097940608859062,1.7589948177337646,0.5862935781478882,1.1727012395858765
cmfbe_stgcn,val,2024-06-07,103.7796630859375,97.95116424560547,0.3047229051589966,0.3144373893737793,6.736328125,-0.011278927326202393,0.0,0.0,0.0,0.2694794237613678,0.24218325316905975,0.2489030957221985,0.0,1.0,0.16038574278354645,97.55091094970703,0.31512534618377686,0.7714570760726929,0.8437761664390564,0.23525471985340118,0.09822866320610046,0.08084511756896973,0.2858318090438843,0.027078621089458466,0.19365419447422028,0.26565828919410706,0.02750811167061329,0.49198421835899353,0.48682060837745667,0.005163609981536865
cmfbe_stgcn,val,2024-06-14,56.574501037597656,50.855899810791016,0.4063567817211151,0.4241129159927368,-7.4778289794921875,0.020726710557937622,0.0,0.0,0.0,0.21722544729709625,0.19023282825946808,0.18543113768100739,0.0,1.0,0.17704014480113983,61.20227813720703,0.3932342529296875,0.7657096982002258,0.9705727100372314,0.31551772356033325,0.08377239108085632,0.16624002158641815,0.28438904881477356,0.013996168971061707,0.19356948137283325,0.37746670842170715,0.02216154709458351,0.5483976006507874,0.593197762966156,-0.04480016231536865
cmfbe_stgcn,val,2024-06-21,38.46066665649414,62.75535202026367,0.47047847509384155,0.38904833793640137,-22.173667907714844,0.07568731904029846,0.0,0.0,0.0,0.2562924027442932,0.24087761342525482,0.24006611108779907,0.0,1.0,0.2985123097896576,69.44503784179688,0.3721122741699219,0.7745681405067444,1.0490386486053467,0.33122918009757996,0.106023408472538,0.4021228551864624,0.31535273790359497,0.006521950475871563,0.1822064369916916,0.5018324255943298,0.012368431314826012,0.8300209641456604,0.6964073181152344,0.13361364603042603
cmfbe_stgcn,val,2024-06-28,56.96616744995117,81.89434051513672,0.40520602464675903,0.34449058771133423,-24.492000579833984,0.059819936752319336,0.0,0.0,0.0,0.2122005969285965,0.20031145215034485,0.17603884637355804,0.0,1.0,0.853610098361969,457.0454406738281,0.05434542894363403,0.7804965376853943,1.072935938835144,0.35889628529548645,0.10835723578929901,1.950331687927246,0.32816585898399353,0.005592552479356527,0.18406859040260315,0.4927574098110199,0.0009438333800062537,2.3924472332000732,0.6777698397636414,1.714677333831787
cmfbe_stgcn,val,2024-07-05,64.76266479492188,51.761661529541016,0.38378670811653137,0.4211738109588623,12.599830627441406,-0.03610140085220337,1.0,1.0,1.0,0.22663863003253937,0.24984042346477509,0.21523472666740417,0.0,1.0,0.8468234539031982,57.36476516723633,0.4040428400039673,0.7782379984855652,1.057091236114502,0.3671814799308777,0.1090637668967247,0.43448686599731445,0.3176582455635071,0.0047221058048307896,0.18342845141887665,0.5883519053459167,0.0007979189977049828,0.86593097448349,0.7725782990455627,0.09335267543792725
cmfbe_stgcn,val,2024-07-12,91.74674987792969,101.6917724609375,0.3254283666610718,0.30813926458358765,-6.923248291015625,0.012219548225402832,0.0,0.0,0.0,0.17981427907943726,0.18460699915885925,0.1485537439584732,0.0,1.0,0.9548725485801697,575.9649047851562,0.015168368816375732,0.7835975289344788,0.95745849609375,0.29466551542282104,0.08239918202161789,1.8935272693634033,0.2908426523208618,0.005067212041467428,0.18535587191581726,0.3268539011478424,0.0037099781911820173,2.271836042404175,0.5159197449684143,1.7559163570404053
cmfbe_stgcn,val,2024-07-19,54.82316589355469,57.29500961303711,0.4116000533103943,0.40424585342407227,3.0498313903808594,-0.009536206722259521,0.0,0.0,0.0,0.23508071899414062,0.24984517693519592,0.22099845111370087,0.0,1.0,0.4583623707294464,42.49240493774414,0.45396631956100464,0.7790204882621765,1.055079698562622,0.3667157292366028,0.08721916377544403,0.17518913745880127,0.31049105525016785,0.0016925414092838764,0.18953049182891846,0.5755943059921265,0.002886716276407242,0.574591875076294,0.7680115103721619,-0.19341963529586792
cmfbe_stgcn,val,2024-07-26,141.0395050048828,155.94012451171875,0.2530818283557892,0.23614919185638428,7.258331298828125,-0.008903056383132935,0.0,0.0,0.0,0.19175374507904053,0.18847662210464478,0.1733967512845993,0.0,1.0,0.23368684947490692,247.4851837158203,0.1581527590751648,0.7766508460044861,0.5534490942955017,0.20256680250167847,0.11481507122516632,0.10792496800422668,0.6593052744865417,0.005507583264261484,0.19325990974903107,0.06649987399578094,0.016062729060649872,0.8875529170036316,0.2758225202560425,0.6117303967475891
cmfbe_stgcn,val,2024-08-02,92.82499694824219,77.89495849609375,0.3234664797782898,0.35288387537002563,19.374832153320312,-0.039259910583496094,1.0,1.0,1.0,0.28423988819122314,0.2691788077354431,0.2437112033367157,0.0,1.0,0.162816122174263,65.03472900390625,0.3830859661102295,0.7734043002128601,1.0044283866882324,0.32464003562927246,0.084378682076931,0.1644502878189087,0.2918758988380432,0.001094714505597949,0.19448155164718628,0.44751712679862976,0.019750265404582024,0.5417995452880859,0.6617488861083984,-0.1199493408203125
cmfbe_stgcn,val,2024-08-09,130.64474487304688,110.91515350341797,0.26598137617111206,0.2935405373573303,18.462142944335938,-0.025647729635238647,0.0,0.0,0.0,0.16264991462230682,0.1409837007522583,0.1410093903541565,1.0,1.0,0.18741127848625183,123.81299591064453,0.2750266194343567,0.7731201648712158,0.8018749356269836,0.2320697009563446,0.0979779064655304,0.10303864628076553,0.25645866990089417,0.0017110342159867287,0.19673898816108704,0.14766107499599457,0.016972234472632408,0.45918625593185425,0.36137229204177856,0.09781396389007568
cmfbe_stgcn,val,2024-08-11,94.27950286865234,83.5389175415039,0.32085537910461426,0.34115612506866455,-16.00749969482422,0.026359468698501587,0.0,0.0,0.0,0.17340509593486786,0.1470193862915039,0.13450004160404205,0.0,1.0,0.24446073174476624,123.70050048828125,0.2751796245574951,0.7702392339706421,0.9074122309684753,0.29306715726852417,0.10286830365657806,0.16555972397327423,0.27169835567474365,0.0011280456092208624,0.1934538632631302,0.21739336848258972,0.016604876145720482,0.5412544012069702,0.42745211720466614,0.11380228400230408
cmfbe_stgcn,val,2024-08-12,72.24140167236328,85.00281524658203,0.36550480127334595,0.3382421135902405,-22.038101196289062,0.04464942216873169,0.0,0.0,0.0,0.15266622602939606,0.1305118203163147,0.12359604239463806,0.0,1.0,0.22462625801563263,117.84953308105469,0.2833365201950073,0.7716728448867798,0.931187093257904,0.27077916264533997,0.10105974227190018,0.30868425965309143,0.27835723757743835,0.0010293370578438044,0.18826742470264435,0.2660244405269623,0.013794971629977226,0.6891305446624756,0.468086838722229,0.22104370594024658
cmfbe_stgcn,val,2024-08-13,50.115665435791016,74.37660217285156,0.426553338766098,0.36062729358673096,-22.125736236572266,0.061048537492752075,0.0,0.0,0.0,0.15981201827526093,0.1330876648426056,0.1267910748720169,1.0,1.0,0.3171854615211487,215.66949462890625,0.18140816688537598,0.7741760611534119,0.943127453327179,0.2766399681568146,0.10153287649154663,1.2136807441711426,0.27900034189224243,0.0008800913346931338,0.18448099493980408,0.31770163774490356,0.008299331180751324,1.595094084739685,0.5104819536209106,1.0846121311187744
cmfbe_stgcn,val,2024-08-14,41.341331481933594,51.3301887512207,0.4585190713405609,0.42256754636764526,-8.774333953857422,0.03196573257446289,0.0,0.0,0.0,0.16440235078334808,0.14349567890167236,0.1298569291830063,1.0,1.0,0.3832710385322571,116.61897277832031,0.2851031422615051,0.7745776176452637,0.9819531440734863,0.32367441058158875,0.1053929254412651,1.0279548168182373,0.29093286395072937,0.0005868471344001591,0.18152126669883728,0.40851715207099915,0.0014699045568704605,1.4248675107955933,0.5915083289146423,0.8333591818809509
cmfbe_stgcn,val,2024-08-15,44.02316665649414,42.57489776611328,0.44809505343437195,0.45364469289779663,2.681835174560547,-0.010424017906188965,0.0,0.0,0.0,0.16666430234909058,0.15022851526737213,0.13861139118671417,1.0,1.0,0.28300321102142334,43.595298767089844,0.449715793132782,0.7746334075927734,1.0303837060928345,0.3539852201938629,0.10794012248516083,0.3223574757575989,0.3069271445274353,0.00040903655462898314,0.18078820407390594,0.5026817321777344,0.0022991413716226816,0.7376337647438049,0.6857690811157227,0.051864683628082275
cmfbe_stgcn,val,2024-08-16,48.2244987487793,47.62242889404297,0.43295228481292725,0.4350411295890808,4.201332092285156,-0.015142768621444702,0.0,0.0,0.0,0.18050320446491241,0.16319918632507324,0.1569729745388031,0.0,1.0,0.24664084613323212,43.66041564941406,0.44946813583374023,0.7750784158706665,1.0374141931533813,0.3436511158943176,0.10706640779972076,0.3013080954551697,0.31132277846336365,0.000325782602885738,0.18178795278072357,0.5425788164138794,0.003745822701603174,0.7200230360031128,0.7281125783920288,-0.008089542388916016
cmfbe_stgcn,test,2024-09-07,93.95316314697266,87.1546859741211,0.3214377164840698,0.33404743671417236,5.602996826171875,-0.010323405265808105,0.0,0.0,0.0,0.14784672856330872,0.12502364814281464,0.1368660032749176,0.0,1.0,0.15971404314041138,97.46443939208984,0.31527435779571533,0.7722121477127075,0.6131700277328491,0.175468310713768,0.09360575675964355,0.0906810462474823,0.21803800761699677,0.0015500144800171256,0.19685178995132446,0.09294220805168152,0.01694868877530098,0.40387481451034546,0.30674269795417786,0.0971321165561676
cmfbe_stgcn,test,2024-09-08,102.64383697509766,86.45573425292969,0.30657291412353516,0.3353985548019409,8.690673828125,-0.014864802360534668,0.0,0.0,0.0,0.1366748809814453,0.11254663020372391,0.12140492349863052,0.0,1.0,0.1781589835882187,101.80852508544922,0.3079463839530945,0.7707950472831726,0.7583357691764832,0.22445759177207947,0.09738069027662277,0.05666544288396835,0.25514325499534607,0.00135138223413378,0.19725364446640015,0.11940249055624008,0.014400394633412361,0.41054078936576843,0.33105653524398804,0.0794842541217804
cmfbe_stgcn,test,2024-09-09,107.69249725341797,93.28479766845703,0.2984999120235443,0.3226366639137268,5.0486602783203125,-0.008073002099990845,0.0,0.0,0.0,0.12693394720554352,0.10296866297721863,0.11028538644313812,0.0,1.0,0.2174380123615265,125.41625213623047,0.27286016941070557,0.7708806991577148,0.7697641253471375,0.23796799778938293,0.09844265878200531,0.190871924161911,0.25815021991729736,0.0013126381672918797,0.1889011561870575,0.1474991887807846,0.013757264241576195,0.5487774014472961,0.35015758872032166,0.1986198127269745
cmfbe_stgcn,test,2024-09-10,88.54666900634766,103.32858276367188,0.3313882350921631,0.30545520782470703,-19.145828247070312,0.032888323068618774,0.0,0.0,0.0,0.14937373995780945,0.12195032835006714,0.124828040599823,0.0,1.0,0.26581260561943054,369.7182922363281,0.09024876356124878,0.7725055813789368,0.911400556564331,0.2955886125564575,0.10307449102401733,1.2674363851547241,0.27175381779670715,0.0008183108293451369,0.18916460871696472,0.2134769856929779,0.013521640561521053,1.643082857131958,0.41616323590278625,1.2269196510314941
cmfbe_stgcn,test,2024-09-11,75.02999877929688,71.57615661621094,0.359162300825119,0.3670535087585449,-13.516670227050781,0.027774065732955933,0.0,0.0,0.0,0.1607416570186615,0.13376305997371674,0.1356477439403534,0.0,1.0,0.3485725224018097,120.54764556884766,0.2795262932777405,0.7691507339477539,0.886273205280304,0.3067575991153717,0.0831933468580246,0.3967819809913635,0.26575133204460144,0.0009255360928364098,0.1849469393491745,0.24075947701931,0.015399652533233166,0.7466522455215454,0.44110608100891113,0.3055461645126343
cmfbe_stgcn,test,2024-09-12,55.55416488647461,62.19423294067383,0.4093917906284332,0.39054882526397705,-19.475833892822266,0.05022948980331421,0.0,0.0,0.0,0.1394062340259552,0.12079659104347229,0.11990822851657867,0.0,1.0,0.409745991230011,93.57711791992188,0.32211124897003174,0.7715499997138977,1.034879446029663,0.36412379145622253,0.10880260914564133,0.3901660144329071,0.31593963503837585,0.00047448615077883005,0.1839696168899536,0.40359899401664734,0.009526610374450684,0.8153827786445618,0.597095251083374,0.21828752756118774
cmfbe_stgcn,test,2024-09-13,53.781166076660156,57.2197265625,0.4147982597351074,0.4044651985168457,-1.7729988098144531,0.005406469106674194,0.0,0.0,0.0,0.1761639267206192,0.15828385949134827,0.1485341638326645,0.0,1.0,0.5745133757591248,216.26231384277344,0.18094438314437866,0.7772416472434998,1.087111234664917,0.39519935846328735,0.11147917807102203,1.6496222019195557,0.33055418729782104,0.0003003512101713568,0.18156184256076813,0.5591000318527222,0.005387520883232355,2.0919559001922607,0.7460494041442871,1.3459064960479736
cmfbe_stgcn,test,2024-09-14,54.09400177001953,60.463382720947266,0.4138317406177521,0.39526259899139404,0.312835693359375,-0.0009665191173553467,0.0,0.0,0.0,0.18320316076278687,0.16906633973121643,0.17073535919189453,0.0,1.0,0.2241090089082718,85.6817626953125,0.33690738677978516,0.7765831351280212,1.0926027297973633,0.37954115867614746,0.08809944987297058,0.8615614175796509,0.32133957743644714,0.00030796497594565153,0.1846967339515686,0.6215434670448303,0.006171130109578371,1.271308422088623,0.8124113082885742,0.45889711380004883
cmfbe_stgcn,test,2024-09-15,55.83416748046875,57.87677001953125,0.40855351090431213,0.40256035327911377,1.7401657104492188,-0.005278229713439941,0.0,0.0,0.0,0.21533049643039703,0.2017851322889328,0.20297275483608246,0.0,1.0,0.18552418053150177,43.026824951171875,0.4518933892250061,0.7757626175880432,1.0629727840423584,0.3791424036026001,0.08807197213172913,0.17301930487155914,0.30904310941696167,0.0003981368790846318,0.1882660835981369,0.5993407964706421,0.00716752465814352,0.5705325603485107,0.7947744131088257,-0.22424185276031494
cmfbe_stgcn,test,2024-09-16,48.1952018737793,60.25351333618164,0.4330533444881439,0.39584314823150635,-7.638965606689453,0.024499833583831787,0.0,0.0,0.0,0.23637819290161133,0.2239309698343277,0.22068989276885986,0.0,1.0,0.1869947612285614,56.13461685180664,0.40765857696533203,0.7764034271240234,0.9213196635246277,0.34144362807273865,0.08550438284873962,0.30423879623413086,0.26852503418922424,0.0009306010906584561,0.18380869925022125,0.4587934613227844,0.01132448110729456,0.6591988205909729,0.6539266109466553,0.005272209644317627
cmfbe_stgcn,test,2024-09-17,116.66533660888672,45.145416259765625,0.28503626585006714,0.44391608238220215,68.47013854980469,-0.14801707863807678,1.0,1.0,1.0,0.253366082906723,0.23618236184120178,0.2308846116065979,0.0,1.0,0.2947714626789093,58.94661331176758,0.39950382709503174,0.7754058241844177,0.7358425259590149,0.28339311480522156,0.08166417479515076,0.41995158791542053,0.22714127600193024,0.0009656571783125401,0.17820961773395538,0.3094167709350586,0.04443814232945442,0.7297226786613464,0.5320644974708557,0.19765818119049072
cmfbe_stgcn,test,2024-09-18,176.28433227539062,125.66865539550781,0.2154601365327835,0.27252161502838135,59.618995666503906,-0.06957612931728363,1.0,1.0,1.0,0.20896422863006592,0.19236712157726288,0.18391482532024384,0.0,1.0,0.5401546955108643,753.0777587890625,0.0,0.7824110984802246,1.0225183963775635,0.381998211145401,0.11033608019351959,1.9174693822860718,0.32059377431869507,0.0008039431413635612,0.18650439381599426,0.3029704689979553,0.002077870536595583,2.34920334815979,0.4915527403354645,1.857650637626648
cmfbe_stgcn,test,2024-09-19,190.49400329589844,140.47198486328125,0.20237329602241516,0.253761351108551,14.209671020507812,-0.013086840510368347,0.0,0.0,0.0,0.19198568165302277,0.18434733152389526,0.16847354173660278,0.0,1.0,0.5674608945846558,260.5960693359375,0.14942526817321777,0.7771817445755005,0.9827530384063721,0.3544189929962158,0.08638153225183487,0.45528551936149597,0.3060687184333801,0.0010504801757633686,0.18913185596466064,0.26785582304000854,0.002751855179667473,0.8487862348556519,0.4597395360469818,0.38904669880867004
cmfbe_stgcn,test,2024-09-20,231.56016540527344,179.65248107910156,0.1693950593471527,0.21226567029953003,41.066162109375,-0.03297823667526245,1.0,1.0,1.0,0.19946017861366272,0.1889365315437317,0.17438490688800812,0.0,1.0,0.5291199684143066,744.695556640625,0.0,0.7783005833625793,0.888848602771759,0.32151731848716736,0.08417075127363205,1.4424479007720947,0.2729232907295227,0.0016777066048234701,0.18990561366081238,0.24648363888263702,0.005369739141315222,1.8012197017669678,0.44175902009010315,1.359460711479187
cmfbe_stgcn,test,2024-09-21,150.12083435058594,190.600341796875,0.24256257712841034,0.20227903127670288,-81.4393310546875,0.07316751778125763,0.0,0.0,0.0,0.1588870733976364,0.15120670199394226,0.14444927871227264,1.0,1.0,0.4428704082965851,339.938232421875,0.10446256399154663,0.7734128832817078,0.676551878452301,0.20818200707435608,0.0768907219171524,0.38948675990104675,0.22946220636367798,0.0027723535895347595,0.19060839712619781,0.11951278150081635,0.005938542075455189,0.6986120343208313,0.3160597085952759,0.3825523257255554
cmfbe_stgcn,test,2024-09-22,135.26283264160156,147.06686401367188,0.2601291537284851,0.24602782726287842,-14.858001708984375,0.017566576600074768,0.0,0.0,0.0,0.17680194973945618,0.15836231410503387,0.1478588879108429,1.0,1.0,0.6682835221290588,1041.5816650390625,0.0,0.7806294560432434,0.8990660309791565,0.32092583179473877,0.10516427457332611,1.8969558477401733,0.28610408306121826,0.0021952148526906967,0.18805648386478424,0.1695384830236435,0.0014491783222183585,2.290419340133667,0.3590441346168518,1.93137526512146
cmfbe_stgcn,test,2024-09-23,123.44149780273438,105.17459106445312,0.2755325734615326,0.3024781346321106,-11.821334838867188,0.015403419733047485,0.0,0.0,0.0,0.150316521525383,0.14381855726242065,0.1268157660961151,1.0,1.0,0.6304635405540466,204.13690185546875,0.19069194793701172,0.774568498134613,0.9095443487167358,0.32105356454849243,0.10517488420009613,0.4034132659435272,0.286251425743103,0.0024269018322229385,0.18817512691020966,0.19788587093353271,0.0021134521812200546,0.7972664833068848,0.38817447423934937,0.4090920090675354
cmfbe_stgcn,test,2024-10-18,245.25950622558594,191.8721923828125,0.15967996418476105,0.20115607976913452,54.393341064453125,-0.042363762855529785,1.0,1.0,1.0,0.1808142513036728,0.16884587705135345,0.17801381647586823,0.0,1.0,0.1870724856853485,236.54428100585938,0.16579580307006836,0.7745915651321411,0.8865128755569458,0.28278228640556335,0.08162450790405273,0.26946038007736206,0.27880892157554626,0.005606567487120628,0.19171293079853058,0.20155172049999237,0.028679950162768364,0.6355003714561462,0.42194458842277527,0.21355578303337097
cmfbe_stgcn,test,2024-10-19,296.135009765625,221.88656616210938,0.12780362367630005,0.1766064167022705,50.87550354003906,-0.031876340508461,1.0,1.0,1.0,0.16664959490299225,0.14914333820343018,0.15385772287845612,0.0,1.0,0.18045048415660858,320.1839904785156,0.11459356546401978,0.7729068994522095,0.8636820912361145,0.2883593440055847,0.08198735862970352,0.28244224190711975,0.2736929655075073,0.0062284632585942745,0.19384463131427765,0.157546728849411,0.027331436052918434,0.6443510055541992,0.37872281670570374,0.2656281888484955
cmfbe_stgcn,test,2024-10-20,265.0311584472656,257.1872863769531,0.14657174050807953,0.15165162086486816,-31.103851318359375,0.01876811683177948,0.0,0.0,0.0,0.15050473809242249,0.13948634266853333,0.14298628270626068,0.0,1.0,0.21522124111652374,328.1890869140625,0.11041498184204102,0.7728498578071594,0.7199652791023254,0.2462480664253235,0.07927840948104858,0.10630035400390625,0.23634874820709229,0.008793966844677925,0.20002460479736328,0.09629800915718079,0.031953439116477966,0.4307214915752411,0.32827603816986084,0.10244545340538025
cmfbe_stgcn,test,2024-10-21,223.7191619873047,233.60984802246094,0.17521655559539795,0.16790562868118286,-41.31199645996094,0.02864481508731842,0.0,0.0,0.0,0.13071176409721375,0.11765838414430618,0.12418054044246674,0.0,1.0,0.21746711432933807,369.27874755859375,0.09045010805130005,0.7723447680473328,0.8414776921272278,0.2579345703125,0.10002880543470383,0.301613986492157,0.2755981981754303,0.006917842663824558,0.198499396443367,0.11579762399196625,0.03921883553266525,0.6841588020324707,0.3535158634185791,0.3306429386138916
cmfbe_stgcn,test,2024-10-22,199.46200561523438,199.25814819335938,0.19460482895374298,0.1947774887084961,-24.257156372070312,0.019388273358345032,0.0,0.0,0.0,0.12815120816230774,0.11593208461999893,0.12219539284706116,0.0,1.0,0.22203700244426727,261.83099365234375,0.148625910282135,0.7725275754928589,0.8283464312553406,0.24627965688705444,0.0991005152463913,0.12471216917037964,0.2785170078277588,0.007531217765063047,0.19600269198417664,0.1308109015226364,0.026388004422187805,0.5098609328269958,0.35320156812667847,0.15665936470031738
cmfbe_stgcn,test,2024-10-23,131.52149963378906,177.4962158203125,0.26485469937324524,0.21430379152297974,-67.94050598144531,0.07024987041950226,0.0,0.0,0.0,0.12187407165765762,0.11039800196886063,0.11370866000652313,0.0,1.0,0.23051051795482635,218.07315063476562,0.17953556776046753,0.7729761004447937,0.8709690570831299,0.3043183982372284,0.10379083454608917,0.09741714596748352,0.2957405149936676,0.006705540232360363,0.1979401409626007,0.19383276998996735,0.023100348189473152,0.5036540031433105,0.41487327218055725,0.0887807309627533
cmfbe_stgcn,test,2024-10-24,92.78983306884766,120.21356964111328,0.3235301077365875,0.27999347448349,-38.731666564941406,0.058675408363342285,0.0,0.0,0.0,0.11784146726131439,0.10816710442304611,0.11265739798545837,0.0,1.0,0.2306831181049347,126.94459533691406,0.2708204388618469,0.7732188701629639,0.9514471888542175,0.3115204870700836,0.10438472777605057,0.08536740392446518,0.30688613653182983,0.004637295845896006,0.2011203020811081,0.3062185049057007,0.02908431366086006,0.5012755393981934,0.5364231467247009,-0.03514760732650757
cmfbe_stgcn,test,2024-10-25,64.95050048828125,82.26986694335938,0.38330259919166565,0.3437234163284302,-27.839332580566406,0.059772491455078125,0.0,0.0,0.0,0.13351178169250488,0.12149055302143097,0.12343140691518784,0.0,1.0,0.2124512791633606,84.99153900146484,0.3382643461227417,0.7745769023895264,1.0540664196014404,0.37910646200180054,0.11008687317371368,0.1576673537492752,0.3122406303882599,0.002450156258419156,0.19381660223007202,0.44286733865737915,0.03256895765662193,0.5824450254440308,0.669252872467041,-0.08680784702301025
cmfbe_stgcn,test,2024-10-26,58.926334381103516,71.86320495605469,0.39956122636795044,0.36638349294662476,-6.024166107177734,0.01625862717628479,0.0,0.0,0.0,0.1744462549686432,0.1642581671476364,0.16711288690567017,0.0,1.0,0.19284571707248688,122.50525665283203,0.27681440114974976,0.7771819233894348,0.9838228821754456,0.3531186878681183,0.08629331737756729,0.9348735213279724,0.2837468087673187,0.0037431027740240097,0.18665668368339539,0.4586346447467804,0.03598608449101448,1.3086566925048828,0.6812773942947388,0.627379298210144
cmfbe_stgcn,test,2024-10-27,56.665164947509766,60.15682601928711,0.406089723110199,0.39611130952835083,-2.26116943359375,0.006528496742248535,0.0,0.0,0.0,0.16216643154621124,0.15579532086849213,0.16242732107639313,0.0,1.0,0.2392432987689972,65.19841766357422,0.382665753364563,0.7756195068359375,1.0039786100387573,0.34000924229621887,0.10675980895757675,0.3817751407623291,0.2988574206829071,0.0033372254110872746,0.1828036606311798,0.4729715585708618,0.035413969308137894,0.7907295823097229,0.691189169883728,0.09954041242599487
cmfbe_stgcn,test,2024-10-28,58.47999954223633,57.42206954956055,0.40083014965057373,0.40387630462646484,1.8148345947265625,-0.005259573459625244,0.0,0.0,0.0,0.22100096940994263,0.20630884170532227,0.19394256174564362,0.0,1.0,0.5559571385383606,201.31365966796875,0.19304418563842773,0.779966413974762,1.0252771377563477,0.3582422733306885,0.10830162465572357,1.5106829404830933,0.30240193009376526,0.0030988019425421953,0.18185514211654663,0.46949079632759094,0.017973043024539948,1.9244853258132935,0.6693190336227417,1.2551662921905518
cmfbe_stgcn,test,2024-10-29,73.51300048828125,53.3110466003418,0.362583190202713,0.4162611961364746,15.033000946044922,-0.03824695944786072,1.0,1.0,1.0,0.1968275010585785,0.19167812168598175,0.17957769334316254,0.0,1.0,0.4972141981124878,67.08409881591797,0.37789833545684814,0.7806512117385864,1.0303840637207031,0.3464491367340088,0.10730242729187012,0.40882405638694763,0.30437982082366943,0.0030575599521398544,0.18232719600200653,0.4921683073043823,0.01396475825458765,0.8235638737678528,0.6884602904319763,0.13510358333587646
cmfbe_stgcn,test,2024-10-30,97.34549713134766,80.96621704101562,0.3154795169830322,0.34640175104141235,23.832496643066406,-0.047103673219680786,1.0,1.0,1.0,0.19392822682857513,0.19170384109020233,0.1870662420988083,0.0,1.0,0.26050686836242676,80.10377502441406,0.34819716215133667,0.7803903818130493,1.015100359916687,0.3456074595451355,0.08578511327505112,0.35094302892684937,0.2992999255657196,0.0034098392352461815,0.18542443215847015,0.4527575969696045,0.016500169411301613,0.7394379377365112,0.6546822190284729,0.08475571870803833
cmfbe_stgcn,test,2024-10-31,113.06800079345703,99.7418441772461,0.2903064787387848,0.31139320135116577,15.722503662109375,-0.025173038244247437,0.0,0.0,0.0,0.22182072699069977,0.21256902813911438,0.21330375969409943,0.0,1.0,0.1623883992433548,92.40811157226562,0.32422226667404175,0.7756069302558899,0.9418891072273254,0.31361937522888184,0.08364664018154144,0.16459041833877563,0.27577993273735046,0.0050413114950060844,0.19619423151016235,0.35439640283584595,0.029975885525345802,0.5290582776069641,0.5805665254592896,-0.05150824785232544
cmfbe_stgcn,test,2024-11-01,134.73974609375,93.5705795288086,0.2607819736003876,0.3221229910850525,21.67174530029297,-0.029524505138397217,1.0,1.0,1.0,0.19993939995765686,0.18593688309192657,0.18906764686107635,0.0,1.0,0.41479596495628357,158.64183044433594,0.23325210809707642,0.7760381102561951,0.9352675676345825,0.3319835960865021,0.10608653724193573,0.46387386322021484,0.2829972505569458,0.005226625129580498,0.18663671612739563,0.30069226026535034,0.03471754118800163,0.858184278011322,0.5220465064048767,0.3361377716064453
cmfbe_stgcn,test,2024-11-02,57.730499267578125,112.87606811523438,0.40298256278038025,0.2905922532081604,-77.00924682617188,0.14220058917999268,0.0,0.0,0.0,0.16617724299430847,0.15546466410160065,0.15780314803123474,0.0,1.0,0.45692721009254456,204.17837524414062,0.1906576156616211,0.7758034467697144,0.8771148324012756,0.317317932844162,0.08389175683259964,0.4974066913127899,0.264180451631546,0.007037808652967215,0.18744178116321564,0.21780797839164734,0.03412661701440811,0.8525167107582092,0.4393763840198517,0.41314032673835754
cmfbe_stgcn,test,2024-11-03,55.44150161743164,69.27155303955078,0.40973028540611267,0.3725307583808899,-2.2889976501464844,0.006747722625732422,0.0,0.0,0.0,0.17264556884765625,0.15526287257671356,0.1553337126970291,0.0,1.0,0.5599566102027893,453.3985595703125,0.05570220947265625,0.7833899855613708,0.9986585378646851,0.36058104038238525,0.108500637114048,2.2267892360687256,0.3224266469478607,0.004032948985695839,0.18107236921787262,0.4267820715904236,0.007878929376602173,2.6617493629455566,0.6157333850860596,2.046015977859497
cmfbe_stgcn,test,2024-11-04,58.58300018310547,51.080108642578125,0.4005364775657654,0.42338061332702637,3.141498565673828,-0.00919380784034729,0.0,0.0,0.0,0.1306404024362564,0.12940937280654907,0.1224990114569664,0.0,1.0,0.5439974069595337,64.93020629882812,0.3833548426628113,0.7768383622169495,0.9965661764144897,0.286981463432312,0.10237199068069458,0.39976003766059875,0.32323887944221497,0.004068040754646063,0.1813710778951645,0.4802091717720032,0.01246662624180317,0.8294389247894287,0.6740468740463257,0.15539205074310303
cmfbe_stgcn,test,2024-11-05,70.3145980834961,52.423500061035156,0.37002989649772644,0.4190579056739807,11.731597900390625,-0.03050658106803894,1.0,1.0,1.0,0.1212371364235878,0.11320067197084427,0.11177754402160645,0.0,1.0,0.4218253493309021,49.340980529785156,0.4291454553604126,0.7759289145469666,0.9520558714866638,0.34839189052581787,0.08597322553396225,0.11986036598682404,0.3052958846092224,0.005212451331317425,0.19046767055988312,0.4810006022453308,0.01342457439750433,0.5163419246673584,0.6848928332328796,-0.16855090856552124
cmfbe_stgcn,test,2024-11-06,90.01166534423828,62.20559310913086,0.3286338150501251,0.39051830768585205,19.697067260742188,-0.04139608144760132,1.0,1.0,1.0,0.10920008271932602,0.10245690494775772,0.10157939046621323,0.0,1.0,0.4271411895751953,59.474945068359375,0.3980144262313843,0.7751621007919312,0.9089741706848145,0.30795979499816895,0.08327262103557587,0.07173146307468414,0.3012872636318207,0.006515550892800093,0.19347263872623444,0.4190359115600586,0.015170752070844173,0.46280691027641296,0.6276792883872986,-0.16487237811088562
cmfbe_stgcn,test,2024-11-07,83.07050323486328,75.77751922607422,0.34209921956062317,0.3575016260147095,-6.941162109375,0.013465404510498047,0.0,0.0,0.0,0.10041781514883041,0.09492047131061554,0.09325829148292542,0.0,1.0,0.44576725363731384,80.78670501708984,0.3467738628387451,0.7743052244186401,0.9150741100311279,0.29696887731552124,0.10318750143051147,0.06462444365024567,0.303928017616272,0.006164353806525469,0.19647108018398285,0.370494544506073,0.017811821773648262,0.4779042899608612,0.5847774744033813,-0.10687318444252014
cmfbe_stgcn,test,2024-11-08,68.03433227539062,65.16162109375,0.37554579973220825,0.38276010751724243,-15.036170959472656,0.03344658017158508,0.0,0.0,0.0,0.10074378550052643,0.09428030252456665,0.08805060386657715,0.0,1.0,0.49730709195137024,77.21204376220703,0.35435950756073,0.7757645845413208,1.0269286632537842,0.3375357687473297,0.10655195266008377,0.15878911316394806,0.3080032169818878,0.003328912425786257,0.19433222711086273,0.43822553753852844,0.016347762197256088,0.5766732096672058,0.6489055156707764,-0.07223230600357056
cmfbe_stgcn,test,2024-11-09,51.39619827270508,60.82534408569336,0.4223535656929016,0.39426594972610474,-16.638134002685547,0.04680776596069336,0.0,0.0,0.0,0.12375025451183319,0.11795677244663239,0.11367499083280563,0.0,1.0,0.30648356676101685,59.008644104003906,0.39932823181152344,0.7756861448287964,1.0266776084899902,0.3505907654762268,0.08612202107906342,0.16110612452030182,0.3047543466091156,0.0032021065708249807,0.1886104792356491,0.47753721475601196,0.029152043163776398,0.5551846027374268,0.6952997446060181,-0.1401151418685913
cmfbe_stgcn,test,2024-11-10,46.75419998168945,53.951507568359375,0.43809938430786133,0.4142712950706482,-4.641998291015625,0.015745818614959717,0.0,0.0,0.0,0.13789011538028717,0.1323869824409485,0.12411197274923325,0.0,1.0,0.32585766911506653,80.27733612060547,0.3478342890739441,0.7797789573669434,1.0287177562713623,0.35480642318725586,0.08640781790018082,0.7774321436882019,0.30140000581741333,0.003222175408154726,0.18499140441417694,0.5214690566062927,0.022968780249357224,1.1684622764587402,0.7294292449951172,0.43903303146362305
cmfbe_stgcn,test,2024-11-11,55.27299880981445,48.85518264770508,0.41023775935173035,0.43079137802124023,8.518798828125,-0.02786162495613098,1.0,1.0,1.0,0.14596854150295258,0.14676833152770996,0.1344730705022812,0.0,1.0,0.34889674186706543,61.85628890991211,0.3914589285850525,0.7796687483787537,1.0563232898712158,0.3569517433643341,0.10819192975759506,0.6189761757850647,0.3096652626991272,0.00264737824909389,0.18452683091163635,0.5551700592041016,0.02499987743794918,1.0394806861877441,0.7646967172622681,0.2747839689254761
cmfbe_stgcn,test,2024-11-12,60.32416534423828,64.03709411621094,0.39564749598503113,0.3856698274612427,5.051166534423828,-0.014590263366699219,0.0,0.0,0.0,0.18906034529209137,0.18845537304878235,0.18307337164878845,0.0,1.0,0.23204486072063446,84.18538665771484,0.3398630619049072,0.7806344032287598,1.05928635597229,0.34125468134880066,0.08549165725708008,0.7762052416801453,0.3067341446876526,0.0027020208071917295,0.18707507848739624,0.5371164679527283,0.03232620656490326,1.171133041381836,0.756517767906189,0.414615273475647
cmfbe_stgcn,test,2024-11-13,77.5,64.40116882324219,0.3537357449531555,0.3847222924232483,17.17583465576172,-0.04191175103187561,1.0,1.0,1.0,0.19600486755371094,0.1953088343143463,0.1934942901134491,0.0,1.0,0.2411048412322998,52.22569274902344,0.41968750953674316,0.7787237167358398,1.0354160070419312,0.3307233452796936,0.08478488028049469,0.20298901200294495,0.30399230122566223,0.0032539113890379667,0.19163233041763306,0.5169146060943604,0.02810616046190262,0.5950201749801636,0.7366530895233154,-0.14163291454315186
cmfbe_stgcn,test,2024-11-14,108.54566955566406,78.54457092285156,0.29717278480529785,0.3514920473098755,31.045669555664062,-0.056562960147857666,1.0,1.0,1.0,0.22332483530044556,0.2169482260942459,0.2165127992630005,0.0,1.0,0.20150473713874817,67.27737426757812,0.3774172067642212,0.7779061198234558,0.9976345896720886,0.32552334666252136,0.08443757146596909,0.1508726328611374,0.2933332026004791,0.003949686884880066,0.19193819165229797,0.4420005977153778,0.038174208253622055,0.5325930714607239,0.6721130013465881,-0.13951992988586426
cmfbe_stgcn,test,2024-11-15,154.7183380126953,119.67262268066406,0.23747578263282776,0.28075265884399414,46.17266845703125,-0.05969700217247009,1.0,1.0,1.0,0.22210712730884552,0.21318519115447998,0.2159777283668518,0.0,1.0,0.1914418786764145,188.18121337890625,0.20443576574325562,0.7784199118614197,0.9813877940177917,0.29872825741767883,0.0826653465628624,0.7607226967811584,0.28837156295776367,0.004597081337124109,0.19146347045898438,0.3611641228199005,0.037365179508924484,1.1363567113876343,0.5899927616119385,0.5463639497756958
cmfbe_stgcn,test,2024-11-16,194.50782775878906,152.36302185058594,0.1988523155450821,0.24006271362304688,39.78948974609375,-0.038623467087745667,1.0,1.0,1.0,0.1899275928735733,0.18396075069904327,0.1872718334197998,0.0,1.0,0.23732011020183563,166.902099609375,0.22468924522399902,0.7769606709480286,0.903102695941925,0.27435922622680664,0.08107884228229523,0.1899598240852356,0.28317105770111084,0.007297247648239136,0.1957627385854721,0.2593483030796051,0.031063975766301155,0.561506986618042,0.486175000667572,0.07533198595046997
cmfbe_stgcn,test,2024-11-17,190.64332580566406,184.32777404785156,0.2022409737110138,0.20792877674102783,-3.864501953125,0.0033886581659317017,0.0,0.0,0.0,0.17278046905994415,0.16384126245975494,0.16657356917858124,0.0,1.0,0.2549237608909607,213.53707885742188,0.18308693170547485,0.7768287062644958,0.7945123314857483,0.2552538216114044,0.07985175400972366,0.13391366600990295,0.27978065609931946,0.011114902794361115,0.19415761530399323,0.1878715306520462,0.02974948287010193,0.504660964012146,0.41177862882614136,0.09288233518600464
cmfbe_stgcn,test,2024-11-18,165.2895965576172,176.07151794433594,0.22632724046707153,0.21566396951675415,-25.353729248046875,0.02408626675605774,0.0,0.0,0.0,0.15932588279247284,0.14813189208507538,0.15461814403533936,0.0,1.0,0.22696277499198914,214.50547790527344,0.18232250213623047,0.7763572931289673,0.616872251033783,0.21812428534030914,0.07750879228115082,0.17211692035198212,0.21147435903549194,0.013168522156774998,0.1938350349664688,0.11581025272607803,0.04727330058813095,0.4742685854434967,0.356918603181839,0.11734998226165771
cmfbe_stgcn,test,2024-11-19,180.87783813476562,151.22332763671875,0.21111825108528137,0.24132877588272095,15.588241577148438,-0.015208989381790161,0.0,0.0,0.0,0.1408340036869049,0.12960806488990784,0.13631245493888855,0.0,1.0,0.23839381337165833,194.38323974609375,0.19896048307418823,0.7753115892410278,0.7405828237533569,0.25556033849716187,0.09983915090560913,0.17216600477695465,0.25417718291282654,0.010853597894310951,0.19335833191871643,0.12313803285360336,0.059307705610990524,0.5370358824729919,0.37580406665802,0.16123181581497192
cmfbe_stgcn,test,2024-11-20,157.04266357421875,168.83648681640625,0.23496094346046448,0.222744882106781,-23.835174560546875,0.023842692375183105,0.0,0.0,0.0,0.12813453376293182,0.1152285635471344,0.12025671452283859,0.0,1.0,0.2699120342731476,315.8721008300781,0.11688768863677979,0.7760714888572693,0.89468914270401,0.2822294235229492,0.10198574513196945,0.5571362972259521,0.29782983660697937,0.007046056911349297,0.19459083676338196,0.1649995744228363,0.049244560301303864,0.9639979004859924,0.40883496403694153,0.5551629066467285
cmfbe_stgcn,test,2024-11-21,159.2792510986328,135.40435791015625,0.23257572948932648,0.25995296239852905,2.2365875244140625,-0.0023852139711380005,0.0,0.0,0.0,0.12075190991163254,0.10643041878938675,0.11239149421453476,0.0,1.0,0.26117387413978577,159.41802978515625,0.23242878913879395,0.7744549512863159,0.9430282711982727,0.29694655537605286,0.10318568348884583,0.09936058521270752,0.2989484369754791,0.005500627215951681,0.1967860460281372,0.2546249330043793,0.04066634550690651,0.5069953203201294,0.4920773208141327,0.014917999505996704
cmfbe_stgcn,test,2024-11-22,96.08450317382812,141.71331787109375,0.31766995787620544,0.25227850675582886,-63.19474792480469,0.08509422838687897,0.0,0.0,0.0,0.12047863006591797,0.10915659368038177,0.11504343152046204,0.0,1.0,0.2362561821937561,154.73825073242188,0.23745405673980713,0.7742051482200623,0.9939263463020325,0.32378697395324707,0.10540229082107544,0.12093791365623474,0.3058970868587494,0.004107451532036066,0.20259159803390503,0.3183053433895111,0.0441889762878418,0.5363447666168213,0.5650858879089355,-0.028741121292114258
cmfbe_stgcn,test,2024-11-23,66.27283477783203,88.95220947265625,0.3799329996109009,0.33062124252319336,-29.811668395996094,0.062263041734695435,0.0,0.0,0.0,0.13973300158977509,0.1284778118133545,0.1322997510433197,0.0,1.0,0.20053735375404358,85.73320007324219,0.3368067145347595,0.7752114534378052,1.0335839986801147,0.35638830065727234,0.08651526272296906,0.15910474956035614,0.3033581078052521,0.003056485904380679,0.19785058498382568,0.42261865735054016,0.044310178607702255,0.5520345568656921,0.6647793650627136,-0.11274480819702148
cmfbe_stgcn,test,2024-11-24,55.54033279418945,66.80543518066406,0.4094333350658417,0.37859445810317993,-10.732501983642578,0.029500335454940796,0.0,0.0,0.0,0.16388154029846191,0.15223239362239838,0.15868142247200012,0.0,1.0,0.16672280430793762,56.804847717285156,0.40567904710769653,0.7759724259376526,1.0585466623306274,0.34936392307281494,0.10754872113466263,0.17618289589881897,0.30487900972366333,0.002439244883134961,0.19644224643707275,0.5040590763092041,0.04223238304257393,0.5910499095916748,0.7427337169647217,-0.15168380737304688
cmfbe_stgcn,test,2024-11-25,51.41699981689453,61.2112922668457,0.4222862124443054,0.39320963621139526,-4.123332977294922,0.012852877378463745,0.0,0.0,0.0,0.19118039309978485,0.17803539335727692,0.18709060549736023,0.0,1.0,0.15991228818893433,46.846641540527344,0.43777114152908325,0.7760315537452698,1.0526707172393799,0.35644853115081787,0.10814919322729111,0.18005779385566711,0.3046439588069916,0.0022898726165294647,0.18756189942359924,0.530122697353363,0.044409189373254776,0.595140814781189,0.7620938420295715,-0.16695302724838257
cmfbe_stgcn,test,2024-11-26,81.43599700927734,61.21791076660156,0.34543171525001526,0.3931915760040283,30.018997192382812,-0.07685449719429016,1.0,1.0,1.0,0.22406648099422455,0.20169414579868317,0.209966242313385,0.0,1.0,0.1346394121646881,74.25672149658203,0.360897421836853,0.7766842842102051,1.0653443336486816,0.3880102038383484,0.11085554212331772,0.7281081676483154,0.3056706488132477,0.001874628011137247,0.18340738117694855,0.5543662905693054,0.04706111177802086,1.146509051322937,0.7848347425460815,0.36167430877685547
cmfbe_stgcn,test,2024-11-27,83.51333618164062,88.45347595214844,0.34120750427246094,0.3315649628639221,2.0773391723632812,-0.004224210977554321,0.0,0.0,0.0,0.22097553312778473,0.20499727129936218,0.20938991010189056,0.0,1.0,0.1536531299352646,77.81193542480469,0.35306257009506226,0.7755772471427917,1.0470623970031738,0.3647179901599884,0.08708266168832779,0.2736032009124756,0.3017288148403168,0.002014708472415805,0.18933887779712677,0.4716587960720062,0.04838930070400238,0.6644293665885925,0.7093870043754578,-0.044957637786865234
cmfbe_stgcn,test,2024-11-28,89.02716827392578,90.77552795410156,0.3304798901081085,0.32721513509750366,5.513832092285156,-0.010727614164352417,0.0,0.0,0.0,0.23350726068019867,0.21544229984283447,0.2200198769569397,0.0,1.0,0.14515595138072968,80.12922668457031,0.34814387559890747,0.7755279541015625,1.0735162496566772,0.38269156217575073,0.1103958785533905,0.2663285434246063,0.3098303973674774,0.0014757686294615269,0.18900077044963837,0.4903269410133362,0.04956873878836632,0.6880305409431458,0.72889643907547,-0.04086589813232422
cmfbe_stgcn,test,2024-11-29,116.90283203125,92.3714599609375,0.28469398617744446,0.32428890466690063,27.87566375732422,-0.04578590393066406,1.0,1.0,1.0,0.25788405537605286,0.23662635684013367,0.2390243411064148,0.0,1.0,0.12819232046604156,75.19332885742188,0.3587980270385742,0.7740132808685303,1.0937467813491821,0.4122134745121002,0.11296574026346207,0.16155607998371124,0.3098370134830475,0.0010787432547658682,0.19203801453113556,0.5007249712944031,0.05951213836669922,0.585437536239624,0.7522751092910767,-0.16683757305145264
cmfbe_stgcn,test,2024-11-30,136.15066528320312,121.76971435546875,0.25902679562568665,0.27782827615737915,19.247833251953125,-0.025667190551757812,0.0,0.0,0.0,0.25664231181144714,0.2395927459001541,0.24332590401172638,0.0,1.0,0.14638398587703705,99.24343872070312,0.3122350573539734,0.7744652628898621,1.0641480684280396,0.3516398072242737,0.08619306236505508,0.1589471995830536,0.29660364985466003,0.001255082548595965,0.19723619520664215,0.4431811571121216,0.06484092772006989,0.5429989695549011,0.7052582502365112,-0.1622592806816101
cmfbe_stgcn,test,2024-12-01,149.07850646972656,140.983642578125,0.2437373548746109,0.25314855575561523,12.927841186523438,-0.015289440751075745,0.0,0.0,0.0,0.24182841181755066,0.22481513023376465,0.23382066190242767,0.0,1.0,0.16052912175655365,117.09367370605469,0.2844194769859314,0.7739772200584412,0.9745843410491943,0.2698083817958832,0.08078521490097046,0.10586488991975784,0.28585365414619446,0.0022596276830881834,0.19564025104045868,0.3600158095359802,0.06870907545089722,0.4747633934020996,0.6243651509284973,-0.1496017575263977
cmfbe_stgcn,test,2024-12-02,180.03782653808594,152.24693298339844,0.21190398931503296,0.24019122123718262,30.959320068359375,-0.03183336555957794,1.0,1.0,1.0,0.2397518903017044,0.21998566389083862,0.23060806095600128,0.0,1.0,0.15678544342517853,132.0343475341797,0.26419907808303833,0.7736155986785889,0.9292100667953491,0.2700157165527344,0.08079858124256134,0.08116480708122253,0.2835690975189209,0.0031420539598912,0.19866397976875305,0.2969854772090912,0.07357622683048248,0.4486745595932007,0.5692256689071655,-0.12055110931396484
cmfbe_stgcn,test,2024-12-03,198.78750610351562,175.478271484375,0.195176899433136,0.21623361110687256,18.749679565429688,-0.016727089881896973,0.0,0.0,0.0,0.23332972824573517,0.2106950432062149,0.22171232104301453,0.0,1.0,0.1459842324256897,167.51971435546875,0.22406601905822754,0.7726472020149231,0.8956019282341003,0.27703291177749634,0.08125173300504684,0.0834318995475769,0.27485212683677673,0.003983376082032919,0.20284613966941833,0.23479709029197693,0.07752951979637146,0.44351914525032043,0.5151727199554443,-0.0716535747051239
cmfbe_stgcn,test,2024-12-04,174.9654998779297,190.6063690185547,0.21672752499580383,0.20227372646331787,-23.822006225585938,0.021550625562667847,0.0,0.0,0.0,0.22014302015304565,0.19899694621562958,0.209396630525589,0.0,1.0,0.159633070230484,190.43405151367188,0.20242643356323242,0.7725922465324402,0.8558957576751709,0.2747650742530823,0.0811050683259964,0.07834399491548538,0.26774436235427856,0.004954295698553324,0.2016349881887436,0.19213120639324188,0.08109267801046371,0.432147741317749,0.4748588800430298,-0.04271113872528076
cmfbe_stgcn,test,2024-12-05,165.18482971191406,169.43310546875,0.22643421590328217,0.22214972972869873,-9.780670166015625,0.009706690907478333,0.0,0.0,0.0,0.1943768560886383,0.17494812607765198,0.18734267354011536,0.0,1.0,0.17021164298057556,172.82675170898438,0.21880316734313965,0.7729552388191223,0.9058259725570679,0.2858242392539978,0.10227783024311066,0.08905790746212006,0.2867092490196228,0.0038446197286248207,0.19948625564575195,0.21671214699745178,0.0779203549027443,0.48188960552215576,0.49411875009536743,-0.01222914457321167
cmfbe_stgcn,test,2024-12-06,137.61050415039062,160.06454467773438,0.25722968578338623,0.2317461371421814,-27.574325561523438,0.030795469880104065,0.0,0.0,0.0,0.1887635737657547,0.16435419023036957,0.17790497839450836,0.0,1.0,0.1523464322090149,174.21221923828125,0.2174556851387024,0.7720896601676941,0.9309353232383728,0.2753733694553375,0.1014304831624031,0.1804286688566208,0.2873835265636444,0.0029986698646098375,0.20203089714050293,0.2422998547554016,0.07501322776079178,0.5722413659095764,0.5193439722061157,0.05289739370346069
cmfbe_stgcn,test,2024-12-07,131.4774932861328,134.8353729248047,0.26491105556488037,0.2606624364852905,-6.1330108642578125,0.007681369781494141,0.0,0.0,0.0,0.17469733953475952,0.15310509502887726,0.16553360223770142,0.0,1.0,0.16623224318027496,153.53897094726562,0.23876619338989258,0.7725497484207153,0.9782978892326355,0.29340070486068726,0.10289556533098221,0.29432299733161926,0.2953950762748718,0.0020518165547400713,0.2026546746492386,0.3097413182258606,0.07349073141813278,0.6946654319763184,0.5858867168426514,0.10877871513366699
cmfbe_stgcn,test,2024-12-08,107.16200256347656,119.49208068847656,0.29933035373687744,0.2810068130493164,-24.31549072265625,0.03441929817199707,0.0,0.0,0.0,0.22344276309013367,0.20017921924591064,0.20096679031848907,0.0,1.0,0.13517767190933228,145.73907470703125,0.24755680561065674,0.7721333503723145,1.0133062601089478,0.35859283804893494,0.08666513860225677,0.33239710330963135,0.29225319623947144,0.001490828231908381,0.1968308538198471,0.3372570276260376,0.07647500187158585,0.7128062844276428,0.6105629205703735,0.10224336385726929
cmfbe_stgcn,test,2024-12-09,90.2308349609375,105.43788146972656,0.3282255530357361,0.30205774307250977,-16.931167602539062,0.028895199298858643,0.0,0.0,0.0,0.2195625752210617,0.20141960680484772,0.20904862880706787,0.0,1.0,0.14688515663146973,95.04917907714844,0.3194897174835205,0.7721303701400757,1.0037195682525635,0.3190056085586548,0.08400379866361618,0.15717825293540955,0.2883605659008026,0.0015236461767926812,0.20003943145275116,0.36593902111053467,0.08385743945837021,0.5310662984848022,0.6498358845710754,-0.1187695860862732
cmfbe_stgcn,test,2024-12-10,79.02449798583984,94.30685424804688,0.35047104954719543,0.320806622505188,-11.206336975097656,0.02224549651145935,0.0,0.0,0.0,0.21887269616127014,0.20614495873451233,0.21714580059051514,0.0,1.0,0.16609084606170654,79.39327239990234,0.34969067573547363,0.7740018963813782,1.0485568046569824,0.33001723885536194,0.10592207312583923,0.15447989106178284,0.3049502372741699,0.0007981769740581512,0.19066442549228668,0.4245762825012207,0.07737220823764801,0.5661503672599792,0.692612886428833,-0.12646251916885376
cmfbe_stgcn,test,2024-12-11,68.08466339111328,87.87630462646484,0.37542209029197693,0.3326636552810669,-10.939834594726562,0.024951040744781494,0.0,0.0,0.0,0.27176570892333984,0.25245702266693115,0.25722482800483704,0.0,1.0,0.1552186906337738,79.76004028320312,0.34891802072525024,0.7743115425109863,1.0187329053878784,0.3538532555103302,0.08634313195943832,0.3318621814250946,0.290469229221344,0.0011386341648176312,0.18574227392673492,0.43270033597946167,0.08222120255231857,0.7098131775856018,0.7006638050079346,0.009149372577667236
cmfbe_stgcn,test,2024-12-12,71.43866729736328,80.96418762207031,0.36737537384033203,0.34640592336654663,3.35400390625,-0.008046716451644897,0.0,0.0,0.0,0.3080262541770935,0.2874322533607483,0.2823752462863922,0.0,1.0,0.1393972933292389,143.55072021484375,0.25010716915130615,0.7734019160270691,1.0283504724502563,0.3501195013523102,0.10761263966560364,1.0705761909484863,0.29550623893737793,0.001080723712220788,0.1846783310174942,0.4690260589122772,0.0827740728855133,1.474775791168213,0.7364784479141235,0.7382973432540894
cmfbe_stgcn,test,2024-12-13,77.18299865722656,80.55545806884766,0.35442256927490234,0.3472544550895691,5.744331359863281,-0.012952804565429688,0.0,0.0,0.0,0.31892648339271545,0.3011268079280853,0.30144503712654114,0.0,1.0,0.1444682776927948,95.87444305419922,0.31803756952285767,0.7725293636322021,1.0131254196166992,0.33290374279022217,0.08493083715438843,0.6155449748039246,0.2928355932235718,0.001227521221153438,0.1850559562444687,0.43733078241348267,0.08147642761468887,0.9945389032363892,0.7038632035255432,0.29067569971084595
cmfbe_stgcn,test,2024-12-14,87.8028335571289,87.83940124511719,0.3328040540218353,0.3327341675758362,10.619834899902344,-0.021618515253067017,0.0,0.0,0.0,0.3121758699417114,0.28859829902648926,0.28206631541252136,0.0,1.0,0.1290883868932724,103.54222106933594,0.3051079511642456,0.7723665833473206,1.0422455072402954,0.3711510896682739,0.10940352082252502,0.5927338600158691,0.30033817887306213,0.0009156868909485638,0.1908084750175476,0.44862064719200134,0.07342337816953659,1.003391146659851,0.7128524780273438,0.2905386686325073
cmfbe_stgcn,test,2024-12-15,93.36699676513672,93.81734466552734,0.32248878479003906,0.3216806650161743,5.5641632080078125,-0.010315269231796265,0.0,0.0,0.0,0.29165592789649963,0.27139711380004883,0.26910844445228577,0.0,1.0,0.14476551115512848,74.89164733886719,0.3594714403152466,0.7722972631454468,1.03413724899292,0.3541899025440216,0.08636597543954849,0.15988464653491974,0.2970907688140869,0.0008217561990022659,0.19578735530376434,0.4269580543041229,0.0785297080874443,0.544163167476654,0.701275110244751,-0.15711194276809692
cmfbe_stgcn,test,2024-12-16,91.2248306274414,101.06495666503906,0.3263862431049347,0.3091784715652466,-2.1421661376953125,0.00389745831489563,0.0,0.0,0.0,0.25383490324020386,0.23668193817138672,0.24419493973255157,0.0,1.0,0.17985518276691437,78.15670013427734,0.35232168436050415,0.7724588513374329,0.9842233657836914,0.31006062030792236,0.10426413267850876,0.09518495947122574,0.30104199051856995,0.0009599398472346365,0.19142155349254608,0.40851065516471863,0.0772809088230133,0.5014510154724121,0.6772130727767944,-0.17576205730438232
cmfbe_stgcn,test,2024-12-17,101.2701644897461,99.4070053100586,0.30883756279945374,0.31195831298828125,10.045333862304688,-0.017548680305480957,0.0,0.0,0.0,0.254421204328537,0.2361658215522766,0.24827927350997925,0.0,1.0,0.1699458658695221,74.02111053466797,0.36142969131469727,0.7733982801437378,0.9712390899658203,0.28467515110969543,0.08174750953912735,0.09167356789112091,0.2958245575428009,0.0009395009255968034,0.19344642758369446,0.4025533199310303,0.08064531534910202,0.47018513083457947,0.676645040512085,-0.2064599096775055
cmfbe_stgcn,test,2024-12-18,110.45600128173828,106.97055053710938,0.2942383587360382,0.2996310591697693,9.185836791992188,-0.014599204063415527,0.0,0.0,0.0,0.23719868063926697,0.21899369359016418,0.2287130206823349,0.0,1.0,0.164677232503891,81.99539184570312,0.3442838191986084,0.772637128829956,0.916676938533783,0.26328811049461365,0.08036598563194275,0.06354964524507523,0.287969172000885,0.001344369724392891,0.2023327350616455,0.3560945987701416,0.08363458514213562,0.4332291781902313,0.6420619487762451,-0.2088327705860138
cmfbe_stgcn,test,2024-12-19,114.97799682617188,110.31103515625,0.2874878942966461,0.2944592237472534,4.521995544433594,-0.00675046443939209,0.0,0.0,0.0,0.22847388684749603,0.20889832079410553,0.2181817591190338,0.0,1.0,0.16470356285572052,94.3641357421875,0.3207046389579773,0.7714102268218994,0.8866125345230103,0.29972219467163086,0.08273056149482727,0.07162989675998688,0.27852120995521545,0.0016260095871984959,0.19588108360767365,0.3076063394546509,0.08694740384817123,0.43450766801834106,0.5904347896575928,-0.1559271216392517
cmfbe_stgcn,test,2024-12-20,115.27100372314453,112.26795959472656,0.28705963492393494,0.29150110483169556,0.29300689697265625,-0.00042825937271118164,0.0,0.0,0.0,0.19771796464920044,0.17876912653446198,0.19551895558834076,0.0,1.0,0.17228344082832336,101.34693908691406,0.3087102174758911,0.771451473236084,0.9346741437911987,0.28926682472229004,0.10255816578865051,0.0742015391588211,0.2955271303653717,0.0009866941254585981,0.19379714131355286,0.314627468585968,0.08988094329833984,0.47327351570129395,0.5983055830001831,-0.12503206729888916
cmfbe_stgcn,test,2024-12-21,102.09300231933594,110.15446472167969,0.3074774146080017,0.29469817876815796,-13.178001403808594,0.020417779684066772,0.0,0.0,0.0,0.1939668506383896,0.17080020904541016,0.18860122561454773,0.0,1.0,0.16220185160636902,102.9520263671875,0.30606895685195923,0.7711565494537354,0.9757223129272461,0.3135155141353607,0.10454970598220825,0.09997548162937164,0.29827266931533813,0.0006450447835959494,0.19208189845085144,0.3407955765724182,0.08255993574857712,0.5034428834915161,0.615437388420105,-0.11199450492858887
cmfbe_stgcn,test,2024-12-22,89.32866668701172,96.60221862792969,0.329912394285202,0.31676721572875977,-12.764335632324219,0.022434979677200317,0.0,0.0,0.0,0.2093203365802765,0.18719899654388428,0.1968764215707779,0.0,1.0,0.15118788182735443,85.57820129394531,0.3371102809906006,0.7703966498374939,0.9663413763046265,0.3418135344982147,0.08552929759025574,0.10256808996200562,0.29202577471733093,0.000690404383931309,0.19471754133701324,0.3701951801776886,0.09048447757959366,0.48081356287002563,0.6553972363471985,-0.17458367347717285
cmfbe_stgcn,test,2024-12-23,78.94550323486328,82.07798767089844,0.3506386876106262,0.3441149592399597,-10.383163452148438,0.020726293325424194,0.0,0.0,0.0,0.19313223659992218,0.1809399127960205,0.18492697179317474,0.0,1.0,0.17007069289684296,76.75021362304688,0.35536473989486694,0.7717974781990051,1.0430117845535278,0.3625355362892151,0.10866715759038925,0.15180081129074097,0.3036552369594574,0.0002683625207282603,0.19587747752666473,0.43407848477363586,0.08438890427350998,0.564391553401947,0.71434485912323,-0.14995330572128296
cmfbe_stgcn,test,2024-12-24,74.2873306274414,81.68640899658203,0.3608284294605255,0.3449168801307678,-4.658172607421875,0.010189741849899292,0.0,0.0,0.0,0.21320907771587372,0.2021850049495697,0.20859487354755402,0.0,1.0,0.16787321865558624,65.82892608642578,0.3810567259788513,0.7723634839057922,1.0492604970932007,0.3521822392940521,0.10778728872537613,0.15180081129074097,0.30231109261512756,0.00017679679149296135,0.19384513795375824,0.4642155170440674,0.08322477340698242,0.5620759725570679,0.7412854433059692,-0.17920947074890137
cmfbe_stgcn,test,2024-12-25,67.9352035522461,76.78091430664062,0.37578970193862915,0.3552977442741394,-6.3521270751953125,0.014961272478103638,0.0,0.0,0.0,0.24958999454975128,0.23291046917438507,0.2428501397371292,0.0,1.0,0.14052939414978027,59.294837951660156,0.39852064847946167,0.7716430425643921,1.0353169441223145,0.32416900992393494,0.08434729278087616,0.15635159611701965,0.2931351363658905,0.0002028268063440919,0.19468648731708527,0.47102633118629456,0.0903896763920784,0.5340368747711182,0.7561025023460388,-0.22206562757492065
cmfbe_stgcn,test,2024-12-26,167.7779998779297,71.8468017578125,0.22380609810352325,0.3664216995239258,99.8427963256836,-0.1519836038351059,1.0,1.0,1.0,0.24704748392105103,0.23356056213378906,0.23674339056015015,0.0,1.0,0.14964841306209564,54.46355438232422,0.4126970171928406,0.7716360092163086,1.0548222064971924,0.3416590690612793,0.10689861327409744,0.1546531766653061,0.30233335494995117,0.00020361380302347243,0.19350169599056244,0.49449652433395386,0.09353161603212357,0.564088761806488,0.7815298438072205,-0.21744108200073242
cmfbe_stgcn,test,2024-12-27,64.22650146484375,157.09681701660156,0.38517624139785767,0.23490279912948608,-103.55149841308594,0.1613701432943344,0.0,0.0,0.0,0.28313371539115906,0.26819908618927,0.267733097076416,0.0,1.0,0.13400152325630188,152.33670043945312,0.24009180068969727,0.7703155279159546,1.0185880661010742,0.3450116813182831,0.08574488759040833,0.15635159611701965,0.2877565026283264,0.00028787855990231037,0.2013312131166458,0.32438188791275024,0.10037598758935928,0.5301408767700195,0.6260890960693359,-0.0959482192993164
cmfbe_stgcn,test,2024-12-28,74.37666320800781,68.10803985595703,0.360627144575119,0.37536466121673584,10.150161743164062,-0.024549096822738647,0.0,0.0,0.0,0.2950906455516815,0.2786286771297455,0.27522316575050354,0.0,1.0,0.12936551868915558,51.67716979980469,0.4214457869529724,0.77128666639328,1.048107385635376,0.3575545847415924,0.10824315249919891,0.15584848821163177,0.2983320951461792,0.00018826861924026161,0.1939607560634613,0.4888995289802551,0.0934356153011322,0.562611997127533,0.7762959003448486,-0.21368390321731567
cmfbe_stgcn,test,2024-12-29,85.7941665649414,79.40983581542969,0.33668744564056396,0.3496556878089905,11.417503356933594,-0.023939698934555054,0.0,0.0,0.0,0.2981503903865814,0.2796397805213928,0.2778850197792053,0.0,1.0,0.13271203637123108,60.92878723144531,0.3939821720123291,0.7713361978530884,1.058667778968811,0.35450878739356995,0.1079845130443573,0.15584848821163177,0.29892420768737793,0.00016655218496453017,0.195298433303833,0.46835923194885254,0.0957787036895752,0.5629237294197083,0.7594363689422607,-0.1965126395225525
cmfbe_stgcn,test,2024-12-30,99.94066619873047,92.91372680664062,0.31105858087539673,0.32330602407455444,14.146499633789062,-0.025628864765167236,0.0,0.0,0.0,0.2956952452659607,0.2804197072982788,0.28108417987823486,0.0,1.0,0.1521926373243332,70.37751770019531,0.36988019943237305,0.7719852328300476,1.0368082523345947,0.3318987190723419,0.08486354351043701,0.15180081129074097,0.2910376191139221,0.00022129058197606355,0.1897161304950714,0.44279244542121887,0.09097152948379517,0.5279232859611511,0.7234801054000854,-0.19555681943893433
cmfbe_stgcn,test,2024-12-31,119.64679718017578,105.16851806640625,0.28078901767730713,0.302487850189209,19.706130981445312,-0.0302695631980896,1.0,1.0,1.0,0.29211053252220154,0.27498775720596313,0.2735162079334259,0.0,1.0,0.15677042305469513,81.1658706665039,0.34598881006240845,0.7706789970397949,0.9368784427642822,0.30791378021240234,0.08326958864927292,0.07273516803979874,0.28463733196258545,0.0004549674631562084,0.1919415444135666,0.36482107639312744,0.09012749046087265,0.44109705090522766,0.6468901038169861,-0.20579305291175842
