date,songpu_flow_m3s,songpu_water_level_m,huangdu_flow_m3s,huangdu_water_level_m,huangdu_flow_m3s_abs,huangdu_flow_m3s_reverse_flag,huangdu_flow_m3s_3d_mean,huangdu_flow_m3s_7d_mean,songpu_flow_m3s_abs,songpu_flow_m3s_reverse_flag,songpu_flow_m3s_3d_mean,songpu_flow_m3s_7d_mean,huangdu_water_level_m_1d_diff,huangdu_water_level_m_3d_mean,songpu_water_level_m_1d_diff,songpu_water_level_m_3d_mean,songpu_flow_level_coupling,huangdu_flow_level_coupling
2022-01-01,602.0,2.12,26.4,2.48,26.4,0,26.4,26.4,602.0,0,602.0,602.0,0.0,2.48,0.0,2.12,1276.24,65.472
2022-01-02,413.0,2.14,10.9,2.48,10.9,0,18.65,18.65,413.0,0,507.5,507.5,0.0,2.48,0.020000000000000018,2.13,883.82,27.032
2022-01-03,352.0,2.21,3.8,2.56,3.8,0,13.700000000000001,13.700000000000001,352.0,0,455.6666666666667,455.6666666666667,0.08000000000000007,2.5066666666666664,0.06999999999999984,2.1566666666666667,777.92,9.728
2022-01-04,279.0,2.27,5.8,2.64,5.8,0,6.833333333333333,11.725,279.0,0,348.0,411.5,0.08000000000000007,2.56,0.06000000000000005,2.2066666666666666,633.33,15.312
2022-01-05,160.0,2.3,4.3,2.67,4.3,0,4.633333333333333,10.239999999999998,160.0,0,263.6666666666667,361.2,0.029999999999999805,2.6233333333333335,0.029999999999999805,2.2600000000000002,368.0,11.481
2022-01-06,300.0,2.43,3.9,2.73,3.9,0,4.666666666666666,9.183333333333334,300.0,0,246.33333333333334,351.0,0.06000000000000005,2.68,0.13000000000000034,2.3333333333333335,729.0,10.647
2022-01-07,568.0,2.44,4.6,2.76,4.6,0,4.266666666666667,8.528571428571428,568.0,0,342.6666666666667,382.0,0.029999999999999805,2.72,0.009999999999999787,2.39,1385.92,12.695999999999998
2022-01-08,687.0,2.36,9.9,2.77,9.9,0,6.133333333333333,6.171428571428572,687.0,0,518.3333333333334,394.14285714285717,0.010000000000000231,2.7533333333333334,-0.08000000000000007,2.41,1621.32,27.423000000000002
2022-01-09,724.0,2.29,27.5,2.73,27.5,0,14.0,8.542857142857143,724.0,0,659.6666666666666,438.57142857142856,-0.040000000000000036,2.7533333333333334,-0.06999999999999984,2.3633333333333333,1657.96,75.075
2022-01-10,799.0,2.28,31.0,2.67,31.0,0,22.8,12.428571428571429,799.0,0,736.6666666666666,502.42857142857144,-0.06000000000000005,2.723333333333333,-0.010000000000000231,2.31,1821.7199999999998,82.77
2022-01-11,672.0,2.26,28.7,2.62,28.7,0,29.066666666666666,15.700000000000001,672.0,0,731.6666666666666,558.5714285714286,-0.04999999999999982,2.6733333333333333,-0.020000000000000018,2.276666666666667,1518.7199999999998,75.194
2022-01-12,1140.0,2.3,32.2,2.6,32.2,0,30.633333333333336,19.685714285714287,1140.0,0,870.3333333333334,698.5714285714286,-0.020000000000000018,2.63,0.040000000000000036,2.28,2622.0,83.72000000000001
2022-01-13,727.0,2.09,30.8,2.55,30.8,0,30.566666666666666,23.52857142857143,727.0,0,846.3333333333334,759.5714285714286,-0.050000000000000266,2.5900000000000003,-0.20999999999999996,2.2166666666666663,1519.4299999999998,78.53999999999999
2022-01-14,719.0,2.14,30.9,2.51,30.9,0,31.3,27.285714285714285,719.0,0,862.0,781.1428571428571,-0.040000000000000036,2.5533333333333332,0.050000000000000266,2.1766666666666663,1538.66,77.55899999999998
2022-01-15,725.0,2.14,30.4,2.52,30.4,0,30.7,30.214285714285715,725.0,0,723.6666666666666,786.5714285714286,0.010000000000000231,2.526666666666667,0.0,2.1233333333333335,1551.5,76.60799999999999
2022-01-16,355.0,2.1,29.4,2.5,29.4,0,30.233333333333334,30.485714285714288,355.0,0,599.6666666666666,733.8571428571429,-0.020000000000000018,2.51,-0.040000000000000036,2.126666666666667,745.5,73.5
2022-01-17,562.0,2.24,9.6,2.51,9.6,0,23.13333333333333,27.428571428571427,562.0,0,547.3333333333334,700.0,0.009999999999999787,2.51,0.14000000000000012,2.16,1258.88,24.095999999999997
2022-01-18,433.0,2.22,12.3,2.59,12.3,0,17.1,25.085714285714285,433.0,0,450.0,665.8571428571429,0.08000000000000007,2.533333333333333,-0.020000000000000018,2.186666666666667,961.2600000000001,31.857
2022-01-19,509.0,2.23,10.1,2.61,10.1,0,10.666666666666666,21.928571428571427,509.0,0,501.3333333333333,575.7142857142857,0.020000000000000018,2.57,0.009999999999999787,2.2300000000000004,1135.07,26.360999999999997
2022-01-20,263.0,2.25,4.6,2.65,4.6,0,9.0,18.185714285714287,263.0,0,401.6666666666667,509.42857142857144,0.040000000000000036,2.6166666666666667,0.020000000000000018,2.233333333333334,591.75,12.19
2022-01-21,439.0,2.36,4.8,2.66,4.8,0,6.5,14.457142857142857,439.0,0,403.6666666666667,469.42857142857144,0.010000000000000231,2.64,0.10999999999999988,2.28,1036.04,12.768
2022-01-22,352.0,2.33,5.4,2.68,5.4,0,4.933333333333334,10.885714285714284,352.0,0,351.3333333333333,416.14285714285717,0.020000000000000018,2.6633333333333336,-0.029999999999999805,2.313333333333333,820.1600000000001,14.472000000000001
2022-01-23,236.0,2.36,5.1,2.69,5.1,0,5.1000000000000005,7.4142857142857155,236.0,0,342.3333333333333,399.14285714285717,0.009999999999999787,2.6766666666666663,0.029999999999999805,2.3499999999999996,556.9599999999999,13.719
2022-01-24,396.0,2.51,28.0,2.76,28.0,0,12.833333333333334,10.042857142857143,396.0,0,328.0,375.42857142857144,0.06999999999999984,2.7099999999999995,0.1499999999999999,2.4,993.9599999999999,77.28
2022-01-25,615.0,2.53,32.8,2.75,32.8,0,21.96666666666667,12.97142857142857,615.0,0,415.6666666666667,401.42857142857144,-0.009999999999999787,2.733333333333333,0.020000000000000018,2.4666666666666663,1555.9499999999998,90.19999999999999
2022-01-26,626.0,2.44,32.0,2.75,32.0,0,30.933333333333334,16.099999999999998,626.0,0,545.6666666666666,418.14285714285717,0.0,2.7533333333333334,-0.08999999999999986,2.4933333333333327,1527.44,88.0
2022-01-27,733.0,2.44,36.6,2.72,36.6,0,33.800000000000004,20.67142857142857,733.0,0,658.0,485.2857142857143,-0.029999999999999805,2.74,0.0,2.4699999999999998,1788.52,99.552
2022-01-28,779.0,2.46,37.6,2.76,37.6,0,35.4,25.357142857142858,779.0,0,712.6666666666666,533.8571428571429,0.03999999999999959,2.7433333333333336,0.020000000000000018,2.4466666666666668,1916.34,103.776
2022-01-29,929.0,2.44,35.1,2.74,35.1,0,36.43333333333334,29.599999999999998,929.0,0,813.6666666666666,616.2857142857143,-0.019999999999999574,2.74,-0.020000000000000018,2.4466666666666668,2266.7599999999998,96.174
2022-01-30,813.0,2.45,34.9,2.75,34.9,0,35.86666666666667,33.857142857142854,813.0,0,840.3333333333334,698.7142857142857,0.009999999999999787,2.75,0.010000000000000231,2.4499999999999997,1991.8500000000001,95.975
2022-01-31,780.0,2.44,11.1,2.76,11.1,0,27.03333333333333,31.442857142857143,780.0,0,840.6666666666666,753.5714285714286,0.009999999999999787,2.75,-0.010000000000000231,2.4433333333333334,1903.2,30.635999999999996
2022-02-01,537.0,2.49,11.0,2.82,11.0,0,19.0,28.328571428571426,537.0,0,710.0,742.4285714285714,0.06000000000000005,2.776666666666667,0.050000000000000266,2.4600000000000004,1337.13,31.02
2022-02-02,525.0,2.54,8.9,2.81,8.9,0,10.333333333333334,25.02857142857143,525.0,0,614.0,728.0,-0.009999999999999787,2.796666666666667,0.04999999999999982,2.4899999999999998,1333.5,25.009
2022-02-03,496.0,2.52,9.2,2.83,9.2,0,9.7,21.114285714285717,496.0,0,519.3333333333334,694.1428571428571,0.020000000000000018,2.8200000000000003,-0.020000000000000018,2.516666666666667,1249.92,26.035999999999998
2022-02-04,578.0,2.58,8.8,2.86,8.8,0,8.966666666666667,17.0,578.0,0,533.0,665.4285714285714,0.029999999999999805,2.8333333333333335,0.06000000000000005,2.546666666666667,1491.24,25.168
2022-02-05,666.0,2.55,11.6,2.86,11.6,0,9.866666666666667,13.642857142857142,666.0,0,580.0,627.8571428571429,0.0,2.85,-0.03000000000000025,2.5500000000000003,1698.3,33.175999999999995
2022-02-06,767.0,2.52,11.9,2.86,11.9,0,10.766666666666666,10.357142857142858,767.0,0,670.3333333333334,621.2857142857143,0.0,2.86,-0.029999999999999805,2.5500000000000003,1932.84,34.034
2022-02-07,699.0,2.44,32.6,2.84,32.6,0,18.700000000000003,13.428571428571429,699.0,0,710.6666666666666,609.7142857142857,-0.020000000000000018,2.8533333333333335,-0.08000000000000007,2.5033333333333334,1705.56,92.584
2022-02-08,832.0,2.47,41.2,2.82,41.2,0,28.566666666666674,17.74285714285714,832.0,0,766.0,651.8571428571429,-0.020000000000000018,2.84,0.03000000000000025,2.4766666666666666,2055.04,116.184
2022-02-09,1110.0,2.56,45.4,2.82,45.4,0,39.733333333333334,22.957142857142856,1110.0,0,880.3333333333334,735.4285714285714,0.0,2.8266666666666667,0.08999999999999986,2.49,2841.6,128.028
2022-02-10,1190.0,2.43,41.1,2.79,41.1,0,42.56666666666667,27.514285714285712,1190.0,0,1044.0,834.5714285714286,-0.029999999999999805,2.81,-0.1299999999999999,2.486666666666667,2891.7000000000003,114.66900000000001
2022-02-11,956.0,2.33,41.1,2.72,41.1,0,42.53333333333334,32.128571428571426,956.0,0,1085.3333333333333,888.5714285714286,-0.06999999999999984,2.776666666666667,-0.10000000000000009,2.44,2227.48,111.79200000000002
2022-02-12,808.0,2.32,39.9,2.69,39.9,0,40.70000000000001,36.17142857142857,808.0,0,984.6666666666666,908.8571428571429,-0.03000000000000025,2.733333333333333,-0.010000000000000231,2.36,1874.56,107.33099999999999
2022-02-13,680.0,2.33,38.5,2.67,38.5,0,39.833333333333336,39.971428571428575,680.0,0,814.6666666666666,896.4285714285714,-0.020000000000000018,2.6933333333333334,0.010000000000000231,2.3266666666666667,1584.4,102.795
2022-02-14,620.0,2.4,35.9,2.67,35.9,0,38.1,40.44285714285714,620.0,0,702.6666666666666,885.1428571428571,0.0,2.6766666666666663,0.06999999999999984,2.35,1488.0,95.853
2022-02-15,511.0,2.38,9.8,2.67,9.8,0,28.066666666666666,35.95714285714286,511.0,0,603.6666666666666,839.2857142857143,0.0,2.67,-0.020000000000000018,2.37,1216.1799999999998,26.166
2022-02-16,582.0,2.48,15.7,2.74,15.7,0,20.46666666666667,31.714285714285715,582.0,0,571.0,763.8571428571429,0.07000000000000028,2.6933333333333334,0.10000000000000009,2.42,1443.36,43.018
2022-02-17,369.0,2.41,7.3,2.75,7.3,0,10.933333333333335,26.885714285714283,369.0,0,487.3333333333333,646.5714285714286,0.009999999999999787,2.72,-0.06999999999999984,2.4233333333333333,889.2900000000001,20.075
2022-02-18,430.0,2.52,3.4,2.77,3.4,0,8.800000000000002,21.499999999999996,430.0,0,460.3333333333333,571.4285714285714,0.020000000000000018,2.753333333333334,0.10999999999999988,2.47,1083.6,9.418
2022-02-19,440.0,2.55,1.8,2.81,1.8,0,4.166666666666669,16.057142857142857,440.0,0,413.0,518.8571428571429,0.040000000000000036,2.776666666666667,0.029999999999999805,2.493333333333333,1122.0,5.058
2022-02-20,533.0,2.65,7.9,2.83,7.9,0,4.36666666666667,11.685714285714285,533.0,0,467.6666666666667,497.85714285714283,0.020000000000000018,2.8033333333333332,0.10000000000000009,2.5733333333333337,1412.45,22.357000000000003
2022-02-21,898.0,2.68,6.2,2.83,6.2,0,5.3000000000000025,7.442857142857142,898.0,0,623.6666666666666,537.5714285714286,0.0,2.8233333333333337,0.03000000000000025,2.6266666666666665,2406.6400000000003,17.546
2022-02-22,730.0,2.48,30.8,2.82,30.8,0,14.966666666666669,10.442857142857141,730.0,0,720.3333333333334,568.8571428571429,-0.010000000000000231,2.8266666666666667,-0.20000000000000018,2.6033333333333335,1810.4,86.856
2022-02-23,782.0,2.48,35.5,2.75,35.5,0,24.166666666666668,13.27142857142857,782.0,0,803.3333333333334,597.4285714285714,-0.06999999999999984,2.7999999999999994,0.0,2.5466666666666664,1939.36,97.625
2022-02-24,1020.0,2.49,38.0,2.73,38.0,0,34.76666666666667,17.657142857142855,1020.0,0,844.0,690.4285714285714,-0.020000000000000018,2.766666666666666,0.010000000000000231,2.4833333333333334,2539.8,103.74
2022-02-25,1140.0,2.37,37.4,2.68,37.4,0,36.96666666666667,22.514285714285712,1140.0,0,980.6666666666666,791.8571428571429,-0.04999999999999982,2.72,-0.1200000000000001,2.4466666666666668,2701.8,100.232
2022-02-26,1130.0,2.25,33.5,2.65,33.5,0,36.300000000000004,27.042857142857144,1130.0,0,1096.6666666666667,890.4285714285714,-0.03000000000000025,2.686666666666667,-0.1200000000000001,2.37,2542.5,88.77499999999999
2022-02-27,809.0,2.11,32.4,2.61,32.4,0,34.43333333333334,30.542857142857144,809.0,0,1026.3333333333333,929.8571428571429,-0.040000000000000036,2.6466666666666665,-0.14000000000000012,2.2433333333333336,1706.99,84.564
2022-02-28,737.0,2.3,34.5,2.57,34.5,0,33.46666666666667,34.58571428571428,737.0,0,892.0,906.8571428571429,-0.040000000000000036,2.61,0.18999999999999995,2.22,1695.1,88.66499999999999
2022-03-01,481.0,2.23,32.7,2.64,32.7,0,33.199999999999996,34.857142857142854,481.0,0,675.6666666666666,871.2857142857143,0.07000000000000028,2.6066666666666665,-0.06999999999999984,2.2133333333333334,1072.6299999999999,86.32800000000002
2022-03-02,419.0,2.3,14.3,2.61,14.3,0,27.16666666666667,31.82857142857143,419.0,0,545.6666666666666,819.4285714285714,-0.03000000000000025,2.606666666666667,0.06999999999999984,2.2766666666666664,963.6999999999999,37.323
2022-03-03,552.0,2.44,9.5,2.71,9.5,0,18.83333333333334,27.75714285714286,552.0,0,484.0,752.5714285714286,0.10000000000000009,2.653333333333333,0.14000000000000012,2.323333333333333,1346.8799999999999,25.745
2022-03-04,419.0,2.4,3.2,2.77,3.2,0,9.000000000000002,22.87142857142857,419.0,0,463.3333333333333,649.5714285714286,0.06000000000000005,2.6966666666666668,-0.040000000000000036,2.38,1005.5999999999999,8.864
2022-03-05,362.0,2.46,7.3,2.81,7.3,0,6.666666666666669,19.12857142857143,362.0,0,444.3333333333333,539.8571428571429,0.040000000000000036,2.7633333333333336,0.06000000000000005,2.433333333333333,890.52,20.512999999999998
2022-03-06,522.0,2.55,7.7,2.83,7.7,0,6.066666666666669,15.599999999999998,522.0,0,434.3333333333333,498.85714285714283,0.020000000000000018,2.8033333333333332,0.08999999999999986,2.4699999999999998,1331.1,21.791
2022-03-07,657.0,2.51,7.9,2.83,7.9,0,7.633333333333336,11.799999999999999,657.0,0,513.6666666666666,487.42857142857144,0.0,2.8233333333333337,-0.040000000000000036,2.5066666666666664,1649.07,22.357000000000003
2022-03-08,650.0,2.46,8.5,2.84,8.5,0,8.033333333333337,8.342857142857142,650.0,0,609.6666666666666,511.57142857142856,0.009999999999999787,2.8333333333333335,-0.04999999999999982,2.5066666666666664,1599.0,24.14
2022-03-09,709.0,2.45,34.5,2.81,34.5,0,16.96666666666667,11.228571428571428,709.0,0,672.0,553.0,-0.029999999999999805,2.8266666666666667,-0.009999999999999787,2.473333333333333,1737.0500000000002,96.94500000000001
2022-03-10,929.0,2.41,38.8,2.75,38.8,0,27.26666666666667,15.414285714285713,929.0,0,762.6666666666666,606.8571428571429,-0.06000000000000005,2.7999999999999994,-0.040000000000000036,2.44,2238.8900000000003,106.69999999999999
2022-03-11,1040.0,2.32,44.2,2.68,44.2,0,39.166666666666664,21.27142857142857,1040.0,0,892.6666666666666,695.5714285714286,-0.06999999999999984,2.7466666666666666,-0.0900000000000003,2.393333333333333,2412.7999999999997,118.45600000000002
2022-03-12,1000.0,2.26,35.2,2.64,35.2,0,39.400000000000006,25.257142857142856,1000.0,0,989.6666666666666,786.7142857142857,-0.040000000000000036,2.69,-0.06000000000000005,2.33,2260.0,92.92800000000001
2022-03-13,898.0,2.21,29.1,2.61,29.1,0,36.16666666666667,28.314285714285713,898.0,0,979.3333333333334,840.4285714285714,-0.03000000000000025,2.643333333333333,-0.04999999999999982,2.263333333333333,1984.58,75.951
2022-03-14,540.0,2.16,40.2,2.59,40.2,0,34.833333333333336,32.92857142857143,540.0,0,812.6666666666666,823.7142857142857,-0.020000000000000018,2.6133333333333333,-0.04999999999999982,2.2099999999999995,1166.4,104.118
2022-03-15,500.0,2.3,35.2,2.55,35.2,0,34.833333333333336,36.74285714285714,500.0,0,646.0,802.2857142857143,-0.040000000000000036,2.5833333333333335,0.13999999999999968,2.223333333333333,1150.0,89.76
2022-03-16,477.0,2.33,34.7,2.57,34.7,0,36.7,36.771428571428565,477.0,0,505.6666666666667,769.1428571428571,0.020000000000000018,2.57,0.03000000000000025,2.2633333333333336,1111.41,89.179
2022-03-17,174.0,2.33,11.1,2.59,11.1,0,27.0,32.81428571428571,174.0,0,383.6666666666667,661.2857142857143,0.020000000000000018,2.57,0.0,2.3200000000000003,405.42,28.749
2022-03-18,392.0,2.57,6.6,2.72,6.6,0,17.46666666666667,27.442857142857143,392.0,0,347.6666666666667,568.7142857142857,0.13000000000000034,2.626666666666667,0.23999999999999977,2.4099999999999997,1007.4399999999999,17.952
2022-03-19,308.0,2.61,6.2,2.82,6.2,0,7.966666666666669,23.3,308.0,0,291.3333333333333,469.85714285714283,0.09999999999999964,2.7099999999999995,0.040000000000000036,2.5033333333333334,803.88,17.483999999999998
2022-03-20,446.0,2.66,-8.2,2.84,8.2,1,1.5333333333333357,17.971428571428568,446.0,0,382.0,405.2857142857143,0.020000000000000018,2.793333333333333,0.050000000000000266,2.6133333333333333,1186.3600000000001,-23.287999999999997
2022-03-21,528.0,2.67,-7.3,2.88,7.3,1,-3.099999999999998,11.185714285714285,528.0,0,427.3333333333333,403.57142857142856,0.040000000000000036,2.8466666666666662,0.009999999999999787,2.6466666666666665,1409.76,-21.023999999999997
2022-03-22,748.0,2.89,2.5,3.02,2.5,0,-4.333333333333331,6.5142857142857125,748.0,0,574.0,439.0,0.14000000000000012,2.9133333333333336,0.2200000000000002,2.74,2161.7200000000003,7.55
2022-03-23,1050.0,3.08,20.6,3.13,20.6,0,5.266666666666669,4.499999999999998,1050.0,0,775.3333333333334,520.8571428571429,0.10999999999999988,3.01,0.18999999999999995,2.8800000000000003,3234.0,64.47800000000001
2022-03-24,977.0,2.81,40.5,2.99,40.5,0,21.200000000000003,8.699999999999998,977.0,0,925.0,635.5714285714286,-0.13999999999999968,3.046666666666667,-0.27,2.926666666666667,2745.37,121.09500000000001
2022-03-25,1160.0,2.61,35.5,2.87,35.5,0,32.2,12.828571428571426,1160.0,0,1062.3333333333333,745.2857142857143,-0.1200000000000001,2.9966666666666666,-0.20000000000000018,2.8333333333333335,3027.6,101.885
2022-03-26,1070.0,2.55,42.1,2.91,42.1,0,39.36666666666667,17.957142857142856,1070.0,0,1069.0,854.1428571428571,0.040000000000000036,2.9233333333333333,-0.06000000000000005,2.6566666666666667,2728.5,122.51100000000001
2022-03-27,1230.0,2.57,46.5,2.77,46.5,0,41.36666666666667,25.771428571428572,1230.0,0,1153.3333333333333,966.1428571428571,-0.14000000000000012,2.85,0.020000000000000018,2.5766666666666667,3161.1,128.805
2022-03-28,858.0,2.47,48.9,2.72,48.9,0,45.833333333333336,33.8,858.0,0,1052.6666666666667,1013.2857142857143,-0.04999999999999982,2.8000000000000003,-0.09999999999999964,2.53,2119.26,133.008
2022-03-29,777.0,2.46,39.8,2.7,39.8,0,45.06666666666666,39.128571428571426,777.0,0,955.0,1017.4285714285714,-0.020000000000000018,2.7300000000000004,-0.010000000000000231,2.5,1911.42,107.46
2022-03-30,660.0,2.51,40.6,2.74,40.6,0,43.1,41.98571428571428,660.0,0,765.0,961.7142857142857,0.040000000000000036,2.72,0.04999999999999982,2.48,1656.6,111.24400000000001
2022-03-31,540.0,2.51,14.6,2.76,14.6,0,31.666666666666668,38.285714285714285,540.0,0,659.0,899.2857142857143,0.019999999999999574,2.733333333333333,0.0,2.493333333333333,1355.3999999999999,40.296
2022-04-01,583.0,2.66,13.3,2.87,13.3,0,22.83333333333334,35.114285714285714,583.0,0,594.3333333333334,816.8571428571429,0.11000000000000032,2.7900000000000005,0.15000000000000036,2.56,1550.78,38.17100000000001
2022-04-02,650.0,2.67,12.8,2.87,12.8,0,13.56666666666667,30.928571428571427,650.0,0,591.0,756.8571428571429,0.0,2.8333333333333335,0.009999999999999787,2.6133333333333333,1735.5,36.736000000000004
2022-04-03,653.0,2.61,11.9,2.89,11.9,0,12.66666666666667,25.985714285714284,653.0,0,628.6666666666666,674.4285714285714,0.020000000000000018,2.876666666666667,-0.06000000000000005,2.6466666666666665,1704.33,34.391000000000005
2022-04-04,670.0,2.61,11.3,2.93,11.3,0,12.000000000000005,20.61428571428571,670.0,0,657.6666666666666,647.5714285714286,0.040000000000000036,2.8966666666666665,0.0,2.63,1748.6999999999998,33.109
2022-04-05,729.0,2.55,11.8,2.9,11.8,0,11.66666666666667,16.61428571428571,729.0,0,684.0,640.7142857142857,-0.03000000000000025,2.9066666666666667,-0.06000000000000005,2.59,1858.9499999999998,34.22
2022-04-06,765.0,2.51,13.3,2.89,13.3,0,12.133333333333335,12.714285714285714,765.0,0,721.3333333333334,655.7142857142857,-0.009999999999999787,2.9066666666666667,-0.040000000000000036,2.5566666666666666,1920.1499999999999,38.437000000000005
2022-04-07,828.0,2.48,26.2,2.84,26.2,0,17.100000000000005,14.37142857142857,828.0,0,774.0,696.8571428571429,-0.050000000000000266,2.876666666666667,-0.029999999999999805,2.513333333333333,2053.44,74.408
2022-04-08,967.0,2.45,28.4,2.79,28.4,0,22.633333333333336,16.52857142857143,967.0,0,853.3333333333334,751.7142857142857,-0.04999999999999982,2.84,-0.029999999999999805,2.48,2369.15,79.23599999999999
2022-04-09,1100.0,2.37,29.0,2.75,29.0,0,27.86666666666667,18.842857142857138,1100.0,0,965.0,816.0,-0.040000000000000036,2.793333333333333,-0.08000000000000007,2.4333333333333336,2607.0,79.75
2022-04-10,976.0,2.26,31.2,2.71,31.2,0,29.53333333333333,21.599999999999998,976.0,0,1014.3333333333334,862.1428571428571,-0.040000000000000036,2.75,-0.11000000000000032,2.36,2205.7599999999998,84.55199999999999
2022-04-11,942.0,2.25,30.4,2.66,30.4,0,30.200000000000003,24.328571428571426,942.0,0,1006.0,901.0,-0.04999999999999982,2.706666666666667,-0.009999999999999787,2.2933333333333334,2119.5,80.864
2022-04-12,708.0,2.23,27.1,2.65,27.1,0,29.566666666666674,26.514285714285712,708.0,0,875.3333333333334,898.0,-0.010000000000000231,2.6733333333333333,-0.020000000000000018,2.2466666666666666,1578.84,71.815
2022-04-13,481.0,2.3,18.7,2.64,18.7,0,25.400000000000002,27.28571428571428,481.0,0,710.3333333333334,857.4285714285714,-0.009999999999999787,2.65,0.06999999999999984,2.2600000000000002,1106.3,49.368
2022-04-14,900.0,2.54,24.9,2.79,24.9,0,23.566666666666666,27.099999999999998,900.0,0,696.3333333333334,867.7142857142857,0.1499999999999999,2.6933333333333334,0.2400000000000002,2.3566666666666665,2286.0,69.471
2022-04-15,689.0,2.97,10.6,3.07,10.6,0,18.066666666666666,24.557142857142853,689.0,0,690.0,828.0,0.2799999999999998,2.8333333333333335,0.43000000000000016,2.6033333333333335,2046.3300000000002,32.541999999999994
2022-04-16,684.0,2.91,14.2,2.94,14.2,0,16.566666666666666,22.442857142857143,684.0,0,757.6666666666666,768.5714285714286,-0.1299999999999999,2.933333333333333,-0.06000000000000005,2.8066666666666666,1990.44,41.748
2022-04-17,724.0,2.75,9.2,2.88,9.2,0,11.333333333333336,19.299999999999994,724.0,0,699.0,732.5714285714286,-0.06000000000000005,2.9633333333333334,-0.16000000000000014,2.876666666666667,1991.0,26.496
2022-04-18,502.0,2.65,12.6,2.87,12.6,0,12.0,16.757142857142856,502.0,0,636.6666666666666,669.7142857142857,-0.009999999999999787,2.8966666666666665,-0.10000000000000009,2.7699999999999996,1330.3,36.162
2022-04-19,540.0,2.61,7.4,2.85,7.4,0,9.733333333333336,13.94285714285714,540.0,0,588.6666666666666,645.7142857142857,-0.020000000000000018,2.866666666666667,-0.040000000000000036,2.67,1409.3999999999999,21.090000000000003
2022-04-20,548.0,2.62,12.4,2.85,12.4,0,10.800000000000002,13.042857142857141,548.0,0,530.0,655.2857142857143,0.0,2.856666666666667,0.010000000000000231,2.6266666666666665,1435.76,35.34
2022-04-21,729.0,2.55,12.4,2.82,12.4,0,10.733333333333336,11.257142857142854,729.0,0,605.6666666666666,630.8571428571429,-0.03000000000000025,2.84,-0.07000000000000028,2.5933333333333333,1858.9499999999998,34.967999999999996
2022-04-22,756.0,2.51,32.1,2.81,32.1,0,18.966666666666672,14.328571428571426,756.0,0,677.6666666666666,640.4285714285714,-0.009999999999999787,2.8266666666666667,-0.040000000000000036,2.56,1897.56,90.20100000000001
2022-04-23,864.0,2.44,30.5,2.73,30.5,0,25.000000000000004,16.657142857142855,864.0,0,783.0,666.1428571428571,-0.08000000000000007,2.7866666666666666,-0.06999999999999984,2.4999999999999996,2108.16,83.265
2022-04-24,937.0,2.51,25.0,2.75,25.0,0,29.200000000000003,18.91428571428571,937.0,0,852.3333333333334,696.5714285714286,0.020000000000000018,2.763333333333333,0.06999999999999984,2.4866666666666664,2351.87,68.75
2022-04-25,768.0,2.39,32.4,2.7,32.4,0,29.3,21.74285714285714,768.0,0,856.3333333333334,734.5714285714286,-0.04999999999999982,2.7266666666666666,-0.11999999999999966,2.4466666666666668,1835.52,87.48
2022-04-26,805.0,2.45,24.6,2.68,24.6,0,27.333333333333332,24.199999999999996,805.0,0,836.6666666666666,772.4285714285714,-0.020000000000000018,2.7100000000000004,0.06000000000000005,2.4499999999999997,1972.2500000000002,65.92800000000001
2022-04-27,555.0,2.43,24.6,2.66,24.6,0,27.200000000000003,25.94285714285714,555.0,0,709.3333333333334,773.4285714285714,-0.020000000000000018,2.68,-0.020000000000000018,2.4233333333333333,1348.65,65.436
2022-04-28,487.0,2.53,26.2,2.65,26.2,0,25.133333333333336,27.91428571428571,487.0,0,615.6666666666666,738.8571428571429,-0.010000000000000231,2.6633333333333336,0.09999999999999964,2.47,1232.11,69.42999999999999
2022-04-29,411.0,2.56,25.6,2.68,25.6,0,25.46666666666667,26.985714285714284,411.0,0,484.3333333333333,689.5714285714286,0.03000000000000025,2.6633333333333336,0.03000000000000025,2.5066666666666664,1052.16,68.608
2022-04-30,580.0,2.71,11.0,2.74,11.0,0,20.933333333333337,24.199999999999996,580.0,0,492.6666666666667,649.0,0.06000000000000005,2.69,0.1499999999999999,2.6,1571.8,30.14
2022-05-01,554.0,2.57,8.1,2.77,8.1,0,14.9,21.78571428571428,554.0,0,515.0,594.2857142857143,0.029999999999999805,2.7300000000000004,-0.14000000000000012,2.6133333333333333,1423.78,22.436999999999998
2022-05-02,615.0,2.59,13.5,2.81,13.5,0,10.866666666666669,19.085714285714285,615.0,0,583.0,572.4285714285714,0.040000000000000036,2.7733333333333334,0.020000000000000018,2.623333333333333,1592.85,37.935
2022-05-03,506.0,2.51,9.6,2.8,9.6,0,10.400000000000002,16.942857142857143,506.0,0,558.3333333333334,529.7142857142857,-0.010000000000000231,2.7933333333333334,-0.08000000000000007,2.5566666666666666,1270.06,26.88
2022-05-04,597.0,2.57,10.7,2.82,10.7,0,11.266666666666671,14.957142857142856,597.0,0,572.6666666666666,535.7142857142857,0.020000000000000018,2.81,0.06000000000000005,2.556666666666666,1534.29,30.173999999999996
2022-05-05,539.0,2.5,13.5,2.8,13.5,0,11.266666666666671,13.14285714285714,539.0,0,547.3333333333334,543.1428571428571,-0.020000000000000018,2.806666666666666,-0.06999999999999984,2.526666666666667,1347.5,37.8
2022-05-06,566.0,2.53,6.4,2.79,6.4,0,10.200000000000003,10.399999999999997,566.0,0,567.3333333333334,565.2857142857143,-0.009999999999999787,2.8033333333333332,0.029999999999999805,2.533333333333333,1431.9799999999998,17.856
2022-05-07,566.0,2.5,26.1,2.77,26.1,0,15.333333333333337,12.557142857142855,566.0,0,557.0,563.2857142857143,-0.020000000000000018,2.7866666666666666,-0.029999999999999805,2.51,1415.0,72.29700000000001
2022-05-08,735.0,2.49,30.6,2.72,30.6,0,21.033333333333335,15.771428571428569,735.0,0,622.3333333333334,589.1428571428571,-0.04999999999999982,2.7600000000000002,-0.009999999999999787,2.5066666666666664,1830.15,83.23200000000001
2022-05-09,726.0,2.45,25.6,2.7,25.6,0,27.433333333333337,17.499999999999996,726.0,0,675.6666666666666,605.0,-0.020000000000000018,2.7300000000000004,-0.040000000000000036,2.4800000000000004,1778.7,69.12
2022-05-10,723.0,2.43,29.2,2.7,29.2,0,28.46666666666667,20.3,723.0,0,728.0,636.0,0.0,2.706666666666667,-0.020000000000000018,2.456666666666667,1756.89,78.84
2022-05-11,691.0,2.4,27.3,2.67,27.3,0,27.36666666666667,22.67142857142857,691.0,0,713.3333333333334,649.4285714285714,-0.03000000000000025,2.69,-0.03000000000000025,2.426666666666667,1658.3999999999999,72.891
2022-05-12,538.0,2.4,25.1,2.67,25.1,0,27.200000000000003,24.32857142857143,538.0,0,650.6666666666666,649.2857142857143,0.0,2.6799999999999997,0.0,2.4099999999999997,1291.2,67.017
2022-05-13,491.0,2.43,19.4,2.67,19.4,0,23.933333333333337,26.185714285714287,491.0,0,573.3333333333334,638.5714285714286,0.0,2.67,0.03000000000000025,2.41,1193.13,51.797999999999995
2022-05-14,420.0,2.53,25.3,2.74,25.3,0,23.26666666666667,26.071428571428566,420.0,0,483.0,617.7142857142857,0.07000000000000028,2.6933333333333334,0.09999999999999964,2.453333333333333,1062.6,69.322
2022-05-15,533.0,2.55,6.1,2.71,6.1,0,16.933333333333337,22.571428571428566,533.0,0,481.3333333333333,588.8571428571429,-0.03000000000000025,2.706666666666667,0.020000000000000018,2.5033333333333334,1359.1499999999999,16.531
2022-05-16,452.0,2.55,8.4,2.75,8.4,0,13.266666666666671,20.11428571428571,452.0,0,468.3333333333333,549.7142857142857,0.040000000000000036,2.733333333333333,0.0,2.5433333333333334,1152.6,23.1
2022-05-17,409.0,2.51,5.6,2.76,5.6,0,6.700000000000003,16.74285714285714,409.0,0,464.6666666666667,504.85714285714283,0.009999999999999787,2.7399999999999998,-0.040000000000000036,2.5366666666666666,1026.59,15.455999999999998
2022-05-18,304.0,2.58,8.8,2.77,8.8,0,7.600000000000004,14.099999999999998,304.0,0,388.3333333333333,449.57142857142856,0.010000000000000231,2.76,0.07000000000000028,2.5466666666666664,784.32,24.376
2022-05-19,317.0,2.54,6.0,2.76,6.0,0,6.800000000000004,11.37142857142857,317.0,0,343.3333333333333,418.0,-0.010000000000000231,2.763333333333333,-0.040000000000000036,2.5433333333333334,805.1800000000001,16.56
2022-05-20,371.0,2.59,9.2,2.77,9.2,0,8.000000000000004,9.914285714285713,371.0,0,330.6666666666667,400.85714285714283,0.010000000000000231,2.766666666666667,0.04999999999999982,2.57,960.89,25.483999999999998
2022-05-21,465.0,2.57,14.1,2.76,14.1,0,9.766666666666671,8.314285714285713,465.0,0,384.3333333333333,407.2857142857143,-0.010000000000000231,2.763333333333333,-0.020000000000000018,2.5666666666666664,1195.05,38.916
2022-05-22,504.0,2.57,24.8,2.74,24.8,0,16.033333333333335,10.985714285714284,504.0,0,446.6666666666667,403.14285714285717,-0.019999999999999574,2.7566666666666664,0.0,2.5766666666666667,1295.28,67.95200000000001
2022-05-23,485.0,2.47,29.6,2.7,29.6,0,22.833333333333332,14.01428571428571,485.0,0,484.6666666666667,407.85714285714283,-0.040000000000000036,2.733333333333333,-0.09999999999999964,2.5366666666666666,1197.95,79.92000000000002
2022-05-24,458.0,2.45,27.4,2.68,27.4,0,27.26666666666667,17.128571428571426,458.0,0,482.3333333333333,414.85714285714283,-0.020000000000000018,2.706666666666667,-0.020000000000000018,2.4966666666666666,1122.1000000000001,73.432
2022-05-25,536.0,2.45,26.7,2.66,26.7,0,27.900000000000002,19.685714285714283,536.0,0,493.0,448.0,-0.020000000000000018,2.68,0.0,2.456666666666667,1313.2,71.022
2022-05-26,468.0,2.42,25.6,2.68,25.6,0,26.566666666666666,22.485714285714284,468.0,0,487.3333333333333,469.57142857142856,0.020000000000000018,2.6733333333333333,-0.03000000000000025,2.44,1132.56,68.608
2022-05-27,542.0,2.44,22.2,2.69,22.2,0,24.833333333333332,24.342857142857138,542.0,0,515.3333333333334,494.0,0.009999999999999787,2.676666666666667,0.020000000000000018,2.436666666666667,1322.48,59.717999999999996
2022-05-28,447.0,2.45,23.3,2.69,23.3,0,23.700000000000003,25.65714285714285,447.0,0,485.6666666666667,491.42857142857144,0.0,2.686666666666667,0.010000000000000231,2.4366666666666665,1095.15,62.677
2022-05-29,553.0,2.47,10.1,2.68,10.1,0,18.533333333333335,23.557142857142857,553.0,0,514.0,498.42857142857144,-0.009999999999999787,2.686666666666667,0.020000000000000018,2.4533333333333336,1365.91,27.068
2022-05-30,362.0,2.6,9.1,2.74,9.1,0,14.16666666666667,20.628571428571426,362.0,0,454.0,480.85714285714283,0.06000000000000005,2.7033333333333336,0.1299999999999999,2.506666666666667,941.2,24.934
2022-05-31,462.0,2.68,5.7,2.73,5.7,0,8.300000000000002,17.52857142857143,462.0,0,459.0,481.42857142857144,-0.010000000000000231,2.716666666666667,0.08000000000000007,2.5833333333333335,1238.16,15.561
2022-06-01,408.0,2.65,12.5,2.74,12.5,0,9.100000000000001,15.5,408.0,0,410.6666666666667,463.14285714285717,0.010000000000000231,2.736666666666667,-0.03000000000000025,2.643333333333333,1081.2,34.25
2022-06-02,276.0,2.6,5.4,2.72,5.4,0,7.866666666666668,12.614285714285712,276.0,0,382.0,435.7142857142857,-0.020000000000000018,2.7300000000000004,-0.04999999999999982,2.643333333333333,717.6,14.688000000000002
2022-06-03,289.0,2.59,2.9,2.75,2.9,0,6.9333333333333345,9.857142857142856,289.0,0,324.3333333333333,399.57142857142856,0.029999999999999805,2.736666666666667,-0.010000000000000231,2.6133333333333333,748.51,7.975
2022-06-04,298.0,2.59,10.3,2.76,10.3,0,6.200000000000003,7.999999999999998,298.0,0,287.6666666666667,378.2857142857143,0.009999999999999787,2.7433333333333336,0.0,2.5933333333333333,771.8199999999999,28.428
2022-06-05,641.0,2.59,18.9,2.76,18.9,0,10.700000000000003,9.257142857142854,641.0,0,409.3333333333333,390.85714285714283,0.0,2.7566666666666664,0.0,2.59,1660.1899999999998,52.163999999999994
2022-06-06,948.0,2.84,39.0,2.97,39.0,0,22.733333333333338,13.528571428571427,948.0,0,629.0,474.57142857142856,0.2100000000000004,2.8299999999999996,0.25,2.6733333333333333,2692.3199999999997,115.83000000000001
2022-06-07,699.0,2.89,42.3,2.84,42.3,0,33.4,18.757142857142856,699.0,0,762.6666666666666,508.42857142857144,-0.13000000000000034,2.856666666666667,0.050000000000000266,2.7733333333333334,2020.1100000000001,120.13199999999999
2022-06-08,662.0,2.75,43.8,2.77,43.8,0,41.7,23.228571428571424,662.0,0,769.6666666666666,544.7142857142857,-0.06999999999999984,2.86,-0.14000000000000012,2.8266666666666667,1820.5,121.326
2022-06-09,583.0,2.66,43.7,2.77,43.7,0,43.26666666666667,28.699999999999996,583.0,0,648.0,588.5714285714286,0.0,2.793333333333333,-0.08999999999999986,2.766666666666667,1550.78,121.049
2022-06-10,563.0,2.62,41.6,2.75,41.6,0,43.03333333333334,34.22857142857142,563.0,0,602.6666666666666,627.7142857142857,-0.020000000000000018,2.763333333333333,-0.040000000000000036,2.676666666666667,1475.0600000000002,114.4
2022-06-11,411.0,2.6,38.3,2.75,38.3,0,41.199999999999996,38.22857142857142,411.0,0,519.0,643.8571428571429,0.0,2.7566666666666664,-0.020000000000000018,2.626666666666667,1068.6000000000001,105.32499999999999
2022-06-12,465.0,2.64,41.3,2.75,41.3,0,40.400000000000006,41.42857142857143,465.0,0,479.6666666666667,618.7142857142857,0.0,2.75,0.040000000000000036,2.62,1227.6000000000001,113.57499999999999
2022-06-13,430.0,2.64,25.0,2.74,25.0,0,34.86666666666667,39.42857142857143,430.0,0,435.3333333333333,544.7142857142857,-0.009999999999999787,2.7466666666666666,0.0,2.626666666666667,1135.2,68.5
2022-06-14,301.0,2.71,18.0,2.83,18.0,0,28.100000000000005,35.95714285714285,301.0,0,398.6666666666667,487.85714285714283,0.08999999999999986,2.7733333333333334,0.06999999999999984,2.6633333333333336,815.71,50.94
2022-06-15,297.0,2.73,10.6,2.88,10.6,0,17.86666666666667,31.21428571428571,297.0,0,342.6666666666667,435.7142857142857,0.04999999999999982,2.8166666666666664,0.020000000000000018,2.6933333333333334,810.81,30.528
2022-06-16,240.0,2.77,10.7,2.88,10.7,0,13.100000000000001,26.499999999999996,240.0,0,279.3333333333333,386.7142857142857,0.0,2.8633333333333333,0.040000000000000036,2.7366666666666664,664.8,30.815999999999995
2022-06-17,385.0,2.72,7.3,2.87,7.3,0,9.533333333333335,21.599999999999994,385.0,0,307.3333333333333,361.2857142857143,-0.009999999999999787,2.8766666666666665,-0.04999999999999982,2.74,1047.2,20.951
2022-06-18,241.0,2.68,10.8,2.89,10.8,0,9.600000000000003,17.67142857142857,241.0,0,288.6666666666667,337.0,0.020000000000000018,2.8800000000000003,-0.040000000000000036,2.723333333333333,645.88,31.212000000000003
2022-06-19,335.0,2.66,13.2,2.84,13.2,0,10.433333333333335,13.657142857142855,335.0,0,320.3333333333333,318.42857142857144,-0.050000000000000266,2.8666666666666667,-0.020000000000000018,2.686666666666667,891.1,37.488
2022-06-20,357.0,2.68,37.9,2.88,37.9,0,20.633333333333336,15.499999999999998,357.0,0,311.0,308.0,0.040000000000000036,2.8699999999999997,0.020000000000000018,2.6733333333333333,956.7600000000001,109.15199999999999
2022-06-21,413.0,2.62,38.5,2.76,38.5,0,29.86666666666667,18.428571428571423,413.0,0,368.3333333333333,324.0,-0.1200000000000001,2.826666666666666,-0.06000000000000005,2.6533333333333338,1082.06,106.25999999999999
2022-06-22,522.0,2.6,42.3,2.73,42.3,0,39.56666666666667,22.957142857142856,522.0,0,430.6666666666667,356.14285714285717,-0.029999999999999805,2.7899999999999996,-0.020000000000000018,2.6333333333333333,1357.2,115.47899999999998
2022-06-23,768.0,2.54,46.3,2.72,46.3,0,42.36666666666667,28.04285714285714,768.0,0,567.6666666666666,431.57142857142856,-0.009999999999999787,2.736666666666667,-0.06000000000000005,2.5866666666666664,1950.72,125.936
2022-06-24,731.0,2.47,43.1,2.71,43.1,0,43.9,33.15714285714285,731.0,0,673.6666666666666,481.0,-0.010000000000000231,2.72,-0.06999999999999984,2.5366666666666666,1805.5700000000002,116.801
2022-06-25,747.0,2.5,42.9,2.79,42.9,0,44.1,37.74285714285713,747.0,0,748.6666666666666,553.2857142857143,0.08000000000000007,2.74,0.029999999999999805,2.5033333333333334,1867.5,119.691
2022-06-26,599.0,2.47,43.0,2.65,43.0,0,43.0,42.0,599.0,0,692.3333333333334,591.0,-0.14000000000000012,2.7166666666666663,-0.029999999999999805,2.4800000000000004,1479.5300000000002,113.95
2022-06-27,634.0,2.47,39.1,2.64,39.1,0,41.666666666666664,42.17142857142857,634.0,0,660.0,630.5714285714286,-0.009999999999999787,2.6933333333333334,0.0,2.48,1565.98,103.224
2022-06-28,513.0,2.48,16.8,2.67,16.8,0,32.96666666666667,39.07142857142857,513.0,0,582.0,644.8571428571429,0.029999999999999805,2.653333333333333,0.009999999999999787,2.473333333333333,1272.24,44.856
2022-06-29,394.0,2.43,0.4,2.69,0.4,0,18.76666666666667,33.08571428571428,394.0,0,513.6666666666666,626.5714285714286,0.020000000000000018,2.6666666666666665,-0.04999999999999982,2.46,957.4200000000001,1.076
2022-06-30,404.0,2.56,26.7,2.79,26.7,0,14.633333333333335,30.285714285714285,404.0,0,437.0,574.5714285714286,0.10000000000000009,2.7166666666666663,0.1299999999999999,2.49,1034.24,74.493
2022-07-01,438.0,2.6,11.2,2.85,11.2,0,12.766666666666667,25.728571428571424,438.0,0,412.0,532.7142857142857,0.06000000000000005,2.776666666666667,0.040000000000000036,2.53,1138.8,31.919999999999998
2022-07-02,267.0,2.63,13.6,2.84,13.6,0,17.166666666666668,21.542857142857144,267.0,0,369.6666666666667,464.14285714285717,-0.010000000000000231,2.8266666666666667,0.029999999999999805,2.5966666666666667,702.2099999999999,38.623999999999995
2022-07-03,330.0,2.63,11.4,2.81,11.4,0,12.066666666666668,17.02857142857143,330.0,0,345.0,425.7142857142857,-0.029999999999999805,2.8333333333333335,0.0,2.62,867.9,32.034
2022-07-04,292.0,2.64,12.5,2.83,12.5,0,12.500000000000002,13.228571428571428,292.0,0,296.3333333333333,376.85714285714283,0.020000000000000018,2.8266666666666667,0.010000000000000231,2.6333333333333333,770.88,35.375
2022-07-05,286.0,2.61,30.1,2.81,30.1,0,18.000000000000004,15.128571428571425,286.0,0,302.6666666666667,344.42857142857144,-0.020000000000000018,2.816666666666667,-0.03000000000000025,2.6266666666666665,746.4599999999999,84.581
2022-07-06,479.0,2.62,41.7,2.78,41.7,0,28.100000000000005,21.02857142857143,479.0,0,352.3333333333333,356.57142857142856,-0.03000000000000025,2.8066666666666666,0.010000000000000231,2.6233333333333335,1254.98,115.926
2022-07-07,437.0,2.55,39.7,2.72,39.7,0,37.16666666666667,22.885714285714283,437.0,0,400.6666666666667,361.2857142857143,-0.05999999999999961,2.77,-0.07000000000000028,2.5933333333333333,1114.35,107.98400000000001
2022-07-08,380.0,2.51,39.0,2.71,39.0,0,40.13333333333333,26.857142857142858,380.0,0,432.0,353.0,-0.010000000000000231,2.7366666666666664,-0.040000000000000036,2.56,953.8,105.69
2022-07-09,594.0,2.55,40.4,2.73,40.4,0,39.70000000000001,30.685714285714283,594.0,0,470.3333333333333,399.7142857142857,0.020000000000000018,2.72,0.040000000000000036,2.5366666666666666,1514.6999999999998,110.292
2022-07-10,453.0,2.45,42.8,2.72,42.8,0,40.73333333333333,35.17142857142857,453.0,0,475.6666666666667,417.2857142857143,-0.009999999999999787,2.72,-0.09999999999999964,2.5033333333333334,1109.8500000000001,116.416
2022-07-11,407.0,2.49,33.0,2.68,33.0,0,38.73333333333333,38.1,407.0,0,484.6666666666667,433.7142857142857,-0.040000000000000036,2.7100000000000004,0.040000000000000036,2.4966666666666666,1013.4300000000001,88.44000000000001
2022-07-12,362.0,2.55,18.5,2.77,18.5,0,31.433333333333337,36.442857142857136,362.0,0,407.3333333333333,444.57142857142856,0.08999999999999986,2.723333333333333,0.05999999999999961,2.4966666666666666,923.0999999999999,51.245
2022-07-13,381.0,2.57,15.0,2.78,15.0,0,22.166666666666668,32.628571428571426,381.0,0,383.3333333333333,430.57142857142856,0.009999999999999787,2.7433333333333336,0.020000000000000018,2.5366666666666666,979.17,41.699999999999996
2022-07-14,110.0,2.56,12.2,2.75,12.2,0,15.233333333333334,28.7,110.0,0,284.3333333333333,383.85714285714283,-0.029999999999999805,2.766666666666667,-0.009999999999999787,2.56,281.6,33.55
2022-07-15,127.0,2.62,37.6,2.77,37.6,0,21.600000000000005,28.499999999999996,127.0,0,206.0,347.7142857142857,0.020000000000000018,2.766666666666667,0.06000000000000005,2.5833333333333335,332.74,104.152
2022-07-16,67.5,2.67,17.0,2.82,17.0,0,22.26666666666667,25.157142857142855,67.5,0,101.5,272.5,0.04999999999999982,2.78,0.04999999999999982,2.6166666666666667,180.225,47.94
2022-07-17,147.0,2.69,4.7,2.81,4.7,0,19.76666666666667,19.71428571428571,147.0,0,113.83333333333333,228.78571428571428,-0.009999999999999787,2.8000000000000003,0.020000000000000018,2.66,395.43,13.207
2022-07-18,313.0,2.71,5.9,2.8,5.9,0,9.200000000000005,15.84285714285714,313.0,0,175.83333333333334,215.35714285714286,-0.010000000000000231,2.81,0.020000000000000018,2.69,848.23,16.52
2022-07-19,348.0,2.69,4.6,2.8,4.6,0,5.066666666666671,13.857142857142856,348.0,0,269.3333333333333,213.35714285714286,0.0,2.8033333333333332,-0.020000000000000018,2.6966666666666668,936.12,12.879999999999999
2022-07-20,569.0,2.68,33.5,2.83,33.5,0,14.666666666666671,16.5,569.0,0,410.0,240.21428571428572,0.03000000000000025,2.81,-0.009999999999999787,2.6933333333333334,1524.92,94.805
2022-07-21,567.0,2.6,40.1,2.74,40.1,0,26.066666666666674,20.485714285714288,567.0,0,494.6666666666667,305.5,-0.08999999999999986,2.7900000000000005,-0.08000000000000007,2.6566666666666667,1474.2,109.87400000000001
2022-07-22,784.0,2.58,40.3,2.74,40.3,0,37.96666666666667,20.87142857142857,784.0,0,640.0,399.35714285714283,0.0,2.77,-0.020000000000000018,2.62,2022.72,110.422
2022-07-23,912.0,2.5,48.2,2.71,48.2,0,42.866666666666674,25.328571428571426,912.0,0,754.3333333333334,520.0,-0.03000000000000025,2.73,-0.08000000000000007,2.56,2280.0,130.622
2022-07-24,573.0,2.42,42.2,2.66,42.2,0,43.56666666666667,30.685714285714287,573.0,0,756.3333333333334,580.8571428571429,-0.04999999999999982,2.703333333333333,-0.08000000000000007,2.5,1386.6599999999999,112.25200000000001
2022-07-25,614.0,2.48,44.2,2.65,44.2,0,44.866666666666674,36.15714285714286,614.0,0,699.6666666666666,623.8571428571429,-0.010000000000000231,2.6733333333333333,0.06000000000000005,2.466666666666667,1522.72,117.13000000000001
2022-07-26,561.0,2.47,42.1,2.67,42.1,0,42.83333333333334,41.51428571428572,561.0,0,582.6666666666666,654.2857142857143,0.020000000000000018,2.66,-0.009999999999999787,2.4566666666666666,1385.67,112.407
2022-07-27,427.0,2.45,39.4,2.67,39.4,0,41.900000000000006,42.357142857142854,427.0,0,534.0,634.0,0.0,2.6633333333333336,-0.020000000000000018,2.466666666666667,1046.15,105.198
2022-07-28,293.0,2.49,16.2,2.69,16.2,0,32.56666666666667,38.942857142857136,293.0,0,427.0,594.8571428571429,0.020000000000000018,2.6766666666666663,0.040000000000000036,2.47,729.57,43.577999999999996
2022-07-29,181.0,2.53,6.9,2.73,6.9,0,20.83333333333334,34.17142857142857,181.0,0,300.3333333333333,508.7142857142857,0.040000000000000036,2.6966666666666668,0.03999999999999959,2.49,457.92999999999995,18.837
2022-07-30,128.0,2.58,15.5,2.76,15.5,0,12.866666666666672,29.499999999999996,128.0,0,200.66666666666666,396.7142857142857,0.029999999999999805,2.7266666666666666,0.050000000000000266,2.533333333333333,330.24,42.779999999999994
2022-07-31,223.0,2.67,25.2,2.8,25.2,0,15.866666666666669,27.071428571428573,223.0,0,177.33333333333334,346.7142857142857,0.040000000000000036,2.763333333333333,0.08999999999999986,2.5933333333333333,595.41,70.55999999999999
2022-08-01,169.0,2.67,8.8,2.68,8.8,0,16.500000000000004,22.01428571428571,169.0,0,173.33333333333334,283.14285714285717,-0.11999999999999966,2.7466666666666666,0.0,2.64,451.22999999999996,23.584000000000003
2022-08-02,182.0,2.65,18.9,2.79,18.9,0,17.633333333333336,18.699999999999996,182.0,0,191.33333333333334,229.0,0.10999999999999988,2.7566666666666664,-0.020000000000000018,2.6633333333333336,482.3,52.730999999999995
2022-08-03,301.0,2.81,11.9,2.82,11.9,0,13.200000000000003,14.771428571428569,301.0,0,217.33333333333334,211.0,0.029999999999999805,2.763333333333333,0.16000000000000014,2.7100000000000004,845.8100000000001,33.558
2022-08-04,396.0,2.67,38.7,2.8,38.7,0,23.16666666666667,17.985714285714284,396.0,0,293.0,225.71428571428572,-0.020000000000000018,2.8033333333333332,-0.14000000000000012,2.7100000000000004,1057.32,108.36
2022-08-05,508.0,2.49,40.5,2.76,40.5,0,30.366666666666674,22.785714285714285,508.0,0,401.6666666666667,272.42857142857144,-0.040000000000000036,2.793333333333333,-0.17999999999999972,2.6566666666666667,1264.92,111.77999999999999
2022-08-06,516.0,2.45,32.6,2.73,32.6,0,37.26666666666667,25.228571428571428,516.0,0,473.3333333333333,327.85714285714283,-0.029999999999999805,2.763333333333333,-0.040000000000000036,2.5366666666666666,1264.2,88.998
2022-08-07,635.0,2.44,42.7,2.76,42.7,0,38.60000000000001,27.728571428571428,635.0,0,553.0,386.7142857142857,0.029999999999999805,2.75,-0.010000000000000231,2.46,1549.3999999999999,117.852
2022-08-08,785.0,2.35,40.0,2.65,40.0,0,38.43333333333334,32.18571428571428,785.0,0,645.3333333333334,474.7142857142857,-0.10999999999999988,2.7133333333333334,-0.08999999999999986,2.4133333333333336,1844.75,106.0
2022-08-09,669.0,2.25,40.4,2.62,40.4,0,41.03333333333334,35.25714285714285,669.0,0,696.3333333333334,544.2857142857143,-0.029999999999999805,2.6766666666666663,-0.10000000000000009,2.3466666666666662,1505.25,105.848
2022-08-10,396.0,2.27,36.6,2.61,36.6,0,39.00000000000001,38.785714285714285,396.0,0,616.6666666666666,557.8571428571429,-0.010000000000000231,2.6266666666666665,0.020000000000000018,2.29,898.92,95.526
2022-08-11,228.0,2.31,38.5,2.62,38.5,0,38.50000000000001,38.75714285714286,228.0,0,431.0,533.8571428571429,0.010000000000000231,2.6166666666666667,0.040000000000000036,2.276666666666667,526.6800000000001,100.87
2022-08-12,22.2,2.37,8.7,2.64,8.7,0,27.93333333333334,34.214285714285715,22.2,0,215.4,464.45714285714286,0.020000000000000018,2.6233333333333335,0.06000000000000005,2.3166666666666664,52.614,22.968
2022-08-13,-31.1,2.46,2.5,2.72,2.5,0,16.566666666666674,29.914285714285715,31.1,1,73.03333333333333,386.3,0.08000000000000007,2.66,0.08999999999999986,2.3800000000000003,-76.506,6.800000000000001
2022-08-14,-48.8,2.49,7.0,2.74,7.0,0,6.066666666666671,24.814285714285713,48.8,1,-19.233333333333334,288.6142857142857,0.020000000000000018,2.7000000000000006,0.03000000000000025,2.44,-121.512,19.18
2022-08-15,123.0,2.51,9.9,2.76,9.9,0,6.466666666666671,20.51428571428571,123.0,0,14.366666666666665,194.04285714285714,0.019999999999999574,2.74,0.019999999999999574,2.486666666666667,308.72999999999996,27.323999999999998
2022-08-16,96.8,2.45,12.0,2.77,12.0,0,9.633333333333338,16.457142857142856,96.8,0,57.0,112.3,0.010000000000000231,2.7566666666666664,-0.05999999999999961,2.483333333333333,237.16,33.24
2022-08-17,293.0,2.49,14.5,2.75,14.5,0,12.133333333333338,13.299999999999999,293.0,0,170.9333333333333,97.58571428571429,-0.020000000000000018,2.76,0.040000000000000036,2.483333333333333,729.57,39.875
2022-08-18,320.0,2.52,11.3,2.77,11.3,0,12.600000000000007,9.414285714285713,320.0,0,236.6,110.72857142857143,0.020000000000000018,2.763333333333333,0.029999999999999805,2.486666666666667,806.4,31.301000000000002
2022-08-19,628.0,2.47,28.2,2.76,28.2,0,18.000000000000004,12.199999999999998,628.0,0,413.6666666666667,197.27142857142857,-0.010000000000000231,2.76,-0.04999999999999982,2.4933333333333336,1551.16,77.832
2022-08-20,578.0,2.37,41.7,2.71,41.7,0,27.066666666666674,17.8,578.0,0,508.6666666666667,284.2857142857143,-0.04999999999999982,2.7466666666666666,-0.10000000000000009,2.453333333333333,1369.8600000000001,113.007
2022-08-21,771.0,2.4,48.1,2.67,48.1,0,39.33333333333334,23.67142857142857,771.0,0,659.0,401.40000000000003,-0.040000000000000036,2.7133333333333334,0.029999999999999805,2.4133333333333336,1850.3999999999999,128.427
2022-08-22,847.0,2.33,44.4,2.62,44.4,0,44.73333333333334,28.599999999999998,847.0,0,732.0,504.8285714285715,-0.04999999999999982,2.6666666666666665,-0.06999999999999984,2.3666666666666667,1973.51,116.328
2022-08-23,436.0,2.27,37.6,2.58,37.6,0,43.366666666666674,32.25714285714285,436.0,0,684.6666666666666,553.2857142857143,-0.040000000000000036,2.623333333333333,-0.06000000000000005,2.3333333333333335,989.72,97.00800000000001
2022-08-24,354.0,2.36,34.2,2.61,34.2,0,38.73333333333334,35.07142857142857,354.0,0,545.6666666666666,562.0,0.029999999999999805,2.603333333333333,0.08999999999999986,2.32,835.4399999999999,89.262
2022-08-25,359.0,2.4,37.3,2.63,37.3,0,36.366666666666674,38.785714285714285,359.0,0,383.0,567.5714285714286,0.020000000000000018,2.6066666666666665,0.040000000000000036,2.3433333333333333,861.6,98.09899999999999
2022-08-26,306.0,2.37,27.4,2.62,27.4,0,32.966666666666676,38.67142857142857,306.0,0,339.6666666666667,521.5714285714286,-0.009999999999999787,2.62,-0.029999999999999805,2.376666666666667,725.22,71.788
2022-08-27,321.0,2.46,22.4,2.71,22.4,0,29.033333333333342,35.91428571428571,321.0,0,328.6666666666667,484.85714285714283,0.08999999999999986,2.6533333333333333,0.08999999999999986,2.41,789.66,60.70399999999999
2022-08-28,204.0,2.53,21.7,2.79,21.7,0,23.83333333333334,32.14285714285714,204.0,0,277.0,403.85714285714283,0.08000000000000007,2.706666666666667,0.06999999999999984,2.453333333333333,516.12,60.543
2022-08-29,176.0,2.57,20.5,2.85,20.5,0,21.533333333333335,28.728571428571428,176.0,0,233.66666666666666,308.0,0.06000000000000005,2.783333333333333,0.040000000000000036,2.52,452.32,58.425000000000004
2022-08-30,173.0,2.56,18.4,2.86,18.4,0,20.200000000000003,25.985714285714288,173.0,0,184.33333333333334,270.42857142857144,0.009999999999999787,2.8333333333333335,-0.009999999999999787,2.5533333333333332,442.88,52.623999999999995
2022-08-31,230.0,2.59,12.7,2.85,12.7,0,17.200000000000003,22.91428571428571,230.0,0,193.0,252.71428571428572,-0.009999999999999787,2.8533333333333335,0.029999999999999805,2.5733333333333333,595.6999999999999,36.195
2022-09-01,189.0,2.59,4.4,2.85,4.4,0,11.833333333333337,18.21428571428571,189.0,0,197.33333333333334,228.42857142857142,0.0,2.8533333333333335,0.0,2.58,489.51,12.540000000000001
2022-09-02,9.5,2.6,22.2,2.82,22.2,0,13.100000000000003,17.471428571428568,9.5,0,142.83333333333334,186.07142857142858,-0.03000000000000025,2.84,0.010000000000000231,2.5933333333333333,24.7,62.60399999999999
2022-09-03,280.0,2.7,41.1,2.8,41.1,0,22.566666666666674,20.142857142857142,280.0,0,159.5,180.21428571428572,-0.020000000000000018,2.8233333333333337,0.10000000000000009,2.6300000000000003,756.0,115.08
2022-09-04,381.0,2.75,45.8,2.83,45.8,0,36.36666666666667,23.585714285714282,381.0,0,223.5,205.5,0.03000000000000025,2.8166666666666664,0.04999999999999982,2.6833333333333336,1047.75,129.614
2022-09-05,616.0,2.76,28.4,2.82,28.4,0,38.43333333333334,24.71428571428571,616.0,0,425.6666666666667,268.35714285714283,-0.010000000000000231,2.8166666666666664,0.009999999999999787,2.736666666666667,1700.1599999999999,80.088
2022-09-06,732.0,2.78,45.5,2.89,45.5,0,39.900000000000006,28.585714285714282,732.0,0,576.3333333333334,348.2142857142857,0.07000000000000028,2.846666666666667,0.020000000000000018,2.763333333333333,2034.9599999999998,131.495
2022-09-07,1000.0,2.63,37.6,2.73,37.6,0,37.166666666666664,32.142857142857146,1000.0,0,782.6666666666666,458.2142857142857,-0.16000000000000014,2.813333333333334,-0.1499999999999999,2.7233333333333327,2630.0,102.648
2022-09-08,428.0,2.39,31.7,2.72,31.7,0,38.26666666666667,36.04285714285714,428.0,0,720.0,492.35714285714283,-0.009999999999999787,2.78,-0.23999999999999977,2.5999999999999996,1022.9200000000001,86.224
2022-09-09,374.0,2.52,30.7,2.71,30.7,0,33.333333333333336,37.25714285714286,374.0,0,600.6666666666666,544.4285714285714,-0.010000000000000231,2.72,0.1299999999999999,2.513333333333333,942.48,83.197
2022-09-10,242.0,2.53,16.3,2.75,16.3,0,26.233333333333334,33.71428571428571,242.0,0,348.0,539.0,0.040000000000000036,2.7266666666666666,0.009999999999999787,2.48,612.26,44.825
2022-09-11,105.0,2.55,10.4,2.78,10.4,0,19.133333333333336,28.657142857142855,105.0,0,240.33333333333334,499.57142857142856,0.029999999999999805,2.746666666666666,0.020000000000000018,2.533333333333333,267.75,28.912
2022-09-12,53.3,2.63,10.6,2.82,10.6,0,12.433333333333337,26.11428571428571,53.3,0,133.43333333333334,419.1857142857143,0.040000000000000036,2.783333333333333,0.08000000000000007,2.57,140.17899999999997,29.891999999999996
2022-09-13,-80.7,2.78,25.5,2.86,25.5,0,15.500000000000002,23.257142857142856,80.7,1,25.866666666666664,303.0857142857143,0.040000000000000036,2.8200000000000003,0.1499999999999999,2.6533333333333333,-224.346,72.92999999999999
2022-09-14,-0.5,2.9,23.8,2.83,23.8,0,19.96666666666667,21.285714285714285,0.5,1,-9.300000000000002,160.15714285714284,-0.029999999999999805,2.8366666666666664,0.1200000000000001,2.77,-1.45,67.354
2022-09-15,732.0,2.96,-7.1,2.87,7.1,1,14.06666666666667,15.742857142857142,732.0,0,216.9333333333333,203.58571428571426,0.040000000000000036,2.853333333333333,0.06000000000000005,2.8799999999999994,2166.72,-20.377
2022-09-16,897.0,3.27,41.6,3.4,41.6,0,19.433333333333337,17.3,897.0,0,542.8333333333334,278.3,0.5299999999999998,3.033333333333333,0.31000000000000005,3.043333333333333,2933.19,141.44
2022-09-17,726.0,2.81,48.9,2.88,48.9,0,27.8,21.957142857142856,726.0,0,785.0,347.4428571428571,-0.52,3.0500000000000003,-0.45999999999999996,3.013333333333333,2040.06,140.832
2022-09-18,719.0,2.72,44.2,2.8,44.2,0,44.900000000000006,26.78571428571428,719.0,0,780.6666666666666,435.15714285714284,-0.08000000000000007,3.026666666666667,-0.08999999999999986,2.9333333333333336,1955.68,123.76
2022-09-19,463.0,2.62,37.6,2.81,37.6,0,43.56666666666667,30.642857142857142,463.0,0,636.0,493.68571428571425,0.010000000000000231,2.8299999999999996,-0.10000000000000009,2.716666666666667,1213.06,105.656
2022-09-20,933.0,2.73,41.4,2.81,41.4,0,41.06666666666667,32.91428571428571,933.0,0,705.0,638.5,0.0,2.8066666666666666,0.10999999999999988,2.69,2547.09,116.334
2022-09-21,786.0,2.62,42.3,2.81,42.3,0,40.43333333333334,35.55714285714286,786.0,0,727.3333333333334,750.8571428571429,0.0,2.81,-0.10999999999999988,2.6566666666666667,2059.32,118.863
2022-09-22,640.0,2.5,39.1,2.72,39.1,0,40.93333333333334,42.15714285714286,640.0,0,786.3333333333334,737.7142857142857,-0.08999999999999986,2.78,-0.1200000000000001,2.6166666666666667,1600.0,106.35200000000002
2022-09-23,543.0,2.51,37.8,2.75,37.8,0,39.733333333333334,41.61428571428571,543.0,0,656.3333333333334,687.1428571428571,0.029999999999999805,2.76,0.009999999999999787,2.543333333333333,1362.9299999999998,103.94999999999999
2022-09-24,392.0,2.5,34.9,2.71,34.9,0,37.26666666666667,39.614285714285714,392.0,0,525.0,639.4285714285714,-0.040000000000000036,2.7266666666666666,-0.009999999999999787,2.5033333333333334,980.0,94.579
2022-09-25,425.0,2.53,14.7,2.73,14.7,0,29.133333333333336,35.4,425.0,0,453.3333333333333,597.4285714285714,0.020000000000000018,2.73,0.029999999999999805,2.513333333333333,1075.25,40.131
2022-09-26,229.0,2.5,7.8,2.78,7.8,0,19.133333333333336,31.14285714285714,229.0,0,348.6666666666667,564.0,0.04999999999999982,2.7399999999999998,-0.029999999999999805,2.51,572.5,21.683999999999997
2022-09-27,171.0,2.55,-1.1,2.81,1.1,1,7.1333333333333355,25.071428571428566,171.0,0,275.0,455.14285714285717,0.03000000000000025,2.7733333333333334,0.04999999999999982,2.5266666666666664,436.04999999999995,-3.091
2022-09-28,256.0,2.6,-9.6,2.83,9.6,1,-0.9666666666666645,17.657142857142855,256.0,0,218.66666666666666,379.42857142857144,0.020000000000000018,2.8066666666666666,0.050000000000000266,2.5500000000000003,665.6,-27.168
2022-09-29,286.0,2.59,-8.3,2.85,8.3,1,-6.333333333333331,10.885714285714283,286.0,0,237.66666666666666,328.85714285714283,0.020000000000000018,2.83,-0.010000000000000231,2.58,740.74,-23.655
2022-09-30,317.0,2.59,-7.6,2.81,7.6,1,-8.499999999999998,4.399999999999998,317.0,0,286.3333333333333,296.57142857142856,-0.040000000000000036,2.83,0.0,2.5933333333333333,821.03,-21.355999999999998
2022-10-01,439.0,2.58,-3.9,2.81,3.9,1,-6.599999999999998,-1.1428571428571452,439.0,0,347.3333333333333,303.2857142857143,0.0,2.8233333333333337,-0.009999999999999787,2.5866666666666664,1132.6200000000001,-10.959
2022-10-02,637.0,2.54,2.9,2.8,2.9,0,-2.866666666666664,-2.8285714285714314,637.0,0,464.3333333333333,333.57142857142856,-0.010000000000000231,2.8066666666666666,-0.040000000000000036,2.5700000000000003,1617.98,8.12
2022-10-03,659.0,2.44,6.9,2.78,6.9,0,1.9666666666666692,-2.957142857142859,659.0,0,578.3333333333334,395.0,-0.020000000000000018,2.796666666666667,-0.10000000000000009,2.52,1607.96,19.182
2022-10-04,311.0,2.39,1.6,2.76,1.6,0,3.8000000000000025,-2.5714285714285734,311.0,0,535.6666666666666,415.0,-0.020000000000000018,2.78,-0.04999999999999982,2.456666666666667,743.2900000000001,4.4159999999999995
2022-10-05,865.0,2.55,6.5,2.75,6.5,0,5.000000000000003,-0.2714285714285735,865.0,0,611.6666666666666,502.0,-0.009999999999999787,2.763333333333333,0.1599999999999997,2.4599999999999995,2205.75,17.875
2022-10-06,597.0,2.45,17.5,2.73,17.5,0,8.533333333333337,3.414285714285712,597.0,0,591.0,546.4285714285714,-0.020000000000000018,2.7466666666666666,-0.09999999999999964,2.4633333333333334,1462.65,47.775
2022-10-07,488.0,2.43,26.2,2.72,26.2,0,16.733333333333334,8.242857142857142,488.0,0,650.0,570.8571428571429,-0.009999999999999787,2.733333333333333,-0.020000000000000018,2.4766666666666666,1185.8400000000001,71.26400000000001
2022-10-08,558.0,2.53,28.5,2.75,28.5,0,24.066666666666666,12.871428571428568,558.0,0,547.6666666666666,587.8571428571429,0.029999999999999805,2.733333333333333,0.09999999999999964,2.47,1411.7399999999998,78.375
2022-10-09,449.0,2.48,25.8,2.78,25.8,0,26.833333333333332,16.14285714285714,449.0,0,498.3333333333333,561.0,0.029999999999999805,2.75,-0.04999999999999982,2.48,1113.52,71.724
2022-10-10,411.0,2.54,23.5,2.79,23.5,0,25.933333333333337,18.514285714285712,411.0,0,472.6666666666667,525.5714285714286,0.010000000000000231,2.7733333333333334,0.06000000000000005,2.5166666666666666,1043.94,65.565
2022-10-11,588.0,2.59,-8.8,2.79,8.8,1,13.5,17.028571428571425,588.0,0,482.6666666666667,565.1428571428571,0.0,2.7866666666666666,0.04999999999999982,2.5366666666666666,1522.9199999999998,-24.552000000000003
2022-10-12,464.0,2.49,-10.4,2.82,10.4,1,1.4333333333333353,14.614285714285712,464.0,0,487.6666666666667,507.85714285714283,0.029999999999999805,2.8000000000000003,-0.09999999999999964,2.54,1155.3600000000001,-29.328
2022-10-13,339.0,2.52,-13.4,2.78,13.4,1,-10.866666666666665,10.199999999999998,339.0,0,463.6666666666667,471.0,-0.040000000000000036,2.7966666666666664,0.029999999999999805,2.533333333333333,854.28,-37.251999999999995
2022-10-14,466.0,2.56,-9.0,2.79,9.0,1,-10.933333333333332,5.17142857142857,466.0,0,423.0,467.85714285714283,0.010000000000000231,2.796666666666667,0.040000000000000036,2.5233333333333334,1192.96,-25.11
2022-10-15,662.0,2.53,-2.4,2.81,2.4,1,-8.266666666666666,0.757142857142855,662.0,0,489.0,482.7142857142857,0.020000000000000018,2.793333333333333,-0.03000000000000025,2.5366666666666666,1674.86,-6.744
2022-10-16,691.0,2.46,1.8,2.79,1.8,0,-3.199999999999998,-2.6714285714285735,691.0,0,606.3333333333334,517.2857142857143,-0.020000000000000018,2.796666666666667,-0.06999999999999984,2.516666666666667,1699.86,5.022
2022-10-17,379.0,2.42,2.6,2.77,2.6,0,0.6666666666666684,-5.657142857142859,379.0,0,577.3333333333334,512.7142857142857,-0.020000000000000018,2.7899999999999996,-0.040000000000000036,2.47,917.18,7.202
2022-10-18,1130.0,2.55,9.4,2.75,9.4,0,4.600000000000002,-3.0571428571428596,1130.0,0,733.3333333333334,590.1428571428571,-0.020000000000000018,2.77,0.1299999999999999,2.4766666666666666,2881.5,25.85
2022-10-19,1060.0,2.36,12.6,2.72,12.6,0,8.200000000000001,0.22857142857142623,1060.0,0,856.3333333333334,675.2857142857143,-0.029999999999999805,2.7466666666666666,-0.18999999999999995,2.443333333333333,2501.6,34.272
2022-10-20,923.0,2.25,13.5,2.66,13.5,0,11.833333333333336,4.071428571428569,923.0,0,1037.6666666666667,758.7142857142857,-0.06000000000000005,2.7100000000000004,-0.10999999999999988,2.3866666666666667,2076.75,35.910000000000004
2022-10-21,822.0,2.27,12.5,2.63,12.5,0,12.866666666666669,7.142857142857141,822.0,0,935.0,809.5714285714286,-0.03000000000000025,2.6700000000000004,0.020000000000000018,2.293333333333333,1865.94,32.875
2022-10-22,637.0,2.23,14.6,2.61,14.6,0,13.533333333333333,9.57142857142857,637.0,0,794.0,806.0,-0.020000000000000018,2.6333333333333333,-0.040000000000000036,2.25,1420.51,38.105999999999995
2022-10-23,389.0,2.28,12.7,2.61,12.7,0,13.266666666666667,11.128571428571425,389.0,0,616.0,762.8571428571429,0.0,2.6166666666666667,0.04999999999999982,2.26,886.92,33.147
2022-10-24,377.0,2.37,11.4,2.63,11.4,0,12.9,12.385714285714284,377.0,0,467.6666666666667,762.5714285714286,0.020000000000000018,2.6166666666666667,0.0900000000000003,2.2933333333333334,893.49,29.982
2022-10-25,323.0,2.41,8.0,2.66,8.0,0,10.700000000000003,12.185714285714283,323.0,0,363.0,647.2857142857143,0.03000000000000025,2.6333333333333333,0.040000000000000036,2.3533333333333335,778.4300000000001,21.28
2022-10-26,253.0,2.42,5.9,2.68,5.9,0,8.433333333333335,11.228571428571428,253.0,0,317.6666666666667,532.0,0.020000000000000018,2.6566666666666667,0.009999999999999787,2.4000000000000004,612.26,15.812000000000001
2022-10-27,136.0,2.46,4.7,2.7,4.7,0,6.200000000000002,9.971428571428572,136.0,0,237.33333333333334,419.57142857142856,0.020000000000000018,2.68,0.040000000000000036,2.4299999999999997,334.56,12.690000000000001
2022-10-28,234.0,2.54,4.2,2.74,4.2,0,4.933333333333335,8.785714285714283,234.0,0,207.66666666666666,335.57142857142856,0.040000000000000036,2.706666666666667,0.08000000000000007,2.473333333333333,594.36,11.508000000000001
2022-10-29,444.0,2.54,2.7,2.76,2.7,0,3.8666666666666685,7.085714285714283,444.0,0,271.3333333333333,308.0,0.019999999999999574,2.733333333333334,0.0,2.513333333333333,1127.76,7.452
2022-10-30,431.0,2.48,1.0,2.77,1.0,0,2.633333333333335,5.414285714285712,431.0,0,369.6666666666667,314.0,0.010000000000000231,2.7566666666666664,-0.06000000000000005,2.52,1068.8799999999999,2.77
2022-10-31,486.0,2.49,-5.7,2.76,5.7,1,-0.6666666666666649,2.971428571428569,486.0,0,453.6666666666667,329.57142857142856,-0.010000000000000231,2.763333333333333,0.010000000000000231,2.5033333333333334,1210.14,-15.732
2022-11-01,590.0,2.49,-1.9,2.78,1.9,1,-2.199999999999998,1.557142857142855,590.0,0,502.3333333333333,367.7142857142857,0.020000000000000018,2.7699999999999996,0.0,2.486666666666667,1469.1000000000001,-5.281999999999999
2022-11-02,900.0,2.46,-4.8,2.77,4.8,1,-4.133333333333332,0.02857142857142644,900.0,0,658.6666666666666,460.14285714285717,-0.009999999999999787,2.7699999999999996,-0.03000000000000025,2.48,2214.0,-13.296
2022-11-03,886.0,2.33,-0.9,2.77,0.9,1,-2.533333333333332,-0.7714285714285737,886.0,0,792.0,567.2857142857143,0.0,2.7733333333333334,-0.1299999999999999,2.4266666666666667,2064.38,-2.493
2022-11-04,444.0,2.28,-4.1,2.74,4.1,1,-3.2666666666666653,-1.9571428571428593,444.0,0,743.3333333333334,597.2857142857143,-0.029999999999999805,2.7600000000000002,-0.050000000000000266,2.356666666666667,1012.3199999999999,-11.234
2022-11-05,786.0,2.46,-1.5,2.73,1.5,1,-2.1666666666666647,-2.5571428571428596,786.0,0,705.3333333333334,646.1428571428571,-0.010000000000000231,2.7466666666666666,0.18000000000000016,2.356666666666667,1933.56,-4.095
2022-11-06,622.0,2.33,-4.4,2.72,4.4,1,-3.3333333333333317,-3.3285714285714314,622.0,0,617.3333333333334,673.4285714285714,-0.009999999999999787,2.7300000000000004,-0.1299999999999999,2.356666666666667,1449.26,-11.968000000000002
2022-11-07,514.0,2.35,-4.6,2.72,4.6,1,-3.4999999999999982,-3.1714285714285735,514.0,0,640.6666666666666,677.4285714285714,0.0,2.723333333333334,0.020000000000000018,2.3800000000000003,1207.9,-12.512
2022-11-08,445.0,2.38,-10.2,2.72,10.2,1,-6.399999999999999,-4.357142857142859,445.0,0,527.0,656.7142857142857,0.0,2.72,0.029999999999999805,2.353333333333333,1059.1,-27.744
2022-11-09,453.0,2.41,-11.3,2.74,11.3,1,-8.699999999999998,-5.285714285714287,453.0,0,470.6666666666667,592.8571428571429,0.020000000000000018,2.7266666666666666,0.03000000000000025,2.3800000000000003,1091.73,-30.962000000000003
2022-11-10,458.0,2.43,-7.5,2.75,7.5,1,-9.666666666666664,-6.228571428571432,458.0,0,452.0,531.7142857142857,0.009999999999999787,2.736666666666667,0.020000000000000018,2.4066666666666667,1112.94,-20.625
2022-11-11,468.0,2.43,0.4,2.76,0.4,0,-6.133333333333333,-5.585714285714288,468.0,0,459.6666666666667,535.1428571428571,0.009999999999999787,2.75,0.0,2.4233333333333333,1137.24,1.1039999999999999
2022-11-12,573.0,2.43,17.6,2.75,17.6,0,3.5000000000000018,-2.85714285714286,573.0,0,499.6666666666667,504.7142857142857,-0.009999999999999787,2.7533333333333334,0.0,2.43,1392.39,48.400000000000006
2022-11-13,424.0,2.4,19.3,2.71,19.3,0,12.433333333333337,0.5285714285714265,424.0,0,488.3333333333333,476.42857142857144,-0.040000000000000036,2.7399999999999998,-0.03000000000000025,2.4200000000000004,1017.5999999999999,52.303000000000004
2022-11-14,1030.0,2.5,20.8,2.71,20.8,0,19.233333333333338,4.157142857142856,1030.0,0,675.6666666666666,550.1428571428571,0.0,2.723333333333333,0.10000000000000009,2.4433333333333334,2575.0,56.368
2022-11-15,807.0,2.3,32.3,2.69,32.3,0,24.133333333333336,10.228571428571426,807.0,0,753.6666666666666,601.8571428571429,-0.020000000000000018,2.703333333333333,-0.20000000000000018,2.4,1856.1,86.88699999999999
2022-11-16,879.0,2.31,36.1,2.63,36.1,0,29.733333333333334,16.999999999999996,879.0,0,905.3333333333334,662.7142857142857,-0.06000000000000005,2.676666666666667,0.010000000000000231,2.3699999999999997,2030.49,94.943
2022-11-17,694.0,2.3,27.3,2.59,27.3,0,31.900000000000002,21.971428571428568,694.0,0,793.3333333333334,696.4285714285714,-0.040000000000000036,2.6366666666666663,-0.010000000000000231,2.3033333333333332,1596.1999999999998,70.707
2022-11-18,789.0,2.37,36.6,2.63,36.6,0,33.333333333333336,27.14285714285714,789.0,0,787.3333333333334,742.2857142857143,0.040000000000000036,2.6166666666666667,0.07000000000000028,2.3266666666666667,1869.93,96.258
2022-11-19,838.0,2.4,38.0,2.62,38.0,0,33.96666666666667,30.057142857142853,838.0,0,773.6666666666666,780.1428571428571,-0.009999999999999787,2.6133333333333333,0.029999999999999805,2.3566666666666665,2011.1999999999998,99.56
2022-11-20,804.0,2.35,32.7,2.62,32.7,0,35.76666666666667,31.97142857142857,804.0,0,810.3333333333334,834.4285714285714,0.0,2.6233333333333335,-0.04999999999999982,2.373333333333333,1889.4,85.674
2022-11-21,636.0,2.33,31.5,2.63,31.5,0,34.06666666666667,33.5,636.0,0,759.3333333333334,778.1428571428571,0.009999999999999787,2.6233333333333335,-0.020000000000000018,2.36,1481.88,82.845
2022-11-22,573.0,2.36,28.5,2.64,28.5,0,30.900000000000006,32.957142857142856,573.0,0,671.0,744.7142857142857,0.010000000000000231,2.6300000000000003,0.029999999999999805,2.3466666666666667,1352.28,75.24000000000001
2022-11-23,537.0,2.42,9.9,2.71,9.9,0,23.3,29.21428571428571,537.0,0,582.0,695.8571428571429,0.06999999999999984,2.66,0.06000000000000005,2.3699999999999997,1299.54,26.829
2022-11-24,506.0,2.48,3.7,2.75,3.7,0,14.033333333333337,25.842857142857145,506.0,0,538.6666666666666,669.0,0.040000000000000036,2.6999999999999997,0.06000000000000005,2.42,1254.8799999999999,10.175
2022-11-25,487.0,2.46,3.4,2.8,3.4,0,5.666666666666669,21.1,487.0,0,510.0,625.8571428571429,0.04999999999999982,2.7533333333333334,-0.020000000000000018,2.453333333333333,1198.02,9.52
2022-11-26,405.0,2.47,2.3,2.8,2.3,0,3.133333333333336,15.999999999999998,405.0,0,466.0,564.0,0.0,2.783333333333333,0.010000000000000231,2.47,1000.35,6.4399999999999995
2022-11-27,576.0,2.52,2.2,2.81,2.2,0,2.633333333333336,11.64285714285714,576.0,0,489.3333333333333,531.4285714285714,0.010000000000000231,2.8033333333333332,0.04999999999999982,2.483333333333333,1451.52,6.182
2022-11-28,631.0,2.47,10.9,2.82,10.9,0,5.1333333333333355,8.699999999999998,631.0,0,537.3333333333334,530.7142857142857,0.009999999999999787,2.81,-0.04999999999999982,2.486666666666667,1558.5700000000002,30.738
2022-11-29,55.6,2.45,19.2,2.8,19.2,0,10.766666666666671,7.371428571428569,55.6,0,420.8666666666666,456.8,-0.020000000000000018,2.81,-0.020000000000000018,2.48,136.22000000000003,53.76
2022-11-30,969.0,2.73,40.4,2.8,40.4,0,23.5,11.728571428571428,969.0,0,551.8666666666667,518.5142857142857,0.0,2.8066666666666666,0.2799999999999998,2.5500000000000003,2645.37,113.11999999999999
2022-12-01,1390.0,2.65,39.7,2.83,39.7,0,33.1,16.87142857142857,1390.0,0,804.8666666666667,644.8000000000001,0.03000000000000025,2.81,-0.08000000000000007,2.61,3683.5,112.35100000000001
2022-12-02,1170.0,2.32,41.3,2.75,41.3,0,40.46666666666666,22.28571428571428,1170.0,0,1176.3333333333333,742.3714285714286,-0.08000000000000007,2.7933333333333334,-0.33000000000000007,2.5666666666666664,2714.3999999999996,113.57499999999999
2022-12-03,1100.0,2.35,39.2,2.68,39.2,0,40.06666666666667,27.557142857142857,1100.0,0,1220.0,841.657142857143,-0.06999999999999984,2.7533333333333334,0.03000000000000025,2.44,2585.0,105.05600000000001
2022-12-04,540.0,2.34,36.0,2.67,36.0,0,38.833333333333336,32.385714285714286,540.0,0,936.6666666666666,836.5142857142857,-0.010000000000000231,2.6999999999999997,-0.010000000000000231,2.3366666666666664,1263.6,96.12
2022-12-05,947.0,2.58,29.2,2.72,29.2,0,34.800000000000004,34.99999999999999,947.0,0,862.3333333333334,881.657142857143,0.050000000000000266,2.69,0.2400000000000002,2.4233333333333333,2443.26,79.424
2022-12-06,1070.0,2.5,35.5,2.79,35.5,0,33.56666666666667,37.32857142857142,1070.0,0,852.3333333333334,1026.5714285714287,0.06999999999999984,2.7266666666666666,-0.08000000000000007,2.473333333333333,2675.0,99.045
2022-12-07,980.0,2.4,37.0,2.77,37.0,0,33.9,36.84285714285714,980.0,0,999.0,1028.142857142857,-0.020000000000000018,2.7600000000000002,-0.10000000000000009,2.4933333333333336,2352.0,102.49
2022-12-08,953.0,2.38,36.3,2.79,36.3,0,36.266666666666666,36.357142857142854,953.0,0,1001.0,965.7142857142857,0.020000000000000018,2.783333333333333,-0.020000000000000018,2.4266666666666663,2268.14,101.27699999999999
2022-12-09,781.0,2.4,38.0,2.76,38.0,0,37.1,35.885714285714286,781.0,0,904.6666666666666,910.1428571428571,-0.03000000000000025,2.7733333333333334,0.020000000000000018,2.393333333333333,1874.3999999999999,104.88
2022-12-10,855.0,2.47,33.0,2.78,33.0,0,35.766666666666666,35.0,855.0,0,863.0,875.1428571428571,0.020000000000000018,2.776666666666667,0.07000000000000028,2.4166666666666665,2111.8500000000004,91.74
2022-12-11,711.0,2.47,17.1,2.83,17.1,0,29.366666666666664,32.3,711.0,0,782.3333333333334,899.5714285714286,0.050000000000000266,2.7899999999999996,0.0,2.4466666666666668,1756.17,48.39300000000001
2022-12-12,1080.0,2.53,15.5,2.84,15.5,0,21.866666666666664,30.342857142857138,1080.0,0,882.0,918.5714285714286,0.009999999999999787,2.8166666666666664,0.05999999999999961,2.49,2732.3999999999996,44.019999999999996
2022-12-13,1060.0,2.39,13.5,2.82,13.5,0,15.366666666666667,27.199999999999996,1060.0,0,950.3333333333334,917.1428571428571,-0.020000000000000018,2.83,-0.13999999999999968,2.4633333333333334,2533.4,38.07
2022-12-14,986.0,2.35,28.1,2.77,28.1,0,19.033333333333335,25.928571428571423,986.0,0,1042.0,918.0,-0.04999999999999982,2.81,-0.040000000000000036,2.4233333333333333,2317.1,77.837
2022-12-15,1340.0,2.36,30.2,2.71,30.2,0,23.933333333333334,25.057142857142853,1340.0,0,1128.6666666666667,973.2857142857143,-0.06000000000000005,2.766666666666667,0.009999999999999787,2.3666666666666667,3162.3999999999996,81.842
2022-12-16,735.0,2.12,35.9,2.64,35.9,0,31.400000000000002,24.757142857142856,735.0,0,1020.3333333333334,966.7142857142857,-0.06999999999999984,2.706666666666667,-0.23999999999999977,2.276666666666667,1558.2,94.776
2022-12-17,1440.0,2.36,39.3,2.57,39.3,0,35.13333333333333,25.65714285714285,1440.0,0,1171.6666666666667,1050.2857142857142,-0.07000000000000028,2.64,0.23999999999999977,2.28,3398.3999999999996,101.00099999999999
2022-12-18,1450.0,2.18,34.9,2.56,34.9,0,36.699999999999996,28.199999999999996,1450.0,0,1208.3333333333333,1155.857142857143,-0.009999999999999787,2.59,-0.17999999999999972,2.22,3161.0000000000005,89.344
2022-12-19,1250.0,2.03,32.6,2.52,32.6,0,35.6,30.642857142857142,1250.0,0,1380.0,1180.142857142857,-0.040000000000000036,2.5500000000000003,-0.15000000000000036,2.19,2537.4999999999995,82.152
2022-12-20,700.0,1.93,30.5,2.48,30.5,0,32.666666666666664,33.07142857142857,700.0,0,1133.3333333333333,1128.7142857142858,-0.040000000000000036,2.52,-0.09999999999999987,2.046666666666667,1351.0,75.64
2022-12-21,882.0,2.13,31.7,2.5,31.7,0,31.599999999999998,33.58571428571428,882.0,0,944.0,1113.857142857143,0.020000000000000018,2.5,0.19999999999999996,2.03,1878.6599999999999,79.25
2022-12-22,784.0,2.14,12.7,2.54,12.7,0,24.96666666666667,31.085714285714282,784.0,0,788.6666666666666,1034.4285714285713,0.040000000000000036,2.506666666666667,0.010000000000000231,2.066666666666667,1677.76,32.257999999999996
2022-12-23,787.0,2.22,5.6,2.6,5.6,0,16.666666666666668,26.757142857142856,787.0,0,817.6666666666666,1041.857142857143,0.06000000000000005,2.546666666666667,0.08000000000000007,2.1633333333333336,1747.14,14.559999999999999
2022-12-24,803.0,2.21,6.5,2.63,6.5,0,8.266666666666666,22.071428571428566,803.0,0,791.3333333333334,950.8571428571429,0.029999999999999805,2.59,-0.010000000000000231,2.19,1774.6299999999999,17.095
2022-12-25,648.0,2.18,6.9,2.63,6.9,0,6.333333333333333,18.071428571428566,648.0,0,746.0,836.2857142857143,0.0,2.6199999999999997,-0.029999999999999805,2.203333333333333,1412.64,18.147
2022-12-26,575.0,2.24,7.2,2.64,7.2,0,6.866666666666667,14.44285714285714,575.0,0,675.3333333333334,739.8571428571429,0.010000000000000231,2.6333333333333333,0.06000000000000005,2.2100000000000004,1288.0000000000002,19.008000000000003
2022-12-27,655.0,2.3,9.3,2.66,9.3,0,7.800000000000001,11.414285714285711,655.0,0,626.0,733.4285714285714,0.020000000000000018,2.643333333333333,0.05999999999999961,2.24,1506.4999999999998,24.738000000000003
2022-12-28,721.0,2.3,8.3,2.67,8.3,0,8.266666666666667,8.07142857142857,721.0,0,650.3333333333334,710.4285714285714,0.009999999999999787,2.6566666666666667,0.0,2.28,1658.3,22.161
2022-12-29,887.0,2.29,21.8,2.66,21.8,0,13.133333333333335,9.37142857142857,887.0,0,754.3333333333334,725.1428571428571,-0.009999999999999787,2.6633333333333336,-0.009999999999999787,2.296666666666667,2031.23,57.98800000000001
2022-12-30,927.0,2.25,24.1,2.62,24.1,0,18.066666666666666,12.014285714285714,927.0,0,845.0,745.1428571428571,-0.040000000000000036,2.65,-0.040000000000000036,2.28,2085.75,63.142
2022-12-31,979.0,2.2,23.0,2.59,23.0,0,22.96666666666667,14.37142857142857,979.0,0,931.0,770.2857142857143,-0.03000000000000025,2.6233333333333335,-0.04999999999999982,2.2466666666666666,2153.8,59.56999999999999
2023-01-01,964.0,2.16,20.3,2.56,20.3,0,22.46666666666667,16.285714285714285,964.0,0,956.6666666666666,815.4285714285714,-0.029999999999999805,2.59,-0.040000000000000036,2.203333333333333,2082.2400000000002,51.968
2023-01-02,818.0,2.11,21.4,2.55,21.4,0,21.566666666666666,18.314285714285713,818.0,0,920.3333333333334,850.1428571428571,-0.010000000000000231,2.5666666666666664,-0.050000000000000266,2.1566666666666667,1725.9799999999998,54.56999999999999
2023-01-03,857.0,2.15,20.2,2.54,20.2,0,20.633333333333333,19.871428571428567,857.0,0,879.6666666666666,879.0,-0.009999999999999787,2.5500000000000003,0.040000000000000036,2.14,1842.55,51.308
2023-01-04,822.0,2.11,20.8,2.55,20.8,0,20.799999999999997,21.657142857142855,822.0,0,832.3333333333334,893.4285714285714,0.009999999999999787,2.5466666666666664,-0.040000000000000036,2.123333333333333,1734.4199999999998,53.04
2023-01-05,696.0,2.1,21.3,2.54,21.3,0,20.76666666666667,21.585714285714285,696.0,0,791.6666666666666,866.1428571428571,-0.009999999999999787,2.5433333333333334,-0.009999999999999787,2.1199999999999997,1461.6000000000001,54.102000000000004
2023-01-06,644.0,2.15,10.8,2.53,10.8,0,17.633333333333336,19.685714285714283,644.0,0,720.6666666666666,825.7142857142857,-0.010000000000000231,2.5399999999999996,0.04999999999999982,2.1199999999999997,1384.6,27.323999999999998
2023-01-07,574.0,2.17,7.7,2.59,7.7,0,13.266666666666667,17.5,574.0,0,638.0,767.8571428571429,0.06000000000000005,2.5533333333333332,0.020000000000000018,2.14,1245.58,19.942999999999998
2023-01-08,695.0,2.2,7.05,2.62,7.05,0,8.516666666666667,15.607142857142856,695.0,0,637.6666666666666,729.4285714285714,0.03000000000000025,2.5799999999999996,0.03000000000000025,2.1733333333333333,1529.0000000000002,18.471
2023-01-09,440.0,2.17,2.29,2.63,2.29,0,5.68,12.877142857142855,440.0,0,569.6666666666666,675.4285714285714,0.009999999999999787,2.6133333333333333,-0.03000000000000025,2.18,954.8,6.0226999999999995
2023-01-10,427.0,2.27,8.51,2.64,8.51,0,5.95,11.207142857142856,427.0,0,520.6666666666666,614.0,0.010000000000000231,2.6300000000000003,0.10000000000000009,2.2133333333333334,969.29,22.4664
2023-01-11,634.0,2.36,5.57,2.64,5.57,0,5.456666666666667,9.03142857142857,634.0,0,500.3333333333333,587.1428571428571,0.0,2.6366666666666667,0.08999999999999986,2.2666666666666666,1496.24,14.704800000000002
2023-01-12,501.0,2.25,6.34,2.65,6.34,0,6.8066666666666675,6.894285714285713,501.0,0,520.6666666666666,559.2857142857143,0.009999999999999787,2.643333333333333,-0.10999999999999988,2.2933333333333334,1127.25,16.801
2023-01-13,709.0,2.28,10.7,2.66,10.7,0,7.536666666666666,6.879999999999998,709.0,0,614.6666666666666,568.5714285714286,0.010000000000000231,2.65,0.029999999999999805,2.2966666666666664,1616.5199999999998,28.462
2023-01-14,307.0,2.3,24.8,2.72,24.8,0,13.946666666666667,9.322857142857142,307.0,0,505.6666666666667,530.4285714285714,0.06000000000000005,2.676666666666667,0.020000000000000018,2.276666666666667,706.0999999999999,67.456
2023-01-15,922.0,2.55,35.4,2.66,35.4,0,23.63333333333333,13.372857142857141,922.0,0,646.0,562.8571428571429,-0.06000000000000005,2.6799999999999997,0.25,2.3766666666666665,2351.1,94.164
2023-01-16,1160.0,2.48,31.9,2.67,31.9,0,30.7,17.60285714285714,1160.0,0,796.3333333333334,665.7142857142857,0.009999999999999787,2.6833333333333336,-0.06999999999999984,2.4433333333333334,2876.8,85.17299999999999
2023-01-17,1110.0,2.3,29.4,2.66,29.4,0,32.23333333333333,20.587142857142855,1110.0,0,1064.0,763.2857142857143,-0.009999999999999787,2.6633333333333336,-0.18000000000000016,2.443333333333333,2553.0,78.204
2023-01-18,974.0,2.23,28.4,2.61,28.4,0,29.899999999999995,23.848571428571425,974.0,0,1081.3333333333333,811.8571428571429,-0.050000000000000266,2.6466666666666665,-0.06999999999999984,2.3366666666666664,2172.02,74.124
2023-01-19,941.0,2.23,28.8,2.59,28.8,0,28.866666666666664,27.057142857142853,941.0,0,1008.3333333333334,874.7142857142857,-0.020000000000000018,2.6199999999999997,0.0,2.2533333333333334,2098.43,74.592
2023-01-20,647.0,2.19,27.3,2.57,27.3,0,28.166666666666668,29.428571428571423,647.0,0,854.0,865.8571428571429,-0.020000000000000018,2.59,-0.040000000000000036,2.216666666666667,1416.93,70.161
2023-01-21,634.0,2.26,6.12,2.57,6.12,0,20.74,26.759999999999998,634.0,0,740.6666666666666,912.5714285714286,0.0,2.5766666666666667,0.06999999999999984,2.2266666666666666,1432.84,15.728399999999999
2023-01-22,424.0,2.28,5.83,2.64,5.83,0,13.08333333333333,22.53571428571428,424.0,0,568.3333333333334,841.4285714285714,0.07000000000000028,2.5933333333333333,0.020000000000000018,2.243333333333333,966.7199999999999,15.391200000000001
2023-01-23,233.0,2.38,-0.036,2.67,0.036,1,3.9713333333333307,17.973428571428567,233.0,0,430.3333333333333,709.0,0.029999999999999805,2.6266666666666665,0.10000000000000009,2.306666666666666,554.54,-0.09612
2023-01-24,241.0,2.51,0.666,2.72,0.666,0,2.153333333333331,13.868571428571427,241.0,0,299.3333333333333,584.8571428571429,0.050000000000000266,2.676666666666667,0.1299999999999999,2.39,604.91,1.8115200000000002
2023-01-25,899.0,2.61,0.108,2.76,0.108,0,0.24599999999999764,9.82685714285714,899.0,0,457.6666666666667,574.1428571428571,0.03999999999999959,2.716666666666667,0.10000000000000009,2.5,2346.39,0.29807999999999996
2023-01-26,697.0,2.32,5.16,2.75,5.16,0,1.9779999999999978,6.4497142857142835,697.0,0,612.3333333333334,539.2857142857143,-0.009999999999999787,2.7433333333333336,-0.29000000000000004,2.48,1617.04,14.190000000000001
2023-01-27,587.0,2.33,1.39,2.7,1.39,0,2.219333333333331,2.748285714285712,587.0,0,727.6666666666666,530.7142857142857,-0.04999999999999982,2.7366666666666664,0.010000000000000231,2.42,1367.71,3.753
2023-01-28,1020.0,2.43,26.5,2.72,26.5,0,11.016666666666664,5.659714285714283,1020.0,0,768.0,585.8571428571429,0.020000000000000018,2.723333333333333,0.10000000000000009,2.36,2478.6000000000004,72.08
2023-01-29,1100.0,2.27,28.2,2.66,28.2,0,18.696666666666662,8.85542857142857,1100.0,0,902.3333333333334,682.4285714285714,-0.06000000000000005,2.6933333333333334,-0.16000000000000014,2.3433333333333333,2497.0,75.012
2023-01-30,922.0,2.15,28.3,2.59,28.3,0,27.666666666666668,12.903428571428568,922.0,0,1014.0,780.8571428571429,-0.07000000000000028,2.6566666666666667,-0.1200000000000001,2.283333333333333,1982.3,73.297
2023-01-31,1030.0,2.19,29.2,2.55,29.2,0,28.566666666666663,16.979714285714284,1030.0,0,1017.3333333333334,893.5714285714286,-0.040000000000000036,2.6,0.040000000000000036,2.2033333333333336,2255.7,74.46
2023-02-01,461.0,2.08,31.9,2.51,31.9,0,29.799999999999997,21.52142857142857,461.0,0,804.3333333333334,831.0,-0.040000000000000036,2.55,-0.10999999999999988,2.14,958.88,80.06899999999999
2023-02-02,479.0,2.24,33.9,2.51,33.9,0,31.66666666666666,25.627142857142854,479.0,0,656.6666666666666,799.8571428571429,0.0,2.523333333333333,0.16000000000000014,2.17,1072.96,85.08899999999998
2023-02-03,731.0,2.31,28.0,2.56,28.0,0,31.266666666666662,29.428571428571423,731.0,0,557.0,820.4285714285714,0.050000000000000266,2.526666666666667,0.06999999999999984,2.2100000000000004,1688.6100000000001,71.68
2023-02-04,522.0,2.16,25.0,2.56,25.0,0,28.966666666666665,29.21428571428571,522.0,0,577.3333333333334,749.2857142857143,0.0,2.5433333333333334,-0.1499999999999999,2.236666666666667,1127.52,64.0
2023-02-05,491.0,2.24,5.9,2.56,5.9,0,19.63333333333333,26.02857142857143,491.0,0,581.3333333333334,662.2857142857143,0.0,2.56,0.08000000000000007,2.236666666666667,1099.8400000000001,15.104000000000001
2023-02-06,406.0,2.24,7.03,2.63,7.03,0,12.643333333333329,22.99,406.0,0,473.0,588.5714285714286,0.06999999999999984,2.5833333333333335,0.0,2.2133333333333334,909.44,18.4889
2023-02-07,422.0,2.33,-0.666,2.69,0.666,1,4.087999999999996,18.72342857142857,422.0,0,439.6666666666667,501.7142857142857,0.06000000000000005,2.6266666666666665,0.08999999999999986,2.27,983.26,-1.7915400000000001
2023-02-08,483.0,2.43,2.61,2.74,2.61,0,2.9913333333333285,14.539142857142853,483.0,0,437.0,504.85714285714283,0.050000000000000266,2.686666666666667,0.10000000000000009,2.3333333333333335,1173.69,7.151400000000001
2023-02-09,494.0,2.43,0.23,2.73,0.23,0,0.7246666666666619,9.729142857142856,494.0,0,466.3333333333333,507.0,-0.010000000000000231,2.72,0.0,2.3966666666666665,1200.42,0.6279
2023-02-10,627.0,2.45,3.6,2.75,3.6,0,2.1466666666666616,6.243428571428569,627.0,0,534.6666666666666,492.14285714285717,0.020000000000000018,2.74,0.020000000000000018,2.436666666666667,1536.15,9.9
2023-02-11,658.0,2.46,-2.34,2.77,2.34,1,0.496666666666662,2.337714285714284,658.0,0,593.0,511.57142857142856,0.020000000000000018,2.75,0.009999999999999787,2.4466666666666668,1618.68,-6.4818
2023-02-12,856.0,2.47,17.4,2.78,17.4,0,6.219999999999995,3.980571428571426,856.0,0,713.6666666666666,563.7142857142857,0.009999999999999787,2.766666666666666,0.010000000000000231,2.4600000000000004,2114.32,48.37199999999999
2023-02-13,759.0,2.49,23.3,2.78,23.3,0,12.786666666666662,6.3048571428571405,759.0,0,757.6666666666666,614.1428571428571,0.0,2.776666666666666,0.020000000000000018,2.473333333333333,1889.91,64.774
2023-02-14,1190.0,2.69,41.6,2.88,41.6,0,27.433333333333326,12.34285714285714,1190.0,0,935.0,723.8571428571429,0.10000000000000009,2.813333333333333,0.19999999999999973,2.5500000000000003,3201.1,119.80799999999999
2023-02-15,1410.0,2.56,36.4,2.79,36.4,0,33.766666666666666,17.169999999999998,1410.0,0,1119.6666666666667,856.2857142857143,-0.08999999999999986,2.8166666666666664,-0.1299999999999999,2.58,3609.6,101.556
2023-02-16,1150.0,2.36,33.5,2.73,33.5,0,37.166666666666664,21.92285714285714,1150.0,0,1250.0,950.0,-0.06000000000000005,2.8000000000000003,-0.20000000000000018,2.5366666666666666,2714.0,91.455
2023-02-17,1050.0,2.31,36.6,2.65,36.6,0,35.5,26.637142857142855,1050.0,0,1203.3333333333333,1010.4285714285714,-0.08000000000000007,2.723333333333333,-0.04999999999999982,2.41,2425.5,96.99
2023-02-18,881.0,2.28,34.0,2.6,34.0,0,34.699999999999996,31.828571428571426,881.0,0,1027.0,1042.2857142857142,-0.04999999999999982,2.66,-0.03000000000000025,2.3166666666666664,2008.6799999999998,88.4
2023-02-19,669.0,2.31,13.3,2.6,13.3,0,27.966666666666665,31.24285714285714,669.0,0,866.6666666666666,1015.5714285714286,0.0,2.6166666666666667,0.03000000000000025,2.3000000000000003,1545.39,34.580000000000005
2023-02-20,612.0,2.39,5.72,2.67,5.72,0,17.673333333333332,28.73142857142857,612.0,0,720.6666666666666,994.5714285714286,0.06999999999999984,2.6233333333333335,0.08000000000000007,2.3266666666666667,1462.68,15.2724
2023-02-21,365.0,2.42,5.31,2.72,5.31,0,8.109999999999998,23.547142857142855,365.0,0,548.6666666666666,876.7142857142857,0.050000000000000266,2.6633333333333336,0.029999999999999805,2.3733333333333335,883.3,14.4432
2023-02-22,558.0,2.53,5.25,2.74,5.25,0,5.426666666666665,19.097142857142853,558.0,0,511.6666666666667,755.0,0.020000000000000018,2.7100000000000004,0.10999999999999988,2.4466666666666668,1411.7399999999998,14.385000000000002
2023-02-23,593.0,2.47,5.95,2.78,5.95,0,5.503333333333331,15.161428571428567,593.0,0,505.3333333333333,675.4285714285714,0.03999999999999959,2.7466666666666666,-0.05999999999999961,2.473333333333333,1464.71,16.541
2023-02-24,676.0,2.48,1.83,2.78,1.83,0,4.343333333333331,10.194285714285712,676.0,0,609.0,622.0,0.0,2.766666666666666,0.009999999999999787,2.493333333333333,1676.48,5.0874
2023-02-25,671.0,2.47,5.93,2.79,5.93,0,4.569999999999998,6.1842857142857115,671.0,0,646.6666666666666,592.0,0.010000000000000231,2.783333333333333,-0.009999999999999787,2.473333333333333,1657.3700000000001,16.5447
2023-02-26,1050.0,2.48,30.4,2.75,30.4,0,12.719999999999997,8.627142857142854,1050.0,0,799.0,646.4285714285714,-0.040000000000000036,2.7733333333333334,0.009999999999999787,2.4766666666666666,2604.0,83.6
2023-02-27,1130.0,2.35,31.3,2.68,31.3,0,22.543333333333333,12.281428571428567,1130.0,0,950.3333333333334,720.4285714285714,-0.06999999999999984,2.74,-0.1299999999999999,2.4333333333333336,2655.5,83.884
2023-02-28,1290.0,2.25,32.9,2.62,32.9,0,31.53333333333333,16.22285714285714,1290.0,0,1156.6666666666667,852.5714285714286,-0.06000000000000005,2.6833333333333336,-0.10000000000000009,2.36,2902.5,86.198
2023-03-01,1140.0,2.15,30.2,2.57,30.2,0,31.466666666666665,19.78714285714285,1140.0,0,1186.6666666666667,935.7142857142857,-0.050000000000000266,2.623333333333333,-0.10000000000000009,2.25,2451.0,77.61399999999999
2023-03-02,883.0,2.09,22.4,2.53,22.4,0,28.499999999999996,22.137142857142855,883.0,0,1104.3333333333333,977.1428571428571,-0.040000000000000036,2.5733333333333333,-0.06000000000000005,2.1633333333333336,1845.4699999999998,56.67199999999999
2023-03-03,985.0,2.13,27.9,2.55,27.9,0,26.833333333333332,25.86142857142857,985.0,0,1002.6666666666666,1021.2857142857143,0.020000000000000018,2.55,0.040000000000000036,2.1233333333333335,2098.0499999999997,71.145
2023-03-04,690.0,2.01,28.5,2.52,28.5,0,26.266666666666666,29.085714285714282,690.0,0,852.6666666666666,1024.0,-0.029999999999999805,2.533333333333333,-0.1200000000000001,2.0766666666666667,1386.8999999999999,71.82000000000001
2023-03-05,595.0,2.12,27.0,2.51,27.0,0,27.8,28.599999999999998,595.0,0,756.6666666666666,959.0,-0.010000000000000231,2.526666666666667,0.11000000000000032,2.0866666666666664,1261.4,67.77
2023-03-06,639.0,2.17,8.84,2.53,8.84,0,21.44666666666667,25.39142857142857,639.0,0,641.3333333333334,888.8571428571429,0.020000000000000018,2.52,0.04999999999999982,2.1,1386.6299999999999,22.365199999999998
2023-03-07,634.0,2.19,8.13,2.61,8.13,0,14.656666666666666,21.85285714285714,634.0,0,622.6666666666666,795.1428571428571,0.08000000000000007,2.5499999999999994,0.020000000000000018,2.16,1388.46,21.2193
2023-03-08,559.0,2.19,5.43,2.61,5.43,0,7.466666666666666,18.314285714285713,559.0,0,610.6666666666666,712.1428571428571,0.0,2.583333333333333,0.0,2.183333333333333,1224.21,14.172299999999998
2023-03-09,444.0,2.24,-0.552,2.64,0.552,1,4.336,15.035428571428568,444.0,0,545.6666666666666,649.4285714285714,0.03000000000000025,2.6199999999999997,0.050000000000000266,2.2066666666666666,994.5600000000001,-1.4572800000000001
2023-03-10,533.0,2.3,2.31,2.69,2.31,0,2.396,11.379714285714284,533.0,0,512.0,584.8571428571429,0.04999999999999982,2.646666666666667,0.05999999999999961,2.243333333333333,1225.8999999999999,6.2139
2023-03-11,414.0,2.32,1.63,2.7,1.63,0,1.1293333333333333,7.541142857142854,414.0,0,463.6666666666667,545.4285714285714,0.010000000000000231,2.676666666666667,0.020000000000000018,2.2866666666666666,960.4799999999999,4.401
2023-03-12,346.0,2.35,4.4,2.7,4.4,0,2.78,4.312571428571426,346.0,0,431.0,509.85714285714283,0.0,2.6966666666666668,0.03000000000000025,2.3233333333333333,813.1,11.880000000000003
2023-03-13,804.0,2.44,26.1,2.72,26.1,0,10.71,6.778285714285711,804.0,0,521.3333333333334,533.4285714285714,0.020000000000000018,2.706666666666667,0.08999999999999986,2.3699999999999997,1961.76,70.992
2023-03-14,1080.0,2.33,26.3,2.68,26.3,0,18.933333333333334,9.373999999999997,1080.0,0,743.3333333333334,597.1428571428571,-0.040000000000000036,2.7000000000000006,-0.10999999999999988,2.373333333333333,2516.4,70.48400000000001
2023-03-15,641.0,2.11,26.4,2.58,26.4,0,26.26666666666667,12.369714285714283,641.0,0,841.6666666666666,608.8571428571429,-0.10000000000000009,2.66,-0.2200000000000002,2.2933333333333334,1352.51,68.112
2023-03-16,654.0,2.25,25.4,2.54,25.4,0,26.03333333333333,16.077142857142857,654.0,0,791.6666666666666,638.8571428571429,-0.040000000000000036,2.6,0.14000000000000012,2.23,1471.5,64.51599999999999
2023-03-17,720.0,2.31,21.4,2.52,21.4,0,24.400000000000002,18.804285714285715,720.0,0,671.6666666666666,665.5714285714286,-0.020000000000000018,2.546666666666667,0.06000000000000005,2.223333333333333,1663.2,53.928
2023-03-18,803.0,2.27,33.1,2.57,33.1,0,26.633333333333336,23.3,803.0,0,725.6666666666666,721.1428571428571,0.04999999999999982,2.5433333333333334,-0.040000000000000036,2.276666666666667,1822.81,85.067
2023-03-19,759.0,2.26,33.1,2.57,33.1,0,29.200000000000003,27.4,759.0,0,760.6666666666666,780.1428571428571,0.0,2.5533333333333332,-0.010000000000000231,2.28,1715.34,85.067
2023-03-20,619.0,2.24,28.0,2.58,28.0,0,31.400000000000002,27.67142857142857,619.0,0,727.0,753.7142857142857,0.010000000000000231,2.5733333333333337,-0.019999999999999574,2.2566666666666664,1386.5600000000002,72.24000000000001
2023-03-21,493.0,2.27,0.708,2.58,0.708,0,20.602666666666668,24.01542857142857,493.0,0,623.6666666666666,669.8571428571429,0.0,2.5766666666666667,0.029999999999999805,2.2566666666666664,1119.11,1.82664
2023-03-22,467.0,2.45,5.27,2.77,5.27,0,11.326000000000002,20.99685714285714,467.0,0,526.3333333333334,645.0,0.18999999999999995,2.643333333333333,0.18000000000000016,2.3200000000000003,1144.15,14.5979
2023-03-23,494.0,2.52,9.44,2.79,9.44,0,5.139333333333336,18.71685714285714,494.0,0,484.6666666666667,622.1428571428571,0.020000000000000018,2.7133333333333334,0.06999999999999984,2.4133333333333336,1244.88,26.3376
2023-03-24,431.0,2.56,7.52,2.82,7.52,0,7.410000000000001,16.733999999999998,431.0,0,464.0,580.8571428571429,0.029999999999999805,2.793333333333333,0.040000000000000036,2.5100000000000002,1103.3600000000001,21.2064
2023-03-25,717.0,2.61,7.93,2.84,7.93,0,8.296666666666669,13.138285714285711,717.0,0,547.3333333333334,568.5714285714286,0.020000000000000018,2.8166666666666664,0.04999999999999982,2.563333333333333,1871.37,22.521199999999997
2023-03-26,700.0,2.51,7.91,2.83,7.91,0,7.786666666666669,9.539714285714282,700.0,0,616.0,560.1428571428571,-0.009999999999999787,2.83,-0.10000000000000009,2.56,1756.9999999999998,22.3853
2023-03-27,953.0,2.49,12.8,2.81,12.8,0,9.546666666666669,7.368285714285711,953.0,0,790.0,607.8571428571429,-0.020000000000000018,2.8266666666666667,-0.019999999999999574,2.5366666666666666,2372.9700000000003,35.968
2023-03-28,1060.0,2.4,31.2,2.78,31.2,0,17.303333333333338,11.724285714285712,1060.0,0,904.3333333333334,688.8571428571429,-0.03000000000000025,2.8066666666666666,-0.0900000000000003,2.466666666666667,2544.0,86.73599999999999
2023-03-29,1050.0,2.29,33.9,2.68,33.9,0,25.96666666666667,15.814285714285713,1050.0,0,1021.0,772.1428571428571,-0.09999999999999964,2.7566666666666664,-0.10999999999999988,2.393333333333333,2404.5,90.852
2023-03-30,1090.0,2.25,25.9,2.61,25.9,0,30.333333333333332,18.165714285714284,1090.0,0,1066.6666666666667,857.2857142857143,-0.07000000000000028,2.69,-0.040000000000000036,2.313333333333333,2452.5,67.59899999999999
2023-03-31,939.0,2.19,24.1,2.58,24.1,0,27.96666666666667,20.534285714285712,939.0,0,1026.3333333333333,929.8571428571429,-0.029999999999999805,2.6233333333333335,-0.06000000000000005,2.243333333333333,2056.41,62.178000000000004
2023-04-01,801.0,2.18,34.7,2.55,34.7,0,28.233333333333334,24.358571428571423,801.0,0,943.3333333333334,941.8571428571429,-0.03000000000000025,2.58,-0.009999999999999787,2.2066666666666666,1746.18,88.485
2023-04-02,557.0,2.2,25.5,2.49,25.5,0,28.100000000000005,26.871428571428567,557.0,0,765.6666666666666,921.4285714285714,-0.05999999999999961,2.5400000000000005,0.020000000000000018,2.19,1225.4,63.495000000000005
2023-04-03,290.0,2.26,23.5,2.5,23.5,0,27.900000000000002,28.4,290.0,0,549.3333333333334,826.7142857142857,0.009999999999999787,2.5133333333333336,0.05999999999999961,2.2133333333333334,655.4,58.75
2023-04-04,425.0,2.26,17.6,2.54,17.6,0,22.2,26.457142857142856,425.0,0,424.0,736.0,0.040000000000000036,2.51,0.0,2.24,960.4999999999999,44.70400000000001
2023-04-05,653.0,2.38,10.6,2.58,10.6,0,17.233333333333334,23.12857142857143,653.0,0,456.0,679.2857142857143,0.040000000000000036,2.5399999999999996,0.1200000000000001,2.2999999999999994,1554.1399999999999,27.348
2023-04-06,372.0,2.35,2.17,2.63,2.17,0,10.123333333333333,19.738571428571426,372.0,0,483.3333333333333,576.7142857142857,0.04999999999999982,2.5833333333333335,-0.029999999999999805,2.3299999999999996,874.2,5.7071
2023-04-07,560.0,2.43,0.358,2.71,0.358,0,4.376,16.34685714285714,560.0,0,528.3333333333334,522.5714285714286,0.08000000000000007,2.64,0.08000000000000007,2.3866666666666667,1360.8000000000002,0.9701799999999999
2023-04-08,477.0,2.42,4.08,2.74,4.08,0,2.2026666666666666,11.972571428571426,477.0,0,469.6666666666667,476.2857142857143,0.03000000000000025,2.6933333333333334,-0.010000000000000231,2.4,1154.34,11.179200000000002
2023-04-09,613.0,2.45,4.73,2.74,4.73,0,3.0559999999999996,9.005428571428569,613.0,0,550.0,484.2857142857143,0.0,2.73,0.03000000000000025,2.4333333333333336,1501.8500000000001,12.960200000000002
2023-04-10,633.0,2.38,3.83,2.73,3.83,0,4.213333333333334,6.195428571428569,633.0,0,574.3333333333334,533.2857142857143,-0.010000000000000231,2.736666666666667,-0.07000000000000028,2.4166666666666665,1506.54,10.4559
2023-04-11,653.0,2.35,2.44,2.72,2.44,0,3.6666666666666674,4.029714285714283,653.0,0,633.0,565.8571428571429,-0.009999999999999787,2.7300000000000004,-0.029999999999999805,2.3933333333333335,1534.55,6.6368
2023-04-12,526.0,2.35,27.0,2.71,27.0,0,11.090000000000002,6.372571428571425,526.0,0,604.0,547.7142857142857,-0.010000000000000231,2.72,0.0,2.36,1236.1000000000001,73.17
2023-04-13,885.0,2.42,34.8,2.63,34.8,0,21.413333333333338,11.033999999999995,885.0,0,688.0,621.0,-0.08000000000000007,2.686666666666667,0.06999999999999984,2.373333333333333,2141.7,91.52399999999999
2023-04-14,799.0,2.24,34.8,2.61,34.8,0,32.199999999999996,15.954285714285712,799.0,0,736.6666666666666,655.1428571428571,-0.020000000000000018,2.65,-0.17999999999999972,2.3366666666666664,1789.7600000000002,90.82799999999999
2023-04-15,728.0,2.24,36.9,2.62,36.9,0,35.5,20.64285714285714,728.0,0,804.0,691.0,0.010000000000000231,2.62,0.0,2.3000000000000003,1630.7200000000003,96.678
2023-04-16,673.0,2.31,40.6,2.58,40.6,0,37.43333333333333,25.767142857142854,673.0,0,733.3333333333334,699.5714285714286,-0.040000000000000036,2.6033333333333335,0.06999999999999984,2.2633333333333336,1554.63,104.748
2023-04-17,457.0,2.29,31.4,2.54,31.4,0,36.300000000000004,29.705714285714283,457.0,0,619.3333333333334,674.4285714285714,-0.040000000000000036,2.58,-0.020000000000000018,2.2800000000000002,1046.53,79.756
2023-04-18,500.0,2.31,32.0,2.57,32.0,0,34.666666666666664,33.92857142857142,500.0,0,543.3333333333334,652.5714285714286,0.029999999999999805,2.563333333333333,0.020000000000000018,2.3033333333333332,1155.0,82.24
2023-04-19,245.0,2.32,13.0,2.57,13.0,0,25.46666666666667,31.928571428571423,245.0,0,400.6666666666667,612.4285714285714,0.0,2.56,0.009999999999999787,2.3066666666666666,568.4,33.41
2023-04-20,337.0,2.45,6.7,2.65,6.7,0,17.233333333333334,27.91428571428571,337.0,0,360.6666666666667,534.1428571428571,0.08000000000000007,2.5966666666666662,0.13000000000000034,2.36,825.6500000000001,17.755
2023-04-21,97.9,2.45,4.7,2.7,4.7,0,8.133333333333333,23.61428571428571,97.9,0,226.63333333333333,433.9857142857143,0.050000000000000266,2.64,0.0,2.4066666666666667,239.85500000000002,12.690000000000001
2023-04-22,229.0,2.57,2.51,2.72,2.51,0,4.636666666666667,18.70142857142857,229.0,0,221.29999999999998,362.7,0.020000000000000018,2.69,0.11999999999999966,2.49,588.53,6.8271999999999995
2023-04-23,150.0,2.57,0.924,2.72,0.924,0,2.7113333333333336,13.033428571428567,150.0,0,158.96666666666667,287.9857142857143,0.0,2.7133333333333334,0.0,2.53,385.5,2.5132800000000004
2023-04-24,149.0,2.57,0.379,2.73,0.379,0,1.271,8.60185714285714,149.0,0,176.0,243.9857142857143,0.009999999999999787,2.723333333333334,0.0,2.57,382.92999999999995,1.03467
2023-04-25,758.0,2.64,8.35,2.76,8.35,0,3.2176666666666662,5.223285714285711,758.0,0,352.3333333333333,280.84285714285716,0.029999999999999805,2.736666666666667,0.07000000000000028,2.5933333333333333,2001.1200000000001,23.045999999999996
2023-04-26,770.0,2.46,32.2,2.74,32.2,0,13.643,7.966142857142855,770.0,0,559.0,355.84285714285716,-0.019999999999999574,2.7433333333333336,-0.18000000000000016,2.5566666666666666,1894.2,88.22800000000001
2023-04-27,940.0,2.4,24.6,2.65,24.6,0,21.71666666666667,10.523285714285711,940.0,0,822.6666666666666,441.9857142857143,-0.0900000000000003,2.716666666666667,-0.06000000000000005,2.5,2256.0,65.19
2023-04-28,919.0,2.27,18.8,2.6,18.8,0,25.200000000000003,12.537571428571425,919.0,0,876.3333333333334,559.2857142857143,-0.04999999999999982,2.6633333333333336,-0.1299999999999999,2.3766666666666665,2086.13,48.88
2023-04-29,769.0,2.21,17.7,2.57,17.7,0,20.366666666666667,14.707571428571427,769.0,0,876.0,636.4285714285714,-0.03000000000000025,2.606666666666667,-0.06000000000000005,2.2933333333333334,1699.49,45.489
2023-04-30,847.0,2.25,16.2,2.56,16.2,0,17.566666666666666,16.889857142857142,847.0,0,845.0,736.0,-0.009999999999999787,2.5766666666666667,0.040000000000000036,2.2433333333333336,1905.75,41.472
2023-05-01,620.0,2.19,23.0,2.54,23.0,0,18.96666666666667,20.12142857142857,620.0,0,745.3333333333334,803.2857142857143,-0.020000000000000018,2.5566666666666666,-0.06000000000000005,2.216666666666667,1357.8,58.42
2023-05-02,438.0,2.17,25.3,2.49,25.3,0,21.5,22.542857142857144,438.0,0,635.0,757.5714285714286,-0.04999999999999982,2.53,-0.020000000000000018,2.203333333333333,950.4599999999999,62.99700000000001
2023-05-03,395.0,2.21,24.3,2.47,24.3,0,24.2,21.41428571428571,395.0,0,484.3333333333333,704.0,-0.020000000000000018,2.5,0.040000000000000036,2.19,872.9499999999999,60.02100000000001
2023-05-04,386.0,2.25,5.8,2.47,5.8,0,18.466666666666665,18.728571428571428,386.0,0,406.3333333333333,624.8571428571429,0.0,2.476666666666667,0.040000000000000036,2.2100000000000004,868.5,14.326
2023-05-05,348.0,2.29,-7.46,2.57,7.46,1,7.546666666666667,14.977142857142853,348.0,0,376.3333333333333,543.2857142857143,0.09999999999999964,2.5033333333333334,0.040000000000000036,2.25,796.92,-19.1722
2023-05-06,175.0,2.39,-0.344,2.66,0.344,1,-0.668,12.39942857142857,175.0,0,303.0,458.42857142857144,0.0900000000000003,2.5666666666666664,0.10000000000000009,2.31,418.25,-0.91504
2023-05-07,283.0,2.5,-2.41,2.67,2.41,1,-3.404666666666667,9.74085714285714,283.0,0,268.6666666666667,377.85714285714283,0.009999999999999787,2.6333333333333333,0.10999999999999988,2.393333333333333,707.5,-6.4347
2023-05-08,165.0,2.55,1.73,2.71,1.73,0,-0.3413333333333332,6.702285714285712,165.0,0,207.66666666666666,312.85714285714283,0.040000000000000036,2.6799999999999997,0.04999999999999982,2.48,420.74999999999994,4.6883
2023-05-09,463.0,2.61,12.6,2.73,12.6,0,3.973333333333333,4.887999999999997,463.0,0,303.6666666666667,316.42857142857144,0.020000000000000018,2.703333333333333,0.06000000000000005,2.5533333333333332,1208.4299999999998,34.397999999999996
2023-05-10,587.0,2.51,10.5,2.73,10.5,0,8.276666666666666,2.9165714285714257,587.0,0,405.0,343.85714285714283,0.0,2.723333333333333,-0.10000000000000009,2.5566666666666666,1473.37,28.665
2023-05-11,588.0,2.42,31.4,2.71,31.4,0,18.166666666666668,6.573714285714282,588.0,0,546.0,372.7142857142857,-0.020000000000000018,2.723333333333333,-0.08999999999999986,2.513333333333333,1422.96,85.094
2023-05-12,641.0,2.4,33.1,2.64,33.1,0,25.0,12.367999999999997,641.0,0,605.3333333333334,414.57142857142856,-0.06999999999999984,2.6933333333333334,-0.020000000000000018,2.4433333333333334,1538.3999999999999,87.38400000000001
2023-05-13,696.0,2.38,34.6,2.61,34.6,0,33.03333333333333,17.359999999999996,696.0,0,641.6666666666666,489.0,-0.03000000000000025,2.653333333333333,-0.020000000000000018,2.4,1656.48,90.306
2023-05-14,645.0,2.33,37.7,2.56,37.7,0,35.13333333333333,23.09,645.0,0,660.6666666666666,540.7142857142857,-0.04999999999999982,2.6033333333333335,-0.04999999999999982,2.3699999999999997,1502.8500000000001,96.51200000000001
2023-05-15,569.0,2.33,31.8,2.52,31.8,0,34.699999999999996,27.38571428571428,569.0,0,636.6666666666666,598.4285714285714,-0.040000000000000036,2.563333333333333,0.0,2.3466666666666667,1325.77,80.136
2023-05-16,460.0,2.31,27.2,2.52,27.2,0,32.233333333333334,29.471428571428568,460.0,0,558.0,598.0,0.0,2.5333333333333337,-0.020000000000000018,2.3233333333333337,1062.6000000000001,68.544
2023-05-17,386.0,2.32,21.2,2.53,21.2,0,26.73333333333333,30.999999999999996,386.0,0,471.6666666666667,569.2857142857143,0.009999999999999787,2.5233333333333334,0.009999999999999787,2.32,895.52,53.635999999999996
2023-05-18,476.0,2.41,18.5,2.56,18.5,0,22.299999999999997,29.15714285714285,476.0,0,440.6666666666667,553.2857142857143,0.03000000000000025,2.5366666666666666,0.0900000000000003,2.3466666666666667,1147.16,47.36
2023-05-19,332.0,2.48,12.3,2.65,12.3,0,17.333333333333332,26.185714285714283,332.0,0,398.0,509.14285714285717,0.08999999999999986,2.58,0.06999999999999984,2.4033333333333338,823.36,32.595
2023-05-20,406.0,2.55,13.2,2.7,13.2,0,14.666666666666664,23.128571428571426,406.0,0,404.6666666666667,467.7142857142857,0.050000000000000266,2.6366666666666667,0.06999999999999984,2.48,1035.3,35.64
2023-05-21,328.0,2.49,11.4,2.73,11.4,0,12.299999999999997,19.371428571428567,328.0,0,355.3333333333333,422.42857142857144,0.029999999999999805,2.6933333333333334,-0.05999999999999961,2.5066666666666664,816.72,31.122
2023-05-22,408.0,2.52,9.03,2.74,9.03,0,11.209999999999999,16.118571428571425,408.0,0,380.6666666666667,399.42857142857144,0.010000000000000231,2.723333333333333,0.029999999999999805,2.52,1028.16,24.7422
2023-05-23,646.0,2.59,11.1,2.79,11.1,0,10.509999999999998,13.818571428571426,646.0,0,460.6666666666667,426.0,0.04999999999999982,2.753333333333334,0.06999999999999984,2.533333333333333,1673.1399999999999,30.968999999999998
2023-05-24,611.0,2.53,11.4,2.78,11.4,0,10.509999999999998,12.418571428571425,611.0,0,555.0,458.14285714285717,-0.010000000000000231,2.77,-0.06000000000000005,2.5466666666666664,1545.83,31.692
2023-05-25,652.0,2.49,26.1,2.75,26.1,0,16.2,13.504285714285711,652.0,0,636.3333333333334,483.2857142857143,-0.029999999999999805,2.7733333333333334,-0.03999999999999959,2.5366666666666666,1623.4800000000002,71.775
2023-05-26,713.0,2.45,27.2,2.7,27.2,0,21.566666666666663,15.632857142857139,713.0,0,658.6666666666666,537.7142857142857,-0.04999999999999982,2.7433333333333336,-0.040000000000000036,2.49,1746.8500000000001,73.44
2023-05-27,963.0,2.4,12.8,2.66,12.8,0,22.03333333333333,15.575714285714282,963.0,0,776.0,617.2857142857143,-0.040000000000000036,2.7033333333333336,-0.050000000000000266,2.4466666666666668,2311.2,34.048
2023-05-28,893.0,2.4,31.4,2.81,31.4,0,23.799999999999997,18.432857142857138,893.0,0,856.3333333333334,698.0,0.1499999999999999,2.723333333333334,0.0,2.4166666666666665,2143.2,88.234
2023-05-29,719.0,2.32,39.0,2.64,39.0,0,27.73333333333333,22.714285714285715,719.0,0,858.3333333333334,742.4285714285714,-0.16999999999999993,2.703333333333333,-0.08000000000000007,2.3733333333333335,1668.08,102.96000000000001
2023-05-30,636.0,2.38,38.2,2.57,38.2,0,36.199999999999996,26.585714285714285,636.0,0,749.3333333333334,741.0,-0.07000000000000028,2.6733333333333333,0.06000000000000005,2.3666666666666667,1513.6799999999998,98.174
2023-05-31,472.0,2.4,35.8,2.56,35.8,0,37.666666666666664,30.071428571428573,472.0,0,609.0,721.1428571428571,-0.009999999999999787,2.59,0.020000000000000018,2.3666666666666667,1132.8,91.648
2023-06-01,424.0,2.44,36.2,2.58,36.2,0,36.733333333333334,31.514285714285712,424.0,0,510.6666666666667,688.5714285714286,0.020000000000000018,2.57,0.040000000000000036,2.4066666666666667,1034.56,93.39600000000002
2023-06-02,433.0,2.48,14.0,2.62,14.0,0,28.666666666666668,29.628571428571426,433.0,0,443.0,648.5714285714286,0.040000000000000036,2.5866666666666664,0.040000000000000036,2.44,1073.84,36.68
2023-06-03,385.0,2.48,10.3,2.7,10.3,0,20.166666666666668,29.271428571428572,385.0,0,414.0,566.0,0.08000000000000007,2.6333333333333333,0.0,2.4666666666666663,954.8,27.810000000000002
2023-06-04,387.0,2.5,5.23,2.73,5.23,0,9.843333333333332,25.532857142857143,387.0,0,401.6666666666667,493.7142857142857,0.029999999999999805,2.6833333333333336,0.020000000000000018,2.486666666666667,967.5,14.2779
2023-06-05,258.0,2.47,2.58,2.74,2.58,0,6.036666666666664,20.330000000000002,258.0,0,343.3333333333333,427.85714285714283,0.010000000000000231,2.723333333333334,-0.029999999999999805,2.483333333333334,637.2600000000001,7.0692
2023-06-06,356.0,2.57,1.68,2.8,1.68,0,3.163333333333331,15.112857142857141,356.0,0,333.6666666666667,387.85714285714283,0.05999999999999961,2.7566666666666664,0.09999999999999964,2.513333333333333,914.92,4.704
2023-06-07,364.0,2.54,10.0,2.78,10.0,0,4.753333333333331,11.427142857142856,364.0,0,326.0,372.42857142857144,-0.020000000000000018,2.7733333333333334,-0.029999999999999805,2.526666666666667,924.5600000000001,27.799999999999997
2023-06-08,517.0,2.52,9.28,2.77,9.28,0,6.986666666666665,7.581428571428569,517.0,0,412.3333333333333,385.7142857142857,-0.009999999999999787,2.783333333333333,-0.020000000000000018,2.543333333333333,1302.84,25.705599999999997
2023-06-09,444.0,2.51,13.6,2.76,13.6,0,10.959999999999999,7.524285714285712,444.0,0,441.6666666666667,387.2857142857143,-0.010000000000000231,2.7699999999999996,-0.010000000000000231,2.5233333333333334,1114.4399999999998,37.535999999999994
2023-06-10,434.0,2.52,15.4,2.74,15.4,0,12.759999999999998,8.252857142857142,434.0,0,465.0,394.2857142857143,-0.019999999999999574,2.7566666666666664,0.010000000000000231,2.5166666666666666,1093.68,42.196000000000005
2023-06-11,340.0,2.48,29.9,2.72,29.9,0,19.63333333333333,11.777142857142854,340.0,0,406.0,387.57142857142856,-0.020000000000000018,2.74,-0.040000000000000036,2.5033333333333334,843.2,81.328
2023-06-12,520.0,2.52,38.7,2.67,38.7,0,28.0,16.937142857142856,520.0,0,431.3333333333333,425.0,-0.050000000000000266,2.7100000000000004,0.040000000000000036,2.5066666666666664,1310.4,103.32900000000001
2023-06-13,588.0,2.48,38.9,2.64,38.9,0,35.833333333333336,22.25428571428571,588.0,0,482.6666666666667,458.14285714285717,-0.029999999999999805,2.676666666666667,-0.040000000000000036,2.4933333333333336,1458.24,102.696
2023-06-14,584.0,2.43,37.4,2.64,37.4,0,38.33333333333333,26.168571428571425,584.0,0,564.0,489.57142857142856,0.0,2.65,-0.04999999999999982,2.4766666666666666,1419.1200000000001,98.736
2023-06-15,538.0,2.42,26.1,2.62,26.1,0,34.133333333333326,28.571428571428566,538.0,0,570.0,492.57142857142856,-0.020000000000000018,2.6333333333333333,-0.010000000000000231,2.4433333333333334,1301.96,68.382
2023-06-16,536.0,2.42,25.8,2.63,25.8,0,29.766666666666666,30.314285714285713,536.0,0,552.6666666666666,505.7142857142857,0.009999999999999787,2.6300000000000003,0.0,2.4233333333333333,1297.12,67.854
2023-06-17,468.0,2.41,15.0,2.63,15.0,0,22.299999999999997,30.257142857142856,468.0,0,514.0,510.57142857142856,0.0,2.6266666666666665,-0.009999999999999787,2.4166666666666665,1127.88,39.449999999999996
2023-06-18,512.0,2.44,4.41,2.65,4.41,0,15.069999999999999,26.615714285714283,512.0,0,505.3333333333333,535.1428571428571,0.020000000000000018,2.6366666666666667,0.029999999999999805,2.4233333333333333,1249.28,11.6865
2023-06-19,487.0,2.59,19.5,2.86,19.5,0,12.969999999999999,23.87285714285714,487.0,0,489.0,530.4285714285714,0.20999999999999996,2.713333333333333,0.1499999999999999,2.48,1261.33,55.769999999999996
2023-06-20,1030.0,2.7,37.2,3.18,37.2,0,20.37,23.629999999999995,1030.0,0,676.3333333333334,593.5714285714286,0.3200000000000003,2.896666666666667,0.11000000000000032,2.5766666666666667,2781.0,118.29600000000002
2023-06-21,763.0,2.85,39.5,3.18,39.5,0,32.06666666666667,23.93,763.0,0,760.0,619.1428571428571,0.0,3.0733333333333337,0.1499999999999999,2.7133333333333334,2174.55,125.61
2023-06-22,723.0,2.76,23.9,2.97,23.9,0,33.53333333333333,23.615714285714283,723.0,0,838.6666666666666,645.5714285714286,-0.20999999999999996,3.1100000000000008,-0.0900000000000003,2.77,1995.4799999999998,70.983
2023-06-23,779.0,2.65,19.3,2.92,19.3,0,27.566666666666666,22.687142857142856,779.0,0,755.0,680.2857142857143,-0.050000000000000266,3.0233333333333334,-0.10999999999999988,2.7533333333333334,2064.35,56.356
2023-06-24,1140.0,2.58,-19.3,2.85,19.3,1,7.966666666666666,17.787142857142857,1140.0,0,880.6666666666666,776.2857142857143,-0.06999999999999984,2.9133333333333336,-0.06999999999999984,2.6633333333333336,2941.2000000000003,-55.005
2023-06-25,1910.0,3.11,45.3,3.61,45.3,0,15.1,23.628571428571426,1910.0,0,1276.3333333333333,976.0,0.7599999999999998,3.1266666666666665,0.5299999999999998,2.78,5940.099999999999,163.533
2023-06-26,1450.0,3.02,66.9,3.41,66.9,0,30.96666666666667,30.4,1450.0,0,1500.0,1113.5714285714287,-0.19999999999999973,3.2900000000000005,-0.08999999999999986,2.903333333333333,4379.0,228.12900000000002
2023-06-27,1130.0,2.72,56.0,2.98,56.0,0,56.06666666666666,33.08571428571428,1130.0,0,1496.6666666666667,1127.857142857143,-0.43000000000000016,3.3333333333333335,-0.2999999999999998,2.9499999999999997,3073.6000000000004,166.88
2023-06-28,1080.0,2.55,48.2,2.81,48.2,0,57.03333333333334,34.32857142857142,1080.0,0,1220.0,1173.142857142857,-0.16999999999999993,3.0666666666666664,-0.17000000000000037,2.763333333333333,2754.0,135.442
2023-06-29,990.0,2.47,43.4,2.7,43.4,0,49.199999999999996,37.114285714285714,990.0,0,1066.6666666666667,1211.2857142857142,-0.10999999999999988,2.83,-0.07999999999999963,2.58,2445.3,117.18
2023-06-30,792.0,2.44,33.6,2.71,33.6,0,41.733333333333334,39.15714285714285,792.0,0,954.0,1213.142857142857,0.009999999999999787,2.7399999999999998,-0.03000000000000025,2.486666666666667,1932.48,91.056
2023-07-01,690.0,2.49,43.5,2.69,43.5,0,40.166666666666664,48.128571428571426,690.0,0,824.0,1148.857142857143,-0.020000000000000018,2.6999999999999997,0.050000000000000266,2.466666666666667,1718.1000000000001,117.015
2023-07-02,618.0,2.56,20.2,2.73,20.2,0,32.43333333333333,44.54285714285714,618.0,0,700.0,964.2857142857143,0.040000000000000036,2.7099999999999995,0.06999999999999984,2.4966666666666666,1582.08,55.146
2023-07-03,612.0,2.61,10.1,2.89,10.1,0,24.599999999999998,36.42857142857142,612.0,0,640.0,844.5714285714286,0.16000000000000014,2.77,0.04999999999999982,2.5533333333333332,1597.32,29.189
2023-07-04,554.0,2.66,19.1,3.01,19.1,0,16.466666666666665,31.15714285714285,554.0,0,594.6666666666666,762.2857142857143,0.11999999999999966,2.876666666666667,0.050000000000000266,2.61,1473.64,57.491
2023-07-05,462.0,2.66,12.1,2.86,12.1,0,13.766666666666666,25.999999999999996,462.0,0,542.6666666666666,674.0,-0.1499999999999999,2.92,0.0,2.643333333333333,1228.92,34.605999999999995
2023-07-06,532.0,2.77,12.1,2.88,12.1,0,14.433333333333332,21.52857142857143,532.0,0,516.0,608.5714285714286,0.020000000000000018,2.9166666666666665,0.10999999999999988,2.6966666666666668,1473.64,34.848
2023-07-07,381.0,2.74,14.7,2.86,14.7,0,12.966666666666663,18.828571428571422,381.0,0,458.3333333333333,549.8571428571429,-0.020000000000000018,2.8666666666666667,-0.029999999999999805,2.723333333333333,1043.94,42.041999999999994
2023-07-08,481.0,2.79,-4.03,2.88,4.03,1,7.589999999999997,12.038571428571425,481.0,0,464.6666666666667,520.0,0.020000000000000018,2.873333333333333,0.04999999999999982,2.766666666666667,1341.99,-11.6064
2023-07-09,657.0,2.81,33.6,3.07,33.6,0,14.756666666666666,13.952857142857138,657.0,0,506.3333333333333,525.5714285714286,0.18999999999999995,2.936666666666666,0.020000000000000018,2.78,1846.17,103.152
2023-07-10,856.0,2.71,55.3,2.85,55.3,0,28.289999999999996,20.409999999999997,856.0,0,664.6666666666666,560.4285714285714,-0.21999999999999975,2.9333333333333336,-0.10000000000000009,2.77,2319.7599999999998,157.605
2023-07-11,991.0,2.64,44.5,2.78,44.5,0,44.46666666666666,24.038571428571426,991.0,0,834.6666666666666,622.8571428571429,-0.07000000000000028,2.9,-0.06999999999999984,2.72,2616.2400000000002,123.71
2023-07-12,929.0,2.61,44.5,2.74,44.5,0,48.1,28.667142857142856,929.0,0,925.3333333333334,689.5714285714286,-0.03999999999999959,2.7900000000000005,-0.03000000000000025,2.6533333333333333,2424.69,121.93
2023-07-13,1050.0,2.53,46.3,2.72,46.3,0,45.099999999999994,33.552857142857135,1050.0,0,990.0,763.5714285714286,-0.020000000000000018,2.7466666666666666,-0.08000000000000007,2.5933333333333333,2656.5,125.936
2023-07-14,912.0,2.45,37.9,2.69,37.9,0,42.9,36.867142857142845,912.0,0,963.6666666666666,839.4285714285714,-0.03000000000000025,2.716666666666667,-0.07999999999999963,2.53,2234.4,101.951
2023-07-15,778.0,2.44,38.2,2.68,38.2,0,40.79999999999999,42.89999999999999,778.0,0,913.3333333333334,881.8571428571429,-0.009999999999999787,2.6966666666666668,-0.010000000000000231,2.473333333333333,1898.32,102.37600000000002
2023-07-16,644.0,2.47,41.8,2.71,41.8,0,39.300000000000004,44.07142857142857,644.0,0,778.0,880.0,0.029999999999999805,2.6933333333333334,0.03000000000000025,2.4533333333333336,1590.68,113.27799999999999
2023-07-17,771.0,2.57,27.6,2.84,27.6,0,35.86666666666667,40.11428571428571,771.0,0,731.0,867.8571428571429,0.1299999999999999,2.7433333333333336,0.09999999999999964,2.493333333333333,1981.4699999999998,78.384
2023-07-18,641.0,2.71,11.3,2.89,11.3,0,26.899999999999995,35.37142857142857,641.0,0,685.3333333333334,817.8571428571429,0.050000000000000266,2.813333333333334,0.14000000000000012,2.5833333333333335,1737.11,32.657000000000004
2023-07-19,565.0,2.68,11.0,2.84,11.0,0,16.63333333333333,30.585714285714282,565.0,0,659.0,765.8571428571429,-0.050000000000000266,2.856666666666667,-0.029999999999999805,2.653333333333333,1514.2,31.24
2023-07-20,628.0,2.67,23.9,2.84,23.9,0,15.399999999999997,27.385714285714283,628.0,0,611.3333333333334,705.5714285714286,0.0,2.856666666666667,-0.010000000000000231,2.686666666666667,1676.76,67.87599999999999
2023-07-21,731.0,2.8,9.98,3.21,9.98,0,14.959999999999999,23.397142857142853,731.0,0,641.3333333333334,679.7142857142857,0.3700000000000001,2.9633333333333334,0.1299999999999999,2.716666666666667,2046.8,32.0358
2023-07-22,816.0,2.83,0.493,3.25,0.493,0,11.457666666666666,18.010428571428566,816.0,0,725.0,685.1428571428571,0.040000000000000036,3.1,0.03000000000000025,2.766666666666667,2309.28,1.60225
2023-07-23,845.0,2.82,31.0,3.52,31.0,0,13.82433333333333,16.467571428571425,845.0,0,797.3333333333334,713.8571428571429,0.27,3.3266666666666667,-0.010000000000000231,2.8166666666666664,2382.9,109.12
2023-07-24,794.0,2.73,39.0,3.01,39.0,0,23.497666666666664,18.096142857142855,794.0,0,818.3333333333334,717.1428571428571,-0.5100000000000002,3.26,-0.08999999999999986,2.793333333333333,2167.62,117.38999999999999
2023-07-25,753.0,2.66,36.4,2.86,36.4,0,35.46666666666667,21.681857142857137,753.0,0,797.3333333333334,733.1428571428571,-0.1499999999999999,3.1300000000000003,-0.06999999999999984,2.7366666666666664,2002.98,104.10399999999998
2023-07-26,680.0,2.57,39.7,2.71,39.7,0,38.36666666666667,25.781857142857138,680.0,0,742.3333333333334,749.5714285714286,-0.1499999999999999,2.86,-0.0900000000000003,2.6533333333333333,1747.6,107.587
2023-07-27,748.0,2.55,41.3,2.68,41.3,0,39.13333333333333,28.267571428571422,748.0,0,727.0,766.7142857142857,-0.029999999999999805,2.75,-0.020000000000000018,2.5933333333333333,1907.3999999999999,110.684
2023-07-28,714.0,2.54,34.1,2.69,34.1,0,38.36666666666667,31.71328571428571,714.0,0,714.0,764.2857142857143,0.009999999999999787,2.6933333333333334,-0.009999999999999787,2.5533333333333332,1813.56,91.729
2023-07-29,926.0,2.52,34.1,2.72,34.1,0,36.5,36.51428571428571,926.0,0,796.0,780.0,0.03000000000000025,2.6966666666666668,-0.020000000000000018,2.5366666666666666,2333.52,92.75200000000001
2023-07-30,828.0,2.52,33.8,2.64,33.8,0,34.0,36.91428571428571,828.0,0,822.6666666666666,777.5714285714286,-0.08000000000000007,2.6833333333333336,0.0,2.526666666666667,2086.56,89.232
2023-07-31,562.0,2.43,36.6,2.62,36.6,0,34.833333333333336,36.57142857142857,562.0,0,772.0,744.4285714285714,-0.020000000000000018,2.66,-0.08999999999999986,2.49,1365.66,95.89200000000001
2023-08-01,298.0,2.46,6.12,2.6,6.12,0,25.50666666666667,32.24571428571428,298.0,0,562.6666666666666,679.4285714285714,-0.020000000000000018,2.6199999999999997,0.029999999999999805,2.47,733.08,15.912
2023-08-02,179.0,2.54,-3.63,2.77,3.63,1,13.030000000000001,26.055714285714284,179.0,0,346.3333333333333,607.8571428571429,0.16999999999999993,2.6633333333333336,0.08000000000000007,2.4766666666666666,454.66,-10.0551
2023-08-03,-47.7,2.63,-8.43,2.85,8.43,1,-1.9799999999999998,18.95142857142857,47.7,1,143.1,494.1857142857143,0.08000000000000007,2.74,0.08999999999999986,2.5433333333333334,-125.45100000000001,-24.0255
2023-08-04,29.2,2.79,7.42,2.85,7.42,0,-1.5466666666666662,15.139999999999997,29.2,0,53.5,396.35714285714283,0.0,2.8233333333333337,0.16000000000000014,2.653333333333333,81.468,21.147000000000002
2023-08-05,4.15,2.75,7.67,2.76,7.67,0,2.22,11.36428571428571,4.15,0,-4.783333333333334,264.6642857142857,-0.0900000000000003,2.8200000000000003,-0.040000000000000036,2.723333333333333,11.412500000000001,21.169199999999996
2023-08-06,120.0,2.69,10.2,2.71,10.2,0,8.43,7.992857142857139,120.0,0,51.11666666666667,163.52142857142857,-0.04999999999999982,2.7733333333333334,-0.06000000000000005,2.7433333333333336,322.8,27.642
2023-08-07,207.0,2.69,9.34,2.78,9.34,0,9.069999999999999,4.098571428571424,207.0,0,110.38333333333333,112.80714285714285,0.06999999999999984,2.75,0.0,2.7100000000000004,556.83,25.9652
2023-08-08,385.0,2.7,26.8,2.81,26.8,0,15.446666666666667,7.05285714285714,385.0,0,237.33333333333334,125.23571428571428,0.03000000000000025,2.766666666666667,0.010000000000000231,2.6933333333333334,1039.5,75.308
2023-08-09,506.0,2.71,36.9,2.78,36.9,0,24.346666666666664,12.84285714285714,506.0,0,366.0,171.95000000000002,-0.03000000000000025,2.7899999999999996,0.009999999999999787,2.6999999999999997,1371.26,102.582
2023-08-10,689.0,2.71,44.0,2.77,44.0,0,35.9,20.332857142857137,689.0,0,526.6666666666666,277.1928571428571,-0.009999999999999787,2.7866666666666666,0.0,2.706666666666667,1867.19,121.88
2023-08-11,1050.0,2.69,48.8,2.76,48.8,0,43.23333333333333,26.244285714285713,1050.0,0,748.3333333333334,423.02142857142854,-0.010000000000000231,2.7699999999999996,-0.020000000000000018,2.703333333333333,2824.5,134.688
2023-08-12,873.0,2.52,47.4,2.71,47.4,0,46.73333333333333,31.91999999999999,873.0,0,870.6666666666666,547.1428571428571,-0.04999999999999982,2.7466666666666666,-0.16999999999999993,2.64,2199.96,128.454
2023-08-13,584.0,2.44,40.3,2.65,40.3,0,45.5,36.21999999999999,584.0,0,835.6666666666666,613.4285714285714,-0.06000000000000005,2.7066666666666666,-0.08000000000000007,2.55,1424.96,106.79499999999999
2023-08-14,448.0,2.51,35.6,2.62,35.6,0,41.099999999999994,39.97142857142857,448.0,0,635.0,647.8571428571429,-0.029999999999999805,2.66,0.06999999999999984,2.4899999999999998,1124.48,93.272
2023-08-15,378.0,2.56,7.67,2.64,7.67,0,27.85666666666666,37.238571428571426,378.0,0,470.0,646.8571428571429,0.020000000000000018,2.6366666666666667,0.050000000000000266,2.5033333333333334,967.6800000000001,20.2488
2023-08-16,372.0,2.61,-1.18,2.75,1.18,1,14.03,31.798571428571424,372.0,0,399.3333333333333,627.7142857142857,0.10999999999999988,2.67,0.04999999999999982,2.56,970.92,-3.2449999999999997
2023-08-17,280.0,2.66,4.61,2.82,4.61,0,3.699999999999998,26.171428571428567,280.0,0,343.3333333333333,569.2857142857143,0.06999999999999984,2.736666666666667,0.050000000000000266,2.61,744.8000000000001,13.0002
2023-08-18,289.0,2.75,8.87,2.9,8.87,0,4.099999999999997,20.46714285714285,289.0,0,313.6666666666667,460.57142857142856,0.08000000000000007,2.823333333333333,0.08999999999999986,2.6733333333333333,794.75,25.722999999999995
2023-08-19,305.0,2.73,7.78,2.82,7.78,0,7.086666666666663,14.807142857142852,305.0,0,291.3333333333333,379.42857142857144,-0.08000000000000007,2.8466666666666662,-0.020000000000000018,2.7133333333333334,832.65,21.9396
2023-08-20,317.0,2.7,10.3,2.83,10.3,0,8.98333333333333,10.521428571428569,317.0,0,303.6666666666667,341.2857142857143,0.010000000000000231,2.8499999999999996,-0.029999999999999805,2.7266666666666666,855.9000000000001,29.149000000000004
2023-08-21,424.0,2.67,10.7,2.84,10.7,0,9.59333333333333,6.96428571428571,424.0,0,348.6666666666667,337.85714285714283,0.009999999999999787,2.83,-0.03000000000000025,2.6999999999999997,1132.08,30.387999999999998
2023-08-22,500.0,2.62,23.6,2.85,23.6,0,14.866666666666665,9.239999999999997,500.0,0,413.6666666666667,355.2857142857143,0.010000000000000231,2.84,-0.04999999999999982,2.6633333333333336,1310.0,67.26
2023-08-23,466.0,2.66,23.4,2.85,23.4,0,19.23333333333333,12.751428571428567,466.0,0,463.3333333333333,368.7142857142857,0.0,2.8466666666666662,0.040000000000000036,2.6500000000000004,1239.5600000000002,66.69
2023-08-24,624.0,2.7,38.6,2.79,38.6,0,28.53333333333333,17.607142857142854,624.0,0,530.0,417.85714285714283,-0.06000000000000005,2.83,0.040000000000000036,2.66,1684.8000000000002,107.694
2023-08-25,681.0,2.6,34.0,2.69,34.0,0,32.0,21.197142857142854,681.0,0,590.3333333333334,473.85714285714283,-0.10000000000000009,2.776666666666667,-0.10000000000000009,2.6533333333333333,1770.6000000000001,91.46
2023-08-26,807.0,2.55,37.6,2.71,37.6,0,36.73333333333333,25.457142857142856,807.0,0,704.0,545.5714285714286,0.020000000000000018,2.7300000000000004,-0.050000000000000266,2.6166666666666667,2057.85,101.896
2023-08-27,734.0,2.51,32.7,2.67,32.7,0,34.766666666666666,28.65714285714285,734.0,0,740.6666666666666,605.1428571428571,-0.040000000000000036,2.69,-0.040000000000000036,2.5533333333333332,1842.34,87.30900000000001
2023-08-28,723.0,2.5,27.8,2.66,27.8,0,32.699999999999996,31.099999999999998,723.0,0,754.6666666666666,647.8571428571429,-0.009999999999999787,2.6799999999999997,-0.009999999999999787,2.52,1807.5,73.94800000000001
2023-08-29,463.0,2.5,23.2,2.71,23.2,0,27.899999999999995,31.04285714285714,463.0,0,640.0,642.5714285714286,0.04999999999999982,2.6799999999999997,0.0,2.5033333333333334,1157.5,62.872
2023-08-30,407.0,2.65,28.0,2.8,28.0,0,26.333333333333332,31.699999999999996,407.0,0,531.0,634.1428571428571,0.08999999999999986,2.723333333333333,0.1499999999999999,2.5500000000000003,1078.55,78.39999999999999
2023-08-31,397.0,2.87,31.0,3.02,31.0,0,27.399999999999995,30.61428571428571,397.0,0,422.3333333333333,601.7142857142857,0.2200000000000002,2.8433333333333333,0.2200000000000002,2.6733333333333333,1139.39,93.62
2023-09-01,29.4,2.86,31.3,2.92,31.3,0,30.099999999999998,30.228571428571428,29.4,0,277.8,508.6285714285714,-0.10000000000000009,2.9133333333333336,-0.010000000000000231,2.793333333333333,84.08399999999999,91.396
2023-09-02,-15.5,2.88,20.1,2.78,20.1,0,27.466666666666665,27.728571428571428,15.5,1,136.96666666666667,391.1285714285714,-0.14000000000000012,2.9066666666666663,0.020000000000000018,2.8699999999999997,-44.64,55.878
2023-09-03,133.0,2.84,0.311,2.77,0.311,0,17.237,23.101571428571425,133.0,0,48.96666666666667,305.27142857142854,-0.009999999999999787,2.8233333333333337,-0.040000000000000036,2.86,377.71999999999997,0.86147
2023-09-04,171.0,2.86,-1.53,3.02,1.53,1,6.293666666666664,18.911571428571424,171.0,0,96.16666666666667,226.41428571428568,0.25,2.856666666666667,0.020000000000000018,2.86,489.06,-4.6206000000000005
2023-09-05,226.0,2.84,11.5,2.98,11.5,0,3.426999999999998,17.240142857142853,226.0,0,176.66666666666666,192.55714285714285,-0.040000000000000036,2.9233333333333333,-0.020000000000000018,2.8466666666666662,641.8399999999999,34.27
2023-09-06,360.0,2.77,31.9,2.86,31.9,0,13.956666666666663,17.79728571428571,360.0,0,252.33333333333334,185.8428571428571,-0.1200000000000001,2.953333333333333,-0.06999999999999984,2.823333333333333,997.2,91.234
2023-09-07,511.0,2.71,44.6,2.84,44.6,0,29.333333333333332,19.740142857142853,511.0,0,365.6666666666667,202.12857142857138,-0.020000000000000018,2.893333333333333,-0.06000000000000005,2.7733333333333334,1384.81,126.664
2023-09-08,729.0,2.63,39.6,2.77,39.6,0,38.699999999999996,20.925857142857144,729.0,0,533.3333333333334,302.0714285714285,-0.06999999999999984,2.823333333333333,-0.08000000000000007,2.703333333333333,1917.27,109.69200000000001
2023-09-09,870.0,2.57,39.3,2.72,39.3,0,41.166666666666664,23.668714285714284,870.0,0,703.3333333333334,428.5714285714285,-0.04999999999999982,2.776666666666667,-0.06000000000000005,2.6366666666666667,2235.8999999999996,106.896
2023-09-10,744.0,2.48,38.1,2.7,38.1,0,39.0,29.06714285714285,744.0,0,781.0,515.8571428571428,-0.020000000000000018,2.7300000000000004,-0.08999999999999986,2.56,1845.12,102.87
2023-09-11,525.0,2.44,32.8,2.66,32.8,0,36.73333333333333,33.97142857142857,525.0,0,713.0,566.4285714285713,-0.040000000000000036,2.693333333333334,-0.040000000000000036,2.4966666666666666,1281.0,87.24799999999999
2023-09-12,328.0,2.49,29.8,2.68,29.8,0,33.56666666666666,36.58571428571428,328.0,0,532.3333333333334,580.9999999999999,0.020000000000000018,2.68,0.050000000000000266,2.47,816.72,79.864
2023-09-13,261.0,2.54,30.0,2.73,30.0,0,30.866666666666664,36.31428571428571,261.0,0,371.3333333333333,566.8571428571428,0.04999999999999982,2.69,0.04999999999999982,2.49,662.94,81.9
2023-09-14,322.0,2.62,8.48,2.73,8.48,0,22.76,31.15428571428571,322.0,0,303.6666666666667,539.8571428571428,0.0,2.7133333333333334,0.08000000000000007,2.5500000000000003,843.64,23.1504
2023-09-15,268.0,2.73,22.4,2.81,22.4,0,20.293333333333333,28.697142857142854,268.0,0,283.6666666666667,473.99999999999994,0.08000000000000007,2.7566666666666664,0.10999999999999988,2.6300000000000003,731.64,62.943999999999996
2023-09-16,305.0,2.76,41.6,2.88,41.6,0,24.159999999999997,29.025714285714283,305.0,0,298.3333333333333,393.2857142857142,0.06999999999999984,2.8066666666666666,0.029999999999999805,2.703333333333333,841.8,119.80799999999999
2023-09-17,422.0,2.76,37.2,2.83,37.2,0,33.73333333333333,28.897142857142853,422.0,0,331.6666666666667,347.2857142857142,-0.04999999999999982,2.84,0.0,2.75,1164.7199999999998,105.27600000000001
2023-09-18,389.0,2.75,28.2,2.86,28.2,0,35.666666666666664,28.24,389.0,0,372.0,327.8571428571428,0.029999999999999805,2.856666666666667,-0.009999999999999787,2.7566666666666664,1069.75,80.652
2023-09-19,384.0,2.75,18.6,2.91,18.6,0,28.0,26.639999999999993,384.0,0,398.3333333333333,335.8571428571428,0.050000000000000266,2.8666666666666667,0.0,2.7533333333333334,1056.0,54.126000000000005
2023-09-20,554.0,2.73,11.4,2.89,11.4,0,19.4,23.98285714285714,554.0,0,442.3333333333333,377.71428571428567,-0.020000000000000018,2.8866666666666667,-0.020000000000000018,2.7433333333333336,1512.42,32.946000000000005
2023-09-21,384.0,2.67,32.2,2.93,32.2,0,20.733333333333334,27.37142857142857,384.0,0,440.6666666666667,386.5714285714285,0.040000000000000036,2.91,-0.06000000000000005,2.716666666666667,1025.28,94.34600000000002
2023-09-22,724.0,2.77,44.9,2.84,44.9,0,29.5,30.585714285714282,724.0,0,554.0,451.71428571428567,-0.0900000000000003,2.8866666666666667,0.10000000000000009,2.723333333333333,2005.48,127.51599999999999
2023-09-23,717.0,2.68,40.7,2.84,40.7,0,39.266666666666666,30.457142857142856,717.0,0,608.3333333333334,510.5714285714285,0.0,2.8699999999999997,-0.08999999999999986,2.7066666666666666,1921.5600000000002,115.58800000000001
2023-09-24,927.0,2.72,38.4,2.91,38.4,0,41.333333333333336,30.628571428571426,927.0,0,789.3333333333334,582.7142857142857,0.07000000000000028,2.8633333333333333,0.040000000000000036,2.723333333333333,2521.44,111.744
2023-09-25,948.0,2.68,44.7,2.95,44.7,0,41.26666666666667,32.98571428571428,948.0,0,864.0,662.5714285714286,0.040000000000000036,2.9000000000000004,-0.040000000000000036,2.6933333333333334,2540.6400000000003,131.865
2023-09-26,717.0,2.6,36.8,2.84,36.8,0,39.96666666666667,35.58571428571428,717.0,0,864.0,710.1428571428571,-0.11000000000000032,2.9000000000000004,-0.08000000000000007,2.6666666666666665,1864.2,104.51199999999999
2023-09-27,602.0,2.61,31.9,2.81,31.9,0,37.8,38.51428571428571,602.0,0,755.6666666666666,717.0,-0.029999999999999805,2.866666666666667,0.009999999999999787,2.6300000000000003,1571.22,89.639
2023-09-28,399.0,2.64,26.9,2.81,26.9,0,31.866666666666664,37.75714285714285,399.0,0,572.6666666666666,719.1428571428571,0.0,2.82,0.03000000000000025,2.6166666666666667,1053.3600000000001,75.589
2023-09-29,256.0,2.69,2.39,2.82,2.39,0,20.396666666666665,31.684285714285714,256.0,0,419.0,652.2857142857143,0.009999999999999787,2.813333333333333,0.04999999999999982,2.6466666666666665,688.64,6.7398
2023-09-30,226.0,2.75,-3.21,2.89,3.21,1,8.693333333333333,25.411428571428566,226.0,0,293.6666666666667,582.1428571428571,0.07000000000000028,2.84,0.06000000000000005,2.6933333333333334,621.5,-9.2769
2023-10-01,103.0,2.81,3.9,2.92,3.9,0,1.0266666666666666,20.48285714285714,103.0,0,195.0,464.4285714285714,0.029999999999999805,2.8766666666666665,0.06000000000000005,2.75,289.43,11.388
2023-10-02,211.0,2.85,5.76,2.91,5.76,0,2.15,14.919999999999996,211.0,0,180.0,359.14285714285705,-0.009999999999999787,2.9066666666666667,0.040000000000000036,2.8033333333333332,601.35,16.7616
2023-10-03,286.0,2.82,5.92,2.91,5.92,0,5.193333333333333,10.508571428571424,286.0,0,200.0,297.5714285714285,0.0,2.9133333333333336,-0.03000000000000025,2.8266666666666667,806.52,17.2272
2023-10-04,330.0,2.77,7.64,2.89,7.64,0,6.44,7.042857142857138,330.0,0,275.6666666666667,258.71428571428567,-0.020000000000000018,2.9033333333333338,-0.04999999999999982,2.813333333333333,914.1,22.0796
2023-10-05,303.0,2.77,7.89,2.89,7.89,0,7.1499999999999995,4.327142857142853,303.0,0,306.3333333333333,244.99999999999994,0.0,2.8966666666666665,0.0,2.7866666666666666,839.3100000000001,22.8021
2023-10-06,839.0,2.79,30.5,2.89,30.5,0,15.343333333333334,8.342857142857138,839.0,0,490.6666666666667,328.2857142857142,0.0,2.89,0.020000000000000018,2.776666666666667,2340.81,88.14500000000001
2023-10-07,663.0,2.59,23.5,2.81,23.5,0,20.63,12.158571428571424,663.0,0,601.6666666666666,390.71428571428567,-0.08000000000000007,2.8633333333333333,-0.20000000000000018,2.716666666666667,1717.1699999999998,66.035
2023-10-08,902.0,2.59,11.2,2.78,11.2,0,21.733333333333334,13.201428571428567,902.0,0,801.3333333333334,504.8571428571428,-0.03000000000000025,2.8266666666666667,0.0,2.6566666666666667,2336.18,31.135999999999996
2023-10-09,823.0,2.54,23.5,2.82,23.5,0,19.400000000000002,15.735714285714282,823.0,0,796.0,592.2857142857143,0.040000000000000036,2.8033333333333332,-0.04999999999999982,2.5733333333333333,2090.42,66.27
2023-10-10,718.0,2.53,24.7,2.76,24.7,0,19.8,18.418571428571425,718.0,0,814.3333333333334,654.0,-0.06000000000000005,2.7866666666666666,-0.010000000000000231,2.5533333333333332,1816.54,68.172
2023-10-11,720.0,2.52,28.7,2.74,28.7,0,25.633333333333336,21.427142857142854,720.0,0,753.6666666666666,709.7142857142857,-0.019999999999999574,2.7733333333333334,-0.009999999999999787,2.53,1814.4,78.638
2023-10-12,449.0,2.49,27.3,2.71,27.3,0,26.900000000000002,24.199999999999992,449.0,0,629.0,730.5714285714286,-0.03000000000000025,2.7366666666666664,-0.029999999999999805,2.513333333333333,1118.01,73.983
2023-10-13,529.0,2.57,25.5,2.71,25.5,0,27.166666666666668,23.485714285714284,529.0,0,566.0,686.2857142857143,0.0,2.72,0.07999999999999963,2.526666666666667,1359.53,69.105
2023-10-14,552.0,2.6,11.2,2.79,11.2,0,21.333333333333332,21.728571428571428,552.0,0,510.0,670.4285714285714,0.08000000000000007,2.7366666666666664,0.03000000000000025,2.5533333333333332,1435.2,31.247999999999998
2023-10-15,449.0,2.6,-5.49,2.8,5.49,1,10.403333333333334,19.34428571428571,449.0,0,510.0,605.7142857142857,0.009999999999999787,2.766666666666667,0.0,2.59,1167.4,-15.372
2023-10-16,384.0,2.62,-7.97,2.85,7.97,1,-0.7533333333333335,14.848571428571423,384.0,0,461.6666666666667,542.9999999999999,0.050000000000000266,2.813333333333333,0.020000000000000018,2.606666666666667,1006.08,-22.7145
2023-10-17,405.0,2.66,-6.53,2.88,6.53,1,-6.663333333333334,10.387142857142853,405.0,0,412.6666666666667,498.2857142857142,0.029999999999999805,2.8433333333333337,0.040000000000000036,2.626666666666667,1077.3,-18.8064
2023-10-18,513.0,2.66,-1.49,2.87,1.49,1,-5.33,6.07428571428571,513.0,0,434.0,468.71428571428567,-0.009999999999999787,2.8666666666666667,0.0,2.646666666666667,1364.5800000000002,-4.2763
2023-10-19,475.0,2.61,-0.331,2.85,0.331,1,-2.783666666666667,2.126999999999996,475.0,0,464.3333333333333,472.4285714285714,-0.020000000000000018,2.8666666666666667,-0.050000000000000266,2.643333333333333,1239.75,-0.94335
2023-10-20,503.0,2.61,4.75,2.86,4.75,0,0.9763333333333332,-0.8372857142857184,503.0,0,497.0,468.71428571428567,0.009999999999999787,2.86,0.0,2.6266666666666665,1312.83,13.584999999999999
2023-10-21,815.0,2.67,27.0,2.85,27.0,0,10.473,1.4198571428571387,815.0,0,597.6666666666666,506.2857142857142,-0.009999999999999787,2.8533333333333335,0.06000000000000005,2.6299999999999994,2176.0499999999997,76.95
2023-10-22,944.0,2.54,32.8,2.78,32.8,0,21.516666666666666,6.889857142857139,944.0,0,754.0,576.9999999999999,-0.07000000000000028,2.83,-0.1299999999999999,2.606666666666667,2397.76,91.18399999999998
2023-10-23,980.0,2.41,39.8,2.72,39.8,0,33.199999999999996,13.714142857142852,980.0,0,913.0,662.1428571428571,-0.05999999999999961,2.783333333333333,-0.1299999999999999,2.5400000000000005,2361.8,108.256
2023-10-24,946.0,2.39,34.7,2.66,34.7,0,35.766666666666666,19.604142857142854,946.0,0,956.6666666666666,739.4285714285714,-0.06000000000000005,2.72,-0.020000000000000018,2.4466666666666668,2260.94,92.302
2023-10-25,681.0,2.34,35.1,2.64,35.1,0,36.53333333333333,24.831285714285713,681.0,0,869.0,763.4285714285714,-0.020000000000000018,2.6733333333333333,-0.050000000000000266,2.3800000000000003,1593.54,92.664
2023-10-26,571.0,2.39,32.1,2.63,32.1,0,33.96666666666667,29.46428571428571,571.0,0,732.6666666666666,777.1428571428571,-0.010000000000000231,2.643333333333333,0.050000000000000266,2.3733333333333335,1364.69,84.423
2023-10-27,348.0,2.42,30.0,2.65,30.0,0,32.4,33.07142857142857,348.0,0,533.3333333333334,755.0,0.020000000000000018,2.64,0.029999999999999805,2.3833333333333333,842.16,79.5
2023-10-28,397.0,2.53,1.21,2.68,1.21,0,21.103333333333335,29.387142857142855,397.0,0,438.6666666666667,695.2857142857143,0.03000000000000025,2.6533333333333333,0.10999999999999988,2.4466666666666668,1004.41,3.2428
2023-10-29,292.0,2.53,1.93,2.79,1.93,0,11.046666666666667,24.977142857142848,292.0,0,345.6666666666667,602.1428571428571,0.10999999999999988,2.706666666666667,0.0,2.4933333333333327,738.76,5.3847
2023-10-30,268.0,2.59,-1.34,2.81,1.34,1,0.6,19.099999999999998,268.0,0,319.0,500.4285714285714,0.020000000000000018,2.76,0.06000000000000005,2.5499999999999994,694.12,-3.7654
2023-10-31,444.0,2.64,-5.13,2.84,5.13,1,-1.5133333333333334,13.409999999999997,444.0,0,334.6666666666667,428.71428571428567,0.029999999999999805,2.813333333333333,0.050000000000000266,2.5866666666666664,1172.16,-14.569199999999999
2023-11-01,604.0,2.58,-3.85,2.84,3.85,1,-3.44,7.845714285714282,604.0,0,438.6666666666667,417.71428571428567,0.0,2.83,-0.06000000000000005,2.6033333333333335,1558.32,-10.934
2023-11-02,632.0,2.47,1.35,2.85,1.35,0,-2.5433333333333334,3.452857142857139,632.0,0,560.0,426.4285714285714,0.010000000000000231,2.8433333333333333,-0.10999999999999988,2.563333333333334,1561.0400000000002,3.8475000000000006
2023-11-03,680.0,2.43,1.51,2.83,1.51,0,-0.33,-0.6171428571428612,680.0,0,638.6666666666666,473.8571428571428,-0.020000000000000018,2.84,-0.040000000000000036,2.4933333333333336,1652.4,4.2733
2023-11-04,629.0,2.43,6.3,2.81,6.3,0,3.0533333333333332,0.10999999999999588,629.0,0,647.0,506.99999999999994,-0.020000000000000018,2.83,0.0,2.4433333333333334,1528.47,17.703
2023-11-05,953.0,2.48,22.8,2.8,22.8,0,10.203333333333333,3.0914285714285676,953.0,0,754.0,601.4285714285714,-0.010000000000000231,2.813333333333333,0.04999999999999982,2.4466666666666668,2363.44,63.839999999999996
2023-11-06,991.0,2.37,26.0,2.73,26.0,0,18.366666666666664,6.997142857142854,991.0,0,857.6666666666666,704.7142857142857,-0.06999999999999984,2.78,-0.10999999999999988,2.4266666666666667,2348.67,70.98
2023-11-07,1100.0,2.27,32.1,2.77,32.1,0,26.96666666666667,12.315714285714282,1100.0,0,1014.6666666666666,798.4285714285714,0.040000000000000036,2.766666666666666,-0.10000000000000009,2.373333333333333,2497.0,88.917
2023-11-08,922.0,2.26,24.5,2.7,24.5,0,27.533333333333335,16.365714285714283,922.0,0,1004.3333333333334,843.8571428571429,-0.06999999999999984,2.733333333333334,-0.010000000000000231,2.3000000000000003,2083.72,66.15
2023-11-09,431.0,2.17,27.7,2.63,27.7,0,28.100000000000005,20.129999999999995,431.0,0,817.6666666666666,815.1428571428571,-0.07000000000000028,2.6999999999999997,-0.08999999999999986,2.233333333333333,935.27,72.851
2023-11-10,-44.7,2.39,36.6,2.64,36.6,0,29.599999999999998,25.142857142857142,44.7,1,436.09999999999997,711.6142857142856,0.010000000000000231,2.6566666666666667,0.2200000000000002,2.2733333333333334,-106.83300000000001,96.62400000000001
2023-11-11,547.0,2.69,31.5,2.67,31.5,0,31.933333333333334,28.74285714285714,547.0,0,311.09999999999997,699.8999999999999,0.029999999999999805,2.6466666666666665,0.2999999999999998,2.4166666666666665,1471.43,84.105
2023-11-12,596.0,2.51,10.4,2.7,10.4,0,26.166666666666668,26.971428571428564,596.0,0,366.09999999999997,648.8999999999999,0.03000000000000025,2.6700000000000004,-0.18000000000000016,2.53,1495.9599999999998,28.080000000000002
2023-11-13,606.0,2.49,5.87,2.75,5.87,0,15.923333333333334,24.09571428571428,606.0,0,583.0,593.8999999999999,0.04999999999999982,2.706666666666667,-0.019999999999999574,2.563333333333333,1508.94,16.142500000000002
2023-11-14,689.0,2.48,3.46,2.79,3.46,0,6.576666666666667,20.00428571428571,689.0,0,630.3333333333334,535.1857142857142,0.040000000000000036,2.7466666666666666,-0.010000000000000231,2.4933333333333336,1708.72,9.6534
2023-11-15,521.0,2.41,1.69,2.79,1.69,0,3.6733333333333333,16.745714285714282,521.0,0,605.3333333333334,477.8999999999999,0.0,2.776666666666667,-0.06999999999999984,2.4600000000000004,1255.6100000000001,4.7151
2023-11-16,708.0,2.48,1.57,2.77,1.57,0,2.2399999999999998,13.012857142857138,708.0,0,639.3333333333334,517.4714285714284,-0.020000000000000018,2.783333333333333,0.06999999999999984,2.456666666666667,1755.84,4.3489
2023-11-17,798.0,2.44,5.18,2.8,5.18,0,2.813333333333333,8.52428571428571,798.0,0,675.6666666666666,637.8571428571428,0.029999999999999805,2.7866666666666666,-0.040000000000000036,2.4433333333333334,1947.12,14.503999999999998
2023-11-18,770.0,2.39,7.06,2.77,7.06,0,4.603333333333333,5.0328571428571385,770.0,0,758.6666666666666,669.7142857142856,-0.029999999999999805,2.78,-0.04999999999999982,2.436666666666667,1840.3000000000002,19.5562
2023-11-19,1050.0,2.37,25.9,2.73,25.9,0,12.713333333333333,7.247142857142854,1050.0,0,872.6666666666666,734.5714285714284,-0.040000000000000036,2.766666666666667,-0.020000000000000018,2.4,2488.5,70.707
2023-11-20,608.0,2.19,32.7,2.63,32.7,0,21.886666666666667,11.079999999999997,608.0,0,809.3333333333334,734.8571428571428,-0.10000000000000009,2.7099999999999995,-0.18000000000000016,2.316666666666667,1331.52,86.001
2023-11-21,888.0,2.34,26.3,2.59,26.3,0,28.3,14.34285714285714,888.0,0,848.6666666666666,763.2857142857141,-0.040000000000000036,2.65,0.1499999999999999,2.3000000000000003,2077.92,68.117
2023-11-22,866.0,2.25,21.6,2.63,21.6,0,26.86666666666667,17.187142857142856,866.0,0,787.3333333333334,812.5714285714284,0.040000000000000036,2.6166666666666667,-0.08999999999999986,2.26,1948.5,56.808
2023-11-23,651.0,2.23,20.6,2.61,20.6,0,22.83333333333334,19.905714285714282,651.0,0,801.6666666666666,804.4285714285713,-0.020000000000000018,2.61,-0.020000000000000018,2.2733333333333334,1451.73,53.766
2023-11-24,528.0,2.28,22.2,2.6,22.2,0,21.46666666666667,22.33714285714285,528.0,0,681.6666666666666,765.8571428571428,-0.009999999999999787,2.6133333333333333,0.04999999999999982,2.2533333333333334,1203.84,57.72
2023-11-25,624.0,2.38,26.5,2.62,26.5,0,23.100000000000005,25.114285714285707,624.0,0,601.0,744.9999999999999,0.020000000000000018,2.61,0.10000000000000009,2.2966666666666664,1485.12,69.43
2023-11-26,532.0,2.31,29.3,2.6,29.3,0,26.000000000000004,25.599999999999998,532.0,0,561.3333333333334,670.9999999999999,-0.020000000000000018,2.606666666666667,-0.06999999999999984,2.3233333333333337,1228.92,76.18
2023-11-27,643.0,2.35,8.02,2.61,8.02,0,21.273333333333337,22.07428571428571,643.0,0,599.6666666666666,675.9999999999999,0.009999999999999787,2.61,0.040000000000000036,2.3466666666666667,1511.05,20.932199999999998
2023-11-28,515.0,2.33,-0.683,2.7,0.683,1,12.212333333333335,18.219571428571424,515.0,0,563.3333333333334,622.7142857142856,0.0900000000000003,2.6366666666666667,-0.020000000000000018,2.33,1199.95,-1.8441000000000003
2023-11-29,572.0,2.36,1.91,2.73,1.91,0,3.082333333333336,15.406714285714282,572.0,0,576.6666666666666,580.7142857142856,0.029999999999999805,2.6799999999999997,0.029999999999999805,2.3466666666666662,1349.9199999999998,5.2143
2023-11-30,413.0,2.34,2.02,2.73,2.02,0,1.0823333333333356,12.752428571428567,413.0,0,500.0,546.7142857142856,0.0,2.72,-0.020000000000000018,2.3433333333333333,966.42,5.5146
2023-12-01,788.0,2.45,10.9,2.73,10.9,0,4.943333333333336,11.138142857142853,788.0,0,591.0,583.8571428571428,0.0,2.73,0.11000000000000032,2.3833333333333333,1930.6000000000001,29.757
2023-12-02,787.0,2.29,11.6,2.72,11.6,0,8.173333333333336,9.009571428571425,787.0,0,662.6666666666666,607.142857142857,-0.009999999999999787,2.7266666666666666,-0.16000000000000014,2.36,1802.23,31.552
2023-12-03,730.0,2.25,12.4,2.69,12.4,0,11.633333333333335,6.595285714285709,730.0,0,768.3333333333334,635.4285714285713,-0.03000000000000025,2.7133333333333334,-0.040000000000000036,2.33,1642.5,33.356
2023-12-04,856.0,2.23,27.7,2.67,27.7,0,17.233333333333338,9.406714285714283,856.0,0,791.0,665.8571428571428,-0.020000000000000018,2.6933333333333334,-0.020000000000000018,2.2566666666666664,1908.8799999999999,73.959
2023-12-05,871.0,2.2,30.0,2.61,30.0,0,23.36666666666667,13.789999999999996,871.0,0,819.0,716.7142857142856,-0.06000000000000005,2.6566666666666663,-0.029999999999999805,2.226666666666667,1916.2,78.3
2023-12-06,944.0,2.17,31.0,2.55,31.0,0,29.566666666666674,17.94571428571428,944.0,0,890.3333333333334,769.8571428571428,-0.06000000000000005,2.61,-0.03000000000000025,2.1999999999999997,2048.48,79.05
2023-12-07,841.0,2.12,30.1,2.5,30.1,0,30.36666666666667,21.957142857142856,841.0,0,885.3333333333334,830.9999999999999,-0.04999999999999982,2.5533333333333332,-0.04999999999999982,2.1633333333333336,1782.92,75.25
2023-12-08,954.0,2.13,30.2,2.5,30.2,0,30.433333333333337,24.71428571428571,954.0,0,913.0,854.7142857142856,0.0,2.516666666666667,0.009999999999999787,2.14,2032.02,75.5
2023-12-09,421.0,1.97,30.9,2.48,30.9,0,30.400000000000002,27.471428571428568,421.0,0,738.6666666666666,802.4285714285713,-0.020000000000000018,2.493333333333333,-0.15999999999999992,2.0733333333333333,829.37,76.63199999999999
2023-12-10,441.0,2.18,24.0,2.5,24.0,0,28.36666666666667,29.128571428571426,441.0,0,605.3333333333334,761.142857142857,0.020000000000000018,2.4933333333333336,0.2100000000000002,2.0933333333333333,961.3800000000001,60.0
2023-12-11,394.0,2.25,17.0,2.57,17.0,0,23.96666666666667,27.599999999999998,394.0,0,418.6666666666667,695.142857142857,0.06999999999999984,2.516666666666667,0.06999999999999984,2.1333333333333333,886.5,43.69
2023-12-12,417.0,2.33,0.73,2.62,0.73,0,13.910000000000004,23.418571428571425,417.0,0,417.3333333333333,630.2857142857141,0.050000000000000266,2.563333333333333,0.08000000000000007,2.2533333333333334,971.61,1.9126
2023-12-13,545.0,2.35,-3.42,2.7,3.42,1,4.770000000000002,18.50142857142857,545.0,0,452.0,573.2857142857141,0.08000000000000007,2.6300000000000003,0.020000000000000018,2.31,1280.75,-9.234
2023-12-14,365.0,2.3,7.46,2.7,7.46,0,1.5900000000000023,15.267142857142854,365.0,0,442.3333333333333,505.28571428571416,0.0,2.6733333333333333,-0.050000000000000266,2.3266666666666667,839.4999999999999,20.142
2023-12-15,469.0,2.39,8.73,2.71,8.73,0,4.256666666666669,12.199999999999994,469.0,0,459.6666666666667,435.9999999999999,0.009999999999999787,2.7033333333333336,0.0900000000000003,2.3466666666666667,1120.91,23.6583
2023-12-16,679.0,2.44,3.39,2.75,3.39,0,6.52666666666667,8.269999999999996,679.0,0,504.3333333333333,472.8571428571427,0.040000000000000036,2.72,0.04999999999999982,2.3766666666666665,1656.76,9.3225
2023-12-17,883.0,2.41,7.85,2.73,7.85,0,6.656666666666669,5.962857142857139,883.0,0,677.0,535.9999999999999,-0.020000000000000018,2.7300000000000004,-0.029999999999999805,2.4133333333333336,2128.03,21.4305
2023-12-18,680.0,2.26,4.72,2.67,4.72,0,5.320000000000003,4.208571428571425,680.0,0,747.3333333333334,576.8571428571428,-0.06000000000000005,2.7166666666666663,-0.15000000000000036,2.3699999999999997,1536.8,12.6024
2023-12-19,565.0,2.29,20.5,2.65,20.5,0,11.023333333333335,7.032857142857139,565.0,0,709.3333333333334,597.9999999999999,-0.020000000000000018,2.683333333333333,0.03000000000000025,2.3200000000000003,1293.85,54.324999999999996
2023-12-20,773.0,2.41,31.1,2.67,31.1,0,18.773333333333337,11.96428571428571,773.0,0,672.6666666666666,630.5714285714284,0.020000000000000018,2.6633333333333336,0.1200000000000001,2.3200000000000003,1862.93,83.037
2023-12-21,1180.0,2.35,32.8,2.64,32.8,0,28.133333333333336,15.58428571428571,1180.0,0,839.3333333333334,746.9999999999999,-0.029999999999999805,2.6533333333333333,-0.06000000000000005,2.35,2773.0,86.592
2023-12-22,983.0,2.16,29.4,2.59,29.4,0,31.100000000000005,18.53714285714285,983.0,0,978.6666666666666,820.4285714285713,-0.050000000000000266,2.6333333333333333,-0.18999999999999995,2.3066666666666666,2123.28,76.14599999999999
2023-12-23,874.0,2.12,28.1,2.55,28.1,0,30.100000000000005,22.06714285714285,874.0,0,1012.3333333333334,848.2857142857141,-0.040000000000000036,2.5933333333333333,-0.040000000000000036,2.21,1852.88,71.655
2023-12-24,786.0,2.11,27.3,2.53,27.3,0,28.26666666666667,24.845714285714283,786.0,0,881.0,834.4285714285713,-0.020000000000000018,2.5566666666666666,-0.010000000000000231,2.1300000000000003,1658.4599999999998,69.069
2023-12-25,734.0,2.14,21.0,2.53,21.0,0,25.46666666666667,27.17142857142857,734.0,0,798.0,842.142857142857,0.0,2.5366666666666666,0.03000000000000025,2.1233333333333335,1570.76,53.129999999999995
2023-12-26,692.0,2.15,16.2,2.54,16.2,0,21.5,26.557142857142853,692.0,0,737.3333333333334,860.2857142857141,0.010000000000000231,2.533333333333333,0.009999999999999787,2.1333333333333333,1487.8,41.147999999999996
2023-12-27,478.0,2.16,1.16,2.55,1.16,0,12.786666666666669,22.279999999999994,478.0,0,634.6666666666666,818.142857142857,0.009999999999999787,2.54,0.010000000000000231,2.1500000000000004,1032.48,2.9579999999999997
2023-12-28,489.0,2.26,-1.01,2.6,1.01,1,5.450000000000002,17.449999999999996,489.0,0,553.0,719.4285714285713,0.050000000000000266,2.563333333333333,0.09999999999999964,2.19,1105.1399999999999,-2.6260000000000003
2023-12-29,519.0,2.28,-1.47,2.64,1.47,1,-0.43999999999999767,13.039999999999996,519.0,0,495.3333333333333,653.142857142857,0.040000000000000036,2.5966666666666667,0.020000000000000018,2.233333333333333,1183.32,-3.8808000000000002
2023-12-30,611.0,2.29,1.26,2.66,1.26,0,-0.4066666666666643,9.205714285714281,611.0,0,539.6666666666666,615.5714285714284,0.020000000000000018,2.6333333333333333,0.010000000000000231,2.2766666666666664,1399.19,3.3516000000000004
2023-12-31,596.0,2.28,1.36,2.67,1.36,0,0.38333333333333575,5.499999999999996,596.0,0,575.3333333333334,588.4285714285713,0.009999999999999787,2.6566666666666667,-0.010000000000000231,2.283333333333333,1358.8799999999999,3.6312
2024-01-01,675.0,2.3,3.42,2.67,3.42,0,2.013333333333336,2.9885714285714244,675.0,0,627.3333333333334,579.9999999999999,0.0,2.6666666666666665,0.020000000000000018,2.2899999999999996,1552.4999999999998,9.1314
2024-01-02,590.0,2.29,7.44,2.67,7.44,0,4.073333333333336,1.737142857142853,590.0,0,620.3333333333334,565.4285714285713,0.0,2.67,-0.009999999999999787,2.2899999999999996,1351.1,19.8648
2024-01-03,731.0,2.26,27.5,2.64,27.5,0,12.786666666666669,5.499999999999996,731.0,0,665.3333333333334,601.5714285714284,-0.029999999999999805,2.66,-0.03000000000000025,2.283333333333333,1652.06,72.60000000000001
2024-01-04,914.0,2.28,31.7,2.62,31.7,0,22.213333333333335,10.172857142857138,914.0,0,745.0,662.2857142857141,-0.020000000000000018,2.643333333333333,0.020000000000000018,2.2766666666666664,2083.9199999999996,83.054
2024-01-05,868.0,2.17,32.2,2.57,32.2,0,30.46666666666667,14.982857142857139,868.0,0,837.6666666666666,712.142857142857,-0.050000000000000266,2.61,-0.10999999999999988,2.2366666666666664,1883.56,82.754
2024-01-06,822.0,2.13,31.5,2.53,31.5,0,31.8,19.30285714285714,822.0,0,868.0,742.2857142857141,-0.040000000000000036,2.573333333333333,-0.040000000000000036,2.193333333333333,1750.86,79.695
2024-01-07,684.0,2.19,23.9,2.51,23.9,0,29.2,22.522857142857138,684.0,0,791.3333333333334,754.8571428571428,-0.020000000000000018,2.5366666666666666,0.06000000000000005,2.1633333333333336,1497.96,59.98899999999999
2024-01-08,742.0,2.17,28.9,2.51,28.9,0,28.099999999999998,26.162857142857142,742.0,0,749.3333333333334,764.4285714285713,0.0,2.516666666666666,-0.020000000000000018,2.1633333333333336,1610.1399999999999,72.53899999999999
2024-01-09,682.0,2.13,30.8,2.53,30.8,0,27.866666666666664,29.499999999999996,682.0,0,702.6666666666666,777.5714285714284,0.020000000000000018,2.5166666666666666,-0.040000000000000036,2.1633333333333336,1452.6599999999999,77.92399999999999
2024-01-10,513.0,2.14,8.19,2.52,8.19,0,22.63,26.741428571428568,513.0,0,645.6666666666666,746.4285714285713,-0.009999999999999787,2.5199999999999996,0.010000000000000231,2.146666666666667,1097.8200000000002,20.6388
2024-01-11,606.0,2.26,6.08,2.59,6.08,0,15.023333333333333,23.081428571428567,606.0,0,600.3333333333334,702.4285714285713,0.06999999999999984,2.5466666666666664,0.11999999999999966,2.1766666666666663,1369.56,15.7472
2024-01-12,497.0,2.23,8.34,2.62,8.34,0,7.536666666666666,19.67285714285714,497.0,0,538.6666666666666,649.4285714285713,0.03000000000000025,2.5766666666666667,-0.029999999999999805,2.2100000000000004,1108.31,21.8508
2024-01-13,414.0,2.27,5.54,2.64,5.54,0,6.653333333333333,15.96428571428571,414.0,0,505.6666666666667,591.142857142857,0.020000000000000018,2.6166666666666667,0.040000000000000036,2.2533333333333334,939.78,14.6256
2024-01-14,440.0,2.34,8.47,2.66,8.47,0,7.45,13.759999999999994,440.0,0,450.3333333333333,556.2857142857141,0.020000000000000018,2.64,0.06999999999999984,2.28,1029.6,22.530200000000004
2024-01-15,271.0,2.35,1.28,2.68,1.28,0,5.096666666666667,9.814285714285711,271.0,0,375.0,488.9999999999999,0.020000000000000018,2.66,0.010000000000000231,2.32,636.85,3.4304
2024-01-16,650.0,2.48,1.54,2.72,1.54,0,3.7633333333333336,5.634285714285711,650.0,0,453.6666666666667,484.4285714285713,0.040000000000000036,2.686666666666667,0.1299999999999999,2.39,1612.0,4.1888000000000005
2024-01-17,586.0,2.32,10.5,2.7,10.5,0,4.4399999999999995,5.96428571428571,586.0,0,502.3333333333333,494.8571428571427,-0.020000000000000018,2.7000000000000006,-0.16000000000000014,2.3833333333333333,1359.52,28.35
2024-01-18,620.0,2.33,2.98,2.65,2.98,0,5.006666666666667,5.521428571428567,620.0,0,618.6666666666666,496.8571428571427,-0.050000000000000266,2.69,0.010000000000000231,2.376666666666667,1444.6000000000001,7.896999999999999
2024-01-19,647.0,2.36,6.2,2.67,6.2,0,6.56,5.215714285714283,647.0,0,617.6666666666666,518.2857142857141,0.020000000000000018,2.6733333333333333,0.029999999999999805,2.3366666666666664,1526.9199999999998,16.554
2024-01-20,847.0,2.38,6.38,2.66,6.38,0,5.1866666666666665,5.335714285714282,847.0,0,704.6666666666666,580.142857142857,-0.009999999999999787,2.66,0.020000000000000018,2.3566666666666665,2015.86,16.9708
2024-01-21,607.0,2.42,17.9,2.74,17.9,0,10.159999999999998,6.682857142857139,607.0,0,700.3333333333334,603.9999999999999,0.08000000000000007,2.69,0.040000000000000036,2.3866666666666667,1468.94,49.046
2024-01-22,794.0,2.5,17.0,2.7,17.0,0,13.76,8.928571428571425,794.0,0,749.3333333333334,678.7142857142856,-0.040000000000000036,2.6999999999999997,0.08000000000000007,2.433333333333333,1985.0,45.900000000000006
2024-01-23,1200.0,2.45,25.0,2.69,25.0,0,19.966666666666665,12.279999999999996,1200.0,0,867.0,757.2857142857141,-0.010000000000000231,2.7099999999999995,-0.04999999999999982,2.4566666666666666,2940.0,67.25
2024-01-24,1080.0,2.24,22.7,2.62,22.7,0,21.566666666666666,14.022857142857138,1080.0,0,1024.6666666666667,827.8571428571428,-0.06999999999999984,2.67,-0.20999999999999996,2.396666666666667,2419.2000000000003,59.474000000000004
2024-01-25,799.0,2.16,7.52,2.58,7.52,0,18.406666666666666,14.671428571428565,799.0,0,1026.3333333333333,853.4285714285713,-0.040000000000000036,2.6300000000000003,-0.08000000000000007,2.2833333333333337,1725.8400000000001,19.4016
2024-01-26,619.0,2.21,3.65,2.6,3.65,0,11.29,14.307142857142853,619.0,0,832.6666666666666,849.4285714285713,0.020000000000000018,2.6,0.04999999999999982,2.2033333333333336,1367.99,9.49
2024-01-27,571.0,2.28,0.906,2.62,0.906,0,4.025333333333333,13.525142857142852,571.0,0,663.0,809.9999999999999,0.020000000000000018,2.6,0.06999999999999984,2.216666666666667,1301.8799999999999,2.37372
2024-01-28,592.0,2.32,3.31,2.64,3.31,0,2.622,11.440857142857139,592.0,0,594.0,807.8571428571428,0.020000000000000018,2.62,0.040000000000000036,2.27,1373.4399999999998,8.7384
2024-01-29,570.0,2.33,-2.96,2.65,2.96,1,0.4186666666666666,8.589428571428568,570.0,0,577.6666666666666,775.8571428571428,0.009999999999999787,2.6366666666666667,0.010000000000000231,2.31,1328.1000000000001,-7.843999999999999
2024-01-30,524.0,2.33,-3.97,2.67,3.97,1,-1.2066666666666668,4.4508571428571395,524.0,0,562.0,679.2857142857141,0.020000000000000018,2.6533333333333338,0.0,2.3266666666666667,1220.92,-10.5999
2024-01-31,609.0,2.38,-8.29,2.69,8.29,1,-5.073333333333333,0.02371428571428171,609.0,0,567.6666666666666,611.9999999999999,0.020000000000000018,2.67,0.04999999999999982,2.3466666666666667,1449.4199999999998,-22.300099999999997
2024-02-01,376.0,2.39,7.03,2.71,7.03,0,-1.7433333333333332,-0.0462857142857182,376.0,0,503.0,551.5714285714284,0.020000000000000018,2.69,0.010000000000000231,2.3666666666666667,898.6400000000001,19.0513
2024-02-02,798.0,2.53,20.5,2.73,20.5,0,6.413333333333334,2.3608571428571388,798.0,0,594.3333333333334,577.142857142857,0.020000000000000018,2.7099999999999995,0.13999999999999968,2.433333333333333,2018.9399999999998,55.964999999999996
2024-02-03,919.0,2.55,12.6,2.75,12.6,0,13.376666666666667,4.031428571428568,919.0,0,697.6666666666666,626.8571428571428,0.020000000000000018,2.73,0.020000000000000018,2.4899999999999998,2343.45,34.65
2024-02-04,1100.0,2.55,33.6,2.86,33.6,0,22.233333333333334,8.358571428571425,1100.0,0,939.0,699.4285714285713,0.10999999999999988,2.78,0.0,2.5433333333333334,2805.0,96.096
2024-02-05,1170.0,2.49,24.4,2.8,24.4,0,23.53333333333333,12.267142857142854,1170.0,0,1063.0,785.142857142857,-0.06000000000000005,2.8033333333333332,-0.05999999999999961,2.53,2913.3,68.32
2024-02-06,936.0,2.37,33.6,2.77,33.6,0,30.53333333333333,17.63428571428571,936.0,0,1068.6666666666667,843.9999999999999,-0.029999999999999805,2.81,-0.1200000000000001,2.47,2218.32,93.072
2024-02-07,852.0,2.42,33.4,2.71,33.4,0,30.46666666666667,23.589999999999996,852.0,0,986.0,878.7142857142856,-0.06000000000000005,2.76,0.04999999999999982,2.4266666666666667,2061.84,90.514
2024-02-08,799.0,2.39,33.0,2.69,33.0,0,33.333333333333336,27.299999999999994,799.0,0,862.3333333333334,939.142857142857,-0.020000000000000018,2.723333333333333,-0.029999999999999805,2.393333333333333,1909.6100000000001,88.77
2024-02-09,718.0,2.4,15.7,2.68,15.7,0,27.366666666666664,26.614285714285707,718.0,0,789.6666666666666,927.7142857142856,-0.009999999999999787,2.6933333333333334,0.009999999999999787,2.4033333333333333,1723.2,42.076
2024-02-10,617.0,2.42,8.55,2.73,8.55,0,19.083333333333332,26.03571428571428,617.0,0,711.3333333333334,884.5714285714284,0.04999999999999982,2.6999999999999997,0.020000000000000018,2.4033333333333333,1493.1399999999999,23.341500000000003
2024-02-11,552.0,2.46,6.85,2.75,6.85,0,10.366666666666667,22.21428571428571,552.0,0,629.0,806.2857142857141,0.020000000000000018,2.72,0.040000000000000036,2.4266666666666667,1357.92,18.8375
2024-02-12,539.0,2.51,3.43,2.77,3.43,0,6.276666666666667,19.218571428571426,539.0,0,569.3333333333334,716.142857142857,0.020000000000000018,2.75,0.04999999999999982,2.4633333333333334,1352.8899999999999,9.501100000000001
2024-02-13,604.0,2.5,4.89,2.78,4.89,0,5.056666666666667,15.117142857142852,604.0,0,565.0,668.7142857142856,0.009999999999999787,2.766666666666667,-0.009999999999999787,2.4899999999999998,1510.0,13.594199999999999
2024-02-14,578.0,2.48,4.69,2.78,4.69,0,4.336666666666667,11.015714285714282,578.0,0,573.6666666666666,629.5714285714284,0.0,2.776666666666667,-0.020000000000000018,2.4966666666666666,1433.44,13.0382
2024-02-15,486.0,2.51,5.63,2.8,5.63,0,5.07,7.1057142857142805,486.0,0,556.0,584.8571428571428,0.020000000000000018,2.7866666666666666,0.029999999999999805,2.4966666666666666,1219.86,15.764
2024-02-16,868.0,2.59,28.8,2.79,28.8,0,13.040000000000001,8.977142857142852,868.0,0,644.0,606.2857142857141,-0.009999999999999787,2.7899999999999996,0.08000000000000007,2.526666666666667,2248.12,80.352
2024-02-17,955.0,2.48,32.6,2.75,32.6,0,22.343333333333334,12.412857142857137,955.0,0,769.6666666666666,654.5714285714284,-0.040000000000000036,2.78,-0.10999999999999988,2.5266666666666664,2368.4,89.65
2024-02-18,955.0,2.35,32.1,2.68,32.1,0,31.166666666666668,16.019999999999996,955.0,0,926.0,712.142857142857,-0.06999999999999984,2.7399999999999998,-0.1299999999999999,2.473333333333333,2244.25,86.028
2024-02-19,783.0,2.32,25.7,2.63,25.7,0,30.133333333333336,19.20142857142857,783.0,0,897.6666666666666,746.9999999999999,-0.050000000000000266,2.686666666666667,-0.03000000000000025,2.3833333333333333,1816.56,67.591
2024-02-20,525.0,2.3,21.8,2.62,21.8,0,26.53333333333333,21.617142857142856,525.0,0,754.3333333333334,735.7142857142856,-0.009999999999999787,2.6433333333333335,-0.020000000000000018,2.3233333333333333,1207.5,57.11600000000001
2024-02-21,719.0,2.46,19.5,2.64,19.5,0,22.333333333333332,23.732857142857135,719.0,0,675.6666666666666,755.8571428571428,0.020000000000000018,2.6300000000000003,0.16000000000000014,2.36,1768.74,51.480000000000004
2024-02-22,673.0,2.47,24.8,2.73,24.8,0,22.03333333333333,26.471428571428564,673.0,0,639.0,782.5714285714284,0.08999999999999986,2.6633333333333336,0.010000000000000231,2.41,1662.3100000000002,67.70400000000001
2024-02-23,880.0,2.76,29.7,2.8,29.7,0,24.666666666666668,26.599999999999998,880.0,0,757.3333333333334,784.2857142857141,0.06999999999999984,2.723333333333333,0.2899999999999996,2.563333333333333,2428.7999999999997,83.16
2024-02-24,819.0,2.64,24.5,2.82,24.5,0,26.333333333333332,25.44285714285714,819.0,0,790.6666666666666,764.8571428571428,0.020000000000000018,2.783333333333333,-0.11999999999999966,2.6233333333333335,2162.1600000000003,69.08999999999999
2024-02-25,842.0,2.62,15.7,2.9,15.7,0,23.299999999999997,23.099999999999994,842.0,0,847.0,748.7142857142856,0.08000000000000007,2.84,-0.020000000000000018,2.6733333333333333,2206.04,45.529999999999994
2024-02-26,703.0,2.57,9.05,2.9,9.05,0,16.416666666666664,20.721428571428564,703.0,0,788.0,737.2857142857141,0.0,2.873333333333333,-0.050000000000000266,2.61,1806.7099999999998,26.245
2024-02-27,705.0,2.59,3.37,2.88,3.37,0,9.373333333333331,18.088571428571424,705.0,0,750.0,762.9999999999999,-0.020000000000000018,2.893333333333333,0.020000000000000018,2.5933333333333333,1825.9499999999998,9.7056
2024-02-28,651.0,2.58,0.923,2.86,0.923,0,4.447666666666664,15.434714285714282,651.0,0,686.3333333333334,753.2857142857141,-0.020000000000000018,2.8800000000000003,-0.009999999999999787,2.58,1679.5800000000002,2.63978
2024-02-29,749.0,2.66,4.31,2.87,4.31,0,2.8676666666666644,12.507571428571422,749.0,0,701.6666666666666,764.142857142857,0.010000000000000231,2.8699999999999997,0.08000000000000007,2.61,1992.3400000000001,12.3697
2024-03-01,693.0,2.79,11.7,2.92,11.7,0,5.644333333333331,9.936142857142853,693.0,0,697.6666666666666,737.4285714285713,0.04999999999999982,2.8833333333333333,0.1299999999999999,2.6766666666666663,1933.47,34.163999999999994
2024-03-02,1220.0,2.79,35.4,2.91,35.4,0,17.136666666666663,11.493285714285708,1220.0,0,887.3333333333334,794.7142857142856,-0.009999999999999787,2.9,0.0,2.7466666666666666,3403.8,103.014
2024-03-03,1150.0,2.46,35.1,2.83,35.1,0,27.399999999999995,14.264714285714279,1150.0,0,1021.0,838.7142857142856,-0.08000000000000007,2.8866666666666667,-0.33000000000000007,2.6799999999999997,2829.0,99.33300000000001
2024-03-04,1040.0,2.36,36.4,2.75,36.4,0,35.63333333333333,18.17185714285714,1040.0,0,1136.6666666666667,886.8571428571428,-0.08000000000000007,2.83,-0.10000000000000009,2.5366666666666666,2454.4,100.1
2024-03-05,1070.0,2.4,34.4,2.7,34.4,0,35.300000000000004,22.604714285714277,1070.0,0,1086.6666666666667,938.9999999999999,-0.04999999999999982,2.7600000000000002,0.040000000000000036,2.4066666666666667,2568.0,92.88
2024-03-06,712.0,2.43,36.4,2.71,36.4,0,35.73333333333333,27.672857142857136,712.0,0,940.6666666666666,947.7142857142856,0.009999999999999787,2.72,0.03000000000000025,2.3966666666666665,1730.16,98.64399999999999
2024-03-07,920.0,2.59,40.2,2.69,40.2,0,36.99999999999999,32.8,920.0,0,900.6666666666666,972.142857142857,-0.020000000000000018,2.6999999999999997,0.1599999999999997,2.473333333333333,2382.7999999999997,108.138
2024-03-08,940.0,2.49,35.7,2.71,35.7,0,37.43333333333333,36.22857142857142,940.0,0,857.3333333333334,1007.4285714285713,0.020000000000000018,2.703333333333333,-0.09999999999999964,2.5033333333333334,2340.6000000000004,96.747
2024-03-09,747.0,2.38,11.8,2.72,11.8,0,29.233333333333334,32.857142857142854,747.0,0,869.0,939.8571428571428,0.010000000000000231,2.706666666666667,-0.11000000000000032,2.486666666666667,1777.86,32.096000000000004
2024-03-10,589.0,2.5,6.61,2.77,6.61,0,18.036666666666665,28.78714285714285,589.0,0,758.6666666666666,859.7142857142856,0.04999999999999982,2.733333333333334,0.1200000000000001,2.4566666666666666,1472.5,18.3097
2024-03-11,500.0,2.63,6.1,2.78,6.1,0,8.169999999999998,24.45857142857142,500.0,0,612.0,782.5714285714284,0.009999999999999787,2.7566666666666664,0.1299999999999999,2.5033333333333334,1315.0,16.958
2024-03-12,481.0,2.58,7.86,2.82,7.86,0,6.856666666666665,20.667142857142853,481.0,0,523.3333333333334,698.4285714285713,0.040000000000000036,2.7899999999999996,-0.04999999999999982,2.57,1240.98,22.1652
2024-03-13,597.0,2.65,8.43,2.83,8.43,0,7.463333333333331,16.671428571428567,597.0,0,526.0,681.9999999999999,0.010000000000000231,2.81,0.06999999999999984,2.6199999999999997,1582.05,23.8569
2024-03-14,702.0,2.6,6.28,2.84,6.28,0,7.523333333333331,11.825714285714282,702.0,0,593.3333333333334,650.8571428571428,0.009999999999999787,2.83,-0.04999999999999982,2.61,1825.2,17.8352
2024-03-15,728.0,2.56,7.68,2.84,7.68,0,7.463333333333331,7.822857142857138,728.0,0,675.6666666666666,620.5714285714284,0.0,2.8366666666666664,-0.040000000000000036,2.6033333333333335,1863.68,21.8112
2024-03-16,911.0,2.54,23.5,2.81,23.5,0,12.486666666666665,9.49428571428571,911.0,0,780.3333333333334,643.9999999999999,-0.029999999999999805,2.8299999999999996,-0.020000000000000018,2.5666666666666664,2313.94,66.035
2024-03-17,928.0,2.47,27.0,2.76,27.0,0,19.39333333333333,12.407142857142853,928.0,0,855.6666666666666,692.4285714285713,-0.050000000000000266,2.8033333333333332,-0.06999999999999984,2.5233333333333334,2292.1600000000003,74.52
2024-03-18,1200.0,2.45,20.7,2.72,20.7,0,23.73333333333333,14.492857142857137,1200.0,0,1013.0,792.4285714285713,-0.03999999999999959,2.763333333333333,-0.020000000000000018,2.486666666666667,2940.0,56.304
2024-03-19,1320.0,2.38,24.1,2.71,24.1,0,23.933333333333334,16.812857142857137,1320.0,0,1149.3333333333333,912.2857142857141,-0.010000000000000231,2.73,-0.07000000000000028,2.433333333333333,3141.6,65.311
2024-03-20,1040.0,2.23,30.3,2.64,30.3,0,25.03333333333333,19.937142857142852,1040.0,0,1186.6666666666667,975.5714285714284,-0.06999999999999984,2.69,-0.1499999999999999,2.3533333333333335,2319.2,79.992
2024-03-21,1030.0,2.32,27.7,2.6,27.7,0,27.366666666666664,22.99714285714285,1030.0,0,1130.0,1022.4285714285713,-0.040000000000000036,2.65,0.08999999999999986,2.31,2389.6,72.02
2024-03-22,801.0,2.19,28.0,2.55,28.0,0,28.666666666666668,25.899999999999995,801.0,0,957.0,1032.8571428571427,-0.050000000000000266,2.596666666666667,-0.1299999999999999,2.2466666666666666,1754.19,71.39999999999999
2024-03-23,417.0,2.23,25.5,2.53,25.5,0,27.066666666666663,26.18571428571428,417.0,0,749.3333333333334,962.2857142857141,-0.020000000000000018,2.56,0.040000000000000036,2.2466666666666666,929.91,64.515
2024-03-24,462.0,2.42,3.3,2.56,3.3,0,18.93333333333333,22.799999999999994,462.0,0,560.0,895.7142857142856,0.03000000000000025,2.546666666666667,0.18999999999999995,2.28,1118.04,8.448
2024-03-25,427.0,2.46,-0.298,2.65,0.298,1,9.500666666666664,19.80028571428571,427.0,0,435.3333333333333,785.2857142857141,0.08999999999999986,2.5799999999999996,0.040000000000000036,2.37,1050.42,-0.7897
2024-03-26,555.0,2.54,-2.43,2.73,2.43,1,0.19066666666666418,16.01028571428571,555.0,0,481.3333333333333,675.9999999999999,0.08000000000000007,2.6466666666666665,0.08000000000000007,2.473333333333333,1409.7,-6.633900000000001
2024-03-27,494.0,2.55,-7.14,2.77,7.14,1,-3.2893333333333357,10.66171428571428,494.0,0,492.0,597.9999999999999,0.040000000000000036,2.7166666666666663,0.009999999999999787,2.5166666666666666,1259.6999999999998,-19.7778
2024-03-28,597.0,2.52,-20.3,2.77,20.3,1,-9.956666666666669,3.8045714285714234,597.0,0,548.6666666666666,536.142857142857,0.0,2.7566666666666664,-0.029999999999999805,2.5366666666666666,1504.44,-56.231
2024-03-29,765.0,2.56,2.44,2.88,2.44,0,-8.333333333333336,0.15314285714285175,765.0,0,618.6666666666666,530.9999999999999,0.10999999999999988,2.8066666666666666,0.040000000000000036,2.5433333333333334,1958.4,7.0272
2024-03-30,722.0,2.52,9.86,2.83,9.86,0,-2.6666666666666696,-2.0811428571428623,722.0,0,694.6666666666666,574.5714285714284,-0.04999999999999982,2.8266666666666667,-0.040000000000000036,2.533333333333333,1819.44,27.9038
2024-03-31,610.0,2.5,30.9,2.79,30.9,0,14.399999999999997,1.86171428571428,610.0,0,699.0,595.7142857142856,-0.040000000000000036,2.8333333333333335,-0.020000000000000018,2.526666666666667,1525.0,86.211
2024-04-01,784.0,2.55,27.3,2.72,27.3,0,22.686666666666664,5.804285714285709,784.0,0,705.3333333333334,646.7142857142856,-0.06999999999999984,2.78,0.04999999999999982,2.5233333333333334,1999.1999999999998,74.256
2024-04-02,997.0,2.44,21.6,2.71,21.6,0,26.599999999999998,9.237142857142853,997.0,0,797.0,709.8571428571428,-0.010000000000000231,2.7399999999999998,-0.10999999999999988,2.4966666666666666,2432.68,58.536
2024-04-03,971.0,2.36,26.2,2.69,26.2,0,25.03333333333333,13.999999999999996,971.0,0,917.3333333333334,777.9999999999999,-0.020000000000000018,2.706666666666667,-0.08000000000000007,2.4499999999999997,2291.56,70.478
2024-04-04,833.0,2.39,24.7,2.67,24.7,0,24.166666666666668,20.428571428571423,833.0,0,933.6666666666666,811.7142857142856,-0.020000000000000018,2.69,0.03000000000000025,2.3966666666666665,1990.8700000000001,65.949
2024-04-05,779.0,2.43,22.4,2.62,22.4,0,24.433333333333326,23.279999999999994,779.0,0,861.0,813.7142857142856,-0.04999999999999982,2.66,0.040000000000000036,2.393333333333333,1892.97,58.687999999999995
2024-04-06,661.0,2.41,22.3,2.62,22.3,0,23.13333333333333,25.057142857142853,661.0,0,757.6666666666666,804.9999999999999,0.0,2.6366666666666667,-0.020000000000000018,2.41,1593.01,58.426
2024-04-07,563.0,2.43,24.5,2.65,24.5,0,23.066666666666663,24.14285714285714,563.0,0,667.6666666666666,798.2857142857141,0.029999999999999805,2.6300000000000003,0.020000000000000018,2.4233333333333333,1368.0900000000001,64.925
2024-04-08,449.0,2.47,1.4,2.69,1.4,0,16.066666666666666,20.44285714285714,449.0,0,557.6666666666666,750.4285714285713,0.040000000000000036,2.653333333333333,0.040000000000000036,2.436666666666667,1109.0300000000002,3.7659999999999996
2024-04-09,427.0,2.6,5.66,2.87,5.66,0,10.519999999999998,18.16571428571428,427.0,0,479.6666666666667,668.9999999999999,0.18000000000000016,2.736666666666667,0.1299999999999999,2.5,1110.2,16.2442
2024-04-10,403.0,2.68,2.63,2.89,2.63,0,3.229999999999998,14.798571428571423,403.0,0,426.3333333333333,587.8571428571428,0.020000000000000018,2.8166666666666664,0.08000000000000007,2.5833333333333335,1080.04,7.6007
2024-04-11,433.0,2.65,6.32,2.86,6.32,0,4.869999999999997,12.172857142857138,433.0,0,421.0,530.7142857142856,-0.03000000000000025,2.8733333333333335,-0.03000000000000025,2.643333333333333,1147.45,18.0752
2024-04-12,538.0,2.63,2.54,2.84,2.54,0,3.829999999999998,9.33571428571428,538.0,0,458.0,496.28571428571416,-0.020000000000000018,2.8633333333333333,-0.020000000000000018,2.6533333333333333,1414.94,7.2136
2024-04-13,624.0,2.63,16.4,2.85,16.4,0,8.419999999999996,8.492857142857137,624.0,0,531.6666666666666,490.9999999999999,0.010000000000000231,2.85,0.0,2.6366666666666663,1641.12,46.739999999999995
2024-04-14,703.0,2.59,13.7,2.81,13.7,0,10.879999999999995,6.949999999999995,703.0,0,621.6666666666666,510.9999999999999,-0.040000000000000036,2.8333333333333335,-0.040000000000000036,2.6166666666666667,1820.77,38.497
2024-04-15,874.0,2.53,35.0,2.77,35.0,0,21.7,11.749999999999996,874.0,0,733.6666666666666,571.7142857142856,-0.040000000000000036,2.81,-0.06000000000000005,2.5833333333333335,2211.22,96.95
2024-04-16,843.0,2.47,39.4,2.71,39.4,0,29.366666666666664,16.569999999999997,843.0,0,806.6666666666666,631.142857142857,-0.06000000000000005,2.763333333333333,-0.05999999999999961,2.53,2082.21,106.774
2024-04-17,992.0,2.46,22.1,2.67,22.1,0,32.166666666666664,19.351428571428563,992.0,0,903.0,715.2857142857141,-0.040000000000000036,2.7166666666666663,-0.010000000000000231,2.486666666666667,2440.32,59.007000000000005
2024-04-18,1130.0,2.42,24.5,2.74,24.5,0,28.66666666666666,21.948571428571423,1130.0,0,988.3333333333334,814.8571428571428,0.07000000000000028,2.706666666666667,-0.040000000000000036,2.4499999999999997,2734.6,67.13000000000001
2024-04-19,860.0,2.42,37.7,2.77,37.7,0,28.099999999999994,26.971428571428568,860.0,0,994.0,860.8571428571428,0.029999999999999805,2.7266666666666666,0.0,2.433333333333333,2081.2,104.429
2024-04-20,840.0,2.43,36.9,2.68,36.9,0,33.03333333333333,29.899999999999995,840.0,0,943.3333333333334,891.7142857142856,-0.08999999999999986,2.7300000000000004,0.010000000000000231,2.4233333333333333,2041.2,98.892
2024-04-21,543.0,2.43,35.7,2.68,35.7,0,36.76666666666666,33.04285714285714,543.0,0,747.6666666666666,868.8571428571428,0.0,2.7100000000000004,0.0,2.4266666666666667,1319.49,95.67600000000002
2024-04-22,592.0,2.56,33.4,2.69,33.4,0,35.33333333333333,32.81428571428571,592.0,0,658.3333333333334,828.5714285714284,0.009999999999999787,2.6833333333333336,0.1299999999999999,2.473333333333333,1515.52,89.84599999999999
2024-04-23,544.0,2.57,9.25,2.74,9.25,0,26.116666666666664,28.507142857142856,544.0,0,559.6666666666666,785.8571428571428,0.050000000000000266,2.703333333333333,0.009999999999999787,2.52,1398.08,25.345000000000002
2024-04-24,529.0,2.61,10.3,2.81,10.3,0,17.649999999999995,26.821428571428566,529.0,0,555.0,719.7142857142856,0.06999999999999984,2.7466666666666666,0.040000000000000036,2.58,1380.6899999999998,28.943
2024-04-25,558.0,2.62,5.17,2.83,5.17,0,8.239999999999995,24.059999999999995,558.0,0,543.6666666666666,637.9999999999999,0.020000000000000018,2.7933333333333334,0.010000000000000231,2.5999999999999996,1461.96,14.6311
2024-04-26,450.0,2.58,3.21,2.84,3.21,0,6.226666666666662,19.13285714285714,450.0,0,512.3333333333334,579.4285714285713,0.009999999999999787,2.8266666666666667,-0.040000000000000036,2.6033333333333335,1161.0,9.116399999999999
2024-04-27,442.0,2.59,5.33,2.82,5.33,0,4.569999999999996,14.622857142857137,442.0,0,483.3333333333333,522.5714285714284,-0.020000000000000018,2.8299999999999996,0.009999999999999787,2.596666666666667,1144.78,15.0306
2024-04-28,476.0,2.6,6.17,2.8,6.17,0,4.903333333333329,10.40428571428571,476.0,0,456.0,512.9999999999999,-0.020000000000000018,2.82,0.010000000000000231,2.59,1237.6000000000001,17.276
2024-04-29,662.0,2.6,18.7,2.81,18.7,0,10.066666666666661,8.30428571428571,662.0,0,526.6666666666666,522.9999999999999,0.010000000000000231,2.81,0.0,2.5966666666666662,1721.2,52.547
2024-04-30,497.0,2.58,32.7,2.82,32.7,0,19.189999999999998,11.65428571428571,497.0,0,545.0,516.2857142857141,0.009999999999999787,2.81,-0.020000000000000018,2.5933333333333333,1282.26,92.214
2024-05-01,945.0,2.63,41.4,2.75,41.4,0,30.933333333333326,16.097142857142853,945.0,0,701.3333333333334,575.7142857142856,-0.06999999999999984,2.793333333333333,0.04999999999999982,2.6033333333333335,2485.35,113.85
2024-05-02,766.0,2.54,39.0,2.72,39.0,0,37.699999999999996,20.929999999999996,766.0,0,736.0,605.4285714285713,-0.029999999999999805,2.763333333333333,-0.08999999999999986,2.5833333333333335,1945.64,106.08000000000001
2024-05-03,705.0,2.2,37.9,2.68,37.9,0,39.43333333333333,25.88571428571428,705.0,0,805.3333333333334,641.8571428571428,-0.040000000000000036,2.716666666666667,-0.33999999999999986,2.456666666666667,1551.0000000000002,101.572
2024-05-04,720.0,2.49,34.9,2.66,34.9,0,37.26666666666666,30.109999999999996,720.0,0,730.3333333333334,681.5714285714284,-0.020000000000000018,2.686666666666667,0.29000000000000004,2.41,1792.8000000000002,92.834
2024-05-05,605.0,2.44,36.0,2.66,36.0,0,36.26666666666666,34.37142857142857,605.0,0,676.6666666666666,699.9999999999999,0.0,2.6666666666666665,-0.050000000000000266,2.376666666666667,1476.2,95.76
2024-05-06,462.0,2.48,32.5,2.69,32.5,0,34.46666666666666,36.34285714285714,462.0,0,595.6666666666666,671.4285714285713,0.029999999999999805,2.67,0.040000000000000036,2.47,1145.76,87.425
2024-05-07,443.0,2.55,11.2,2.74,11.2,0,26.56666666666666,33.271428571428565,443.0,0,503.3333333333333,663.7142857142856,0.050000000000000266,2.6966666666666668,0.06999999999999984,2.4899999999999998,1129.6499999999999,30.688
2024-05-08,335.0,2.56,11.5,2.81,11.5,0,18.399999999999995,28.999999999999996,335.0,0,413.3333333333333,576.5714285714284,0.06999999999999984,2.7466666666666666,0.010000000000000231,2.53,857.6,32.315
2024-05-09,349.0,2.66,13.6,2.84,13.6,0,12.099999999999994,25.371428571428567,349.0,0,375.6666666666667,516.9999999999999,0.029999999999999805,2.796666666666667,0.10000000000000009,2.59,928.34,38.623999999999995
2024-05-10,455.0,2.67,12.3,2.85,12.3,0,12.466666666666661,21.71428571428571,455.0,0,379.6666666666667,481.28571428571416,0.010000000000000231,2.8333333333333335,0.009999999999999787,2.6300000000000003,1214.85,35.055
2024-05-11,608.0,2.65,11.3,2.83,11.3,0,12.399999999999997,18.342857142857138,608.0,0,470.6666666666667,465.28571428571416,-0.020000000000000018,2.84,-0.020000000000000018,2.66,1611.2,31.979000000000003
2024-05-12,460.0,2.57,4.61,2.84,4.61,0,9.403333333333329,13.858571428571423,460.0,0,507.6666666666667,444.57142857142844,0.009999999999999787,2.84,-0.08000000000000007,2.63,1182.1999999999998,13.0924
2024-05-13,745.0,2.68,12.7,2.76,12.7,0,9.536666666666662,11.029999999999996,745.0,0,604.3333333333334,484.9999999999999,-0.08000000000000007,2.81,0.11000000000000032,2.6333333333333333,1996.6000000000001,35.05199999999999
2024-05-14,722.0,2.57,35.1,2.76,35.1,0,17.469999999999995,14.444285714285712,722.0,0,642.3333333333334,524.8571428571428,0.0,2.7866666666666666,-0.11000000000000032,2.6066666666666665,1855.54,96.87599999999999
2024-05-15,623.0,2.48,42.2,2.71,42.2,0,30.0,18.829999999999995,623.0,0,696.6666666666666,565.9999999999999,-0.04999999999999982,2.7433333333333336,-0.08999999999999986,2.5766666666666667,1545.04,114.36200000000001
2024-05-16,1160.0,2.53,40.9,2.69,40.9,0,39.4,22.729999999999993,1160.0,0,835.0,681.8571428571428,-0.020000000000000018,2.72,0.04999999999999982,2.526666666666667,2934.7999999999997,110.021
2024-05-17,1030.0,2.33,39.1,2.68,39.1,0,40.73333333333333,26.55857142857143,1030.0,0,937.6666666666666,763.9999999999999,-0.009999999999999787,2.6933333333333334,-0.19999999999999973,2.4466666666666668,2399.9,104.78800000000001
2024-05-18,567.0,2.24,38.1,2.63,38.1,0,39.36666666666667,30.387142857142855,567.0,0,919.0,758.142857142857,-0.050000000000000266,2.6666666666666665,-0.08999999999999986,2.3666666666666667,1270.0800000000002,100.203
2024-05-19,559.0,2.36,34.7,2.58,34.7,0,37.3,34.685714285714276,559.0,0,718.6666666666666,772.2857142857141,-0.04999999999999982,2.6300000000000003,0.11999999999999966,2.31,1319.24,89.52600000000001
2024-05-20,533.0,2.42,31.6,2.61,31.6,0,34.800000000000004,37.385714285714286,533.0,0,553.0,741.9999999999999,0.029999999999999805,2.606666666666667,0.06000000000000005,2.34,1289.86,82.476
2024-05-21,462.0,2.39,31.6,2.62,31.6,0,32.63333333333333,36.885714285714286,462.0,0,518.0,704.8571428571428,0.010000000000000231,2.603333333333333,-0.029999999999999805,2.39,1104.18,82.792
2024-05-22,386.0,2.46,7.65,2.63,7.65,0,23.616666666666664,31.949999999999996,386.0,0,460.3333333333333,670.9999999999999,0.009999999999999787,2.62,0.06999999999999984,2.4233333333333333,949.56,20.1195
2024-05-23,451.0,2.47,0.725,2.68,0.725,0,13.324999999999998,26.210714285714285,451.0,0,433.0,569.7142857142856,0.050000000000000266,2.643333333333333,0.010000000000000231,2.44,1113.97,1.943
2024-05-24,340.0,2.51,5.68,2.73,5.68,0,4.684999999999998,21.436428571428568,340.0,0,392.3333333333333,471.142857142857,0.04999999999999982,2.6799999999999997,0.03999999999999959,2.48,853.4,15.5064
2024-05-25,285.0,2.48,3.1,2.74,3.1,0,3.168333333333331,16.436428571428568,285.0,0,358.6666666666667,430.8571428571427,0.010000000000000231,2.716666666666667,-0.029999999999999805,2.486666666666667,706.8,8.494000000000002
2024-05-26,321.0,2.57,10.5,2.75,10.5,0,6.426666666666665,12.97928571428571,321.0,0,315.3333333333333,396.8571428571427,0.009999999999999787,2.74,0.08999999999999986,2.52,824.9699999999999,28.875
2024-05-27,177.0,2.53,3.22,2.75,3.22,0,5.606666666666665,8.924999999999995,177.0,0,261.0,345.9999999999999,0.0,2.7466666666666666,-0.040000000000000036,2.526666666666667,447.80999999999995,8.855
2024-05-28,422.0,2.7,6.71,2.8,6.71,0,6.809999999999998,5.36928571428571,422.0,0,306.6666666666667,340.2857142857142,0.04999999999999982,2.766666666666667,0.17000000000000037,2.6,1139.4,18.788
2024-05-29,480.0,2.6,24.6,2.78,24.6,0,11.509999999999998,7.790714285714282,480.0,0,359.6666666666667,353.71428571428567,-0.020000000000000018,2.776666666666667,-0.10000000000000009,2.61,1248.0,68.388
2024-05-30,486.0,2.56,32.4,2.74,32.4,0,21.236666666666665,12.315714285714282,486.0,0,462.6666666666667,358.71428571428567,-0.03999999999999959,2.7733333333333334,-0.040000000000000036,2.62,1244.16,88.776
2024-05-31,686.0,2.49,33.1,2.7,33.1,0,30.03333333333333,16.23285714285714,686.0,0,550.6666666666666,408.14285714285705,-0.040000000000000036,2.74,-0.06999999999999984,2.5500000000000003,1708.14,89.37
2024-06-01,652.0,2.48,26.9,2.73,26.9,0,30.8,19.63285714285714,652.0,0,608.0,460.5714285714285,0.029999999999999805,2.723333333333334,-0.010000000000000231,2.5100000000000002,1616.96,73.437
2024-06-02,671.0,2.49,36.1,2.7,36.1,0,32.03333333333333,23.289999999999996,671.0,0,669.6666666666666,510.5714285714285,-0.029999999999999805,2.7100000000000004,0.010000000000000231,2.486666666666667,1670.7900000000002,97.47000000000001
2024-06-03,662.0,2.42,42.3,2.69,42.3,0,35.099999999999994,28.872857142857136,662.0,0,661.6666666666666,579.8571428571428,-0.010000000000000231,2.7066666666666666,-0.07000000000000028,2.4633333333333334,1602.04,113.78699999999999
2024-06-04,365.0,2.46,34.0,2.7,34.0,0,37.46666666666666,32.771428571428565,365.0,0,566.0,571.7142857142857,0.010000000000000231,2.6966666666666668,0.040000000000000036,2.4566666666666666,897.9,91.80000000000001
2024-06-05,420.0,2.53,7.75,2.7,7.75,0,28.016666666666662,30.364285714285707,420.0,0,482.3333333333333,563.1428571428571,0.0,2.6966666666666668,0.06999999999999984,2.4699999999999998,1062.6,20.925
2024-06-06,491.0,2.57,-0.986,2.8,0.986,1,13.588,25.594857142857137,491.0,0,425.3333333333333,563.8571428571428,0.09999999999999964,2.733333333333334,0.040000000000000036,2.52,1261.87,-2.7607999999999997
2024-06-07,504.0,2.57,1.43,2.8,1.43,0,2.7313333333333305,21.070571428571423,504.0,0,471.6666666666667,537.8571428571428,0.0,2.766666666666666,0.0,2.556666666666666,1295.28,4.004
2024-06-08,337.0,2.58,8.15,2.8,8.15,0,2.8646666666666647,18.391999999999996,337.0,0,444.0,492.8571428571428,0.0,2.8,0.010000000000000231,2.5733333333333333,869.46,22.82
2024-06-09,396.0,2.56,7.74,2.79,7.74,0,5.773333333333331,14.340571428571424,396.0,0,412.3333333333333,453.5714285714285,-0.009999999999999787,2.7966666666666664,-0.020000000000000018,2.5700000000000003,1013.76,21.5946
2024-06-10,392.0,2.59,9.14,2.79,9.14,0,8.343333333333332,9.603428571428568,392.0,0,375.0,414.99999999999994,0.0,2.7933333333333334,0.029999999999999805,2.5766666666666667,1015.28,25.500600000000002
2024-06-11,432.0,2.54,6.39,2.77,6.39,0,7.756666666666664,5.659142857142854,432.0,0,406.6666666666667,424.5714285714285,-0.020000000000000018,2.783333333333333,-0.04999999999999982,2.563333333333333,1097.28,17.7003
2024-06-12,492.0,2.55,31.8,2.77,31.8,0,15.776666666666664,9.094857142857139,492.0,0,438.6666666666667,434.8571428571428,0.0,2.776666666666667,0.009999999999999787,2.56,1254.6,88.086
2024-06-13,483.0,2.52,33.7,2.72,33.7,0,23.963333333333328,14.049999999999997,483.0,0,469.0,433.71428571428567,-0.04999999999999982,2.7533333333333334,-0.029999999999999805,2.5366666666666666,1217.16,91.66400000000002
2024-06-14,531.0,2.51,38.6,2.72,38.6,0,34.699999999999996,19.359999999999996,531.0,0,502.0,437.5714285714285,0.0,2.736666666666667,-0.010000000000000231,2.526666666666667,1332.81,104.992
2024-06-15,536.0,2.47,40.9,2.67,40.9,0,37.73333333333333,24.038571428571426,536.0,0,516.6666666666666,465.99999999999994,-0.050000000000000266,2.7033333333333336,-0.03999999999999959,2.5,1323.92,109.20299999999999
2024-06-16,610.0,2.49,38.6,2.65,38.6,0,39.36666666666667,28.447142857142858,610.0,0,559.0,496.5714285714285,-0.020000000000000018,2.6799999999999997,0.020000000000000018,2.49,1518.9,102.29
2024-06-17,692.0,2.43,33.8,2.62,33.8,0,37.766666666666666,31.969999999999995,692.0,0,612.6666666666666,539.4285714285713,-0.029999999999999805,2.6466666666666665,-0.06000000000000005,2.4633333333333334,1681.5600000000002,88.556
2024-06-18,613.0,2.42,33.4,2.62,33.4,0,35.26666666666666,35.82857142857143,613.0,0,638.3333333333334,565.2857142857142,0.0,2.63,-0.010000000000000231,2.4466666666666668,1483.46,87.508
2024-06-19,622.0,2.41,27.2,2.65,27.2,0,31.466666666666665,35.171428571428564,622.0,0,642.3333333333334,583.8571428571428,0.029999999999999805,2.6300000000000003,-0.009999999999999787,2.42,1499.02,72.08
2024-06-20,1060.0,2.49,17.8,2.78,17.8,0,26.13333333333333,32.89999999999999,1060.0,0,765.0,666.2857142857143,0.1299999999999999,2.6833333333333336,0.08000000000000007,2.44,2639.4,49.484
2024-06-21,735.0,2.61,15.0,2.78,15.0,0,19.999999999999996,29.52857142857142,735.0,0,805.6666666666666,695.4285714285714,0.0,2.7366666666666664,0.11999999999999966,2.5033333333333334,1918.35,41.699999999999996
2024-06-22,672.0,2.73,9.35,3.0,9.35,0,14.049999999999999,25.021428571428565,672.0,0,822.3333333333334,714.8571428571429,0.2200000000000002,2.853333333333333,0.1200000000000001,2.61,1834.56,28.049999999999997
2024-06-23,712.0,2.7,10.5,3.07,10.5,0,11.616666666666665,21.00714285714285,712.0,0,706.3333333333334,729.4285714285714,0.06999999999999984,2.9499999999999997,-0.029999999999999805,2.6799999999999997,1922.4,32.235
2024-06-24,753.0,2.82,14.1,3.04,14.1,0,11.316666666666663,18.19285714285714,753.0,0,712.3333333333334,738.1428571428571,-0.029999999999999805,3.0366666666666666,0.11999999999999966,2.75,2123.46,42.864
2024-06-25,656.0,2.87,-1.43,2.95,1.43,1,7.72333333333333,13.217142857142852,656.0,0,707.0,744.2857142857143,-0.08999999999999986,3.02,0.050000000000000266,2.796666666666667,1882.72,-4.2185
2024-06-26,773.0,2.89,19.9,3.09,19.9,0,10.856666666666664,12.17428571428571,773.0,0,727.3333333333334,765.8571428571429,0.13999999999999968,3.026666666666667,0.020000000000000018,2.86,2233.9700000000003,61.49099999999999
2024-06-27,1220.0,2.98,44.2,3.16,44.2,0,20.889999999999997,15.945714285714283,1220.0,0,883.0,788.7142857142857,0.07000000000000028,3.0666666666666664,0.08999999999999986,2.9133333333333336,3635.6,139.67200000000003
2024-06-28,1210.0,3.03,57.6,3.4,57.6,0,40.56666666666666,22.031428571428567,1210.0,0,1067.6666666666667,856.5714285714286,0.23999999999999977,3.216666666666667,0.04999999999999982,2.966666666666667,3666.2999999999997,195.84
2024-06-29,1150.0,3.0,66.8,3.19,66.8,0,56.20000000000001,30.238571428571426,1150.0,0,1193.3333333333333,924.8571428571429,-0.20999999999999996,3.25,-0.029999999999999805,3.0033333333333334,3450.0,213.09199999999998
2024-06-30,1120.0,2.89,30.2,3.12,30.2,0,51.53333333333333,33.05285714285714,1120.0,0,1160.0,983.1428571428571,-0.06999999999999984,3.236666666666667,-0.10999999999999988,2.973333333333333,3236.8,94.224
2024-07-01,1350.0,2.94,61.0,3.68,61.0,0,52.666666666666664,39.75285714285714,1350.0,0,1206.6666666666667,1068.4285714285713,0.56,3.33,0.04999999999999982,2.9433333333333334,3969.0,224.48000000000002
2024-07-02,1260.0,2.94,71.1,3.53,71.1,0,54.1,50.114285714285714,1260.0,0,1243.3333333333333,1154.7142857142858,-0.15000000000000036,3.4433333333333334,0.0,2.9233333333333333,3704.4,250.98299999999998
2024-07-03,928.0,2.77,43.6,3.18,43.6,0,58.56666666666667,53.49999999999999,928.0,0,1179.3333333333333,1176.857142857143,-0.34999999999999964,3.4633333333333334,-0.16999999999999993,2.883333333333333,2570.56,138.64800000000002
2024-07-04,995.0,2.81,43.8,3.01,43.8,0,52.833333333333336,53.442857142857136,995.0,0,1061.0,1144.7142857142858,-0.17000000000000037,3.24,0.040000000000000036,2.84,2795.9500000000003,131.838
2024-07-05,764.0,2.8,23.5,2.93,23.5,0,36.96666666666667,48.57142857142856,764.0,0,895.6666666666666,1081.0,-0.07999999999999963,3.0400000000000005,-0.010000000000000231,2.7933333333333334,2139.2,68.855
2024-07-06,738.0,2.77,13.0,2.96,13.0,0,26.76666666666667,40.88571428571428,738.0,0,832.3333333333334,1022.1428571428571,0.029999999999999805,2.966666666666667,-0.029999999999999805,2.793333333333333,2044.26,38.48
2024-07-07,474.0,2.77,5.29,2.96,5.29,0,13.93,37.32714285714285,474.0,0,658.6666666666666,929.8571428571429,0.0,2.9500000000000006,0.0,2.78,1312.98,15.6584
2024-07-08,515.0,2.81,9.93,2.92,9.93,0,9.406666666666666,30.031428571428567,515.0,0,575.6666666666666,810.5714285714286,-0.040000000000000036,2.9466666666666668,0.040000000000000036,2.7833333333333337,1447.15,28.9956
2024-07-09,504.0,2.78,10.9,2.9,10.9,0,8.706666666666665,21.431428571428565,504.0,0,497.6666666666667,702.5714285714286,-0.020000000000000018,2.9266666666666663,-0.03000000000000025,2.7866666666666666,1401.12,31.61
2024-07-10,524.0,2.76,0.371,2.86,0.371,0,7.067,15.255857142857137,524.0,0,514.3333333333334,644.8571428571429,-0.040000000000000036,2.893333333333333,-0.020000000000000018,2.783333333333333,1446.2399999999998,1.06106
2024-07-11,509.0,2.81,32.1,2.87,32.1,0,14.457,13.58442857142857,509.0,0,512.3333333333334,575.4285714285713,0.010000000000000231,2.8766666666666665,0.050000000000000266,2.783333333333333,1430.29,92.12700000000001
2024-07-12,773.0,2.9,48.1,3.12,48.1,0,26.857,17.098714285714284,773.0,0,602.0,576.7142857142857,0.25,2.9499999999999997,0.08999999999999986,2.8233333333333337,2241.7,150.072
2024-07-13,921.0,2.91,50.3,3.08,50.3,0,43.5,22.427285714285713,921.0,0,734.3333333333334,602.8571428571429,-0.040000000000000036,3.0233333333333334,0.010000000000000231,2.8733333333333335,2680.11,154.924
2024-07-14,946.0,2.92,54.7,3.09,54.7,0,51.03333333333333,29.48585714285714,946.0,0,880.0,670.2857142857143,0.009999999999999787,3.0966666666666662,0.009999999999999787,2.91,2762.3199999999997,169.023
2024-07-15,968.0,2.84,43.5,2.97,43.5,0,49.5,34.281571428571425,968.0,0,945.0,735.0,-0.11999999999999966,3.046666666666667,-0.08000000000000007,2.89,2749.12,129.19500000000002
2024-07-16,1060.0,2.76,40.2,2.83,40.2,0,46.13333333333333,38.46728571428571,1060.0,0,991.3333333333334,814.4285714285714,-0.14000000000000012,2.9633333333333334,-0.08000000000000007,2.84,2925.6,113.766
2024-07-17,1010.0,2.65,42.7,2.72,42.7,0,42.13333333333333,44.51428571428572,1010.0,0,1012.6666666666666,883.8571428571429,-0.10999999999999988,2.84,-0.10999999999999988,2.75,2676.5,116.14400000000002
2024-07-18,899.0,2.6,41.0,2.7,41.0,0,41.300000000000004,45.785714285714285,899.0,0,989.6666666666666,939.5714285714286,-0.020000000000000018,2.75,-0.04999999999999982,2.67,2337.4,110.7
2024-07-19,732.0,2.61,44.1,2.73,44.1,0,42.6,45.21428571428571,732.0,0,880.3333333333334,933.7142857142857,0.029999999999999805,2.716666666666667,0.009999999999999787,2.6199999999999997,1910.52,120.393
2024-07-20,647.0,2.66,16.7,2.74,16.7,0,33.93333333333333,40.41428571428571,647.0,0,759.3333333333334,894.5714285714286,0.010000000000000231,2.723333333333333,0.050000000000000266,2.6233333333333335,1721.02,45.758
2024-07-21,444.0,2.66,3.16,2.81,3.16,0,21.32,33.051428571428566,444.0,0,607.6666666666666,822.8571428571429,0.06999999999999984,2.7600000000000002,0.0,2.643333333333333,1181.04,8.8796
2024-07-22,437.0,2.73,-3.1,2.82,3.1,1,5.586666666666666,26.39428571428571,437.0,0,509.3333333333333,747.0,0.009999999999999787,2.7899999999999996,0.06999999999999984,2.6833333333333336,1193.01,-8.741999999999999
2024-07-23,273.0,2.74,1.04,2.81,1.04,0,0.3666666666666667,20.8,273.0,0,384.6666666666667,634.5714285714286,-0.009999999999999787,2.813333333333333,0.010000000000000231,2.7100000000000004,748.0200000000001,2.9224
2024-07-24,116.0,2.79,4.65,2.75,4.65,0,0.8633333333333334,15.36428571428571,116.0,0,275.3333333333333,506.8571428571428,-0.06000000000000005,2.793333333333333,0.04999999999999982,2.7533333333333334,323.64,12.787500000000001
2024-07-25,-32.8,2.85,-9.0,2.75,9.0,1,-1.1033333333333333,8.221428571428566,32.8,1,118.73333333333333,373.7428571428571,0.0,2.7699999999999996,0.06000000000000005,2.793333333333333,-93.47999999999999,-24.75
2024-07-26,-8.63,2.86,-6.81,2.79,6.81,1,-3.72,0.9485714285714245,8.63,1,24.85666666666667,267.9385714285714,0.040000000000000036,2.763333333333333,0.009999999999999787,2.8333333333333335,-24.681800000000003,-18.9999
2024-07-27,251.0,2.91,17.8,2.79,17.8,0,0.6633333333333334,1.1057142857142819,251.0,0,69.85666666666667,211.3671428571428,0.0,2.776666666666667,0.050000000000000266,2.8733333333333335,730.4100000000001,49.662000000000006
2024-07-28,530.0,2.77,35.6,2.71,35.6,0,15.530000000000001,5.739999999999997,530.0,0,257.45666666666665,223.65285714285707,-0.08000000000000007,2.763333333333333,-0.14000000000000012,2.8466666666666662,1468.1,96.476
2024-07-29,572.0,2.57,35.9,2.68,35.9,0,29.76666666666667,11.311428571428568,572.0,0,451.0,242.93857142857135,-0.029999999999999805,2.7266666666666666,-0.20000000000000018,2.75,1470.04,96.212
2024-07-30,775.0,2.53,35.6,2.69,35.6,0,35.699999999999996,16.248571428571424,775.0,0,625.6666666666666,314.6528571428571,0.009999999999999787,2.6933333333333334,-0.040000000000000036,2.6233333333333335,1960.7499999999998,95.764
2024-07-31,853.0,2.47,34.9,2.69,34.9,0,35.46666666666667,20.569999999999997,853.0,0,733.3333333333334,419.9385714285714,0.0,2.686666666666667,-0.05999999999999961,2.5233333333333334,2106.9100000000003,93.881
2024-08-01,604.0,2.43,32.4,2.68,32.4,0,34.3,26.48428571428571,604.0,0,744.0,510.90999999999997,-0.009999999999999787,2.686666666666667,-0.040000000000000036,2.4766666666666666,1467.72,86.83200000000001
2024-08-02,436.0,2.48,30.2,2.7,30.2,0,32.5,31.77142857142857,436.0,0,631.0,574.4285714285713,0.020000000000000018,2.69,0.04999999999999982,2.4600000000000004,1081.28,81.54
2024-08-03,335.0,2.54,12.7,2.73,12.7,0,25.099999999999998,31.042857142857137,335.0,0,458.3333333333333,586.4285714285713,0.029999999999999805,2.7033333333333336,0.06000000000000005,2.483333333333333,850.9,34.671
2024-08-04,280.0,2.59,6.9,2.79,6.9,0,16.599999999999998,26.94285714285714,280.0,0,350.3333333333333,550.7142857142856,0.06000000000000005,2.74,0.04999999999999982,2.5366666666666666,725.1999999999999,19.251
2024-08-05,218.0,2.62,3.41,2.81,3.41,0,7.669999999999999,22.301428571428566,218.0,0,277.6666666666667,500.142857142857,0.020000000000000018,2.776666666666667,0.03000000000000025,2.5833333333333335,571.16,9.5821
2024-08-06,162.0,2.64,1.93,2.82,1.93,0,4.08,17.491428571428568,162.0,0,220.0,412.57142857142844,0.009999999999999787,2.8066666666666666,0.020000000000000018,2.6166666666666667,427.68,5.4426
2024-08-07,173.0,2.68,1.86,2.83,1.86,0,2.4,12.771428571428567,173.0,0,184.33333333333334,315.4285714285714,0.010000000000000231,2.8200000000000003,0.040000000000000036,2.6466666666666665,463.64000000000004,5.263800000000001
2024-08-08,225.0,2.69,-8.01,2.85,8.01,1,-1.4066666666666665,6.998571428571424,225.0,0,186.66666666666666,261.2857142857142,0.020000000000000018,2.8333333333333335,0.009999999999999787,2.6700000000000004,605.25,-22.828500000000002
2024-08-09,301.0,2.73,9.55,2.9,9.55,0,1.1333333333333337,4.0485714285714245,301.0,0,233.0,241.99999999999994,0.04999999999999982,2.86,0.040000000000000036,2.6999999999999997,821.73,27.695
2024-08-10,327.0,2.71,33.2,2.81,33.2,0,11.58,6.977142857142853,327.0,0,284.3333333333333,240.8571428571428,-0.08999999999999986,2.853333333333333,-0.020000000000000018,2.7100000000000004,886.17,93.29200000000002
2024-08-11,395.0,2.65,30.0,2.77,30.0,0,24.25,10.277142857142852,395.0,0,341.0,257.2857142857142,-0.040000000000000036,2.8266666666666667,-0.06000000000000005,2.6966666666666668,1046.75,83.1
2024-08-12,406.0,2.62,35.0,2.79,35.0,0,32.733333333333334,14.789999999999996,406.0,0,376.0,284.14285714285705,0.020000000000000018,2.7899999999999996,-0.029999999999999805,2.6599999999999997,1063.72,97.65
2024-08-13,543.0,2.64,36.8,2.76,36.8,0,33.93333333333333,19.77142857142857,543.0,0,448.0,338.5714285714285,-0.03000000000000025,2.7733333333333334,0.020000000000000018,2.6366666666666667,1433.52,101.56799999999998
2024-08-14,813.0,2.63,32.8,2.74,32.8,0,34.86666666666667,24.191428571428567,813.0,0,587.3333333333334,429.99999999999994,-0.019999999999999574,2.7633333333333336,-0.010000000000000231,2.6300000000000003,2138.19,89.872
2024-08-15,925.0,2.58,24.0,2.71,24.0,0,31.2,28.76428571428571,925.0,0,760.3333333333334,529.9999999999999,-0.03000000000000025,2.7366666666666664,-0.04999999999999982,2.6166666666666667,2386.5,65.03999999999999
2024-08-16,836.0,2.53,34.5,2.73,34.5,0,30.433333333333334,32.32857142857142,836.0,0,858.0,606.4285714285714,0.020000000000000018,2.7266666666666666,-0.050000000000000266,2.5799999999999996,2115.08,94.185
2024-08-17,639.0,2.55,28.1,2.73,28.1,0,28.866666666666664,31.599999999999998,639.0,0,800.0,651.0,0.0,2.723333333333333,0.020000000000000018,2.5533333333333332,1629.4499999999998,76.71300000000001
2024-08-18,407.0,2.58,1.23,2.7,1.23,0,21.276666666666667,27.49,407.0,0,627.3333333333334,652.7142857142857,-0.029999999999999805,2.72,0.03000000000000025,2.5533333333333332,1050.06,3.321
2024-08-19,274.0,2.6,-1.5,2.73,1.5,1,9.276666666666667,22.275714285714283,274.0,0,440.0,633.8571428571429,0.029999999999999805,2.72,0.020000000000000018,2.5766666666666667,712.4,-4.095
2024-08-20,83.5,2.64,3.09,2.75,3.09,0,0.94,17.459999999999994,83.5,0,254.83333333333334,568.2142857142857,0.020000000000000018,2.7266666666666666,0.040000000000000036,2.606666666666667,220.44,8.497499999999999
2024-08-21,62.6,2.7,-5.28,2.75,5.28,1,-1.2300000000000002,12.019999999999994,62.6,0,140.03333333333333,461.0142857142856,0.0,2.7433333333333336,0.06000000000000005,2.646666666666667,169.02,-14.520000000000001
2024-08-22,121.0,2.75,0.294,2.8,0.294,0,-0.6320000000000001,8.633428571428567,121.0,0,89.03333333333335,346.1571428571428,0.04999999999999982,2.766666666666667,0.04999999999999982,2.6966666666666668,332.75,0.8231999999999999
2024-08-23,10.4,2.72,1.11,2.77,1.11,0,-1.292,3.8634285714285674,10.4,0,64.66666666666667,228.21428571428564,-0.029999999999999805,2.7733333333333334,-0.029999999999999805,2.723333333333333,28.288000000000004,3.0747000000000004
2024-08-24,85.5,2.77,4.84,2.78,4.84,0,2.0813333333333337,0.5405714285714244,85.5,0,72.3,149.14285714285708,0.009999999999999787,2.783333333333333,0.04999999999999982,2.7466666666666666,236.835,13.455199999999998
2024-08-25,167.0,2.73,24.2,2.79,24.2,0,10.049999999999999,3.8219999999999956,167.0,0,87.63333333333333,114.85714285714279,0.010000000000000231,2.78,-0.040000000000000036,2.74,455.91,67.518
2024-08-26,370.0,2.69,32.4,2.76,32.4,0,20.48,8.664857142857139,370.0,0,207.5,128.5714285714285,-0.03000000000000025,2.776666666666667,-0.040000000000000036,2.73,995.3,89.42399999999999
2024-08-27,600.0,2.64,31.5,2.74,31.5,0,29.366666666666664,12.723428571428567,600.0,0,379.0,202.3571428571428,-0.019999999999999574,2.763333333333333,-0.04999999999999982,2.686666666666667,1584.0,86.31
2024-08-28,715.0,2.62,30.0,2.73,30.0,0,31.3,17.763428571428566,715.0,0,561.6666666666666,295.5571428571428,-0.010000000000000231,2.7433333333333336,-0.020000000000000018,2.65,1873.3000000000002,81.9
2024-08-29,749.0,2.64,31.3,2.65,31.3,0,30.933333333333337,22.19285714285714,749.0,0,688.0,385.27142857142854,-0.08000000000000007,2.706666666666667,0.020000000000000018,2.6333333333333333,1977.3600000000001,82.945
2024-08-30,744.0,2.66,41.1,2.69,41.1,0,34.13333333333333,27.905714285714282,744.0,0,736.0,490.0714285714285,0.040000000000000036,2.69,0.020000000000000018,2.64,1979.0400000000002,110.559
2024-08-31,665.0,2.58,32.5,2.68,32.5,0,34.96666666666667,31.857142857142858,665.0,0,719.3333333333334,572.8571428571428,-0.009999999999999787,2.6733333333333333,-0.08000000000000007,2.626666666666667,1715.7,87.10000000000001
2024-09-01,457.0,2.51,28.7,2.65,28.7,0,34.1,32.49999999999999,457.0,0,622.0,614.2857142857143,-0.03000000000000025,2.6733333333333333,-0.07000000000000028,2.5833333333333335,1147.07,76.05499999999999
2024-09-02,243.0,2.52,6.17,2.64,6.17,0,22.456666666666667,28.752857142857135,243.0,0,455.0,596.1428571428571,-0.009999999999999787,2.6566666666666667,0.010000000000000231,2.5366666666666666,612.36,16.288800000000002
2024-09-03,199.0,2.57,-2.23,2.7,2.23,1,10.88,23.934285714285714,199.0,0,299.6666666666667,538.8571428571428,0.06000000000000005,2.6633333333333336,0.04999999999999982,2.533333333333333,511.42999999999995,-6.021
2024-09-04,181.0,2.64,-1.58,2.75,1.58,1,0.7866666666666666,19.422857142857136,181.0,0,207.66666666666666,462.5714285714285,0.04999999999999982,2.6966666666666668,0.07000000000000028,2.5766666666666667,477.84000000000003,-4.345000000000001
2024-09-05,66.2,2.62,-4.23,2.76,4.23,1,-2.68,14.347142857142854,66.2,0,148.73333333333332,365.02857142857135,0.009999999999999787,2.736666666666667,-0.020000000000000018,2.61,173.44400000000002,-11.6748
2024-09-06,86.9,2.66,-0.944,2.78,0.944,1,-2.2513333333333336,8.340857142857137,86.9,0,111.36666666666667,271.1571428571428,0.020000000000000018,2.763333333333333,0.040000000000000036,2.64,231.15400000000002,-2.6243199999999995
2024-09-07,221.0,2.65,2.35,2.78,2.35,0,-0.9413333333333337,4.033714285714281,221.0,0,124.7,207.72857142857134,0.0,2.7733333333333334,-0.010000000000000231,2.643333333333333,585.65,6.5329999999999995
2024-09-08,241.0,2.62,2.25,2.78,2.25,0,1.2186666666666663,0.25514285714285295,241.0,0,182.9666666666667,176.87142857142848,0.0,2.78,-0.029999999999999805,2.6433333333333335,631.4200000000001,6.255
2024-09-09,340.0,2.61,28.2,2.77,28.2,0,10.933333333333332,3.40228571428571,340.0,0,267.3333333333333,190.72857142857134,-0.009999999999999787,2.776666666666667,-0.010000000000000231,2.6266666666666665,887.4,78.114
2024-09-10,296.0,2.58,22.9,2.73,22.9,0,17.78333333333333,6.9922857142857096,296.0,0,292.3333333333333,204.5857142857142,-0.040000000000000036,2.76,-0.029999999999999805,2.6033333333333335,763.6800000000001,62.516999999999996
2024-09-11,992.0,2.7,22.0,2.8,22.0,0,24.366666666666664,10.360857142857139,992.0,0,542.6666666666666,320.44285714285706,0.06999999999999984,2.766666666666667,0.1200000000000001,2.6300000000000003,2678.4,61.599999999999994
2024-09-12,1340.0,2.88,40.0,2.84,40.0,0,28.299999999999997,16.679428571428566,1340.0,0,876.0,502.41428571428565,0.040000000000000036,2.7899999999999996,0.17999999999999972,2.72,3859.2,113.6
2024-09-13,1170.0,2.62,45.5,2.73,45.5,0,35.833333333333336,23.314285714285713,1170.0,0,1167.3333333333333,657.1428571428571,-0.10999999999999988,2.7899999999999996,-0.2599999999999998,2.733333333333334,3065.4,124.215
2024-09-14,909.0,2.48,39.1,2.68,39.1,0,41.53333333333333,28.564285714285713,909.0,0,1139.6666666666667,755.4285714285714,-0.04999999999999982,2.75,-0.14000000000000012,2.6599999999999997,2254.32,104.78800000000001
2024-09-15,321.0,2.55,39.0,2.75,39.0,0,41.199999999999996,33.81428571428571,321.0,0,800.0,766.8571428571429,0.06999999999999984,2.72,0.06999999999999984,2.55,818.55,107.25
2024-09-16,106.0,2.74,18.5,2.77,18.5,0,32.199999999999996,32.42857142857142,106.0,0,445.3333333333333,733.4285714285714,0.020000000000000018,2.733333333333333,0.1900000000000004,2.59,290.44,51.245
2024-09-17,909.0,3.31,50.9,3.3,50.9,0,36.13333333333333,36.42857142857142,909.0,0,445.3333333333333,821.0,0.5299999999999998,2.94,0.5699999999999998,2.8666666666666667,3008.79,167.97
2024-09-18,654.0,3.2,46.0,3.41,46.0,0,38.46666666666667,39.85714285714285,654.0,0,556.3333333333334,772.7142857142857,0.11000000000000032,3.16,-0.10999999999999988,3.0833333333333335,2092.8,156.86
2024-09-19,291.0,3.14,52.3,3.29,52.3,0,49.73333333333333,41.61428571428571,291.0,0,618.0,622.8571428571429,-0.1200000000000001,3.3333333333333335,-0.06000000000000005,3.216666666666667,913.74,172.06699999999998
2024-09-20,95.9,3.21,9.3,3.14,9.3,0,35.86666666666667,36.442857142857136,95.9,0,346.9666666666667,469.41428571428565,-0.1499999999999999,3.28,0.06999999999999984,3.1833333333333336,307.839,29.202
2024-09-21,377.0,3.37,39.7,3.42,39.7,0,33.76666666666667,36.528571428571425,377.0,0,254.63333333333333,393.41428571428565,0.2799999999999998,3.283333333333333,0.16000000000000014,3.24,1270.49,135.774
2024-09-22,401.0,3.18,34.0,3.18,34.0,0,27.666666666666668,35.81428571428571,401.0,0,291.3,404.8428571428571,-0.23999999999999977,3.2466666666666666,-0.18999999999999995,3.2533333333333334,1275.18,108.12
2024-09-23,583.0,3.04,20.7,2.99,20.7,0,31.46666666666667,36.12857142857142,583.0,0,453.6666666666667,472.9857142857142,-0.18999999999999995,3.1966666666666668,-0.14000000000000012,3.1966666666666668,1772.32,61.893
2024-09-24,540.0,2.8,40.1,2.96,40.1,0,31.600000000000005,34.58571428571428,540.0,0,508.0,420.27142857142854,-0.03000000000000025,3.043333333333333,-0.2400000000000002,3.0066666666666664,1512.0,118.696
2024-09-25,843.0,2.72,41.2,2.9,41.2,0,34.00000000000001,33.89999999999999,843.0,0,655.3333333333334,447.27142857142854,-0.06000000000000005,2.9499999999999997,-0.07999999999999963,2.8533333333333335,2292.96,119.48
2024-09-26,950.0,2.6,20.9,2.83,20.9,0,34.06666666666667,29.41428571428571,950.0,0,777.6666666666666,541.4142857142857,-0.06999999999999984,2.8966666666666665,-0.1200000000000001,2.7066666666666666,2470.0,59.147
2024-09-27,901.0,2.52,11.4,2.81,11.4,0,24.500000000000004,29.71428571428571,901.0,0,898.0,656.4285714285713,-0.020000000000000018,2.8466666666666662,-0.08000000000000007,2.6133333333333337,2270.52,32.034
2024-09-28,726.0,2.52,17.0,2.77,17.0,0,16.433333333333337,26.471428571428564,726.0,0,859.0,706.2857142857141,-0.040000000000000036,2.8033333333333332,0.0,2.546666666666667,1829.52,47.09
2024-09-29,531.0,2.53,14.4,2.75,14.4,0,14.266666666666671,23.671428571428567,531.0,0,719.3333333333334,724.8571428571428,-0.020000000000000018,2.776666666666667,0.009999999999999787,2.5233333333333334,1343.4299999999998,39.6
2024-09-30,438.0,2.59,12.0,2.77,12.0,0,14.46666666666667,22.428571428571423,438.0,0,565.0,704.142857142857,0.020000000000000018,2.763333333333333,0.06000000000000005,2.5466666666666664,1134.4199999999998,33.24
2024-10-01,446.0,2.63,31.6,2.81,31.6,0,19.33333333333334,21.21428571428571,446.0,0,471.6666666666667,690.7142857142856,0.040000000000000036,2.776666666666667,0.040000000000000036,2.583333333333333,1172.98,88.796
2024-10-02,464.0,2.7,11.2,2.85,11.2,0,18.26666666666667,16.928571428571423,464.0,0,449.3333333333333,636.5714285714284,0.040000000000000036,2.81,0.07000000000000028,2.64,1252.8000000000002,31.919999999999998
2024-10-03,461.0,2.73,2.4,2.87,2.4,0,15.066666666666672,14.28571428571428,461.0,0,457.0,566.7142857142857,0.020000000000000018,2.8433333333333337,0.029999999999999805,2.686666666666667,1258.53,6.888
2024-10-04,291.0,2.68,4.24,2.85,4.24,0,5.946666666666672,13.26285714285714,291.0,0,405.3333333333333,479.5714285714285,-0.020000000000000018,2.856666666666667,-0.04999999999999982,2.703333333333333,779.88,12.084000000000001
2024-10-05,357.0,2.75,16.2,2.86,16.2,0,7.613333333333338,13.148571428571424,357.0,0,369.6666666666667,426.8571428571428,0.009999999999999787,2.86,0.06999999999999984,2.72,981.75,46.331999999999994
2024-10-06,442.0,2.82,30.9,2.96,30.9,0,17.11333333333334,15.50571428571428,442.0,0,363.3333333333333,414.14285714285705,0.10000000000000009,2.89,0.06999999999999984,2.75,1246.4399999999998,91.464
2024-10-07,465.0,2.7,3.83,2.81,3.83,0,16.97666666666667,14.338571428571424,465.0,0,421.3333333333333,417.99999999999994,-0.1499999999999999,2.876666666666667,-0.11999999999999966,2.7566666666666664,1255.5,10.7623
2024-10-08,718.0,2.66,6.39,2.83,6.39,0,13.706666666666672,10.737142857142853,718.0,0,541.6666666666666,456.8571428571428,0.020000000000000018,2.8666666666666667,-0.040000000000000036,2.7266666666666666,1909.88,18.0837
2024-10-09,774.0,2.56,32.0,2.83,32.0,0,14.073333333333338,13.708571428571423,774.0,0,652.3333333333334,501.14285714285705,0.0,2.8233333333333337,-0.10000000000000009,2.64,1981.44,90.56
2024-10-10,756.0,2.49,34.9,2.76,34.9,0,24.430000000000007,18.351428571428567,756.0,0,749.3333333333334,543.2857142857142,-0.07000000000000028,2.8066666666666666,-0.06999999999999984,2.5700000000000003,1882.44,96.32399999999998
2024-10-11,878.0,2.5,39.7,2.72,39.7,0,35.53333333333334,23.417142857142853,878.0,0,802.6666666666666,627.142857142857,-0.03999999999999959,2.7699999999999996,0.009999999999999787,2.516666666666667,2195.0,107.98400000000001
2024-10-12,987.0,2.48,34.7,2.68,34.7,0,36.43333333333334,26.06,987.0,0,873.6666666666666,717.142857142857,-0.040000000000000036,2.72,-0.020000000000000018,2.49,2447.7599999999998,92.99600000000001
2024-10-13,836.0,2.47,28.6,2.63,28.6,0,34.333333333333336,25.73142857142857,836.0,0,900.3333333333334,773.4285714285713,-0.050000000000000266,2.6766666666666663,-0.009999999999999787,2.4833333333333334,2064.92,75.218
2024-10-14,731.0,2.43,29.6,2.64,29.6,0,30.966666666666672,29.41285714285714,731.0,0,851.3333333333334,811.4285714285713,0.010000000000000231,2.65,-0.040000000000000036,2.4600000000000004,1776.3300000000002,78.144
2024-10-15,491.0,2.44,32.2,2.65,32.2,0,30.13333333333334,33.1,491.0,0,686.0,778.9999999999999,0.009999999999999787,2.64,0.009999999999999787,2.4466666666666668,1198.04,85.33
2024-10-16,409.0,2.53,28.3,2.69,28.3,0,30.033333333333342,32.57142857142857,409.0,0,543.6666666666666,726.8571428571428,0.040000000000000036,2.66,0.08999999999999986,2.466666666666667,1034.77,76.127
2024-10-17,401.0,2.64,9.53,2.76,9.53,0,23.343333333333337,28.947142857142854,401.0,0,433.6666666666667,676.142857142857,0.06999999999999984,2.6999999999999997,0.11000000000000032,2.5366666666666666,1058.64,26.302799999999998
2024-10-18,345.0,2.7,9.55,2.83,9.55,0,15.793333333333338,24.639999999999997,345.0,0,385.0,599.9999999999999,0.07000000000000028,2.76,0.06000000000000005,2.6233333333333335,931.5000000000001,27.026500000000002
2024-10-19,134.0,2.73,5.69,2.86,5.69,0,8.256666666666671,20.495714285714282,134.0,0,293.3333333333333,478.14285714285705,0.029999999999999805,2.8166666666666664,0.029999999999999805,2.69,365.82,16.2734
2024-10-20,344.0,2.84,6.56,2.89,6.56,0,7.266666666666672,17.347142857142853,344.0,0,274.3333333333333,407.8571428571428,0.03000000000000025,2.86,0.10999999999999988,2.7566666666666664,976.9599999999999,18.9584
2024-10-21,374.0,2.81,3.2,2.91,3.2,0,5.150000000000005,13.575714285714284,374.0,0,284.0,356.8571428571428,0.020000000000000018,2.8866666666666667,-0.029999999999999805,2.793333333333333,1050.94,9.312000000000001
2024-10-22,590.0,2.74,1.65,2.92,1.65,0,3.8033333333333377,9.211428571428568,590.0,0,436.0,370.99999999999994,0.009999999999999787,2.9066666666666667,-0.06999999999999984,2.796666666666667,1616.6000000000001,4.818
2024-10-23,800.0,2.67,5.18,2.89,5.18,0,3.3433333333333377,5.908571428571425,800.0,0,588.0,426.8571428571428,-0.029999999999999805,2.9066666666666667,-0.07000000000000028,2.7399999999999998,2136.0,14.9702
2024-10-24,969.0,2.52,27.9,2.84,27.9,0,11.57666666666667,8.53285714285714,969.0,0,786.3333333333334,507.99999999999994,-0.050000000000000266,2.8833333333333333,-0.1499999999999999,2.643333333333333,2441.88,79.23599999999999
2024-10-25,497.0,2.41,35.4,2.73,35.4,0,22.82666666666667,12.225714285714279,497.0,0,755.3333333333334,529.7142857142857,-0.10999999999999988,2.8200000000000003,-0.10999999999999988,2.533333333333333,1197.77,96.642
2024-10-26,680.0,2.57,27.8,2.67,27.8,0,30.36666666666667,15.38428571428571,680.0,0,715.3333333333334,607.7142857142856,-0.06000000000000005,2.746666666666666,0.1599999999999997,2.5,1747.6,74.226
2024-10-27,743.0,2.57,34.9,2.68,34.9,0,32.70000000000001,19.432857142857138,743.0,0,640.0,664.7142857142856,0.010000000000000231,2.6933333333333334,0.0,2.516666666666667,1909.51,93.532
2024-10-28,793.0,2.53,30.2,2.72,30.2,0,30.966666666666672,23.289999999999996,793.0,0,738.6666666666666,724.5714285714284,0.040000000000000036,2.69,-0.040000000000000036,2.5566666666666666,2006.2899999999997,82.144
2024-10-29,704.0,2.51,29.5,2.73,29.5,0,31.533333333333342,27.268571428571423,704.0,0,746.6666666666666,740.8571428571428,0.009999999999999787,2.7100000000000004,-0.020000000000000018,2.5366666666666666,1767.04,80.535
2024-10-30,391.0,2.51,32.5,2.71,32.5,0,30.733333333333338,31.171428571428567,391.0,0,629.3333333333334,682.4285714285713,-0.020000000000000018,2.72,0.0,2.516666666666666,981.41,88.075
2024-10-31,437.0,2.69,25.6,2.76,25.6,0,29.200000000000006,30.842857142857135,437.0,0,510.6666666666667,606.4285714285713,0.04999999999999982,2.733333333333333,0.18000000000000016,2.57,1175.53,70.65599999999999
2024-11-01,267.0,2.75,-31.8,2.86,31.8,1,8.766666666666671,21.242857142857137,267.0,0,365.0,573.5714285714286,0.10000000000000009,2.776666666666666,0.06000000000000005,2.65,734.25,-90.948
2024-11-02,921.0,3.42,31.4,3.62,31.4,0,8.400000000000004,21.75714285714285,921.0,0,541.6666666666666,607.9999999999999,0.7600000000000002,3.08,0.6699999999999999,2.953333333333333,3149.8199999999997,113.66799999999999
2024-11-03,983.0,3.27,20.1,3.21,20.1,0,6.566666666666671,19.64285714285714,983.0,0,723.6666666666666,642.2857142857141,-0.41000000000000014,3.2300000000000004,-0.1499999999999999,3.146666666666667,3214.41,64.521
2024-11-04,703.0,2.92,11.9,3.14,11.9,0,21.133333333333336,17.02857142857142,703.0,0,869.0,629.4285714285713,-0.06999999999999984,3.3233333333333337,-0.3500000000000001,3.203333333333333,2052.7599999999998,37.366
2024-11-05,668.0,2.78,3.62,3.06,3.62,0,11.87333333333334,13.331428571428566,668.0,0,784.6666666666666,624.2857142857141,-0.08000000000000007,3.1366666666666667,-0.14000000000000012,2.99,1857.04,11.077200000000001
2024-11-06,724.0,2.74,2.97,2.96,2.97,0,6.163333333333338,9.112857142857136,724.0,0,698.3333333333334,671.8571428571428,-0.10000000000000009,3.0533333333333332,-0.03999999999999959,2.813333333333333,1983.7600000000002,8.7912
2024-11-07,832.0,2.64,28.6,2.92,28.6,0,11.730000000000006,9.541428571428566,832.0,0,741.3333333333334,728.2857142857141,-0.040000000000000036,2.98,-0.10000000000000009,2.72,2196.48,83.512
2024-11-08,788.0,2.57,30.1,2.81,30.1,0,20.556666666666672,18.38428571428571,788.0,0,781.3333333333334,802.7142857142856,-0.10999999999999988,2.8966666666666665,-0.07000000000000028,2.6500000000000004,2025.1599999999999,84.581
2024-11-09,739.0,2.52,35.5,2.75,35.5,0,31.400000000000006,18.969999999999995,739.0,0,786.3333333333334,776.7142857142856,-0.06000000000000005,2.8266666666666667,-0.04999999999999982,2.5766666666666667,1862.28,97.625
2024-11-10,905.0,2.53,36.9,2.7,36.9,0,34.16666666666668,21.369999999999994,905.0,0,810.6666666666666,765.5714285714284,-0.04999999999999982,2.7533333333333334,0.009999999999999787,2.5399999999999996,2289.6499999999996,99.63000000000001
2024-11-11,865.0,2.46,40.4,2.68,40.4,0,37.6,25.441428571428563,865.0,0,836.3333333333334,788.7142857142856,-0.020000000000000018,2.7099999999999995,-0.06999999999999984,2.5033333333333334,2127.9,108.272
2024-11-12,811.0,2.45,27.8,2.67,27.8,0,35.03333333333334,28.89571428571428,811.0,0,860.3333333333334,809.142857142857,-0.010000000000000231,2.6833333333333336,-0.009999999999999787,2.48,1986.95,74.226
2024-11-13,629.0,2.42,24.0,2.69,24.0,0,30.733333333333338,31.899999999999995,629.0,0,768.3333333333334,795.5714285714284,0.020000000000000018,2.68,-0.03000000000000025,2.4433333333333334,1522.18,64.56
2024-11-14,540.0,2.49,29.4,2.71,29.4,0,27.066666666666674,32.014285714285705,540.0,0,660.0,753.8571428571428,0.020000000000000018,2.69,0.07000000000000028,2.453333333333333,1344.6000000000001,79.67399999999999
2024-11-15,463.0,2.55,7.88,2.72,7.88,0,20.426666666666673,28.839999999999996,463.0,0,544.0,707.4285714285713,0.010000000000000231,2.706666666666667,0.05999999999999961,2.486666666666667,1180.6499999999999,21.433600000000002
2024-11-16,414.0,2.62,0.142,2.81,0.142,0,12.474000000000006,23.788857142857136,414.0,0,472.3333333333333,660.9999999999999,0.08999999999999986,2.7466666666666666,0.07000000000000028,2.5533333333333332,1084.68,0.39902
2024-11-17,73.7,2.66,-2.44,2.85,2.44,1,1.8606666666666714,18.168857142857135,73.7,0,316.90000000000003,542.242857142857,0.040000000000000036,2.793333333333333,0.040000000000000036,2.61,196.04200000000003,-6.954
2024-11-18,202.0,2.83,-2.53,2.86,2.53,1,-1.6093333333333284,12.035999999999992,202.0,0,229.9,447.52857142857135,0.009999999999999787,2.84,0.16999999999999993,2.703333333333333,571.66,-7.235799999999999
2024-11-19,604.0,2.82,3.72,2.85,3.72,0,-0.4166666666666619,8.595999999999995,604.0,0,293.23333333333335,417.95714285714274,-0.009999999999999787,2.853333333333333,-0.010000000000000231,2.77,1703.28,10.602
2024-11-20,666.0,2.63,7.33,2.82,7.33,0,2.8400000000000047,6.214571428571422,666.0,0,490.6666666666667,423.2428571428571,-0.03000000000000025,2.8433333333333333,-0.18999999999999995,2.7600000000000002,1751.58,20.6706
2024-11-21,814.0,2.56,12.2,2.8,12.2,0,7.750000000000004,3.7574285714285653,814.0,0,694.6666666666666,462.3857142857142,-0.020000000000000018,2.8233333333333337,-0.06999999999999984,2.67,2083.84,34.16
2024-11-22,795.0,2.46,28.8,2.75,28.8,0,16.110000000000003,6.745999999999994,795.0,0,758.3333333333334,509.81428571428563,-0.04999999999999982,2.7899999999999996,-0.10000000000000009,2.5500000000000003,1955.7,79.2
2024-11-23,836.0,2.43,41.9,2.68,41.9,0,27.633333333333336,12.711428571428566,836.0,0,815.0,570.0999999999999,-0.06999999999999984,2.7433333333333336,-0.029999999999999805,2.4833333333333334,2031.4800000000002,112.292
2024-11-24,838.0,2.41,35.1,2.61,35.1,0,35.26666666666667,18.074285714285708,838.0,0,823.0,679.2857142857143,-0.07000000000000028,2.68,-0.020000000000000018,2.4333333333333336,2019.5800000000002,91.611
2024-11-25,878.0,2.36,37.4,2.58,37.4,0,38.13333333333333,23.77857142857142,878.0,0,850.6666666666666,775.8571428571429,-0.029999999999999805,2.6233333333333335,-0.050000000000000266,2.4,2072.08,96.492
2024-11-26,799.0,2.35,32.2,2.56,32.2,0,34.900000000000006,27.84714285714285,799.0,0,838.3333333333334,803.7142857142857,-0.020000000000000018,2.5833333333333335,-0.009999999999999787,2.3733333333333335,1877.65,82.432
2024-11-27,991.0,2.32,29.0,2.57,29.0,0,32.866666666666674,30.94285714285714,991.0,0,889.3333333333334,850.1428571428571,0.009999999999999787,2.5700000000000003,-0.03000000000000025,2.3433333333333333,2299.12,74.53
2024-11-28,1050.0,2.19,30.4,2.58,30.4,0,30.533333333333335,33.54285714285714,1050.0,0,946.6666666666666,883.8571428571429,0.010000000000000231,2.5700000000000003,-0.1299999999999999,2.2866666666666666,2299.5,78.432
2024-11-29,798.0,2.07,28.7,2.51,28.7,0,29.36666666666667,33.52857142857142,798.0,0,946.3333333333334,884.2857142857143,-0.07000000000000028,2.5533333333333332,-0.1200000000000001,2.1933333333333334,1651.86,72.03699999999999
2024-11-30,607.0,2.08,8.57,2.51,8.57,0,22.55666666666667,28.767142857142854,607.0,0,818.3333333333334,851.5714285714286,0.0,2.533333333333333,0.010000000000000231,2.1133333333333333,1262.56,21.5107
2024-12-01,547.0,2.18,4.65,2.56,4.65,0,13.973333333333336,24.417142857142853,547.0,0,650.6666666666666,810.0,0.050000000000000266,2.5266666666666664,0.10000000000000009,2.11,1192.46,11.904000000000002
2024-12-02,430.0,2.23,4.93,2.61,4.93,0,6.050000000000002,19.77857142857142,430.0,0,528.0,746.0,0.04999999999999982,2.56,0.04999999999999982,2.1633333333333336,958.9,12.867299999999998
2024-12-03,346.0,2.32,4.32,2.65,4.32,0,4.6333333333333355,15.79571428571428,346.0,0,441.0,681.2857142857143,0.040000000000000036,2.606666666666667,0.08999999999999986,2.243333333333333,802.7199999999999,11.448
2024-12-04,533.0,2.42,4.18,2.68,4.18,0,4.476666666666669,12.249999999999995,533.0,0,436.3333333333333,615.8571428571429,0.03000000000000025,2.6466666666666665,0.10000000000000009,2.3233333333333333,1289.86,11.202399999999999
2024-12-05,563.0,2.33,5.78,2.69,5.78,0,4.7600000000000025,8.732857142857137,563.0,0,480.6666666666667,546.2857142857142,0.009999999999999787,2.6733333333333333,-0.08999999999999986,2.356666666666667,1311.79,15.5482
2024-12-06,682.0,2.35,10.4,2.71,10.4,0,6.786666666666669,6.118571428571423,682.0,0,592.6666666666666,529.7142857142857,0.020000000000000018,2.6933333333333334,0.020000000000000018,2.3666666666666667,1602.7,28.184
2024-12-07,647.0,2.29,25.5,2.69,25.5,0,13.893333333333336,8.537142857142852,647.0,0,630.6666666666666,535.4285714285713,-0.020000000000000018,2.6966666666666668,-0.06000000000000005,2.3233333333333337,1481.63,68.595
2024-12-08,587.0,2.29,27.6,2.65,27.6,0,21.166666666666668,11.815714285714279,587.0,0,638.6666666666666,541.1428571428571,-0.040000000000000036,2.6833333333333336,0.0,2.31,1344.23,73.14
2024-12-09,866.0,2.35,26.0,2.62,26.0,0,26.36666666666667,14.825714285714282,866.0,0,700.0,603.4285714285714,-0.029999999999999805,2.6533333333333333,0.06000000000000005,2.31,2035.1000000000001,68.12
2024-12-10,650.0,2.18,23.5,2.6,23.5,0,25.700000000000003,17.56571428571428,650.0,0,701.0,646.8571428571429,-0.020000000000000018,2.623333333333333,-0.16999999999999993,2.2733333333333334,1417.0,61.1
2024-12-11,708.0,2.27,26.4,2.58,26.4,0,25.3,20.73999999999999,708.0,0,741.3333333333334,671.8571428571429,-0.020000000000000018,2.6,0.08999999999999986,2.2666666666666666,1607.16,68.112
2024-12-12,648.0,2.32,26.6,2.61,26.6,0,25.5,23.71428571428571,648.0,0,668.6666666666666,684.0,0.029999999999999805,2.5966666666666667,0.04999999999999982,2.2566666666666664,1503.36,69.426
2024-12-13,775.0,2.34,31.1,2.6,31.1,0,28.033333333333335,26.671428571428567,775.0,0,710.3333333333334,697.2857142857143,-0.009999999999999787,2.5966666666666662,0.020000000000000018,2.31,1813.5,80.86
2024-12-14,727.0,2.3,29.3,2.6,29.3,0,29.000000000000004,27.21428571428571,727.0,0,716.6666666666666,708.7142857142857,0.0,2.603333333333333,-0.040000000000000036,2.32,1672.1,76.18
2024-12-15,799.0,2.31,6.62,2.6,6.62,0,22.340000000000003,24.21714285714285,799.0,0,767.0,739.0,0.0,2.6,0.010000000000000231,2.3166666666666664,1845.69,17.212
2024-12-16,720.0,2.25,6.07,2.63,6.07,0,13.99666666666667,21.369999999999997,720.0,0,748.6666666666666,718.1428571428571,0.029999999999999805,2.61,-0.06000000000000005,2.2866666666666666,1620.0,15.9641
2024-12-17,589.0,2.26,2.88,2.64,2.88,0,5.190000000000002,18.42428571428571,589.0,0,702.6666666666666,709.4285714285714,0.010000000000000231,2.6233333333333335,0.009999999999999787,2.2733333333333334,1331.1399999999999,7.6032
2024-12-18,455.0,2.31,3.61,2.65,3.61,0,4.186666666666668,15.168571428571424,455.0,0,588.0,673.2857142857143,0.009999999999999787,2.64,0.050000000000000266,2.2733333333333334,1051.05,9.5665
2024-12-19,670.0,2.4,3.87,2.67,3.87,0,3.4533333333333354,11.921428571428564,670.0,0,571.3333333333334,676.4285714285714,0.020000000000000018,2.6533333333333338,0.08999999999999986,2.3233333333333333,1608.0,10.3329
2024-12-20,736.0,2.34,7.44,2.68,7.44,0,4.973333333333336,8.541428571428565,736.0,0,620.3333333333334,670.8571428571429,0.010000000000000231,2.6666666666666665,-0.06000000000000005,2.35,1722.2399999999998,19.939200000000003
2024-12-21,649.0,2.27,7.92,2.65,7.92,0,6.410000000000003,5.48714285714285,649.0,0,685.0,659.7142857142857,-0.03000000000000025,2.6666666666666665,-0.06999999999999984,2.3366666666666664,1473.23,20.988
2024-12-22,842.0,2.34,24.5,2.64,24.5,0,13.286666666666669,8.041428571428565,842.0,0,742.3333333333334,665.8571428571429,-0.009999999999999787,2.6566666666666667,0.06999999999999984,2.3166666666666664,1970.28,64.68
2024-12-23,843.0,2.26,24.5,2.57,24.5,0,18.973333333333336,10.674285714285707,843.0,0,778.0,683.4285714285714,-0.07000000000000028,2.6199999999999997,-0.08000000000000007,2.2899999999999996,1905.1799999999998,62.964999999999996
2024-12-24,698.0,2.17,27.1,2.52,27.1,0,25.36666666666667,14.13428571428571,698.0,0,794.3333333333334,699.0,-0.04999999999999982,2.5766666666666667,-0.08999999999999986,2.2566666666666664,1514.6599999999999,68.292
2024-12-25,851.0,2.24,26.1,2.49,26.1,0,25.900000000000006,17.347142857142853,851.0,0,797.3333333333334,755.5714285714286,-0.029999999999999805,2.526666666666667,0.07000000000000028,2.223333333333333,1906.2400000000002,64.989
2024-12-26,613.0,2.16,27.1,2.48,27.1,0,26.76666666666667,20.66571428571428,613.0,0,720.6666666666666,747.4285714285714,-0.010000000000000231,2.4966666666666666,-0.08000000000000007,2.19,1324.0800000000002,67.208
2024-12-27,784.0,2.2,26.8,2.46,26.8,0,26.66666666666667,23.431428571428565,784.0,0,749.3333333333334,754.2857142857143,-0.020000000000000018,2.4766666666666666,0.040000000000000036,2.2000000000000006,1724.8000000000002,65.928
2024-12-28,818.0,2.14,26.8,2.46,26.8,0,26.900000000000006,26.128571428571426,818.0,0,738.3333333333334,778.4285714285714,0.0,2.466666666666667,-0.06000000000000005,2.166666666666667,1750.5200000000002,65.928
2024-12-29,691.0,2.08,24.5,2.45,24.5,0,26.033333333333335,26.128571428571426,691.0,0,764.3333333333334,756.8571428571429,-0.009999999999999787,2.4566666666666666,-0.06000000000000005,2.14,1437.28,60.025000000000006
2024-12-30,586.0,2.09,3.72,2.45,3.72,0,18.340000000000003,23.159999999999997,586.0,0,698.3333333333334,720.1428571428571,0.0,2.4533333333333336,0.009999999999999787,2.1033333333333335,1224.74,9.114
2024-12-31,385.0,2.14,0.192,2.5,0.192,0,9.470666666666668,19.315999999999995,385.0,0,554.0,675.4285714285714,0.04999999999999982,2.466666666666667,0.050000000000000266,2.1033333333333335,823.9000000000001,0.48
