date,station_name,river_name,station_code,variable,value,unit,source_sheet_index
2022-01-01,松浦大桥,黄浦江,63401120,flow,602.0,m3/s,2
2022-01-02,松浦大桥,黄浦江,63401120,flow,413.0,m3/s,2
2022-01-03,松浦大桥,黄浦江,63401120,flow,352.0,m3/s,2
2022-01-04,松浦大桥,黄浦江,63401120,flow,279.0,m3/s,2
2022-01-05,松浦大桥,黄浦江,63401120,flow,160.0,m3/s,2
2022-01-06,松浦大桥,黄浦江,63401120,flow,300.0,m3/s,2
2022-01-07,松浦大桥,黄浦江,63401120,flow,568.0,m3/s,2
2022-01-08,松浦大桥,黄浦江,63401120,flow,687.0,m3/s,2
2022-01-09,松浦大桥,黄浦江,63401120,flow,724.0,m3/s,2
2022-01-10,松浦大桥,黄浦江,63401120,flow,799.0,m3/s,2
2022-01-11,松浦大桥,黄浦江,63401120,flow,672.0,m3/s,2
2022-01-12,松浦大桥,黄浦江,63401120,flow,1140.0,m3/s,2
2022-01-13,松浦大桥,黄浦江,63401120,flow,727.0,m3/s,2
2022-01-14,松浦大桥,黄浦江,63401120,flow,719.0,m3/s,2
2022-01-15,松浦大桥,黄浦江,63401120,flow,725.0,m3/s,2
2022-01-16,松浦大桥,黄浦江,63401120,flow,355.0,m3/s,2
2022-01-17,松浦大桥,黄浦江,63401120,flow,562.0,m3/s,2
2022-01-18,松浦大桥,黄浦江,63401120,flow,433.0,m3/s,2
2022-01-19,松浦大桥,黄浦江,63401120,flow,509.0,m3/s,2
2022-01-20,松浦大桥,黄浦江,63401120,flow,263.0,m3/s,2
2022-01-21,松浦大桥,黄浦江,63401120,flow,439.0,m3/s,2
2022-01-22,松浦大桥,黄浦江,63401120,flow,352.0,m3/s,2
2022-01-23,松浦大桥,黄浦江,63401120,flow,236.0,m3/s,2
2022-01-24,松浦大桥,黄浦江,63401120,flow,396.0,m3/s,2
2022-01-25,松浦大桥,黄浦江,63401120,flow,615.0,m3/s,2
2022-01-26,松浦大桥,黄浦江,63401120,flow,626.0,m3/s,2
2022-01-27,松浦大桥,黄浦江,63401120,flow,733.0,m3/s,2
2022-01-28,松浦大桥,黄浦江,63401120,flow,779.0,m3/s,2
2022-01-29,松浦大桥,黄浦江,63401120,flow,929.0,m3/s,2
2022-01-30,松浦大桥,黄浦江,63401120,flow,813.0,m3/s,2
2022-01-31,松浦大桥,黄浦江,63401120,flow,780.0,m3/s,2
2022-02-01,松浦大桥,黄浦江,63401120,flow,537.0,m3/s,2
2022-02-02,松浦大桥,黄浦江,63401120,flow,525.0,m3/s,2
2022-02-03,松浦大桥,黄浦江,63401120,flow,496.0,m3/s,2
2022-02-04,松浦大桥,黄浦江,63401120,flow,578.0,m3/s,2
2022-02-05,松浦大桥,黄浦江,63401120,flow,666.0,m3/s,2
2022-02-06,松浦大桥,黄浦江,63401120,flow,767.0,m3/s,2
2022-02-07,松浦大桥,黄浦江,63401120,flow,699.0,m3/s,2
2022-02-08,松浦大桥,黄浦江,63401120,flow,832.0,m3/s,2
2022-02-09,松浦大桥,黄浦江,63401120,flow,1110.0,m3/s,2
2022-02-10,松浦大桥,黄浦江,63401120,flow,1190.0,m3/s,2
2022-02-11,松浦大桥,黄浦江,63401120,flow,956.0,m3/s,2
2022-02-12,松浦大桥,黄浦江,63401120,flow,808.0,m3/s,2
2022-02-13,松浦大桥,黄浦江,63401120,flow,680.0,m3/s,2
2022-02-14,松浦大桥,黄浦江,63401120,flow,620.0,m3/s,2
2022-02-15,松浦大桥,黄浦江,63401120,flow,511.0,m3/s,2
2022-02-16,松浦大桥,黄浦江,63401120,flow,582.0,m3/s,2
2022-02-17,松浦大桥,黄浦江,63401120,flow,369.0,m3/s,2
2022-02-18,松浦大桥,黄浦江,63401120,flow,430.0,m3/s,2
2022-02-19,松浦大桥,黄浦江,63401120,flow,440.0,m3/s,2
2022-02-20,松浦大桥,黄浦江,63401120,flow,533.0,m3/s,2
2022-02-21,松浦大桥,黄浦江,63401120,flow,898.0,m3/s,2
2022-02-22,松浦大桥,黄浦江,63401120,flow,730.0,m3/s,2
2022-02-23,松浦大桥,黄浦江,63401120,flow,782.0,m3/s,2
2022-02-24,松浦大桥,黄浦江,63401120,flow,1020.0,m3/s,2
2022-02-25,松浦大桥,黄浦江,63401120,flow,1140.0,m3/s,2
2022-02-26,松浦大桥,黄浦江,63401120,flow,1130.0,m3/s,2
2022-02-27,松浦大桥,黄浦江,63401120,flow,809.0,m3/s,2
2022-02-28,松浦大桥,黄浦江,63401120,flow,737.0,m3/s,2
2022-03-01,松浦大桥,黄浦江,63401120,flow,481.0,m3/s,2
2022-03-02,松浦大桥,黄浦江,63401120,flow,419.0,m3/s,2
2022-03-03,松浦大桥,黄浦江,63401120,flow,552.0,m3/s,2
2022-03-04,松浦大桥,黄浦江,63401120,flow,419.0,m3/s,2
2022-03-05,松浦大桥,黄浦江,63401120,flow,362.0,m3/s,2
2022-03-06,松浦大桥,黄浦江,63401120,flow,522.0,m3/s,2
2022-03-07,松浦大桥,黄浦江,63401120,flow,657.0,m3/s,2
2022-03-08,松浦大桥,黄浦江,63401120,flow,650.0,m3/s,2
2022-03-09,松浦大桥,黄浦江,63401120,flow,709.0,m3/s,2
2022-03-10,松浦大桥,黄浦江,63401120,flow,929.0,m3/s,2
2022-03-11,松浦大桥,黄浦江,63401120,flow,1040.0,m3/s,2
2022-03-12,松浦大桥,黄浦江,63401120,flow,1000.0,m3/s,2
2022-03-13,松浦大桥,黄浦江,63401120,flow,898.0,m3/s,2
2022-03-14,松浦大桥,黄浦江,63401120,flow,540.0,m3/s,2
2022-03-15,松浦大桥,黄浦江,63401120,flow,500.0,m3/s,2
2022-03-16,松浦大桥,黄浦江,63401120,flow,477.0,m3/s,2
2022-03-17,松浦大桥,黄浦江,63401120,flow,174.0,m3/s,2
2022-03-18,松浦大桥,黄浦江,63401120,flow,392.0,m3/s,2
2022-03-19,松浦大桥,黄浦江,63401120,flow,308.0,m3/s,2
2022-03-20,松浦大桥,黄浦江,63401120,flow,446.0,m3/s,2
2022-03-21,松浦大桥,黄浦江,63401120,flow,528.0,m3/s,2
2022-03-22,松浦大桥,黄浦江,63401120,flow,748.0,m3/s,2
2022-03-23,松浦大桥,黄浦江,63401120,flow,1050.0,m3/s,2
2022-03-24,松浦大桥,黄浦江,63401120,flow,977.0,m3/s,2
2022-03-25,松浦大桥,黄浦江,63401120,flow,1160.0,m3/s,2
2022-03-26,松浦大桥,黄浦江,63401120,flow,1070.0,m3/s,2
2022-03-27,松浦大桥,黄浦江,63401120,flow,1230.0,m3/s,2
2022-03-28,松浦大桥,黄浦江,63401120,flow,858.0,m3/s,2
2022-03-29,松浦大桥,黄浦江,63401120,flow,777.0,m3/s,2
2022-03-30,松浦大桥,黄浦江,63401120,flow,660.0,m3/s,2
2022-03-31,松浦大桥,黄浦江,63401120,flow,540.0,m3/s,2
2022-04-01,松浦大桥,黄浦江,63401120,flow,583.0,m3/s,2
2022-04-02,松浦大桥,黄浦江,63401120,flow,650.0,m3/s,2
2022-04-03,松浦大桥,黄浦江,63401120,flow,653.0,m3/s,2
2022-04-04,松浦大桥,黄浦江,63401120,flow,670.0,m3/s,2
2022-04-05,松浦大桥,黄浦江,63401120,flow,729.0,m3/s,2
2022-04-06,松浦大桥,黄浦江,63401120,flow,765.0,m3/s,2
2022-04-07,松浦大桥,黄浦江,63401120,flow,828.0,m3/s,2
2022-04-08,松浦大桥,黄浦江,63401120,flow,967.0,m3/s,2
2022-04-09,松浦大桥,黄浦江,63401120,flow,1100.0,m3/s,2
2022-04-10,松浦大桥,黄浦江,63401120,flow,976.0,m3/s,2
2022-04-11,松浦大桥,黄浦江,63401120,flow,942.0,m3/s,2
2022-04-12,松浦大桥,黄浦江,63401120,flow,708.0,m3/s,2
2022-04-13,松浦大桥,黄浦江,63401120,flow,481.0,m3/s,2
2022-04-14,松浦大桥,黄浦江,63401120,flow,900.0,m3/s,2
2022-04-15,松浦大桥,黄浦江,63401120,flow,689.0,m3/s,2
2022-04-16,松浦大桥,黄浦江,63401120,flow,684.0,m3/s,2
2022-04-17,松浦大桥,黄浦江,63401120,flow,724.0,m3/s,2
2022-04-18,松浦大桥,黄浦江,63401120,flow,502.0,m3/s,2
2022-04-19,松浦大桥,黄浦江,63401120,flow,540.0,m3/s,2
2022-04-20,松浦大桥,黄浦江,63401120,flow,548.0,m3/s,2
2022-04-21,松浦大桥,黄浦江,63401120,flow,729.0,m3/s,2
2022-04-22,松浦大桥,黄浦江,63401120,flow,756.0,m3/s,2
2022-04-23,松浦大桥,黄浦江,63401120,flow,864.0,m3/s,2
2022-04-24,松浦大桥,黄浦江,63401120,flow,937.0,m3/s,2
2022-04-25,松浦大桥,黄浦江,63401120,flow,768.0,m3/s,2
2022-04-26,松浦大桥,黄浦江,63401120,flow,805.0,m3/s,2
2022-04-27,松浦大桥,黄浦江,63401120,flow,555.0,m3/s,2
2022-04-28,松浦大桥,黄浦江,63401120,flow,487.0,m3/s,2
2022-04-29,松浦大桥,黄浦江,63401120,flow,411.0,m3/s,2
2022-04-30,松浦大桥,黄浦江,63401120,flow,580.0,m3/s,2
2022-05-01,松浦大桥,黄浦江,63401120,flow,554.0,m3/s,2
2022-05-02,松浦大桥,黄浦江,63401120,flow,615.0,m3/s,2
2022-05-03,松浦大桥,黄浦江,63401120,flow,506.0,m3/s,2
2022-05-04,松浦大桥,黄浦江,63401120,flow,597.0,m3/s,2
2022-05-05,松浦大桥,黄浦江,63401120,flow,539.0,m3/s,2
2022-05-06,松浦大桥,黄浦江,63401120,flow,566.0,m3/s,2
2022-05-07,松浦大桥,黄浦江,63401120,flow,566.0,m3/s,2
2022-05-08,松浦大桥,黄浦江,63401120,flow,735.0,m3/s,2
2022-05-09,松浦大桥,黄浦江,63401120,flow,726.0,m3/s,2
2022-05-10,松浦大桥,黄浦江,63401120,flow,723.0,m3/s,2
2022-05-11,松浦大桥,黄浦江,63401120,flow,691.0,m3/s,2
2022-05-12,松浦大桥,黄浦江,63401120,flow,538.0,m3/s,2
2022-05-13,松浦大桥,黄浦江,63401120,flow,491.0,m3/s,2
2022-05-14,松浦大桥,黄浦江,63401120,flow,420.0,m3/s,2
2022-05-15,松浦大桥,黄浦江,63401120,flow,533.0,m3/s,2
2022-05-16,松浦大桥,黄浦江,63401120,flow,452.0,m3/s,2
2022-05-17,松浦大桥,黄浦江,63401120,flow,409.0,m3/s,2
2022-05-18,松浦大桥,黄浦江,63401120,flow,304.0,m3/s,2
2022-05-19,松浦大桥,黄浦江,63401120,flow,317.0,m3/s,2
2022-05-20,松浦大桥,黄浦江,63401120,flow,371.0,m3/s,2
2022-05-21,松浦大桥,黄浦江,63401120,flow,465.0,m3/s,2
2022-05-22,松浦大桥,黄浦江,63401120,flow,504.0,m3/s,2
2022-05-23,松浦大桥,黄浦江,63401120,flow,485.0,m3/s,2
2022-05-24,松浦大桥,黄浦江,63401120,flow,458.0,m3/s,2
2022-05-25,松浦大桥,黄浦江,63401120,flow,536.0,m3/s,2
2022-05-26,松浦大桥,黄浦江,63401120,flow,468.0,m3/s,2
2022-05-27,松浦大桥,黄浦江,63401120,flow,542.0,m3/s,2
2022-05-28,松浦大桥,黄浦江,63401120,flow,447.0,m3/s,2
2022-05-29,松浦大桥,黄浦江,63401120,flow,553.0,m3/s,2
2022-05-30,松浦大桥,黄浦江,63401120,flow,362.0,m3/s,2
2022-05-31,松浦大桥,黄浦江,63401120,flow,462.0,m3/s,2
2022-06-01,松浦大桥,黄浦江,63401120,flow,408.0,m3/s,2
2022-06-02,松浦大桥,黄浦江,63401120,flow,276.0,m3/s,2
2022-06-03,松浦大桥,黄浦江,63401120,flow,289.0,m3/s,2
2022-06-04,松浦大桥,黄浦江,63401120,flow,298.0,m3/s,2
2022-06-05,松浦大桥,黄浦江,63401120,flow,641.0,m3/s,2
2022-06-06,松浦大桥,黄浦江,63401120,flow,948.0,m3/s,2
2022-06-07,松浦大桥,黄浦江,63401120,flow,699.0,m3/s,2
2022-06-08,松浦大桥,黄浦江,63401120,flow,662.0,m3/s,2
2022-06-09,松浦大桥,黄浦江,63401120,flow,583.0,m3/s,2
2022-06-10,松浦大桥,黄浦江,63401120,flow,563.0,m3/s,2
2022-06-11,松浦大桥,黄浦江,63401120,flow,411.0,m3/s,2
2022-06-12,松浦大桥,黄浦江,63401120,flow,465.0,m3/s,2
2022-06-13,松浦大桥,黄浦江,63401120,flow,430.0,m3/s,2
2022-06-14,松浦大桥,黄浦江,63401120,flow,301.0,m3/s,2
2022-06-15,松浦大桥,黄浦江,63401120,flow,297.0,m3/s,2
2022-06-16,松浦大桥,黄浦江,63401120,flow,240.0,m3/s,2
2022-06-17,松浦大桥,黄浦江,63401120,flow,385.0,m3/s,2
2022-06-18,松浦大桥,黄浦江,63401120,flow,241.0,m3/s,2
2022-06-19,松浦大桥,黄浦江,63401120,flow,335.0,m3/s,2
2022-06-20,松浦大桥,黄浦江,63401120,flow,357.0,m3/s,2
2022-06-21,松浦大桥,黄浦江,63401120,flow,413.0,m3/s,2
2022-06-22,松浦大桥,黄浦江,63401120,flow,522.0,m3/s,2
2022-06-23,松浦大桥,黄浦江,63401120,flow,768.0,m3/s,2
2022-06-24,松浦大桥,黄浦江,63401120,flow,731.0,m3/s,2
2022-06-25,松浦大桥,黄浦江,63401120,flow,747.0,m3/s,2
2022-06-26,松浦大桥,黄浦江,63401120,flow,599.0,m3/s,2
2022-06-27,松浦大桥,黄浦江,63401120,flow,634.0,m3/s,2
2022-06-28,松浦大桥,黄浦江,63401120,flow,513.0,m3/s,2
2022-06-29,松浦大桥,黄浦江,63401120,flow,394.0,m3/s,2
2022-06-30,松浦大桥,黄浦江,63401120,flow,404.0,m3/s,2
2022-07-01,松浦大桥,黄浦江,63401120,flow,438.0,m3/s,2
2022-07-02,松浦大桥,黄浦江,63401120,flow,267.0,m3/s,2
2022-07-03,松浦大桥,黄浦江,63401120,flow,330.0,m3/s,2
2022-07-04,松浦大桥,黄浦江,63401120,flow,292.0,m3/s,2
2022-07-05,松浦大桥,黄浦江,63401120,flow,286.0,m3/s,2
2022-07-06,松浦大桥,黄浦江,63401120,flow,479.0,m3/s,2
2022-07-07,松浦大桥,黄浦江,63401120,flow,437.0,m3/s,2
2022-07-08,松浦大桥,黄浦江,63401120,flow,380.0,m3/s,2
2022-07-09,松浦大桥,黄浦江,63401120,flow,594.0,m3/s,2
2022-07-10,松浦大桥,黄浦江,63401120,flow,453.0,m3/s,2
2022-07-11,松浦大桥,黄浦江,63401120,flow,407.0,m3/s,2
2022-07-12,松浦大桥,黄浦江,63401120,flow,362.0,m3/s,2
2022-07-13,松浦大桥,黄浦江,63401120,flow,381.0,m3/s,2
2022-07-14,松浦大桥,黄浦江,63401120,flow,110.0,m3/s,2
2022-07-15,松浦大桥,黄浦江,63401120,flow,127.0,m3/s,2
2022-07-16,松浦大桥,黄浦江,63401120,flow,67.5,m3/s,2
2022-07-17,松浦大桥,黄浦江,63401120,flow,147.0,m3/s,2
2022-07-18,松浦大桥,黄浦江,63401120,flow,313.0,m3/s,2
2022-07-19,松浦大桥,黄浦江,63401120,flow,348.0,m3/s,2
2022-07-20,松浦大桥,黄浦江,63401120,flow,569.0,m3/s,2
2022-07-21,松浦大桥,黄浦江,63401120,flow,567.0,m3/s,2
2022-07-22,松浦大桥,黄浦江,63401120,flow,784.0,m3/s,2
2022-07-23,松浦大桥,黄浦江,63401120,flow,912.0,m3/s,2
2022-07-24,松浦大桥,黄浦江,63401120,flow,573.0,m3/s,2
2022-07-25,松浦大桥,黄浦江,63401120,flow,614.0,m3/s,2
2022-07-26,松浦大桥,黄浦江,63401120,flow,561.0,m3/s,2
2022-07-27,松浦大桥,黄浦江,63401120,flow,427.0,m3/s,2
2022-07-28,松浦大桥,黄浦江,63401120,flow,293.0,m3/s,2
2022-07-29,松浦大桥,黄浦江,63401120,flow,181.0,m3/s,2
2022-07-30,松浦大桥,黄浦江,63401120,flow,128.0,m3/s,2
2022-07-31,松浦大桥,黄浦江,63401120,flow,223.0,m3/s,2
2022-08-01,松浦大桥,黄浦江,63401120,flow,169.0,m3/s,2
2022-08-02,松浦大桥,黄浦江,63401120,flow,182.0,m3/s,2
2022-08-03,松浦大桥,黄浦江,63401120,flow,301.0,m3/s,2
2022-08-04,松浦大桥,黄浦江,63401120,flow,396.0,m3/s,2
2022-08-05,松浦大桥,黄浦江,63401120,flow,508.0,m3/s,2
2022-08-06,松浦大桥,黄浦江,63401120,flow,516.0,m3/s,2
2022-08-07,松浦大桥,黄浦江,63401120,flow,635.0,m3/s,2
2022-08-08,松浦大桥,黄浦江,63401120,flow,785.0,m3/s,2
2022-08-09,松浦大桥,黄浦江,63401120,flow,669.0,m3/s,2
2022-08-10,松浦大桥,黄浦江,63401120,flow,396.0,m3/s,2
2022-08-11,松浦大桥,黄浦江,63401120,flow,228.0,m3/s,2
2022-08-12,松浦大桥,黄浦江,63401120,flow,22.2,m3/s,2
2022-08-13,松浦大桥,黄浦江,63401120,flow,-31.1,m3/s,2
2022-08-14,松浦大桥,黄浦江,63401120,flow,-48.8,m3/s,2
2022-08-15,松浦大桥,黄浦江,63401120,flow,123.0,m3/s,2
2022-08-16,松浦大桥,黄浦江,63401120,flow,96.8,m3/s,2
2022-08-17,松浦大桥,黄浦江,63401120,flow,293.0,m3/s,2
2022-08-18,松浦大桥,黄浦江,63401120,flow,320.0,m3/s,2
2022-08-19,松浦大桥,黄浦江,63401120,flow,628.0,m3/s,2
2022-08-20,松浦大桥,黄浦江,63401120,flow,578.0,m3/s,2
2022-08-21,松浦大桥,黄浦江,63401120,flow,771.0,m3/s,2
2022-08-22,松浦大桥,黄浦江,63401120,flow,847.0,m3/s,2
2022-08-23,松浦大桥,黄浦江,63401120,flow,436.0,m3/s,2
2022-08-24,松浦大桥,黄浦江,63401120,flow,354.0,m3/s,2
2022-08-25,松浦大桥,黄浦江,63401120,flow,359.0,m3/s,2
2022-08-26,松浦大桥,黄浦江,63401120,flow,306.0,m3/s,2
2022-08-27,松浦大桥,黄浦江,63401120,flow,321.0,m3/s,2
2022-08-28,松浦大桥,黄浦江,63401120,flow,204.0,m3/s,2
2022-08-29,松浦大桥,黄浦江,63401120,flow,176.0,m3/s,2
2022-08-30,松浦大桥,黄浦江,63401120,flow,173.0,m3/s,2
2022-08-31,松浦大桥,黄浦江,63401120,flow,230.0,m3/s,2
2022-09-01,松浦大桥,黄浦江,63401120,flow,189.0,m3/s,2
2022-09-02,松浦大桥,黄浦江,63401120,flow,9.5,m3/s,2
2022-09-03,松浦大桥,黄浦江,63401120,flow,280.0,m3/s,2
2022-09-04,松浦大桥,黄浦江,63401120,flow,381.0,m3/s,2
2022-09-05,松浦大桥,黄浦江,63401120,flow,616.0,m3/s,2
2022-09-06,松浦大桥,黄浦江,63401120,flow,732.0,m3/s,2
2022-09-07,松浦大桥,黄浦江,63401120,flow,1000.0,m3/s,2
2022-09-08,松浦大桥,黄浦江,63401120,flow,428.0,m3/s,2
2022-09-09,松浦大桥,黄浦江,63401120,flow,374.0,m3/s,2
2022-09-10,松浦大桥,黄浦江,63401120,flow,242.0,m3/s,2
2022-09-11,松浦大桥,黄浦江,63401120,flow,105.0,m3/s,2
2022-09-12,松浦大桥,黄浦江,63401120,flow,53.3,m3/s,2
2022-09-13,松浦大桥,黄浦江,63401120,flow,-80.7,m3/s,2
2022-09-14,松浦大桥,黄浦江,63401120,flow,-0.5,m3/s,2
2022-09-15,松浦大桥,黄浦江,63401120,flow,732.0,m3/s,2
2022-09-16,松浦大桥,黄浦江,63401120,flow,897.0,m3/s,2
2022-09-17,松浦大桥,黄浦江,63401120,flow,726.0,m3/s,2
2022-09-18,松浦大桥,黄浦江,63401120,flow,719.0,m3/s,2
2022-09-19,松浦大桥,黄浦江,63401120,flow,463.0,m3/s,2
2022-09-20,松浦大桥,黄浦江,63401120,flow,933.0,m3/s,2
2022-09-21,松浦大桥,黄浦江,63401120,flow,786.0,m3/s,2
2022-09-22,松浦大桥,黄浦江,63401120,flow,640.0,m3/s,2
2022-09-23,松浦大桥,黄浦江,63401120,flow,543.0,m3/s,2
2022-09-24,松浦大桥,黄浦江,63401120,flow,392.0,m3/s,2
2022-09-25,松浦大桥,黄浦江,63401120,flow,425.0,m3/s,2
2022-09-26,松浦大桥,黄浦江,63401120,flow,229.0,m3/s,2
2022-09-27,松浦大桥,黄浦江,63401120,flow,171.0,m3/s,2
2022-09-28,松浦大桥,黄浦江,63401120,flow,256.0,m3/s,2
2022-09-29,松浦大桥,黄浦江,63401120,flow,286.0,m3/s,2
2022-09-30,松浦大桥,黄浦江,63401120,flow,317.0,m3/s,2
2022-10-01,松浦大桥,黄浦江,63401120,flow,439.0,m3/s,2
2022-10-02,松浦大桥,黄浦江,63401120,flow,637.0,m3/s,2
2022-10-03,松浦大桥,黄浦江,63401120,flow,659.0,m3/s,2
2022-10-04,松浦大桥,黄浦江,63401120,flow,311.0,m3/s,2
2022-10-05,松浦大桥,黄浦江,63401120,flow,865.0,m3/s,2
2022-10-06,松浦大桥,黄浦江,63401120,flow,597.0,m3/s,2
2022-10-07,松浦大桥,黄浦江,63401120,flow,488.0,m3/s,2
2022-10-08,松浦大桥,黄浦江,63401120,flow,558.0,m3/s,2
2022-10-09,松浦大桥,黄浦江,63401120,flow,449.0,m3/s,2
2022-10-10,松浦大桥,黄浦江,63401120,flow,411.0,m3/s,2
2022-10-11,松浦大桥,黄浦江,63401120,flow,588.0,m3/s,2
2022-10-12,松浦大桥,黄浦江,63401120,flow,464.0,m3/s,2
2022-10-13,松浦大桥,黄浦江,63401120,flow,339.0,m3/s,2
2022-10-14,松浦大桥,黄浦江,63401120,flow,466.0,m3/s,2
2022-10-15,松浦大桥,黄浦江,63401120,flow,662.0,m3/s,2
2022-10-16,松浦大桥,黄浦江,63401120,flow,691.0,m3/s,2
2022-10-17,松浦大桥,黄浦江,63401120,flow,379.0,m3/s,2
2022-10-18,松浦大桥,黄浦江,63401120,flow,1130.0,m3/s,2
2022-10-19,松浦大桥,黄浦江,63401120,flow,1060.0,m3/s,2
2022-10-20,松浦大桥,黄浦江,63401120,flow,923.0,m3/s,2
2022-10-21,松浦大桥,黄浦江,63401120,flow,822.0,m3/s,2
2022-10-22,松浦大桥,黄浦江,63401120,flow,637.0,m3/s,2
2022-10-23,松浦大桥,黄浦江,63401120,flow,389.0,m3/s,2
2022-10-24,松浦大桥,黄浦江,63401120,flow,377.0,m3/s,2
2022-10-25,松浦大桥,黄浦江,63401120,flow,323.0,m3/s,2
2022-10-26,松浦大桥,黄浦江,63401120,flow,253.0,m3/s,2
2022-10-27,松浦大桥,黄浦江,63401120,flow,136.0,m3/s,2
2022-10-28,松浦大桥,黄浦江,63401120,flow,234.0,m3/s,2
2022-10-29,松浦大桥,黄浦江,63401120,flow,444.0,m3/s,2
2022-10-30,松浦大桥,黄浦江,63401120,flow,431.0,m3/s,2
2022-10-31,松浦大桥,黄浦江,63401120,flow,486.0,m3/s,2
2022-11-01,松浦大桥,黄浦江,63401120,flow,590.0,m3/s,2
2022-11-02,松浦大桥,黄浦江,63401120,flow,900.0,m3/s,2
2022-11-03,松浦大桥,黄浦江,63401120,flow,886.0,m3/s,2
2022-11-04,松浦大桥,黄浦江,63401120,flow,444.0,m3/s,2
2022-11-05,松浦大桥,黄浦江,63401120,flow,786.0,m3/s,2
2022-11-06,松浦大桥,黄浦江,63401120,flow,622.0,m3/s,2
2022-11-07,松浦大桥,黄浦江,63401120,flow,514.0,m3/s,2
2022-11-08,松浦大桥,黄浦江,63401120,flow,445.0,m3/s,2
2022-11-09,松浦大桥,黄浦江,63401120,flow,453.0,m3/s,2
2022-11-10,松浦大桥,黄浦江,63401120,flow,458.0,m3/s,2
2022-11-11,松浦大桥,黄浦江,63401120,flow,468.0,m3/s,2
2022-11-12,松浦大桥,黄浦江,63401120,flow,573.0,m3/s,2
2022-11-13,松浦大桥,黄浦江,63401120,flow,424.0,m3/s,2
2022-11-14,松浦大桥,黄浦江,63401120,flow,1030.0,m3/s,2
2022-11-15,松浦大桥,黄浦江,63401120,flow,807.0,m3/s,2
2022-11-16,松浦大桥,黄浦江,63401120,flow,879.0,m3/s,2
2022-11-17,松浦大桥,黄浦江,63401120,flow,694.0,m3/s,2
2022-11-18,松浦大桥,黄浦江,63401120,flow,789.0,m3/s,2
2022-11-19,松浦大桥,黄浦江,63401120,flow,838.0,m3/s,2
2022-11-20,松浦大桥,黄浦江,63401120,flow,804.0,m3/s,2
2022-11-21,松浦大桥,黄浦江,63401120,flow,636.0,m3/s,2
2022-11-22,松浦大桥,黄浦江,63401120,flow,573.0,m3/s,2
2022-11-23,松浦大桥,黄浦江,63401120,flow,537.0,m3/s,2
2022-11-24,松浦大桥,黄浦江,63401120,flow,506.0,m3/s,2
2022-11-25,松浦大桥,黄浦江,63401120,flow,487.0,m3/s,2
2022-11-26,松浦大桥,黄浦江,63401120,flow,405.0,m3/s,2
2022-11-27,松浦大桥,黄浦江,63401120,flow,576.0,m3/s,2
2022-11-28,松浦大桥,黄浦江,63401120,flow,631.0,m3/s,2
2022-11-29,松浦大桥,黄浦江,63401120,flow,55.6,m3/s,2
2022-11-30,松浦大桥,黄浦江,63401120,flow,969.0,m3/s,2
2022-12-01,松浦大桥,黄浦江,63401120,flow,1390.0,m3/s,2
2022-12-02,松浦大桥,黄浦江,63401120,flow,1170.0,m3/s,2
2022-12-03,松浦大桥,黄浦江,63401120,flow,1100.0,m3/s,2
2022-12-04,松浦大桥,黄浦江,63401120,flow,540.0,m3/s,2
2022-12-05,松浦大桥,黄浦江,63401120,flow,947.0,m3/s,2
2022-12-06,松浦大桥,黄浦江,63401120,flow,1070.0,m3/s,2
2022-12-07,松浦大桥,黄浦江,63401120,flow,980.0,m3/s,2
2022-12-08,松浦大桥,黄浦江,63401120,flow,953.0,m3/s,2
2022-12-09,松浦大桥,黄浦江,63401120,flow,781.0,m3/s,2
2022-12-10,松浦大桥,黄浦江,63401120,flow,855.0,m3/s,2
2022-12-11,松浦大桥,黄浦江,63401120,flow,711.0,m3/s,2
2022-12-12,松浦大桥,黄浦江,63401120,flow,1080.0,m3/s,2
2022-12-13,松浦大桥,黄浦江,63401120,flow,1060.0,m3/s,2
2022-12-14,松浦大桥,黄浦江,63401120,flow,986.0,m3/s,2
2022-12-15,松浦大桥,黄浦江,63401120,flow,1340.0,m3/s,2
2022-12-16,松浦大桥,黄浦江,63401120,flow,735.0,m3/s,2
2022-12-17,松浦大桥,黄浦江,63401120,flow,1440.0,m3/s,2
2022-12-18,松浦大桥,黄浦江,63401120,flow,1450.0,m3/s,2
2022-12-19,松浦大桥,黄浦江,63401120,flow,1250.0,m3/s,2
2022-12-20,松浦大桥,黄浦江,63401120,flow,700.0,m3/s,2
2022-12-21,松浦大桥,黄浦江,63401120,flow,882.0,m3/s,2
2022-12-22,松浦大桥,黄浦江,63401120,flow,784.0,m3/s,2
2022-12-23,松浦大桥,黄浦江,63401120,flow,787.0,m3/s,2
2022-12-24,松浦大桥,黄浦江,63401120,flow,803.0,m3/s,2
2022-12-25,松浦大桥,黄浦江,63401120,flow,648.0,m3/s,2
2022-12-26,松浦大桥,黄浦江,63401120,flow,575.0,m3/s,2
2022-12-27,松浦大桥,黄浦江,63401120,flow,655.0,m3/s,2
2022-12-28,松浦大桥,黄浦江,63401120,flow,721.0,m3/s,2
2022-12-29,松浦大桥,黄浦江,63401120,flow,887.0,m3/s,2
2022-12-30,松浦大桥,黄浦江,63401120,flow,927.0,m3/s,2
2022-12-31,松浦大桥,黄浦江,63401120,flow,979.0,m3/s,2
2023-01-01,松浦大桥,黄浦江,63401120,flow,964.0,m3/s,2
2023-01-02,松浦大桥,黄浦江,63401120,flow,818.0,m3/s,2
2023-01-03,松浦大桥,黄浦江,63401120,flow,857.0,m3/s,2
2023-01-04,松浦大桥,黄浦江,63401120,flow,822.0,m3/s,2
2023-01-05,松浦大桥,黄浦江,63401120,flow,696.0,m3/s,2
2023-01-06,松浦大桥,黄浦江,63401120,flow,644.0,m3/s,2
2023-01-07,松浦大桥,黄浦江,63401120,flow,574.0,m3/s,2
2023-01-08,松浦大桥,黄浦江,63401120,flow,695.0,m3/s,2
2023-01-09,松浦大桥,黄浦江,63401120,flow,440.0,m3/s,2
2023-01-10,松浦大桥,黄浦江,63401120,flow,427.0,m3/s,2
2023-01-11,松浦大桥,黄浦江,63401120,flow,634.0,m3/s,2
2023-01-12,松浦大桥,黄浦江,63401120,flow,501.0,m3/s,2
2023-01-13,松浦大桥,黄浦江,63401120,flow,709.0,m3/s,2
2023-01-14,松浦大桥,黄浦江,63401120,flow,307.0,m3/s,2
2023-01-15,松浦大桥,黄浦江,63401120,flow,922.0,m3/s,2
2023-01-16,松浦大桥,黄浦江,63401120,flow,1160.0,m3/s,2
2023-01-17,松浦大桥,黄浦江,63401120,flow,1110.0,m3/s,2
2023-01-18,松浦大桥,黄浦江,63401120,flow,974.0,m3/s,2
2023-01-19,松浦大桥,黄浦江,63401120,flow,941.0,m3/s,2
2023-01-20,松浦大桥,黄浦江,63401120,flow,647.0,m3/s,2
2023-01-21,松浦大桥,黄浦江,63401120,flow,634.0,m3/s,2
2023-01-22,松浦大桥,黄浦江,63401120,flow,424.0,m3/s,2
2023-01-23,松浦大桥,黄浦江,63401120,flow,233.0,m3/s,2
2023-01-24,松浦大桥,黄浦江,63401120,flow,241.0,m3/s,2
2023-01-25,松浦大桥,黄浦江,63401120,flow,899.0,m3/s,2
2023-01-26,松浦大桥,黄浦江,63401120,flow,697.0,m3/s,2
2023-01-27,松浦大桥,黄浦江,63401120,flow,587.0,m3/s,2
2023-01-28,松浦大桥,黄浦江,63401120,flow,1020.0,m3/s,2
2023-01-29,松浦大桥,黄浦江,63401120,flow,1100.0,m3/s,2
2023-01-30,松浦大桥,黄浦江,63401120,flow,922.0,m3/s,2
2023-01-31,松浦大桥,黄浦江,63401120,flow,1030.0,m3/s,2
2023-02-01,松浦大桥,黄浦江,63401120,flow,461.0,m3/s,2
2023-02-02,松浦大桥,黄浦江,63401120,flow,479.0,m3/s,2
2023-02-03,松浦大桥,黄浦江,63401120,flow,731.0,m3/s,2
2023-02-04,松浦大桥,黄浦江,63401120,flow,522.0,m3/s,2
2023-02-05,松浦大桥,黄浦江,63401120,flow,491.0,m3/s,2
2023-02-06,松浦大桥,黄浦江,63401120,flow,406.0,m3/s,2
2023-02-07,松浦大桥,黄浦江,63401120,flow,422.0,m3/s,2
2023-02-08,松浦大桥,黄浦江,63401120,flow,483.0,m3/s,2
2023-02-09,松浦大桥,黄浦江,63401120,flow,494.0,m3/s,2
2023-02-10,松浦大桥,黄浦江,63401120,flow,627.0,m3/s,2
2023-02-11,松浦大桥,黄浦江,63401120,flow,658.0,m3/s,2
2023-02-12,松浦大桥,黄浦江,63401120,flow,856.0,m3/s,2
2023-02-13,松浦大桥,黄浦江,63401120,flow,759.0,m3/s,2
2023-02-14,松浦大桥,黄浦江,63401120,flow,1190.0,m3/s,2
2023-02-15,松浦大桥,黄浦江,63401120,flow,1410.0,m3/s,2
2023-02-16,松浦大桥,黄浦江,63401120,flow,1150.0,m3/s,2
2023-02-17,松浦大桥,黄浦江,63401120,flow,1050.0,m3/s,2
2023-02-18,松浦大桥,黄浦江,63401120,flow,881.0,m3/s,2
2023-02-19,松浦大桥,黄浦江,63401120,flow,669.0,m3/s,2
2023-02-20,松浦大桥,黄浦江,63401120,flow,612.0,m3/s,2
2023-02-21,松浦大桥,黄浦江,63401120,flow,365.0,m3/s,2
2023-02-22,松浦大桥,黄浦江,63401120,flow,558.0,m3/s,2
2023-02-23,松浦大桥,黄浦江,63401120,flow,593.0,m3/s,2
2023-02-24,松浦大桥,黄浦江,63401120,flow,676.0,m3/s,2
2023-02-25,松浦大桥,黄浦江,63401120,flow,671.0,m3/s,2
2023-02-26,松浦大桥,黄浦江,63401120,flow,1050.0,m3/s,2
2023-02-27,松浦大桥,黄浦江,63401120,flow,1130.0,m3/s,2
2023-02-28,松浦大桥,黄浦江,63401120,flow,1290.0,m3/s,2
2023-03-01,松浦大桥,黄浦江,63401120,flow,1140.0,m3/s,2
2023-03-02,松浦大桥,黄浦江,63401120,flow,883.0,m3/s,2
2023-03-03,松浦大桥,黄浦江,63401120,flow,985.0,m3/s,2
2023-03-04,松浦大桥,黄浦江,63401120,flow,690.0,m3/s,2
2023-03-05,松浦大桥,黄浦江,63401120,flow,595.0,m3/s,2
2023-03-06,松浦大桥,黄浦江,63401120,flow,639.0,m3/s,2
2023-03-07,松浦大桥,黄浦江,63401120,flow,634.0,m3/s,2
2023-03-08,松浦大桥,黄浦江,63401120,flow,559.0,m3/s,2
2023-03-09,松浦大桥,黄浦江,63401120,flow,444.0,m3/s,2
2023-03-10,松浦大桥,黄浦江,63401120,flow,533.0,m3/s,2
2023-03-11,松浦大桥,黄浦江,63401120,flow,414.0,m3/s,2
2023-03-12,松浦大桥,黄浦江,63401120,flow,346.0,m3/s,2
2023-03-13,松浦大桥,黄浦江,63401120,flow,804.0,m3/s,2
2023-03-14,松浦大桥,黄浦江,63401120,flow,1080.0,m3/s,2
2023-03-15,松浦大桥,黄浦江,63401120,flow,641.0,m3/s,2
2023-03-16,松浦大桥,黄浦江,63401120,flow,654.0,m3/s,2
2023-03-17,松浦大桥,黄浦江,63401120,flow,720.0,m3/s,2
2023-03-18,松浦大桥,黄浦江,63401120,flow,803.0,m3/s,2
2023-03-19,松浦大桥,黄浦江,63401120,flow,759.0,m3/s,2
2023-03-20,松浦大桥,黄浦江,63401120,flow,619.0,m3/s,2
2023-03-21,松浦大桥,黄浦江,63401120,flow,493.0,m3/s,2
2023-03-22,松浦大桥,黄浦江,63401120,flow,467.0,m3/s,2
2023-03-23,松浦大桥,黄浦江,63401120,flow,494.0,m3/s,2
2023-03-24,松浦大桥,黄浦江,63401120,flow,431.0,m3/s,2
2023-03-25,松浦大桥,黄浦江,63401120,flow,717.0,m3/s,2
2023-03-26,松浦大桥,黄浦江,63401120,flow,700.0,m3/s,2
2023-03-27,松浦大桥,黄浦江,63401120,flow,953.0,m3/s,2
2023-03-28,松浦大桥,黄浦江,63401120,flow,1060.0,m3/s,2
2023-03-29,松浦大桥,黄浦江,63401120,flow,1050.0,m3/s,2
2023-03-30,松浦大桥,黄浦江,63401120,flow,1090.0,m3/s,2
2023-03-31,松浦大桥,黄浦江,63401120,flow,939.0,m3/s,2
2023-04-01,松浦大桥,黄浦江,63401120,flow,801.0,m3/s,2
2023-04-02,松浦大桥,黄浦江,63401120,flow,557.0,m3/s,2
2023-04-03,松浦大桥,黄浦江,63401120,flow,290.0,m3/s,2
2023-04-04,松浦大桥,黄浦江,63401120,flow,425.0,m3/s,2
2023-04-05,松浦大桥,黄浦江,63401120,flow,653.0,m3/s,2
2023-04-06,松浦大桥,黄浦江,63401120,flow,372.0,m3/s,2
2023-04-07,松浦大桥,黄浦江,63401120,flow,560.0,m3/s,2
2023-04-08,松浦大桥,黄浦江,63401120,flow,477.0,m3/s,2
2023-04-09,松浦大桥,黄浦江,63401120,flow,613.0,m3/s,2
2023-04-10,松浦大桥,黄浦江,63401120,flow,633.0,m3/s,2
2023-04-11,松浦大桥,黄浦江,63401120,flow,653.0,m3/s,2
2023-04-12,松浦大桥,黄浦江,63401120,flow,526.0,m3/s,2
2023-04-13,松浦大桥,黄浦江,63401120,flow,885.0,m3/s,2
2023-04-14,松浦大桥,黄浦江,63401120,flow,799.0,m3/s,2
2023-04-15,松浦大桥,黄浦江,63401120,flow,728.0,m3/s,2
2023-04-16,松浦大桥,黄浦江,63401120,flow,673.0,m3/s,2
2023-04-17,松浦大桥,黄浦江,63401120,flow,457.0,m3/s,2
2023-04-18,松浦大桥,黄浦江,63401120,flow,500.0,m3/s,2
2023-04-19,松浦大桥,黄浦江,63401120,flow,245.0,m3/s,2
2023-04-20,松浦大桥,黄浦江,63401120,flow,337.0,m3/s,2
2023-04-21,松浦大桥,黄浦江,63401120,flow,97.9,m3/s,2
2023-04-22,松浦大桥,黄浦江,63401120,flow,229.0,m3/s,2
2023-04-23,松浦大桥,黄浦江,63401120,flow,150.0,m3/s,2
2023-04-24,松浦大桥,黄浦江,63401120,flow,149.0,m3/s,2
2023-04-25,松浦大桥,黄浦江,63401120,flow,758.0,m3/s,2
2023-04-26,松浦大桥,黄浦江,63401120,flow,770.0,m3/s,2
2023-04-27,松浦大桥,黄浦江,63401120,flow,940.0,m3/s,2
2023-04-28,松浦大桥,黄浦江,63401120,flow,919.0,m3/s,2
2023-04-29,松浦大桥,黄浦江,63401120,flow,769.0,m3/s,2
2023-04-30,松浦大桥,黄浦江,63401120,flow,847.0,m3/s,2
2023-05-01,松浦大桥,黄浦江,63401120,flow,620.0,m3/s,2
2023-05-02,松浦大桥,黄浦江,63401120,flow,438.0,m3/s,2
2023-05-03,松浦大桥,黄浦江,63401120,flow,395.0,m3/s,2
2023-05-04,松浦大桥,黄浦江,63401120,flow,386.0,m3/s,2
2023-05-05,松浦大桥,黄浦江,63401120,flow,348.0,m3/s,2
2023-05-06,松浦大桥,黄浦江,63401120,flow,175.0,m3/s,2
2023-05-07,松浦大桥,黄浦江,63401120,flow,283.0,m3/s,2
2023-05-08,松浦大桥,黄浦江,63401120,flow,165.0,m3/s,2
2023-05-09,松浦大桥,黄浦江,63401120,flow,463.0,m3/s,2
2023-05-10,松浦大桥,黄浦江,63401120,flow,587.0,m3/s,2
2023-05-11,松浦大桥,黄浦江,63401120,flow,588.0,m3/s,2
2023-05-12,松浦大桥,黄浦江,63401120,flow,641.0,m3/s,2
2023-05-13,松浦大桥,黄浦江,63401120,flow,696.0,m3/s,2
2023-05-14,松浦大桥,黄浦江,63401120,flow,645.0,m3/s,2
2023-05-15,松浦大桥,黄浦江,63401120,flow,569.0,m3/s,2
2023-05-16,松浦大桥,黄浦江,63401120,flow,460.0,m3/s,2
2023-05-17,松浦大桥,黄浦江,63401120,flow,386.0,m3/s,2
2023-05-18,松浦大桥,黄浦江,63401120,flow,476.0,m3/s,2
2023-05-19,松浦大桥,黄浦江,63401120,flow,332.0,m3/s,2
2023-05-20,松浦大桥,黄浦江,63401120,flow,406.0,m3/s,2
2023-05-21,松浦大桥,黄浦江,63401120,flow,328.0,m3/s,2
2023-05-22,松浦大桥,黄浦江,63401120,flow,408.0,m3/s,2
2023-05-23,松浦大桥,黄浦江,63401120,flow,646.0,m3/s,2
2023-05-24,松浦大桥,黄浦江,63401120,flow,611.0,m3/s,2
2023-05-25,松浦大桥,黄浦江,63401120,flow,652.0,m3/s,2
2023-05-26,松浦大桥,黄浦江,63401120,flow,713.0,m3/s,2
2023-05-27,松浦大桥,黄浦江,63401120,flow,963.0,m3/s,2
2023-05-28,松浦大桥,黄浦江,63401120,flow,893.0,m3/s,2
2023-05-29,松浦大桥,黄浦江,63401120,flow,719.0,m3/s,2
2023-05-30,松浦大桥,黄浦江,63401120,flow,636.0,m3/s,2
2023-05-31,松浦大桥,黄浦江,63401120,flow,472.0,m3/s,2
2023-06-01,松浦大桥,黄浦江,63401120,flow,424.0,m3/s,2
2023-06-02,松浦大桥,黄浦江,63401120,flow,433.0,m3/s,2
2023-06-03,松浦大桥,黄浦江,63401120,flow,385.0,m3/s,2
2023-06-04,松浦大桥,黄浦江,63401120,flow,387.0,m3/s,2
2023-06-05,松浦大桥,黄浦江,63401120,flow,258.0,m3/s,2
2023-06-06,松浦大桥,黄浦江,63401120,flow,356.0,m3/s,2
2023-06-07,松浦大桥,黄浦江,63401120,flow,364.0,m3/s,2
2023-06-08,松浦大桥,黄浦江,63401120,flow,517.0,m3/s,2
2023-06-09,松浦大桥,黄浦江,63401120,flow,444.0,m3/s,2
2023-06-10,松浦大桥,黄浦江,63401120,flow,434.0,m3/s,2
2023-06-11,松浦大桥,黄浦江,63401120,flow,340.0,m3/s,2
2023-06-12,松浦大桥,黄浦江,63401120,flow,520.0,m3/s,2
2023-06-13,松浦大桥,黄浦江,63401120,flow,588.0,m3/s,2
2023-06-14,松浦大桥,黄浦江,63401120,flow,584.0,m3/s,2
2023-06-15,松浦大桥,黄浦江,63401120,flow,538.0,m3/s,2
2023-06-16,松浦大桥,黄浦江,63401120,flow,536.0,m3/s,2
2023-06-17,松浦大桥,黄浦江,63401120,flow,468.0,m3/s,2
2023-06-18,松浦大桥,黄浦江,63401120,flow,512.0,m3/s,2
2023-06-19,松浦大桥,黄浦江,63401120,flow,487.0,m3/s,2
2023-06-20,松浦大桥,黄浦江,63401120,flow,1030.0,m3/s,2
2023-06-21,松浦大桥,黄浦江,63401120,flow,763.0,m3/s,2
2023-06-22,松浦大桥,黄浦江,63401120,flow,723.0,m3/s,2
2023-06-23,松浦大桥,黄浦江,63401120,flow,779.0,m3/s,2
2023-06-24,松浦大桥,黄浦江,63401120,flow,1140.0,m3/s,2
2023-06-25,松浦大桥,黄浦江,63401120,flow,1910.0,m3/s,2
2023-06-26,松浦大桥,黄浦江,63401120,flow,1450.0,m3/s,2
2023-06-27,松浦大桥,黄浦江,63401120,flow,1130.0,m3/s,2
2023-06-28,松浦大桥,黄浦江,63401120,flow,1080.0,m3/s,2
2023-06-29,松浦大桥,黄浦江,63401120,flow,990.0,m3/s,2
2023-06-30,松浦大桥,黄浦江,63401120,flow,792.0,m3/s,2
2023-07-01,松浦大桥,黄浦江,63401120,flow,690.0,m3/s,2
2023-07-02,松浦大桥,黄浦江,63401120,flow,618.0,m3/s,2
2023-07-03,松浦大桥,黄浦江,63401120,flow,612.0,m3/s,2
2023-07-04,松浦大桥,黄浦江,63401120,flow,554.0,m3/s,2
2023-07-05,松浦大桥,黄浦江,63401120,flow,462.0,m3/s,2
2023-07-06,松浦大桥,黄浦江,63401120,flow,532.0,m3/s,2
2023-07-07,松浦大桥,黄浦江,63401120,flow,381.0,m3/s,2
2023-07-08,松浦大桥,黄浦江,63401120,flow,481.0,m3/s,2
2023-07-09,松浦大桥,黄浦江,63401120,flow,657.0,m3/s,2
2023-07-10,松浦大桥,黄浦江,63401120,flow,856.0,m3/s,2
2023-07-11,松浦大桥,黄浦江,63401120,flow,991.0,m3/s,2
2023-07-12,松浦大桥,黄浦江,63401120,flow,929.0,m3/s,2
2023-07-13,松浦大桥,黄浦江,63401120,flow,1050.0,m3/s,2
2023-07-14,松浦大桥,黄浦江,63401120,flow,912.0,m3/s,2
2023-07-15,松浦大桥,黄浦江,63401120,flow,778.0,m3/s,2
2023-07-16,松浦大桥,黄浦江,63401120,flow,644.0,m3/s,2
2023-07-17,松浦大桥,黄浦江,63401120,flow,771.0,m3/s,2
2023-07-18,松浦大桥,黄浦江,63401120,flow,641.0,m3/s,2
2023-07-19,松浦大桥,黄浦江,63401120,flow,565.0,m3/s,2
2023-07-20,松浦大桥,黄浦江,63401120,flow,628.0,m3/s,2
2023-07-21,松浦大桥,黄浦江,63401120,flow,731.0,m3/s,2
2023-07-22,松浦大桥,黄浦江,63401120,flow,816.0,m3/s,2
2023-07-23,松浦大桥,黄浦江,63401120,flow,845.0,m3/s,2
2023-07-24,松浦大桥,黄浦江,63401120,flow,794.0,m3/s,2
2023-07-25,松浦大桥,黄浦江,63401120,flow,753.0,m3/s,2
2023-07-26,松浦大桥,黄浦江,63401120,flow,680.0,m3/s,2
2023-07-27,松浦大桥,黄浦江,63401120,flow,748.0,m3/s,2
2023-07-28,松浦大桥,黄浦江,63401120,flow,714.0,m3/s,2
2023-07-29,松浦大桥,黄浦江,63401120,flow,926.0,m3/s,2
2023-07-30,松浦大桥,黄浦江,63401120,flow,828.0,m3/s,2
2023-07-31,松浦大桥,黄浦江,63401120,flow,562.0,m3/s,2
2023-08-01,松浦大桥,黄浦江,63401120,flow,298.0,m3/s,2
2023-08-02,松浦大桥,黄浦江,63401120,flow,179.0,m3/s,2
2023-08-03,松浦大桥,黄浦江,63401120,flow,-47.7,m3/s,2
2023-08-04,松浦大桥,黄浦江,63401120,flow,29.2,m3/s,2
2023-08-05,松浦大桥,黄浦江,63401120,flow,4.15,m3/s,2
2023-08-06,松浦大桥,黄浦江,63401120,flow,120.0,m3/s,2
2023-08-07,松浦大桥,黄浦江,63401120,flow,207.0,m3/s,2
2023-08-08,松浦大桥,黄浦江,63401120,flow,385.0,m3/s,2
2023-08-09,松浦大桥,黄浦江,63401120,flow,506.0,m3/s,2
2023-08-10,松浦大桥,黄浦江,63401120,flow,689.0,m3/s,2
2023-08-11,松浦大桥,黄浦江,63401120,flow,1050.0,m3/s,2
2023-08-12,松浦大桥,黄浦江,63401120,flow,873.0,m3/s,2
2023-08-13,松浦大桥,黄浦江,63401120,flow,584.0,m3/s,2
2023-08-14,松浦大桥,黄浦江,63401120,flow,448.0,m3/s,2
2023-08-15,松浦大桥,黄浦江,63401120,flow,378.0,m3/s,2
2023-08-16,松浦大桥,黄浦江,63401120,flow,372.0,m3/s,2
2023-08-17,松浦大桥,黄浦江,63401120,flow,280.0,m3/s,2
2023-08-18,松浦大桥,黄浦江,63401120,flow,289.0,m3/s,2
2023-08-19,松浦大桥,黄浦江,63401120,flow,305.0,m3/s,2
2023-08-20,松浦大桥,黄浦江,63401120,flow,317.0,m3/s,2
2023-08-21,松浦大桥,黄浦江,63401120,flow,424.0,m3/s,2
2023-08-22,松浦大桥,黄浦江,63401120,flow,500.0,m3/s,2
2023-08-23,松浦大桥,黄浦江,63401120,flow,466.0,m3/s,2
2023-08-24,松浦大桥,黄浦江,63401120,flow,624.0,m3/s,2
2023-08-25,松浦大桥,黄浦江,63401120,flow,681.0,m3/s,2
2023-08-26,松浦大桥,黄浦江,63401120,flow,807.0,m3/s,2
2023-08-27,松浦大桥,黄浦江,63401120,flow,734.0,m3/s,2
2023-08-28,松浦大桥,黄浦江,63401120,flow,723.0,m3/s,2
2023-08-29,松浦大桥,黄浦江,63401120,flow,463.0,m3/s,2
2023-08-30,松浦大桥,黄浦江,63401120,flow,407.0,m3/s,2
2023-08-31,松浦大桥,黄浦江,63401120,flow,397.0,m3/s,2
2023-09-01,松浦大桥,黄浦江,63401120,flow,29.4,m3/s,2
2023-09-02,松浦大桥,黄浦江,63401120,flow,-15.5,m3/s,2
2023-09-03,松浦大桥,黄浦江,63401120,flow,133.0,m3/s,2
2023-09-04,松浦大桥,黄浦江,63401120,flow,171.0,m3/s,2
2023-09-05,松浦大桥,黄浦江,63401120,flow,226.0,m3/s,2
2023-09-06,松浦大桥,黄浦江,63401120,flow,360.0,m3/s,2
2023-09-07,松浦大桥,黄浦江,63401120,flow,511.0,m3/s,2
2023-09-08,松浦大桥,黄浦江,63401120,flow,729.0,m3/s,2
2023-09-09,松浦大桥,黄浦江,63401120,flow,870.0,m3/s,2
2023-09-10,松浦大桥,黄浦江,63401120,flow,744.0,m3/s,2
2023-09-11,松浦大桥,黄浦江,63401120,flow,525.0,m3/s,2
2023-09-12,松浦大桥,黄浦江,63401120,flow,328.0,m3/s,2
2023-09-13,松浦大桥,黄浦江,63401120,flow,261.0,m3/s,2
2023-09-14,松浦大桥,黄浦江,63401120,flow,322.0,m3/s,2
2023-09-15,松浦大桥,黄浦江,63401120,flow,268.0,m3/s,2
2023-09-16,松浦大桥,黄浦江,63401120,flow,305.0,m3/s,2
2023-09-17,松浦大桥,黄浦江,63401120,flow,422.0,m3/s,2
2023-09-18,松浦大桥,黄浦江,63401120,flow,389.0,m3/s,2
2023-09-19,松浦大桥,黄浦江,63401120,flow,384.0,m3/s,2
2023-09-20,松浦大桥,黄浦江,63401120,flow,554.0,m3/s,2
2023-09-21,松浦大桥,黄浦江,63401120,flow,384.0,m3/s,2
2023-09-22,松浦大桥,黄浦江,63401120,flow,724.0,m3/s,2
2023-09-23,松浦大桥,黄浦江,63401120,flow,717.0,m3/s,2
2023-09-24,松浦大桥,黄浦江,63401120,flow,927.0,m3/s,2
2023-09-25,松浦大桥,黄浦江,63401120,flow,948.0,m3/s,2
2023-09-26,松浦大桥,黄浦江,63401120,flow,717.0,m3/s,2
2023-09-27,松浦大桥,黄浦江,63401120,flow,602.0,m3/s,2
2023-09-28,松浦大桥,黄浦江,63401120,flow,399.0,m3/s,2
2023-09-29,松浦大桥,黄浦江,63401120,flow,256.0,m3/s,2
2023-09-30,松浦大桥,黄浦江,63401120,flow,226.0,m3/s,2
2023-10-01,松浦大桥,黄浦江,63401120,flow,103.0,m3/s,2
2023-10-02,松浦大桥,黄浦江,63401120,flow,211.0,m3/s,2
2023-10-03,松浦大桥,黄浦江,63401120,flow,286.0,m3/s,2
2023-10-04,松浦大桥,黄浦江,63401120,flow,330.0,m3/s,2
2023-10-05,松浦大桥,黄浦江,63401120,flow,303.0,m3/s,2
2023-10-06,松浦大桥,黄浦江,63401120,flow,839.0,m3/s,2
2023-10-07,松浦大桥,黄浦江,63401120,flow,663.0,m3/s,2
2023-10-08,松浦大桥,黄浦江,63401120,flow,902.0,m3/s,2
2023-10-09,松浦大桥,黄浦江,63401120,flow,823.0,m3/s,2
2023-10-10,松浦大桥,黄浦江,63401120,flow,718.0,m3/s,2
2023-10-11,松浦大桥,黄浦江,63401120,flow,720.0,m3/s,2
2023-10-12,松浦大桥,黄浦江,63401120,flow,449.0,m3/s,2
2023-10-13,松浦大桥,黄浦江,63401120,flow,529.0,m3/s,2
2023-10-14,松浦大桥,黄浦江,63401120,flow,552.0,m3/s,2
2023-10-15,松浦大桥,黄浦江,63401120,flow,449.0,m3/s,2
2023-10-16,松浦大桥,黄浦江,63401120,flow,384.0,m3/s,2
2023-10-17,松浦大桥,黄浦江,63401120,flow,405.0,m3/s,2
2023-10-18,松浦大桥,黄浦江,63401120,flow,513.0,m3/s,2
2023-10-19,松浦大桥,黄浦江,63401120,flow,475.0,m3/s,2
2023-10-20,松浦大桥,黄浦江,63401120,flow,503.0,m3/s,2
2023-10-21,松浦大桥,黄浦江,63401120,flow,815.0,m3/s,2
2023-10-22,松浦大桥,黄浦江,63401120,flow,944.0,m3/s,2
2023-10-23,松浦大桥,黄浦江,63401120,flow,980.0,m3/s,2
2023-10-24,松浦大桥,黄浦江,63401120,flow,946.0,m3/s,2
2023-10-25,松浦大桥,黄浦江,63401120,flow,681.0,m3/s,2
2023-10-26,松浦大桥,黄浦江,63401120,flow,571.0,m3/s,2
2023-10-27,松浦大桥,黄浦江,63401120,flow,348.0,m3/s,2
2023-10-28,松浦大桥,黄浦江,63401120,flow,397.0,m3/s,2
2023-10-29,松浦大桥,黄浦江,63401120,flow,292.0,m3/s,2
2023-10-30,松浦大桥,黄浦江,63401120,flow,268.0,m3/s,2
2023-10-31,松浦大桥,黄浦江,63401120,flow,444.0,m3/s,2
2023-11-01,松浦大桥,黄浦江,63401120,flow,604.0,m3/s,2
2023-11-02,松浦大桥,黄浦江,63401120,flow,632.0,m3/s,2
2023-11-03,松浦大桥,黄浦江,63401120,flow,680.0,m3/s,2
2023-11-04,松浦大桥,黄浦江,63401120,flow,629.0,m3/s,2
2023-11-05,松浦大桥,黄浦江,63401120,flow,953.0,m3/s,2
2023-11-06,松浦大桥,黄浦江,63401120,flow,991.0,m3/s,2
2023-11-07,松浦大桥,黄浦江,63401120,flow,1100.0,m3/s,2
2023-11-08,松浦大桥,黄浦江,63401120,flow,922.0,m3/s,2
2023-11-09,松浦大桥,黄浦江,63401120,flow,431.0,m3/s,2
2023-11-10,松浦大桥,黄浦江,63401120,flow,-44.7,m3/s,2
2023-11-11,松浦大桥,黄浦江,63401120,flow,547.0,m3/s,2
2023-11-12,松浦大桥,黄浦江,63401120,flow,596.0,m3/s,2
2023-11-13,松浦大桥,黄浦江,63401120,flow,606.0,m3/s,2
2023-11-14,松浦大桥,黄浦江,63401120,flow,689.0,m3/s,2
2023-11-15,松浦大桥,黄浦江,63401120,flow,521.0,m3/s,2
2023-11-16,松浦大桥,黄浦江,63401120,flow,708.0,m3/s,2
2023-11-17,松浦大桥,黄浦江,63401120,flow,798.0,m3/s,2
2023-11-18,松浦大桥,黄浦江,63401120,flow,770.0,m3/s,2
2023-11-19,松浦大桥,黄浦江,63401120,flow,1050.0,m3/s,2
2023-11-20,松浦大桥,黄浦江,63401120,flow,608.0,m3/s,2
2023-11-21,松浦大桥,黄浦江,63401120,flow,888.0,m3/s,2
2023-11-22,松浦大桥,黄浦江,63401120,flow,866.0,m3/s,2
2023-11-23,松浦大桥,黄浦江,63401120,flow,651.0,m3/s,2
2023-11-24,松浦大桥,黄浦江,63401120,flow,528.0,m3/s,2
2023-11-25,松浦大桥,黄浦江,63401120,flow,624.0,m3/s,2
2023-11-26,松浦大桥,黄浦江,63401120,flow,532.0,m3/s,2
2023-11-27,松浦大桥,黄浦江,63401120,flow,643.0,m3/s,2
2023-11-28,松浦大桥,黄浦江,63401120,flow,515.0,m3/s,2
2023-11-29,松浦大桥,黄浦江,63401120,flow,572.0,m3/s,2
2023-11-30,松浦大桥,黄浦江,63401120,flow,413.0,m3/s,2
2023-12-01,松浦大桥,黄浦江,63401120,flow,788.0,m3/s,2
2023-12-02,松浦大桥,黄浦江,63401120,flow,787.0,m3/s,2
2023-12-03,松浦大桥,黄浦江,63401120,flow,730.0,m3/s,2
2023-12-04,松浦大桥,黄浦江,63401120,flow,856.0,m3/s,2
2023-12-05,松浦大桥,黄浦江,63401120,flow,871.0,m3/s,2
2023-12-06,松浦大桥,黄浦江,63401120,flow,944.0,m3/s,2
2023-12-07,松浦大桥,黄浦江,63401120,flow,841.0,m3/s,2
2023-12-08,松浦大桥,黄浦江,63401120,flow,954.0,m3/s,2
2023-12-09,松浦大桥,黄浦江,63401120,flow,421.0,m3/s,2
2023-12-10,松浦大桥,黄浦江,63401120,flow,441.0,m3/s,2
2023-12-11,松浦大桥,黄浦江,63401120,flow,394.0,m3/s,2
2023-12-12,松浦大桥,黄浦江,63401120,flow,417.0,m3/s,2
2023-12-13,松浦大桥,黄浦江,63401120,flow,545.0,m3/s,2
2023-12-14,松浦大桥,黄浦江,63401120,flow,365.0,m3/s,2
2023-12-15,松浦大桥,黄浦江,63401120,flow,469.0,m3/s,2
2023-12-16,松浦大桥,黄浦江,63401120,flow,679.0,m3/s,2
2023-12-17,松浦大桥,黄浦江,63401120,flow,883.0,m3/s,2
2023-12-18,松浦大桥,黄浦江,63401120,flow,680.0,m3/s,2
2023-12-19,松浦大桥,黄浦江,63401120,flow,565.0,m3/s,2
2023-12-20,松浦大桥,黄浦江,63401120,flow,773.0,m3/s,2
2023-12-21,松浦大桥,黄浦江,63401120,flow,1180.0,m3/s,2
2023-12-22,松浦大桥,黄浦江,63401120,flow,983.0,m3/s,2
2023-12-23,松浦大桥,黄浦江,63401120,flow,874.0,m3/s,2
2023-12-24,松浦大桥,黄浦江,63401120,flow,786.0,m3/s,2
2023-12-25,松浦大桥,黄浦江,63401120,flow,734.0,m3/s,2
2023-12-26,松浦大桥,黄浦江,63401120,flow,692.0,m3/s,2
2023-12-27,松浦大桥,黄浦江,63401120,flow,478.0,m3/s,2
2023-12-28,松浦大桥,黄浦江,63401120,flow,489.0,m3/s,2
2023-12-29,松浦大桥,黄浦江,63401120,flow,519.0,m3/s,2
2023-12-30,松浦大桥,黄浦江,63401120,flow,611.0,m3/s,2
2023-12-31,松浦大桥,黄浦江,63401120,flow,596.0,m3/s,2
2024-01-01,松浦大桥,黄浦江,63401120,flow,675.0,m3/s,2
2024-01-02,松浦大桥,黄浦江,63401120,flow,590.0,m3/s,2
2024-01-03,松浦大桥,黄浦江,63401120,flow,731.0,m3/s,2
2024-01-04,松浦大桥,黄浦江,63401120,flow,914.0,m3/s,2
2024-01-05,松浦大桥,黄浦江,63401120,flow,868.0,m3/s,2
2024-01-06,松浦大桥,黄浦江,63401120,flow,822.0,m3/s,2
2024-01-07,松浦大桥,黄浦江,63401120,flow,684.0,m3/s,2
2024-01-08,松浦大桥,黄浦江,63401120,flow,742.0,m3/s,2
2024-01-09,松浦大桥,黄浦江,63401120,flow,682.0,m3/s,2
2024-01-10,松浦大桥,黄浦江,63401120,flow,513.0,m3/s,2
2024-01-11,松浦大桥,黄浦江,63401120,flow,606.0,m3/s,2
2024-01-12,松浦大桥,黄浦江,63401120,flow,497.0,m3/s,2
2024-01-13,松浦大桥,黄浦江,63401120,flow,414.0,m3/s,2
2024-01-14,松浦大桥,黄浦江,63401120,flow,440.0,m3/s,2
2024-01-15,松浦大桥,黄浦江,63401120,flow,271.0,m3/s,2
2024-01-16,松浦大桥,黄浦江,63401120,flow,650.0,m3/s,2
2024-01-17,松浦大桥,黄浦江,63401120,flow,586.0,m3/s,2
2024-01-18,松浦大桥,黄浦江,63401120,flow,620.0,m3/s,2
2024-01-19,松浦大桥,黄浦江,63401120,flow,647.0,m3/s,2
2024-01-20,松浦大桥,黄浦江,63401120,flow,847.0,m3/s,2
2024-01-21,松浦大桥,黄浦江,63401120,flow,607.0,m3/s,2
2024-01-22,松浦大桥,黄浦江,63401120,flow,794.0,m3/s,2
2024-01-23,松浦大桥,黄浦江,63401120,flow,1200.0,m3/s,2
2024-01-24,松浦大桥,黄浦江,63401120,flow,1080.0,m3/s,2
2024-01-25,松浦大桥,黄浦江,63401120,flow,799.0,m3/s,2
2024-01-26,松浦大桥,黄浦江,63401120,flow,619.0,m3/s,2
2024-01-27,松浦大桥,黄浦江,63401120,flow,571.0,m3/s,2
2024-01-28,松浦大桥,黄浦江,63401120,flow,592.0,m3/s,2
2024-01-29,松浦大桥,黄浦江,63401120,flow,570.0,m3/s,2
2024-01-30,松浦大桥,黄浦江,63401120,flow,524.0,m3/s,2
2024-01-31,松浦大桥,黄浦江,63401120,flow,609.0,m3/s,2
2024-02-01,松浦大桥,黄浦江,63401120,flow,376.0,m3/s,2
2024-02-02,松浦大桥,黄浦江,63401120,flow,798.0,m3/s,2
2024-02-03,松浦大桥,黄浦江,63401120,flow,919.0,m3/s,2
2024-02-04,松浦大桥,黄浦江,63401120,flow,1100.0,m3/s,2
2024-02-05,松浦大桥,黄浦江,63401120,flow,1170.0,m3/s,2
2024-02-06,松浦大桥,黄浦江,63401120,flow,936.0,m3/s,2
2024-02-07,松浦大桥,黄浦江,63401120,flow,852.0,m3/s,2
2024-02-08,松浦大桥,黄浦江,63401120,flow,799.0,m3/s,2
2024-02-09,松浦大桥,黄浦江,63401120,flow,718.0,m3/s,2
2024-02-10,松浦大桥,黄浦江,63401120,flow,617.0,m3/s,2
2024-02-11,松浦大桥,黄浦江,63401120,flow,552.0,m3/s,2
2024-02-12,松浦大桥,黄浦江,63401120,flow,539.0,m3/s,2
2024-02-13,松浦大桥,黄浦江,63401120,flow,604.0,m3/s,2
2024-02-14,松浦大桥,黄浦江,63401120,flow,578.0,m3/s,2
2024-02-15,松浦大桥,黄浦江,63401120,flow,486.0,m3/s,2
2024-02-16,松浦大桥,黄浦江,63401120,flow,868.0,m3/s,2
2024-02-17,松浦大桥,黄浦江,63401120,flow,955.0,m3/s,2
2024-02-18,松浦大桥,黄浦江,63401120,flow,955.0,m3/s,2
2024-02-19,松浦大桥,黄浦江,63401120,flow,783.0,m3/s,2
2024-02-20,松浦大桥,黄浦江,63401120,flow,525.0,m3/s,2
2024-02-21,松浦大桥,黄浦江,63401120,flow,719.0,m3/s,2
2024-02-22,松浦大桥,黄浦江,63401120,flow,673.0,m3/s,2
2024-02-23,松浦大桥,黄浦江,63401120,flow,880.0,m3/s,2
2024-02-24,松浦大桥,黄浦江,63401120,flow,819.0,m3/s,2
2024-02-25,松浦大桥,黄浦江,63401120,flow,842.0,m3/s,2
2024-02-26,松浦大桥,黄浦江,63401120,flow,703.0,m3/s,2
2024-02-27,松浦大桥,黄浦江,63401120,flow,705.0,m3/s,2
2024-02-28,松浦大桥,黄浦江,63401120,flow,651.0,m3/s,2
2024-02-29,松浦大桥,黄浦江,63401120,flow,749.0,m3/s,2
2024-03-01,松浦大桥,黄浦江,63401120,flow,693.0,m3/s,2
2024-03-02,松浦大桥,黄浦江,63401120,flow,1220.0,m3/s,2
2024-03-03,松浦大桥,黄浦江,63401120,flow,1150.0,m3/s,2
2024-03-04,松浦大桥,黄浦江,63401120,flow,1040.0,m3/s,2
2024-03-05,松浦大桥,黄浦江,63401120,flow,1070.0,m3/s,2
2024-03-06,松浦大桥,黄浦江,63401120,flow,712.0,m3/s,2
2024-03-07,松浦大桥,黄浦江,63401120,flow,920.0,m3/s,2
2024-03-08,松浦大桥,黄浦江,63401120,flow,940.0,m3/s,2
2024-03-09,松浦大桥,黄浦江,63401120,flow,747.0,m3/s,2
2024-03-10,松浦大桥,黄浦江,63401120,flow,589.0,m3/s,2
2024-03-11,松浦大桥,黄浦江,63401120,flow,500.0,m3/s,2
2024-03-12,松浦大桥,黄浦江,63401120,flow,481.0,m3/s,2
2024-03-13,松浦大桥,黄浦江,63401120,flow,597.0,m3/s,2
2024-03-14,松浦大桥,黄浦江,63401120,flow,702.0,m3/s,2
2024-03-15,松浦大桥,黄浦江,63401120,flow,728.0,m3/s,2
2024-03-16,松浦大桥,黄浦江,63401120,flow,911.0,m3/s,2
2024-03-17,松浦大桥,黄浦江,63401120,flow,928.0,m3/s,2
2024-03-18,松浦大桥,黄浦江,63401120,flow,1200.0,m3/s,2
2024-03-19,松浦大桥,黄浦江,63401120,flow,1320.0,m3/s,2
2024-03-20,松浦大桥,黄浦江,63401120,flow,1040.0,m3/s,2
2024-03-21,松浦大桥,黄浦江,63401120,flow,1030.0,m3/s,2
2024-03-22,松浦大桥,黄浦江,63401120,flow,801.0,m3/s,2
2024-03-23,松浦大桥,黄浦江,63401120,flow,417.0,m3/s,2
2024-03-24,松浦大桥,黄浦江,63401120,flow,462.0,m3/s,2
2024-03-25,松浦大桥,黄浦江,63401120,flow,427.0,m3/s,2
2024-03-26,松浦大桥,黄浦江,63401120,flow,555.0,m3/s,2
2024-03-27,松浦大桥,黄浦江,63401120,flow,494.0,m3/s,2
2024-03-28,松浦大桥,黄浦江,63401120,flow,597.0,m3/s,2
2024-03-29,松浦大桥,黄浦江,63401120,flow,765.0,m3/s,2
2024-03-30,松浦大桥,黄浦江,63401120,flow,722.0,m3/s,2
2024-03-31,松浦大桥,黄浦江,63401120,flow,610.0,m3/s,2
2024-04-01,松浦大桥,黄浦江,63401120,flow,784.0,m3/s,2
2024-04-02,松浦大桥,黄浦江,63401120,flow,997.0,m3/s,2
2024-04-03,松浦大桥,黄浦江,63401120,flow,971.0,m3/s,2
2024-04-04,松浦大桥,黄浦江,63401120,flow,833.0,m3/s,2
2024-04-05,松浦大桥,黄浦江,63401120,flow,779.0,m3/s,2
2024-04-06,松浦大桥,黄浦江,63401120,flow,661.0,m3/s,2
2024-04-07,松浦大桥,黄浦江,63401120,flow,563.0,m3/s,2
2024-04-08,松浦大桥,黄浦江,63401120,flow,449.0,m3/s,2
2024-04-09,松浦大桥,黄浦江,63401120,flow,427.0,m3/s,2
2024-04-10,松浦大桥,黄浦江,63401120,flow,403.0,m3/s,2
2024-04-11,松浦大桥,黄浦江,63401120,flow,433.0,m3/s,2
2024-04-12,松浦大桥,黄浦江,63401120,flow,538.0,m3/s,2
2024-04-13,松浦大桥,黄浦江,63401120,flow,624.0,m3/s,2
2024-04-14,松浦大桥,黄浦江,63401120,flow,703.0,m3/s,2
2024-04-15,松浦大桥,黄浦江,63401120,flow,874.0,m3/s,2
2024-04-16,松浦大桥,黄浦江,63401120,flow,843.0,m3/s,2
2024-04-17,松浦大桥,黄浦江,63401120,flow,992.0,m3/s,2
2024-04-18,松浦大桥,黄浦江,63401120,flow,1130.0,m3/s,2
2024-04-19,松浦大桥,黄浦江,63401120,flow,860.0,m3/s,2
2024-04-20,松浦大桥,黄浦江,63401120,flow,840.0,m3/s,2
2024-04-21,松浦大桥,黄浦江,63401120,flow,543.0,m3/s,2
2024-04-22,松浦大桥,黄浦江,63401120,flow,592.0,m3/s,2
2024-04-23,松浦大桥,黄浦江,63401120,flow,544.0,m3/s,2
2024-04-24,松浦大桥,黄浦江,63401120,flow,529.0,m3/s,2
2024-04-25,松浦大桥,黄浦江,63401120,flow,558.0,m3/s,2
2024-04-26,松浦大桥,黄浦江,63401120,flow,450.0,m3/s,2
2024-04-27,松浦大桥,黄浦江,63401120,flow,442.0,m3/s,2
2024-04-28,松浦大桥,黄浦江,63401120,flow,476.0,m3/s,2
2024-04-29,松浦大桥,黄浦江,63401120,flow,662.0,m3/s,2
2024-04-30,松浦大桥,黄浦江,63401120,flow,497.0,m3/s,2
2024-05-01,松浦大桥,黄浦江,63401120,flow,945.0,m3/s,2
2024-05-02,松浦大桥,黄浦江,63401120,flow,766.0,m3/s,2
2024-05-03,松浦大桥,黄浦江,63401120,flow,705.0,m3/s,2
2024-05-04,松浦大桥,黄浦江,63401120,flow,720.0,m3/s,2
2024-05-05,松浦大桥,黄浦江,63401120,flow,605.0,m3/s,2
2024-05-06,松浦大桥,黄浦江,63401120,flow,462.0,m3/s,2
2024-05-07,松浦大桥,黄浦江,63401120,flow,443.0,m3/s,2
2024-05-08,松浦大桥,黄浦江,63401120,flow,335.0,m3/s,2
2024-05-09,松浦大桥,黄浦江,63401120,flow,349.0,m3/s,2
2024-05-10,松浦大桥,黄浦江,63401120,flow,455.0,m3/s,2
2024-05-11,松浦大桥,黄浦江,63401120,flow,608.0,m3/s,2
2024-05-12,松浦大桥,黄浦江,63401120,flow,460.0,m3/s,2
2024-05-13,松浦大桥,黄浦江,63401120,flow,745.0,m3/s,2
2024-05-14,松浦大桥,黄浦江,63401120,flow,722.0,m3/s,2
2024-05-15,松浦大桥,黄浦江,63401120,flow,623.0,m3/s,2
2024-05-16,松浦大桥,黄浦江,63401120,flow,1160.0,m3/s,2
2024-05-17,松浦大桥,黄浦江,63401120,flow,1030.0,m3/s,2
2024-05-18,松浦大桥,黄浦江,63401120,flow,567.0,m3/s,2
2024-05-19,松浦大桥,黄浦江,63401120,flow,559.0,m3/s,2
2024-05-20,松浦大桥,黄浦江,63401120,flow,533.0,m3/s,2
2024-05-21,松浦大桥,黄浦江,63401120,flow,462.0,m3/s,2
2024-05-22,松浦大桥,黄浦江,63401120,flow,386.0,m3/s,2
2024-05-23,松浦大桥,黄浦江,63401120,flow,451.0,m3/s,2
2024-05-24,松浦大桥,黄浦江,63401120,flow,340.0,m3/s,2
2024-05-25,松浦大桥,黄浦江,63401120,flow,285.0,m3/s,2
2024-05-26,松浦大桥,黄浦江,63401120,flow,321.0,m3/s,2
2024-05-27,松浦大桥,黄浦江,63401120,flow,177.0,m3/s,2
2024-05-28,松浦大桥,黄浦江,63401120,flow,422.0,m3/s,2
2024-05-29,松浦大桥,黄浦江,63401120,flow,480.0,m3/s,2
2024-05-30,松浦大桥,黄浦江,63401120,flow,486.0,m3/s,2
2024-05-31,松浦大桥,黄浦江,63401120,flow,686.0,m3/s,2
2024-06-01,松浦大桥,黄浦江,63401120,flow,652.0,m3/s,2
2024-06-02,松浦大桥,黄浦江,63401120,flow,671.0,m3/s,2
2024-06-03,松浦大桥,黄浦江,63401120,flow,662.0,m3/s,2
2024-06-04,松浦大桥,黄浦江,63401120,flow,365.0,m3/s,2
2024-06-05,松浦大桥,黄浦江,63401120,flow,420.0,m3/s,2
2024-06-06,松浦大桥,黄浦江,63401120,flow,491.0,m3/s,2
2024-06-07,松浦大桥,黄浦江,63401120,flow,504.0,m3/s,2
2024-06-08,松浦大桥,黄浦江,63401120,flow,337.0,m3/s,2
2024-06-09,松浦大桥,黄浦江,63401120,flow,396.0,m3/s,2
2024-06-10,松浦大桥,黄浦江,63401120,flow,392.0,m3/s,2
2024-06-11,松浦大桥,黄浦江,63401120,flow,432.0,m3/s,2
2024-06-12,松浦大桥,黄浦江,63401120,flow,492.0,m3/s,2
2024-06-13,松浦大桥,黄浦江,63401120,flow,483.0,m3/s,2
2024-06-14,松浦大桥,黄浦江,63401120,flow,531.0,m3/s,2
2024-06-15,松浦大桥,黄浦江,63401120,flow,536.0,m3/s,2
2024-06-16,松浦大桥,黄浦江,63401120,flow,610.0,m3/s,2
2024-06-17,松浦大桥,黄浦江,63401120,flow,692.0,m3/s,2
2024-06-18,松浦大桥,黄浦江,63401120,flow,613.0,m3/s,2
2024-06-19,松浦大桥,黄浦江,63401120,flow,622.0,m3/s,2
2024-06-20,松浦大桥,黄浦江,63401120,flow,1060.0,m3/s,2
2024-06-21,松浦大桥,黄浦江,63401120,flow,735.0,m3/s,2
2024-06-22,松浦大桥,黄浦江,63401120,flow,672.0,m3/s,2
2024-06-23,松浦大桥,黄浦江,63401120,flow,712.0,m3/s,2
2024-06-24,松浦大桥,黄浦江,63401120,flow,753.0,m3/s,2
2024-06-25,松浦大桥,黄浦江,63401120,flow,656.0,m3/s,2
2024-06-26,松浦大桥,黄浦江,63401120,flow,773.0,m3/s,2
2024-06-27,松浦大桥,黄浦江,63401120,flow,1220.0,m3/s,2
2024-06-28,松浦大桥,黄浦江,63401120,flow,1210.0,m3/s,2
2024-06-29,松浦大桥,黄浦江,63401120,flow,1150.0,m3/s,2
2024-06-30,松浦大桥,黄浦江,63401120,flow,1120.0,m3/s,2
2024-07-01,松浦大桥,黄浦江,63401120,flow,1350.0,m3/s,2
2024-07-02,松浦大桥,黄浦江,63401120,flow,1260.0,m3/s,2
2024-07-03,松浦大桥,黄浦江,63401120,flow,928.0,m3/s,2
2024-07-04,松浦大桥,黄浦江,63401120,flow,995.0,m3/s,2
2024-07-05,松浦大桥,黄浦江,63401120,flow,764.0,m3/s,2
2024-07-06,松浦大桥,黄浦江,63401120,flow,738.0,m3/s,2
2024-07-07,松浦大桥,黄浦江,63401120,flow,474.0,m3/s,2
2024-07-08,松浦大桥,黄浦江,63401120,flow,515.0,m3/s,2
2024-07-09,松浦大桥,黄浦江,63401120,flow,504.0,m3/s,2
2024-07-10,松浦大桥,黄浦江,63401120,flow,524.0,m3/s,2
2024-07-11,松浦大桥,黄浦江,63401120,flow,509.0,m3/s,2
2024-07-12,松浦大桥,黄浦江,63401120,flow,773.0,m3/s,2
2024-07-13,松浦大桥,黄浦江,63401120,flow,921.0,m3/s,2
2024-07-14,松浦大桥,黄浦江,63401120,flow,946.0,m3/s,2
2024-07-15,松浦大桥,黄浦江,63401120,flow,968.0,m3/s,2
2024-07-16,松浦大桥,黄浦江,63401120,flow,1060.0,m3/s,2
2024-07-17,松浦大桥,黄浦江,63401120,flow,1010.0,m3/s,2
2024-07-18,松浦大桥,黄浦江,63401120,flow,899.0,m3/s,2
2024-07-19,松浦大桥,黄浦江,63401120,flow,732.0,m3/s,2
2024-07-20,松浦大桥,黄浦江,63401120,flow,647.0,m3/s,2
2024-07-21,松浦大桥,黄浦江,63401120,flow,444.0,m3/s,2
2024-07-22,松浦大桥,黄浦江,63401120,flow,437.0,m3/s,2
2024-07-23,松浦大桥,黄浦江,63401120,flow,273.0,m3/s,2
2024-07-24,松浦大桥,黄浦江,63401120,flow,116.0,m3/s,2
2024-07-25,松浦大桥,黄浦江,63401120,flow,-32.8,m3/s,2
2024-07-26,松浦大桥,黄浦江,63401120,flow,-8.63,m3/s,2
2024-07-27,松浦大桥,黄浦江,63401120,flow,251.0,m3/s,2
2024-07-28,松浦大桥,黄浦江,63401120,flow,530.0,m3/s,2
2024-07-29,松浦大桥,黄浦江,63401120,flow,572.0,m3/s,2
2024-07-30,松浦大桥,黄浦江,63401120,flow,775.0,m3/s,2
2024-07-31,松浦大桥,黄浦江,63401120,flow,853.0,m3/s,2
2024-08-01,松浦大桥,黄浦江,63401120,flow,604.0,m3/s,2
2024-08-02,松浦大桥,黄浦江,63401120,flow,436.0,m3/s,2
2024-08-03,松浦大桥,黄浦江,63401120,flow,335.0,m3/s,2
2024-08-04,松浦大桥,黄浦江,63401120,flow,280.0,m3/s,2
2024-08-05,松浦大桥,黄浦江,63401120,flow,218.0,m3/s,2
2024-08-06,松浦大桥,黄浦江,63401120,flow,162.0,m3/s,2
2024-08-07,松浦大桥,黄浦江,63401120,flow,173.0,m3/s,2
2024-08-08,松浦大桥,黄浦江,63401120,flow,225.0,m3/s,2
2024-08-09,松浦大桥,黄浦江,63401120,flow,301.0,m3/s,2
2024-08-10,松浦大桥,黄浦江,63401120,flow,327.0,m3/s,2
2024-08-11,松浦大桥,黄浦江,63401120,flow,395.0,m3/s,2
2024-08-12,松浦大桥,黄浦江,63401120,flow,406.0,m3/s,2
2024-08-13,松浦大桥,黄浦江,63401120,flow,543.0,m3/s,2
2024-08-14,松浦大桥,黄浦江,63401120,flow,813.0,m3/s,2
2024-08-15,松浦大桥,黄浦江,63401120,flow,925.0,m3/s,2
2024-08-16,松浦大桥,黄浦江,63401120,flow,836.0,m3/s,2
2024-08-17,松浦大桥,黄浦江,63401120,flow,639.0,m3/s,2
2024-08-18,松浦大桥,黄浦江,63401120,flow,407.0,m3/s,2
2024-08-19,松浦大桥,黄浦江,63401120,flow,274.0,m3/s,2
2024-08-20,松浦大桥,黄浦江,63401120,flow,83.5,m3/s,2
2024-08-21,松浦大桥,黄浦江,63401120,flow,62.6,m3/s,2
2024-08-22,松浦大桥,黄浦江,63401120,flow,121.0,m3/s,2
2024-08-23,松浦大桥,黄浦江,63401120,flow,10.4,m3/s,2
2024-08-24,松浦大桥,黄浦江,63401120,flow,85.5,m3/s,2
2024-08-25,松浦大桥,黄浦江,63401120,flow,167.0,m3/s,2
2024-08-26,松浦大桥,黄浦江,63401120,flow,370.0,m3/s,2
2024-08-27,松浦大桥,黄浦江,63401120,flow,600.0,m3/s,2
2024-08-28,松浦大桥,黄浦江,63401120,flow,715.0,m3/s,2
2024-08-29,松浦大桥,黄浦江,63401120,flow,749.0,m3/s,2
2024-08-30,松浦大桥,黄浦江,63401120,flow,744.0,m3/s,2
2024-08-31,松浦大桥,黄浦江,63401120,flow,665.0,m3/s,2
2024-09-01,松浦大桥,黄浦江,63401120,flow,457.0,m3/s,2
2024-09-02,松浦大桥,黄浦江,63401120,flow,243.0,m3/s,2
2024-09-03,松浦大桥,黄浦江,63401120,flow,199.0,m3/s,2
2024-09-04,松浦大桥,黄浦江,63401120,flow,181.0,m3/s,2
2024-09-05,松浦大桥,黄浦江,63401120,flow,66.2,m3/s,2
2024-09-06,松浦大桥,黄浦江,63401120,flow,86.9,m3/s,2
2024-09-07,松浦大桥,黄浦江,63401120,flow,221.0,m3/s,2
2024-09-08,松浦大桥,黄浦江,63401120,flow,241.0,m3/s,2
2024-09-09,松浦大桥,黄浦江,63401120,flow,340.0,m3/s,2
2024-09-10,松浦大桥,黄浦江,63401120,flow,296.0,m3/s,2
2024-09-11,松浦大桥,黄浦江,63401120,flow,992.0,m3/s,2
2024-09-12,松浦大桥,黄浦江,63401120,flow,1340.0,m3/s,2
2024-09-13,松浦大桥,黄浦江,63401120,flow,1170.0,m3/s,2
2024-09-14,松浦大桥,黄浦江,63401120,flow,909.0,m3/s,2
2024-09-15,松浦大桥,黄浦江,63401120,flow,321.0,m3/s,2
2024-09-16,松浦大桥,黄浦江,63401120,flow,106.0,m3/s,2
2024-09-17,松浦大桥,黄浦江,63401120,flow,909.0,m3/s,2
2024-09-18,松浦大桥,黄浦江,63401120,flow,654.0,m3/s,2
2024-09-19,松浦大桥,黄浦江,63401120,flow,291.0,m3/s,2
2024-09-20,松浦大桥,黄浦江,63401120,flow,95.9,m3/s,2
2024-09-21,松浦大桥,黄浦江,63401120,flow,377.0,m3/s,2
2024-09-22,松浦大桥,黄浦江,63401120,flow,401.0,m3/s,2
2024-09-23,松浦大桥,黄浦江,63401120,flow,583.0,m3/s,2
2024-09-24,松浦大桥,黄浦江,63401120,flow,540.0,m3/s,2
2024-09-25,松浦大桥,黄浦江,63401120,flow,843.0,m3/s,2
2024-09-26,松浦大桥,黄浦江,63401120,flow,950.0,m3/s,2
2024-09-27,松浦大桥,黄浦江,63401120,flow,901.0,m3/s,2
2024-09-28,松浦大桥,黄浦江,63401120,flow,726.0,m3/s,2
2024-09-29,松浦大桥,黄浦江,63401120,flow,531.0,m3/s,2
2024-09-30,松浦大桥,黄浦江,63401120,flow,438.0,m3/s,2
2024-10-01,松浦大桥,黄浦江,63401120,flow,446.0,m3/s,2
2024-10-02,松浦大桥,黄浦江,63401120,flow,464.0,m3/s,2
2024-10-03,松浦大桥,黄浦江,63401120,flow,461.0,m3/s,2
2024-10-04,松浦大桥,黄浦江,63401120,flow,291.0,m3/s,2
2024-10-05,松浦大桥,黄浦江,63401120,flow,357.0,m3/s,2
2024-10-06,松浦大桥,黄浦江,63401120,flow,442.0,m3/s,2
2024-10-07,松浦大桥,黄浦江,63401120,flow,465.0,m3/s,2
2024-10-08,松浦大桥,黄浦江,63401120,flow,718.0,m3/s,2
2024-10-09,松浦大桥,黄浦江,63401120,flow,774.0,m3/s,2
2024-10-10,松浦大桥,黄浦江,63401120,flow,756.0,m3/s,2
2024-10-11,松浦大桥,黄浦江,63401120,flow,878.0,m3/s,2
2024-10-12,松浦大桥,黄浦江,63401120,flow,987.0,m3/s,2
2024-10-13,松浦大桥,黄浦江,63401120,flow,836.0,m3/s,2
2024-10-14,松浦大桥,黄浦江,63401120,flow,731.0,m3/s,2
2024-10-15,松浦大桥,黄浦江,63401120,flow,491.0,m3/s,2
2024-10-16,松浦大桥,黄浦江,63401120,flow,409.0,m3/s,2
2024-10-17,松浦大桥,黄浦江,63401120,flow,401.0,m3/s,2
2024-10-18,松浦大桥,黄浦江,63401120,flow,345.0,m3/s,2
2024-10-19,松浦大桥,黄浦江,63401120,flow,134.0,m3/s,2
2024-10-20,松浦大桥,黄浦江,63401120,flow,344.0,m3/s,2
2024-10-21,松浦大桥,黄浦江,63401120,flow,374.0,m3/s,2
2024-10-22,松浦大桥,黄浦江,63401120,flow,590.0,m3/s,2
2024-10-23,松浦大桥,黄浦江,63401120,flow,800.0,m3/s,2
2024-10-24,松浦大桥,黄浦江,63401120,flow,969.0,m3/s,2
2024-10-25,松浦大桥,黄浦江,63401120,flow,497.0,m3/s,2
2024-10-26,松浦大桥,黄浦江,63401120,flow,680.0,m3/s,2
2024-10-27,松浦大桥,黄浦江,63401120,flow,743.0,m3/s,2
2024-10-28,松浦大桥,黄浦江,63401120,flow,793.0,m3/s,2
2024-10-29,松浦大桥,黄浦江,63401120,flow,704.0,m3/s,2
2024-10-30,松浦大桥,黄浦江,63401120,flow,391.0,m3/s,2
2024-10-31,松浦大桥,黄浦江,63401120,flow,437.0,m3/s,2
2024-11-01,松浦大桥,黄浦江,63401120,flow,267.0,m3/s,2
2024-11-02,松浦大桥,黄浦江,63401120,flow,921.0,m3/s,2
2024-11-03,松浦大桥,黄浦江,63401120,flow,983.0,m3/s,2
2024-11-04,松浦大桥,黄浦江,63401120,flow,703.0,m3/s,2
2024-11-05,松浦大桥,黄浦江,63401120,flow,668.0,m3/s,2
2024-11-06,松浦大桥,黄浦江,63401120,flow,724.0,m3/s,2
2024-11-07,松浦大桥,黄浦江,63401120,flow,832.0,m3/s,2
2024-11-08,松浦大桥,黄浦江,63401120,flow,788.0,m3/s,2
2024-11-09,松浦大桥,黄浦江,63401120,flow,739.0,m3/s,2
2024-11-10,松浦大桥,黄浦江,63401120,flow,905.0,m3/s,2
2024-11-11,松浦大桥,黄浦江,63401120,flow,865.0,m3/s,2
2024-11-12,松浦大桥,黄浦江,63401120,flow,811.0,m3/s,2
2024-11-13,松浦大桥,黄浦江,63401120,flow,629.0,m3/s,2
2024-11-14,松浦大桥,黄浦江,63401120,flow,540.0,m3/s,2
2024-11-15,松浦大桥,黄浦江,63401120,flow,463.0,m3/s,2
2024-11-16,松浦大桥,黄浦江,63401120,flow,414.0,m3/s,2
2024-11-17,松浦大桥,黄浦江,63401120,flow,73.7,m3/s,2
2024-11-18,松浦大桥,黄浦江,63401120,flow,202.0,m3/s,2
2024-11-19,松浦大桥,黄浦江,63401120,flow,604.0,m3/s,2
2024-11-20,松浦大桥,黄浦江,63401120,flow,666.0,m3/s,2
2024-11-21,松浦大桥,黄浦江,63401120,flow,814.0,m3/s,2
2024-11-22,松浦大桥,黄浦江,63401120,flow,795.0,m3/s,2
2024-11-23,松浦大桥,黄浦江,63401120,flow,836.0,m3/s,2
2024-11-24,松浦大桥,黄浦江,63401120,flow,838.0,m3/s,2
2024-11-25,松浦大桥,黄浦江,63401120,flow,878.0,m3/s,2
2024-11-26,松浦大桥,黄浦江,63401120,flow,799.0,m3/s,2
2024-11-27,松浦大桥,黄浦江,63401120,flow,991.0,m3/s,2
2024-11-28,松浦大桥,黄浦江,63401120,flow,1050.0,m3/s,2
2024-11-29,松浦大桥,黄浦江,63401120,flow,798.0,m3/s,2
2024-11-30,松浦大桥,黄浦江,63401120,flow,607.0,m3/s,2
2024-12-01,松浦大桥,黄浦江,63401120,flow,547.0,m3/s,2
2024-12-02,松浦大桥,黄浦江,63401120,flow,430.0,m3/s,2
2024-12-03,松浦大桥,黄浦江,63401120,flow,346.0,m3/s,2
2024-12-04,松浦大桥,黄浦江,63401120,flow,533.0,m3/s,2
2024-12-05,松浦大桥,黄浦江,63401120,flow,563.0,m3/s,2
2024-12-06,松浦大桥,黄浦江,63401120,flow,682.0,m3/s,2
2024-12-07,松浦大桥,黄浦江,63401120,flow,647.0,m3/s,2
2024-12-08,松浦大桥,黄浦江,63401120,flow,587.0,m3/s,2
2024-12-09,松浦大桥,黄浦江,63401120,flow,866.0,m3/s,2
2024-12-10,松浦大桥,黄浦江,63401120,flow,650.0,m3/s,2
2024-12-11,松浦大桥,黄浦江,63401120,flow,708.0,m3/s,2
2024-12-12,松浦大桥,黄浦江,63401120,flow,648.0,m3/s,2
2024-12-13,松浦大桥,黄浦江,63401120,flow,775.0,m3/s,2
2024-12-14,松浦大桥,黄浦江,63401120,flow,727.0,m3/s,2
2024-12-15,松浦大桥,黄浦江,63401120,flow,799.0,m3/s,2
2024-12-16,松浦大桥,黄浦江,63401120,flow,720.0,m3/s,2
2024-12-17,松浦大桥,黄浦江,63401120,flow,589.0,m3/s,2
2024-12-18,松浦大桥,黄浦江,63401120,flow,455.0,m3/s,2
2024-12-19,松浦大桥,黄浦江,63401120,flow,670.0,m3/s,2
2024-12-20,松浦大桥,黄浦江,63401120,flow,736.0,m3/s,2
2024-12-21,松浦大桥,黄浦江,63401120,flow,649.0,m3/s,2
2024-12-22,松浦大桥,黄浦江,63401120,flow,842.0,m3/s,2
2024-12-23,松浦大桥,黄浦江,63401120,flow,843.0,m3/s,2
2024-12-24,松浦大桥,黄浦江,63401120,flow,698.0,m3/s,2
2024-12-25,松浦大桥,黄浦江,63401120,flow,851.0,m3/s,2
2024-12-26,松浦大桥,黄浦江,63401120,flow,613.0,m3/s,2
2024-12-27,松浦大桥,黄浦江,63401120,flow,784.0,m3/s,2
2024-12-28,松浦大桥,黄浦江,63401120,flow,818.0,m3/s,2
2024-12-29,松浦大桥,黄浦江,63401120,flow,691.0,m3/s,2
2024-12-30,松浦大桥,黄浦江,63401120,flow,586.0,m3/s,2
2024-12-31,松浦大桥,黄浦江,63401120,flow,385.0,m3/s,2
2022-01-01,松浦大桥,黄浦江,63401120,water_level,2.12,m,3
2022-01-02,松浦大桥,黄浦江,63401120,water_level,2.14,m,3
2022-01-03,松浦大桥,黄浦江,63401120,water_level,2.21,m,3
2022-01-04,松浦大桥,黄浦江,63401120,water_level,2.27,m,3
2022-01-05,松浦大桥,黄浦江,63401120,water_level,2.3,m,3
2022-01-06,松浦大桥,黄浦江,63401120,water_level,2.43,m,3
2022-01-07,松浦大桥,黄浦江,63401120,water_level,2.44,m,3
2022-01-08,松浦大桥,黄浦江,63401120,water_level,2.36,m,3
2022-01-09,松浦大桥,黄浦江,63401120,water_level,2.29,m,3
2022-01-10,松浦大桥,黄浦江,63401120,water_level,2.28,m,3
2022-01-11,松浦大桥,黄浦江,63401120,water_level,2.26,m,3
2022-01-12,松浦大桥,黄浦江,63401120,water_level,2.3,m,3
2022-01-13,松浦大桥,黄浦江,63401120,water_level,2.09,m,3
2022-01-14,松浦大桥,黄浦江,63401120,water_level,2.14,m,3
2022-01-15,松浦大桥,黄浦江,63401120,water_level,2.14,m,3
2022-01-16,松浦大桥,黄浦江,63401120,water_level,2.1,m,3
2022-01-17,松浦大桥,黄浦江,63401120,water_level,2.24,m,3
2022-01-18,松浦大桥,黄浦江,63401120,water_level,2.22,m,3
2022-01-19,松浦大桥,黄浦江,63401120,water_level,2.23,m,3
2022-01-20,松浦大桥,黄浦江,63401120,water_level,2.25,m,3
2022-01-21,松浦大桥,黄浦江,63401120,water_level,2.36,m,3
2022-01-22,松浦大桥,黄浦江,63401120,water_level,2.33,m,3
2022-01-23,松浦大桥,黄浦江,63401120,water_level,2.36,m,3
2022-01-24,松浦大桥,黄浦江,63401120,water_level,2.51,m,3
2022-01-25,松浦大桥,黄浦江,63401120,water_level,2.53,m,3
2022-01-26,松浦大桥,黄浦江,63401120,water_level,2.44,m,3
2022-01-27,松浦大桥,黄浦江,63401120,water_level,2.44,m,3
2022-01-28,松浦大桥,黄浦江,63401120,water_level,2.46,m,3
2022-01-29,松浦大桥,黄浦江,63401120,water_level,2.44,m,3
2022-01-30,松浦大桥,黄浦江,63401120,water_level,2.45,m,3
2022-01-31,松浦大桥,黄浦江,63401120,water_level,2.44,m,3
2022-02-01,松浦大桥,黄浦江,63401120,water_level,2.49,m,3
2022-02-02,松浦大桥,黄浦江,63401120,water_level,2.54,m,3
2022-02-03,松浦大桥,黄浦江,63401120,water_level,2.52,m,3
2022-02-04,松浦大桥,黄浦江,63401120,water_level,2.58,m,3
2022-02-05,松浦大桥,黄浦江,63401120,water_level,2.55,m,3
2022-02-06,松浦大桥,黄浦江,63401120,water_level,2.52,m,3
2022-02-07,松浦大桥,黄浦江,63401120,water_level,2.44,m,3
2022-02-08,松浦大桥,黄浦江,63401120,water_level,2.47,m,3
2022-02-09,松浦大桥,黄浦江,63401120,water_level,2.56,m,3
2022-02-10,松浦大桥,黄浦江,63401120,water_level,2.43,m,3
2022-02-11,松浦大桥,黄浦江,63401120,water_level,2.33,m,3
2022-02-12,松浦大桥,黄浦江,63401120,water_level,2.32,m,3
2022-02-13,松浦大桥,黄浦江,63401120,water_level,2.33,m,3
2022-02-14,松浦大桥,黄浦江,63401120,water_level,2.4,m,3
2022-02-15,松浦大桥,黄浦江,63401120,water_level,2.38,m,3
2022-02-16,松浦大桥,黄浦江,63401120,water_level,2.48,m,3
2022-02-17,松浦大桥,黄浦江,63401120,water_level,2.41,m,3
2022-02-18,松浦大桥,黄浦江,63401120,water_level,2.52,m,3
2022-02-19,松浦大桥,黄浦江,63401120,water_level,2.55,m,3
2022-02-20,松浦大桥,黄浦江,63401120,water_level,2.65,m,3
2022-02-21,松浦大桥,黄浦江,63401120,water_level,2.68,m,3
2022-02-22,松浦大桥,黄浦江,63401120,water_level,2.48,m,3
2022-02-23,松浦大桥,黄浦江,63401120,water_level,2.48,m,3
2022-02-24,松浦大桥,黄浦江,63401120,water_level,2.49,m,3
2022-02-25,松浦大桥,黄浦江,63401120,water_level,2.37,m,3
2022-02-26,松浦大桥,黄浦江,63401120,water_level,2.25,m,3
2022-02-27,松浦大桥,黄浦江,63401120,water_level,2.11,m,3
2022-02-28,松浦大桥,黄浦江,63401120,water_level,2.3,m,3
2022-03-01,松浦大桥,黄浦江,63401120,water_level,2.23,m,3
2022-03-02,松浦大桥,黄浦江,63401120,water_level,2.3,m,3
2022-03-03,松浦大桥,黄浦江,63401120,water_level,2.44,m,3
2022-03-04,松浦大桥,黄浦江,63401120,water_level,2.4,m,3
2022-03-05,松浦大桥,黄浦江,63401120,water_level,2.46,m,3
2022-03-06,松浦大桥,黄浦江,63401120,water_level,2.55,m,3
2022-03-07,松浦大桥,黄浦江,63401120,water_level,2.51,m,3
2022-03-08,松浦大桥,黄浦江,63401120,water_level,2.46,m,3
2022-03-09,松浦大桥,黄浦江,63401120,water_level,2.45,m,3
2022-03-10,松浦大桥,黄浦江,63401120,water_level,2.41,m,3
2022-03-11,松浦大桥,黄浦江,63401120,water_level,2.32,m,3
2022-03-12,松浦大桥,黄浦江,63401120,water_level,2.26,m,3
2022-03-13,松浦大桥,黄浦江,63401120,water_level,2.21,m,3
2022-03-14,松浦大桥,黄浦江,63401120,water_level,2.16,m,3
2022-03-15,松浦大桥,黄浦江,63401120,water_level,2.3,m,3
2022-03-16,松浦大桥,黄浦江,63401120,water_level,2.33,m,3
2022-03-17,松浦大桥,黄浦江,63401120,water_level,2.33,m,3
2022-03-18,松浦大桥,黄浦江,63401120,water_level,2.57,m,3
2022-03-19,松浦大桥,黄浦江,63401120,water_level,2.61,m,3
2022-03-20,松浦大桥,黄浦江,63401120,water_level,2.66,m,3
2022-03-21,松浦大桥,黄浦江,63401120,water_level,2.67,m,3
2022-03-22,松浦大桥,黄浦江,63401120,water_level,2.89,m,3
2022-03-23,松浦大桥,黄浦江,63401120,water_level,3.08,m,3
2022-03-24,松浦大桥,黄浦江,63401120,water_level,2.81,m,3
2022-03-25,松浦大桥,黄浦江,63401120,water_level,2.61,m,3
2022-03-26,松浦大桥,黄浦江,63401120,water_level,2.55,m,3
2022-03-27,松浦大桥,黄浦江,63401120,water_level,2.57,m,3
2022-03-28,松浦大桥,黄浦江,63401120,water_level,2.47,m,3
2022-03-29,松浦大桥,黄浦江,63401120,water_level,2.46,m,3
2022-03-30,松浦大桥,黄浦江,63401120,water_level,2.51,m,3
2022-03-31,松浦大桥,黄浦江,63401120,water_level,2.51,m,3
2022-04-01,松浦大桥,黄浦江,63401120,water_level,2.66,m,3
2022-04-02,松浦大桥,黄浦江,63401120,water_level,2.67,m,3
2022-04-03,松浦大桥,黄浦江,63401120,water_level,2.61,m,3
2022-04-04,松浦大桥,黄浦江,63401120,water_level,2.61,m,3
2022-04-05,松浦大桥,黄浦江,63401120,water_level,2.55,m,3
2022-04-06,松浦大桥,黄浦江,63401120,water_level,2.51,m,3
2022-04-07,松浦大桥,黄浦江,63401120,water_level,2.48,m,3
2022-04-08,松浦大桥,黄浦江,63401120,water_level,2.45,m,3
2022-04-09,松浦大桥,黄浦江,63401120,water_level,2.37,m,3
2022-04-10,松浦大桥,黄浦江,63401120,water_level,2.26,m,3
2022-04-11,松浦大桥,黄浦江,63401120,water_level,2.25,m,3
2022-04-12,松浦大桥,黄浦江,63401120,water_level,2.23,m,3
2022-04-13,松浦大桥,黄浦江,63401120,water_level,2.3,m,3
2022-04-14,松浦大桥,黄浦江,63401120,water_level,2.54,m,3
2022-04-15,松浦大桥,黄浦江,63401120,water_level,2.97,m,3
2022-04-16,松浦大桥,黄浦江,63401120,water_level,2.91,m,3
2022-04-17,松浦大桥,黄浦江,63401120,water_level,2.75,m,3
2022-04-18,松浦大桥,黄浦江,63401120,water_level,2.65,m,3
2022-04-19,松浦大桥,黄浦江,63401120,water_level,2.61,m,3
2022-04-20,松浦大桥,黄浦江,63401120,water_level,2.62,m,3
2022-04-21,松浦大桥,黄浦江,63401120,water_level,2.55,m,3
2022-04-22,松浦大桥,黄浦江,63401120,water_level,2.51,m,3
2022-04-23,松浦大桥,黄浦江,63401120,water_level,2.44,m,3
2022-04-24,松浦大桥,黄浦江,63401120,water_level,2.51,m,3
2022-04-25,松浦大桥,黄浦江,63401120,water_level,2.39,m,3
2022-04-26,松浦大桥,黄浦江,63401120,water_level,2.45,m,3
2022-04-27,松浦大桥,黄浦江,63401120,water_level,2.43,m,3
2022-04-28,松浦大桥,黄浦江,63401120,water_level,2.53,m,3
2022-04-29,松浦大桥,黄浦江,63401120,water_level,2.56,m,3
2022-04-30,松浦大桥,黄浦江,63401120,water_level,2.71,m,3
2022-05-01,松浦大桥,黄浦江,63401120,water_level,2.57,m,3
2022-05-02,松浦大桥,黄浦江,63401120,water_level,2.59,m,3
2022-05-03,松浦大桥,黄浦江,63401120,water_level,2.51,m,3
2022-05-04,松浦大桥,黄浦江,63401120,water_level,2.57,m,3
2022-05-05,松浦大桥,黄浦江,63401120,water_level,2.5,m,3
2022-05-06,松浦大桥,黄浦江,63401120,water_level,2.53,m,3
2022-05-07,松浦大桥,黄浦江,63401120,water_level,2.5,m,3
2022-05-08,松浦大桥,黄浦江,63401120,water_level,2.49,m,3
2022-05-09,松浦大桥,黄浦江,63401120,water_level,2.45,m,3
2022-05-10,松浦大桥,黄浦江,63401120,water_level,2.43,m,3
2022-05-11,松浦大桥,黄浦江,63401120,water_level,2.4,m,3
2022-05-12,松浦大桥,黄浦江,63401120,water_level,2.4,m,3
2022-05-13,松浦大桥,黄浦江,63401120,water_level,2.43,m,3
2022-05-14,松浦大桥,黄浦江,63401120,water_level,2.53,m,3
2022-05-15,松浦大桥,黄浦江,63401120,water_level,2.55,m,3
2022-05-16,松浦大桥,黄浦江,63401120,water_level,2.55,m,3
2022-05-17,松浦大桥,黄浦江,63401120,water_level,2.51,m,3
2022-05-18,松浦大桥,黄浦江,63401120,water_level,2.58,m,3
2022-05-19,松浦大桥,黄浦江,63401120,water_level,2.54,m,3
2022-05-20,松浦大桥,黄浦江,63401120,water_level,2.59,m,3
2022-05-21,松浦大桥,黄浦江,63401120,water_level,2.57,m,3
2022-05-22,松浦大桥,黄浦江,63401120,water_level,2.57,m,3
2022-05-23,松浦大桥,黄浦江,63401120,water_level,2.47,m,3
2022-05-24,松浦大桥,黄浦江,63401120,water_level,2.45,m,3
2022-05-25,松浦大桥,黄浦江,63401120,water_level,2.45,m,3
2022-05-26,松浦大桥,黄浦江,63401120,water_level,2.42,m,3
2022-05-27,松浦大桥,黄浦江,63401120,water_level,2.44,m,3
2022-05-28,松浦大桥,黄浦江,63401120,water_level,2.45,m,3
2022-05-29,松浦大桥,黄浦江,63401120,water_level,2.47,m,3
2022-05-30,松浦大桥,黄浦江,63401120,water_level,2.6,m,3
2022-05-31,松浦大桥,黄浦江,63401120,water_level,2.68,m,3
2022-06-01,松浦大桥,黄浦江,63401120,water_level,2.65,m,3
2022-06-02,松浦大桥,黄浦江,63401120,water_level,2.6,m,3
2022-06-03,松浦大桥,黄浦江,63401120,water_level,2.59,m,3
2022-06-04,松浦大桥,黄浦江,63401120,water_level,2.59,m,3
2022-06-05,松浦大桥,黄浦江,63401120,water_level,2.59,m,3
2022-06-06,松浦大桥,黄浦江,63401120,water_level,2.84,m,3
2022-06-07,松浦大桥,黄浦江,63401120,water_level,2.89,m,3
2022-06-08,松浦大桥,黄浦江,63401120,water_level,2.75,m,3
2022-06-09,松浦大桥,黄浦江,63401120,water_level,2.66,m,3
2022-06-10,松浦大桥,黄浦江,63401120,water_level,2.62,m,3
2022-06-11,松浦大桥,黄浦江,63401120,water_level,2.6,m,3
2022-06-12,松浦大桥,黄浦江,63401120,water_level,2.64,m,3
2022-06-13,松浦大桥,黄浦江,63401120,water_level,2.64,m,3
2022-06-14,松浦大桥,黄浦江,63401120,water_level,2.71,m,3
2022-06-15,松浦大桥,黄浦江,63401120,water_level,2.73,m,3
2022-06-16,松浦大桥,黄浦江,63401120,water_level,2.77,m,3
2022-06-17,松浦大桥,黄浦江,63401120,water_level,2.72,m,3
2022-06-18,松浦大桥,黄浦江,63401120,water_level,2.68,m,3
2022-06-19,松浦大桥,黄浦江,63401120,water_level,2.66,m,3
2022-06-20,松浦大桥,黄浦江,63401120,water_level,2.68,m,3
2022-06-21,松浦大桥,黄浦江,63401120,water_level,2.62,m,3
2022-06-22,松浦大桥,黄浦江,63401120,water_level,2.6,m,3
2022-06-23,松浦大桥,黄浦江,63401120,water_level,2.54,m,3
2022-06-24,松浦大桥,黄浦江,63401120,water_level,2.47,m,3
2022-06-25,松浦大桥,黄浦江,63401120,water_level,2.5,m,3
2022-06-26,松浦大桥,黄浦江,63401120,water_level,2.47,m,3
2022-06-27,松浦大桥,黄浦江,63401120,water_level,2.47,m,3
2022-06-28,松浦大桥,黄浦江,63401120,water_level,2.48,m,3
2022-06-29,松浦大桥,黄浦江,63401120,water_level,2.43,m,3
2022-06-30,松浦大桥,黄浦江,63401120,water_level,2.56,m,3
2022-07-01,松浦大桥,黄浦江,63401120,water_level,2.6,m,3
2022-07-02,松浦大桥,黄浦江,63401120,water_level,2.63,m,3
2022-07-03,松浦大桥,黄浦江,63401120,water_level,2.63,m,3
2022-07-04,松浦大桥,黄浦江,63401120,water_level,2.64,m,3
2022-07-05,松浦大桥,黄浦江,63401120,water_level,2.61,m,3
2022-07-06,松浦大桥,黄浦江,63401120,water_level,2.62,m,3
2022-07-07,松浦大桥,黄浦江,63401120,water_level,2.55,m,3
2022-07-08,松浦大桥,黄浦江,63401120,water_level,2.51,m,3
2022-07-09,松浦大桥,黄浦江,63401120,water_level,2.55,m,3
2022-07-10,松浦大桥,黄浦江,63401120,water_level,2.45,m,3
2022-07-11,松浦大桥,黄浦江,63401120,water_level,2.49,m,3
2022-07-12,松浦大桥,黄浦江,63401120,water_level,2.55,m,3
2022-07-13,松浦大桥,黄浦江,63401120,water_level,2.57,m,3
2022-07-14,松浦大桥,黄浦江,63401120,water_level,2.56,m,3
2022-07-15,松浦大桥,黄浦江,63401120,water_level,2.62,m,3
2022-07-16,松浦大桥,黄浦江,63401120,water_level,2.67,m,3
2022-07-17,松浦大桥,黄浦江,63401120,water_level,2.69,m,3
2022-07-18,松浦大桥,黄浦江,63401120,water_level,2.71,m,3
2022-07-19,松浦大桥,黄浦江,63401120,water_level,2.69,m,3
2022-07-20,松浦大桥,黄浦江,63401120,water_level,2.68,m,3
2022-07-21,松浦大桥,黄浦江,63401120,water_level,2.6,m,3
2022-07-22,松浦大桥,黄浦江,63401120,water_level,2.58,m,3
2022-07-23,松浦大桥,黄浦江,63401120,water_level,2.5,m,3
2022-07-24,松浦大桥,黄浦江,63401120,water_level,2.42,m,3
2022-07-25,松浦大桥,黄浦江,63401120,water_level,2.48,m,3
2022-07-26,松浦大桥,黄浦江,63401120,water_level,2.47,m,3
2022-07-27,松浦大桥,黄浦江,63401120,water_level,2.45,m,3
2022-07-28,松浦大桥,黄浦江,63401120,water_level,2.49,m,3
2022-07-29,松浦大桥,黄浦江,63401120,water_level,2.53,m,3
2022-07-30,松浦大桥,黄浦江,63401120,water_level,2.58,m,3
2022-07-31,松浦大桥,黄浦江,63401120,water_level,2.67,m,3
2022-08-01,松浦大桥,黄浦江,63401120,water_level,2.67,m,3
2022-08-02,松浦大桥,黄浦江,63401120,water_level,2.65,m,3
2022-08-03,松浦大桥,黄浦江,63401120,water_level,2.81,m,3
2022-08-04,松浦大桥,黄浦江,63401120,water_level,2.67,m,3
2022-08-05,松浦大桥,黄浦江,63401120,water_level,2.49,m,3
2022-08-06,松浦大桥,黄浦江,63401120,water_level,2.45,m,3
2022-08-07,松浦大桥,黄浦江,63401120,water_level,2.44,m,3
2022-08-08,松浦大桥,黄浦江,63401120,water_level,2.35,m,3
2022-08-09,松浦大桥,黄浦江,63401120,water_level,2.25,m,3
2022-08-10,松浦大桥,黄浦江,63401120,water_level,2.27,m,3
2022-08-11,松浦大桥,黄浦江,63401120,water_level,2.31,m,3
2022-08-12,松浦大桥,黄浦江,63401120,water_level,2.37,m,3
2022-08-13,松浦大桥,黄浦江,63401120,water_level,2.46,m,3
2022-08-14,松浦大桥,黄浦江,63401120,water_level,2.49,m,3
2022-08-15,松浦大桥,黄浦江,63401120,water_level,2.51,m,3
2022-08-16,松浦大桥,黄浦江,63401120,water_level,2.45,m,3
2022-08-17,松浦大桥,黄浦江,63401120,water_level,2.49,m,3
2022-08-18,松浦大桥,黄浦江,63401120,water_level,2.52,m,3
2022-08-19,松浦大桥,黄浦江,63401120,water_level,2.47,m,3
2022-08-20,松浦大桥,黄浦江,63401120,water_level,2.37,m,3
2022-08-21,松浦大桥,黄浦江,63401120,water_level,2.4,m,3
2022-08-22,松浦大桥,黄浦江,63401120,water_level,2.33,m,3
2022-08-23,松浦大桥,黄浦江,63401120,water_level,2.27,m,3
2022-08-24,松浦大桥,黄浦江,63401120,water_level,2.36,m,3
2022-08-25,松浦大桥,黄浦江,63401120,water_level,2.4,m,3
2022-08-26,松浦大桥,黄浦江,63401120,water_level,2.37,m,3
2022-08-27,松浦大桥,黄浦江,63401120,water_level,2.46,m,3
2022-08-28,松浦大桥,黄浦江,63401120,water_level,2.53,m,3
2022-08-29,松浦大桥,黄浦江,63401120,water_level,2.57,m,3
2022-08-30,松浦大桥,黄浦江,63401120,water_level,2.56,m,3
2022-08-31,松浦大桥,黄浦江,63401120,water_level,2.59,m,3
2022-09-01,松浦大桥,黄浦江,63401120,water_level,2.59,m,3
2022-09-02,松浦大桥,黄浦江,63401120,water_level,2.6,m,3
2022-09-03,松浦大桥,黄浦江,63401120,water_level,2.7,m,3
2022-09-04,松浦大桥,黄浦江,63401120,water_level,2.75,m,3
2022-09-05,松浦大桥,黄浦江,63401120,water_level,2.76,m,3
2022-09-06,松浦大桥,黄浦江,63401120,water_level,2.78,m,3
2022-09-07,松浦大桥,黄浦江,63401120,water_level,2.63,m,3
2022-09-08,松浦大桥,黄浦江,63401120,water_level,2.39,m,3
2022-09-09,松浦大桥,黄浦江,63401120,water_level,2.52,m,3
2022-09-10,松浦大桥,黄浦江,63401120,water_level,2.53,m,3
2022-09-11,松浦大桥,黄浦江,63401120,water_level,2.55,m,3
2022-09-12,松浦大桥,黄浦江,63401120,water_level,2.63,m,3
2022-09-13,松浦大桥,黄浦江,63401120,water_level,2.78,m,3
2022-09-14,松浦大桥,黄浦江,63401120,water_level,2.9,m,3
2022-09-15,松浦大桥,黄浦江,63401120,water_level,2.96,m,3
2022-09-16,松浦大桥,黄浦江,63401120,water_level,3.27,m,3
2022-09-17,松浦大桥,黄浦江,63401120,water_level,2.81,m,3
2022-09-18,松浦大桥,黄浦江,63401120,water_level,2.72,m,3
2022-09-19,松浦大桥,黄浦江,63401120,water_level,2.62,m,3
2022-09-20,松浦大桥,黄浦江,63401120,water_level,2.73,m,3
2022-09-21,松浦大桥,黄浦江,63401120,water_level,2.62,m,3
2022-09-22,松浦大桥,黄浦江,63401120,water_level,2.5,m,3
2022-09-23,松浦大桥,黄浦江,63401120,water_level,2.51,m,3
2022-09-24,松浦大桥,黄浦江,63401120,water_level,2.5,m,3
2022-09-25,松浦大桥,黄浦江,63401120,water_level,2.53,m,3
2022-09-26,松浦大桥,黄浦江,63401120,water_level,2.5,m,3
2022-09-27,松浦大桥,黄浦江,63401120,water_level,2.55,m,3
2022-09-28,松浦大桥,黄浦江,63401120,water_level,2.6,m,3
2022-09-29,松浦大桥,黄浦江,63401120,water_level,2.59,m,3
2022-09-30,松浦大桥,黄浦江,63401120,water_level,2.59,m,3
2022-10-01,松浦大桥,黄浦江,63401120,water_level,2.58,m,3
2022-10-02,松浦大桥,黄浦江,63401120,water_level,2.54,m,3
2022-10-03,松浦大桥,黄浦江,63401120,water_level,2.44,m,3
2022-10-04,松浦大桥,黄浦江,63401120,water_level,2.39,m,3
2022-10-05,松浦大桥,黄浦江,63401120,water_level,2.55,m,3
2022-10-06,松浦大桥,黄浦江,63401120,water_level,2.45,m,3
2022-10-07,松浦大桥,黄浦江,63401120,water_level,2.43,m,3
2022-10-08,松浦大桥,黄浦江,63401120,water_level,2.53,m,3
2022-10-09,松浦大桥,黄浦江,63401120,water_level,2.48,m,3
2022-10-10,松浦大桥,黄浦江,63401120,water_level,2.54,m,3
2022-10-11,松浦大桥,黄浦江,63401120,water_level,2.59,m,3
2022-10-12,松浦大桥,黄浦江,63401120,water_level,2.49,m,3
2022-10-13,松浦大桥,黄浦江,63401120,water_level,2.52,m,3
2022-10-14,松浦大桥,黄浦江,63401120,water_level,2.56,m,3
2022-10-15,松浦大桥,黄浦江,63401120,water_level,2.53,m,3
2022-10-16,松浦大桥,黄浦江,63401120,water_level,2.46,m,3
2022-10-17,松浦大桥,黄浦江,63401120,water_level,2.42,m,3
2022-10-18,松浦大桥,黄浦江,63401120,water_level,2.55,m,3
2022-10-19,松浦大桥,黄浦江,63401120,water_level,2.36,m,3
2022-10-20,松浦大桥,黄浦江,63401120,water_level,2.25,m,3
2022-10-21,松浦大桥,黄浦江,63401120,water_level,2.27,m,3
2022-10-22,松浦大桥,黄浦江,63401120,water_level,2.23,m,3
2022-10-23,松浦大桥,黄浦江,63401120,water_level,2.28,m,3
2022-10-24,松浦大桥,黄浦江,63401120,water_level,2.37,m,3
2022-10-25,松浦大桥,黄浦江,63401120,water_level,2.41,m,3
2022-10-26,松浦大桥,黄浦江,63401120,water_level,2.42,m,3
2022-10-27,松浦大桥,黄浦江,63401120,water_level,2.46,m,3
2022-10-28,松浦大桥,黄浦江,63401120,water_level,2.54,m,3
2022-10-29,松浦大桥,黄浦江,63401120,water_level,2.54,m,3
2022-10-30,松浦大桥,黄浦江,63401120,water_level,2.48,m,3
2022-10-31,松浦大桥,黄浦江,63401120,water_level,2.49,m,3
2022-11-01,松浦大桥,黄浦江,63401120,water_level,2.49,m,3
2022-11-02,松浦大桥,黄浦江,63401120,water_level,2.46,m,3
2022-11-03,松浦大桥,黄浦江,63401120,water_level,2.33,m,3
2022-11-04,松浦大桥,黄浦江,63401120,water_level,2.28,m,3
2022-11-05,松浦大桥,黄浦江,63401120,water_level,2.46,m,3
2022-11-06,松浦大桥,黄浦江,63401120,water_level,2.33,m,3
2022-11-07,松浦大桥,黄浦江,63401120,water_level,2.35,m,3
2022-11-08,松浦大桥,黄浦江,63401120,water_level,2.38,m,3
2022-11-09,松浦大桥,黄浦江,63401120,water_level,2.41,m,3
2022-11-10,松浦大桥,黄浦江,63401120,water_level,2.43,m,3
2022-11-11,松浦大桥,黄浦江,63401120,water_level,2.43,m,3
2022-11-12,松浦大桥,黄浦江,63401120,water_level,2.43,m,3
2022-11-13,松浦大桥,黄浦江,63401120,water_level,2.4,m,3
2022-11-14,松浦大桥,黄浦江,63401120,water_level,2.5,m,3
2022-11-15,松浦大桥,黄浦江,63401120,water_level,2.3,m,3
2022-11-16,松浦大桥,黄浦江,63401120,water_level,2.31,m,3
2022-11-17,松浦大桥,黄浦江,63401120,water_level,2.3,m,3
2022-11-18,松浦大桥,黄浦江,63401120,water_level,2.37,m,3
2022-11-19,松浦大桥,黄浦江,63401120,water_level,2.4,m,3
2022-11-20,松浦大桥,黄浦江,63401120,water_level,2.35,m,3
2022-11-21,松浦大桥,黄浦江,63401120,water_level,2.33,m,3
2022-11-22,松浦大桥,黄浦江,63401120,water_level,2.36,m,3
2022-11-23,松浦大桥,黄浦江,63401120,water_level,2.42,m,3
2022-11-24,松浦大桥,黄浦江,63401120,water_level,2.48,m,3
2022-11-25,松浦大桥,黄浦江,63401120,water_level,2.46,m,3
2022-11-26,松浦大桥,黄浦江,63401120,water_level,2.47,m,3
2022-11-27,松浦大桥,黄浦江,63401120,water_level,2.52,m,3
2022-11-28,松浦大桥,黄浦江,63401120,water_level,2.47,m,3
2022-11-29,松浦大桥,黄浦江,63401120,water_level,2.45,m,3
2022-11-30,松浦大桥,黄浦江,63401120,water_level,2.73,m,3
2022-12-01,松浦大桥,黄浦江,63401120,water_level,2.65,m,3
2022-12-02,松浦大桥,黄浦江,63401120,water_level,2.32,m,3
2022-12-03,松浦大桥,黄浦江,63401120,water_level,2.35,m,3
2022-12-04,松浦大桥,黄浦江,63401120,water_level,2.34,m,3
2022-12-05,松浦大桥,黄浦江,63401120,water_level,2.58,m,3
2022-12-06,松浦大桥,黄浦江,63401120,water_level,2.5,m,3
2022-12-07,松浦大桥,黄浦江,63401120,water_level,2.4,m,3
2022-12-08,松浦大桥,黄浦江,63401120,water_level,2.38,m,3
2022-12-09,松浦大桥,黄浦江,63401120,water_level,2.4,m,3
2022-12-10,松浦大桥,黄浦江,63401120,water_level,2.47,m,3
2022-12-11,松浦大桥,黄浦江,63401120,water_level,2.47,m,3
2022-12-12,松浦大桥,黄浦江,63401120,water_level,2.53,m,3
2022-12-13,松浦大桥,黄浦江,63401120,water_level,2.39,m,3
2022-12-14,松浦大桥,黄浦江,63401120,water_level,2.35,m,3
2022-12-15,松浦大桥,黄浦江,63401120,water_level,2.36,m,3
2022-12-16,松浦大桥,黄浦江,63401120,water_level,2.12,m,3
2022-12-17,松浦大桥,黄浦江,63401120,water_level,2.36,m,3
2022-12-18,松浦大桥,黄浦江,63401120,water_level,2.18,m,3
2022-12-19,松浦大桥,黄浦江,63401120,water_level,2.03,m,3
2022-12-20,松浦大桥,黄浦江,63401120,water_level,1.93,m,3
2022-12-21,松浦大桥,黄浦江,63401120,water_level,2.13,m,3
2022-12-22,松浦大桥,黄浦江,63401120,water_level,2.14,m,3
2022-12-23,松浦大桥,黄浦江,63401120,water_level,2.22,m,3
2022-12-24,松浦大桥,黄浦江,63401120,water_level,2.21,m,3
2022-12-25,松浦大桥,黄浦江,63401120,water_level,2.18,m,3
2022-12-26,松浦大桥,黄浦江,63401120,water_level,2.24,m,3
2022-12-27,松浦大桥,黄浦江,63401120,water_level,2.3,m,3
2022-12-28,松浦大桥,黄浦江,63401120,water_level,2.3,m,3
2022-12-29,松浦大桥,黄浦江,63401120,water_level,2.29,m,3
2022-12-30,松浦大桥,黄浦江,63401120,water_level,2.25,m,3
2022-12-31,松浦大桥,黄浦江,63401120,water_level,2.2,m,3
2023-01-01,松浦大桥,黄浦江,63401120,water_level,2.16,m,3
2023-01-02,松浦大桥,黄浦江,63401120,water_level,2.11,m,3
2023-01-03,松浦大桥,黄浦江,63401120,water_level,2.15,m,3
2023-01-04,松浦大桥,黄浦江,63401120,water_level,2.11,m,3
2023-01-05,松浦大桥,黄浦江,63401120,water_level,2.1,m,3
2023-01-06,松浦大桥,黄浦江,63401120,water_level,2.15,m,3
2023-01-07,松浦大桥,黄浦江,63401120,water_level,2.17,m,3
2023-01-08,松浦大桥,黄浦江,63401120,water_level,2.2,m,3
2023-01-09,松浦大桥,黄浦江,63401120,water_level,2.17,m,3
2023-01-10,松浦大桥,黄浦江,63401120,water_level,2.27,m,3
2023-01-11,松浦大桥,黄浦江,63401120,water_level,2.36,m,3
2023-01-12,松浦大桥,黄浦江,63401120,water_level,2.25,m,3
2023-01-13,松浦大桥,黄浦江,63401120,water_level,2.28,m,3
2023-01-14,松浦大桥,黄浦江,63401120,water_level,2.3,m,3
2023-01-15,松浦大桥,黄浦江,63401120,water_level,2.55,m,3
2023-01-16,松浦大桥,黄浦江,63401120,water_level,2.48,m,3
2023-01-17,松浦大桥,黄浦江,63401120,water_level,2.3,m,3
2023-01-18,松浦大桥,黄浦江,63401120,water_level,2.23,m,3
2023-01-19,松浦大桥,黄浦江,63401120,water_level,2.23,m,3
2023-01-20,松浦大桥,黄浦江,63401120,water_level,2.19,m,3
2023-01-21,松浦大桥,黄浦江,63401120,water_level,2.26,m,3
2023-01-22,松浦大桥,黄浦江,63401120,water_level,2.28,m,3
2023-01-23,松浦大桥,黄浦江,63401120,water_level,2.38,m,3
2023-01-24,松浦大桥,黄浦江,63401120,water_level,2.51,m,3
2023-01-25,松浦大桥,黄浦江,63401120,water_level,2.61,m,3
2023-01-26,松浦大桥,黄浦江,63401120,water_level,2.32,m,3
2023-01-27,松浦大桥,黄浦江,63401120,water_level,2.33,m,3
2023-01-28,松浦大桥,黄浦江,63401120,water_level,2.43,m,3
2023-01-29,松浦大桥,黄浦江,63401120,water_level,2.27,m,3
2023-01-30,松浦大桥,黄浦江,63401120,water_level,2.15,m,3
2023-01-31,松浦大桥,黄浦江,63401120,water_level,2.19,m,3
2023-02-01,松浦大桥,黄浦江,63401120,water_level,2.08,m,3
2023-02-02,松浦大桥,黄浦江,63401120,water_level,2.24,m,3
2023-02-03,松浦大桥,黄浦江,63401120,water_level,2.31,m,3
2023-02-04,松浦大桥,黄浦江,63401120,water_level,2.16,m,3
2023-02-05,松浦大桥,黄浦江,63401120,water_level,2.24,m,3
2023-02-06,松浦大桥,黄浦江,63401120,water_level,2.24,m,3
2023-02-07,松浦大桥,黄浦江,63401120,water_level,2.33,m,3
2023-02-08,松浦大桥,黄浦江,63401120,water_level,2.43,m,3
2023-02-09,松浦大桥,黄浦江,63401120,water_level,2.43,m,3
2023-02-10,松浦大桥,黄浦江,63401120,water_level,2.45,m,3
2023-02-11,松浦大桥,黄浦江,63401120,water_level,2.46,m,3
2023-02-12,松浦大桥,黄浦江,63401120,water_level,2.47,m,3
2023-02-13,松浦大桥,黄浦江,63401120,water_level,2.49,m,3
2023-02-14,松浦大桥,黄浦江,63401120,water_level,2.69,m,3
2023-02-15,松浦大桥,黄浦江,63401120,water_level,2.56,m,3
2023-02-16,松浦大桥,黄浦江,63401120,water_level,2.36,m,3
2023-02-17,松浦大桥,黄浦江,63401120,water_level,2.31,m,3
2023-02-18,松浦大桥,黄浦江,63401120,water_level,2.28,m,3
2023-02-19,松浦大桥,黄浦江,63401120,water_level,2.31,m,3
2023-02-20,松浦大桥,黄浦江,63401120,water_level,2.39,m,3
2023-02-21,松浦大桥,黄浦江,63401120,water_level,2.42,m,3
2023-02-22,松浦大桥,黄浦江,63401120,water_level,2.53,m,3
2023-02-23,松浦大桥,黄浦江,63401120,water_level,2.47,m,3
2023-02-24,松浦大桥,黄浦江,63401120,water_level,2.48,m,3
2023-02-25,松浦大桥,黄浦江,63401120,water_level,2.47,m,3
2023-02-26,松浦大桥,黄浦江,63401120,water_level,2.48,m,3
2023-02-27,松浦大桥,黄浦江,63401120,water_level,2.35,m,3
2023-02-28,松浦大桥,黄浦江,63401120,water_level,2.25,m,3
2023-03-01,松浦大桥,黄浦江,63401120,water_level,2.15,m,3
2023-03-02,松浦大桥,黄浦江,63401120,water_level,2.09,m,3
2023-03-03,松浦大桥,黄浦江,63401120,water_level,2.13,m,3
2023-03-04,松浦大桥,黄浦江,63401120,water_level,2.01,m,3
2023-03-05,松浦大桥,黄浦江,63401120,water_level,2.12,m,3
2023-03-06,松浦大桥,黄浦江,63401120,water_level,2.17,m,3
2023-03-07,松浦大桥,黄浦江,63401120,water_level,2.19,m,3
2023-03-08,松浦大桥,黄浦江,63401120,water_level,2.19,m,3
2023-03-09,松浦大桥,黄浦江,63401120,water_level,2.24,m,3
2023-03-10,松浦大桥,黄浦江,63401120,water_level,2.3,m,3
2023-03-11,松浦大桥,黄浦江,63401120,water_level,2.32,m,3
2023-03-12,松浦大桥,黄浦江,63401120,water_level,2.35,m,3
2023-03-13,松浦大桥,黄浦江,63401120,water_level,2.44,m,3
2023-03-14,松浦大桥,黄浦江,63401120,water_level,2.33,m,3
2023-03-15,松浦大桥,黄浦江,63401120,water_level,2.11,m,3
2023-03-16,松浦大桥,黄浦江,63401120,water_level,2.25,m,3
2023-03-17,松浦大桥,黄浦江,63401120,water_level,2.31,m,3
2023-03-18,松浦大桥,黄浦江,63401120,water_level,2.27,m,3
2023-03-19,松浦大桥,黄浦江,63401120,water_level,2.26,m,3
2023-03-20,松浦大桥,黄浦江,63401120,water_level,2.24,m,3
2023-03-21,松浦大桥,黄浦江,63401120,water_level,2.27,m,3
2023-03-22,松浦大桥,黄浦江,63401120,water_level,2.45,m,3
2023-03-23,松浦大桥,黄浦江,63401120,water_level,2.52,m,3
2023-03-24,松浦大桥,黄浦江,63401120,water_level,2.56,m,3
2023-03-25,松浦大桥,黄浦江,63401120,water_level,2.61,m,3
2023-03-26,松浦大桥,黄浦江,63401120,water_level,2.51,m,3
2023-03-27,松浦大桥,黄浦江,63401120,water_level,2.49,m,3
2023-03-28,松浦大桥,黄浦江,63401120,water_level,2.4,m,3
2023-03-29,松浦大桥,黄浦江,63401120,water_level,2.29,m,3
2023-03-30,松浦大桥,黄浦江,63401120,water_level,2.25,m,3
2023-03-31,松浦大桥,黄浦江,63401120,water_level,2.19,m,3
2023-04-01,松浦大桥,黄浦江,63401120,water_level,2.18,m,3
2023-04-02,松浦大桥,黄浦江,63401120,water_level,2.2,m,3
2023-04-03,松浦大桥,黄浦江,63401120,water_level,2.26,m,3
2023-04-04,松浦大桥,黄浦江,63401120,water_level,2.26,m,3
2023-04-05,松浦大桥,黄浦江,63401120,water_level,2.38,m,3
2023-04-06,松浦大桥,黄浦江,63401120,water_level,2.35,m,3
2023-04-07,松浦大桥,黄浦江,63401120,water_level,2.43,m,3
2023-04-08,松浦大桥,黄浦江,63401120,water_level,2.42,m,3
2023-04-09,松浦大桥,黄浦江,63401120,water_level,2.45,m,3
2023-04-10,松浦大桥,黄浦江,63401120,water_level,2.38,m,3
2023-04-11,松浦大桥,黄浦江,63401120,water_level,2.35,m,3
2023-04-12,松浦大桥,黄浦江,63401120,water_level,2.35,m,3
2023-04-13,松浦大桥,黄浦江,63401120,water_level,2.42,m,3
2023-04-14,松浦大桥,黄浦江,63401120,water_level,2.24,m,3
2023-04-15,松浦大桥,黄浦江,63401120,water_level,2.24,m,3
2023-04-16,松浦大桥,黄浦江,63401120,water_level,2.31,m,3
2023-04-17,松浦大桥,黄浦江,63401120,water_level,2.29,m,3
2023-04-18,松浦大桥,黄浦江,63401120,water_level,2.31,m,3
2023-04-19,松浦大桥,黄浦江,63401120,water_level,2.32,m,3
2023-04-20,松浦大桥,黄浦江,63401120,water_level,2.45,m,3
2023-04-21,松浦大桥,黄浦江,63401120,water_level,2.45,m,3
2023-04-22,松浦大桥,黄浦江,63401120,water_level,2.57,m,3
2023-04-23,松浦大桥,黄浦江,63401120,water_level,2.57,m,3
2023-04-24,松浦大桥,黄浦江,63401120,water_level,2.57,m,3
2023-04-25,松浦大桥,黄浦江,63401120,water_level,2.64,m,3
2023-04-26,松浦大桥,黄浦江,63401120,water_level,2.46,m,3
2023-04-27,松浦大桥,黄浦江,63401120,water_level,2.4,m,3
2023-04-28,松浦大桥,黄浦江,63401120,water_level,2.27,m,3
2023-04-29,松浦大桥,黄浦江,63401120,water_level,2.21,m,3
2023-04-30,松浦大桥,黄浦江,63401120,water_level,2.25,m,3
2023-05-01,松浦大桥,黄浦江,63401120,water_level,2.19,m,3
2023-05-02,松浦大桥,黄浦江,63401120,water_level,2.17,m,3
2023-05-03,松浦大桥,黄浦江,63401120,water_level,2.21,m,3
2023-05-04,松浦大桥,黄浦江,63401120,water_level,2.25,m,3
2023-05-05,松浦大桥,黄浦江,63401120,water_level,2.29,m,3
2023-05-06,松浦大桥,黄浦江,63401120,water_level,2.39,m,3
2023-05-07,松浦大桥,黄浦江,63401120,water_level,2.5,m,3
2023-05-08,松浦大桥,黄浦江,63401120,water_level,2.55,m,3
2023-05-09,松浦大桥,黄浦江,63401120,water_level,2.61,m,3
2023-05-10,松浦大桥,黄浦江,63401120,water_level,2.51,m,3
2023-05-11,松浦大桥,黄浦江,63401120,water_level,2.42,m,3
2023-05-12,松浦大桥,黄浦江,63401120,water_level,2.4,m,3
2023-05-13,松浦大桥,黄浦江,63401120,water_level,2.38,m,3
2023-05-14,松浦大桥,黄浦江,63401120,water_level,2.33,m,3
2023-05-15,松浦大桥,黄浦江,63401120,water_level,2.33,m,3
2023-05-16,松浦大桥,黄浦江,63401120,water_level,2.31,m,3
2023-05-17,松浦大桥,黄浦江,63401120,water_level,2.32,m,3
2023-05-18,松浦大桥,黄浦江,63401120,water_level,2.41,m,3
2023-05-19,松浦大桥,黄浦江,63401120,water_level,2.48,m,3
2023-05-20,松浦大桥,黄浦江,63401120,water_level,2.55,m,3
2023-05-21,松浦大桥,黄浦江,63401120,water_level,2.49,m,3
2023-05-22,松浦大桥,黄浦江,63401120,water_level,2.52,m,3
2023-05-23,松浦大桥,黄浦江,63401120,water_level,2.59,m,3
2023-05-24,松浦大桥,黄浦江,63401120,water_level,2.53,m,3
2023-05-25,松浦大桥,黄浦江,63401120,water_level,2.49,m,3
2023-05-26,松浦大桥,黄浦江,63401120,water_level,2.45,m,3
2023-05-27,松浦大桥,黄浦江,63401120,water_level,2.4,m,3
2023-05-28,松浦大桥,黄浦江,63401120,water_level,2.4,m,3
2023-05-29,松浦大桥,黄浦江,63401120,water_level,2.32,m,3
2023-05-30,松浦大桥,黄浦江,63401120,water_level,2.38,m,3
2023-05-31,松浦大桥,黄浦江,63401120,water_level,2.4,m,3
2023-06-01,松浦大桥,黄浦江,63401120,water_level,2.44,m,3
2023-06-02,松浦大桥,黄浦江,63401120,water_level,2.48,m,3
2023-06-03,松浦大桥,黄浦江,63401120,water_level,2.48,m,3
2023-06-04,松浦大桥,黄浦江,63401120,water_level,2.5,m,3
2023-06-05,松浦大桥,黄浦江,63401120,water_level,2.47,m,3
2023-06-06,松浦大桥,黄浦江,63401120,water_level,2.57,m,3
2023-06-07,松浦大桥,黄浦江,63401120,water_level,2.54,m,3
2023-06-08,松浦大桥,黄浦江,63401120,water_level,2.52,m,3
2023-06-09,松浦大桥,黄浦江,63401120,water_level,2.51,m,3
2023-06-10,松浦大桥,黄浦江,63401120,water_level,2.52,m,3
2023-06-11,松浦大桥,黄浦江,63401120,water_level,2.48,m,3
2023-06-12,松浦大桥,黄浦江,63401120,water_level,2.52,m,3
2023-06-13,松浦大桥,黄浦江,63401120,water_level,2.48,m,3
2023-06-14,松浦大桥,黄浦江,63401120,water_level,2.43,m,3
2023-06-15,松浦大桥,黄浦江,63401120,water_level,2.42,m,3
2023-06-16,松浦大桥,黄浦江,63401120,water_level,2.42,m,3
2023-06-17,松浦大桥,黄浦江,63401120,water_level,2.41,m,3
2023-06-18,松浦大桥,黄浦江,63401120,water_level,2.44,m,3
2023-06-19,松浦大桥,黄浦江,63401120,water_level,2.59,m,3
2023-06-20,松浦大桥,黄浦江,63401120,water_level,2.7,m,3
2023-06-21,松浦大桥,黄浦江,63401120,water_level,2.85,m,3
2023-06-22,松浦大桥,黄浦江,63401120,water_level,2.76,m,3
2023-06-23,松浦大桥,黄浦江,63401120,water_level,2.65,m,3
2023-06-24,松浦大桥,黄浦江,63401120,water_level,2.58,m,3
2023-06-25,松浦大桥,黄浦江,63401120,water_level,3.11,m,3
2023-06-26,松浦大桥,黄浦江,63401120,water_level,3.02,m,3
2023-06-27,松浦大桥,黄浦江,63401120,water_level,2.72,m,3
2023-06-28,松浦大桥,黄浦江,63401120,water_level,2.55,m,3
2023-06-29,松浦大桥,黄浦江,63401120,water_level,2.47,m,3
2023-06-30,松浦大桥,黄浦江,63401120,water_level,2.44,m,3
2023-07-01,松浦大桥,黄浦江,63401120,water_level,2.49,m,3
2023-07-02,松浦大桥,黄浦江,63401120,water_level,2.56,m,3
2023-07-03,松浦大桥,黄浦江,63401120,water_level,2.61,m,3
2023-07-04,松浦大桥,黄浦江,63401120,water_level,2.66,m,3
2023-07-05,松浦大桥,黄浦江,63401120,water_level,2.66,m,3
2023-07-06,松浦大桥,黄浦江,63401120,water_level,2.77,m,3
2023-07-07,松浦大桥,黄浦江,63401120,water_level,2.74,m,3
2023-07-08,松浦大桥,黄浦江,63401120,water_level,2.79,m,3
2023-07-09,松浦大桥,黄浦江,63401120,water_level,2.81,m,3
2023-07-10,松浦大桥,黄浦江,63401120,water_level,2.71,m,3
2023-07-11,松浦大桥,黄浦江,63401120,water_level,2.64,m,3
2023-07-12,松浦大桥,黄浦江,63401120,water_level,2.61,m,3
2023-07-13,松浦大桥,黄浦江,63401120,water_level,2.53,m,3
2023-07-14,松浦大桥,黄浦江,63401120,water_level,2.45,m,3
2023-07-15,松浦大桥,黄浦江,63401120,water_level,2.44,m,3
2023-07-16,松浦大桥,黄浦江,63401120,water_level,2.47,m,3
2023-07-17,松浦大桥,黄浦江,63401120,water_level,2.57,m,3
2023-07-18,松浦大桥,黄浦江,63401120,water_level,2.71,m,3
2023-07-19,松浦大桥,黄浦江,63401120,water_level,2.68,m,3
2023-07-20,松浦大桥,黄浦江,63401120,water_level,2.67,m,3
2023-07-21,松浦大桥,黄浦江,63401120,water_level,2.8,m,3
2023-07-22,松浦大桥,黄浦江,63401120,water_level,2.83,m,3
2023-07-23,松浦大桥,黄浦江,63401120,water_level,2.82,m,3
2023-07-24,松浦大桥,黄浦江,63401120,water_level,2.73,m,3
2023-07-25,松浦大桥,黄浦江,63401120,water_level,2.66,m,3
2023-07-26,松浦大桥,黄浦江,63401120,water_level,2.57,m,3
2023-07-27,松浦大桥,黄浦江,63401120,water_level,2.55,m,3
2023-07-28,松浦大桥,黄浦江,63401120,water_level,2.54,m,3
2023-07-29,松浦大桥,黄浦江,63401120,water_level,2.52,m,3
2023-07-30,松浦大桥,黄浦江,63401120,water_level,2.52,m,3
2023-07-31,松浦大桥,黄浦江,63401120,water_level,2.43,m,3
2023-08-01,松浦大桥,黄浦江,63401120,water_level,2.46,m,3
2023-08-02,松浦大桥,黄浦江,63401120,water_level,2.54,m,3
2023-08-03,松浦大桥,黄浦江,63401120,water_level,2.63,m,3
2023-08-04,松浦大桥,黄浦江,63401120,water_level,2.79,m,3
2023-08-05,松浦大桥,黄浦江,63401120,water_level,2.75,m,3
2023-08-06,松浦大桥,黄浦江,63401120,water_level,2.69,m,3
2023-08-07,松浦大桥,黄浦江,63401120,water_level,2.69,m,3
2023-08-08,松浦大桥,黄浦江,63401120,water_level,2.7,m,3
2023-08-09,松浦大桥,黄浦江,63401120,water_level,2.71,m,3
2023-08-10,松浦大桥,黄浦江,63401120,water_level,2.71,m,3
2023-08-11,松浦大桥,黄浦江,63401120,water_level,2.69,m,3
2023-08-12,松浦大桥,黄浦江,63401120,water_level,2.52,m,3
2023-08-13,松浦大桥,黄浦江,63401120,water_level,2.44,m,3
2023-08-14,松浦大桥,黄浦江,63401120,water_level,2.51,m,3
2023-08-15,松浦大桥,黄浦江,63401120,water_level,2.56,m,3
2023-08-16,松浦大桥,黄浦江,63401120,water_level,2.61,m,3
2023-08-17,松浦大桥,黄浦江,63401120,water_level,2.66,m,3
2023-08-18,松浦大桥,黄浦江,63401120,water_level,2.75,m,3
2023-08-19,松浦大桥,黄浦江,63401120,water_level,2.73,m,3
2023-08-20,松浦大桥,黄浦江,63401120,water_level,2.7,m,3
2023-08-21,松浦大桥,黄浦江,63401120,water_level,2.67,m,3
2023-08-22,松浦大桥,黄浦江,63401120,water_level,2.62,m,3
2023-08-23,松浦大桥,黄浦江,63401120,water_level,2.66,m,3
2023-08-24,松浦大桥,黄浦江,63401120,water_level,2.7,m,3
2023-08-25,松浦大桥,黄浦江,63401120,water_level,2.6,m,3
2023-08-26,松浦大桥,黄浦江,63401120,water_level,2.55,m,3
2023-08-27,松浦大桥,黄浦江,63401120,water_level,2.51,m,3
2023-08-28,松浦大桥,黄浦江,63401120,water_level,2.5,m,3
2023-08-29,松浦大桥,黄浦江,63401120,water_level,2.5,m,3
2023-08-30,松浦大桥,黄浦江,63401120,water_level,2.65,m,3
2023-08-31,松浦大桥,黄浦江,63401120,water_level,2.87,m,3
2023-09-01,松浦大桥,黄浦江,63401120,water_level,2.86,m,3
2023-09-02,松浦大桥,黄浦江,63401120,water_level,2.88,m,3
2023-09-03,松浦大桥,黄浦江,63401120,water_level,2.84,m,3
2023-09-04,松浦大桥,黄浦江,63401120,water_level,2.86,m,3
2023-09-05,松浦大桥,黄浦江,63401120,water_level,2.84,m,3
2023-09-06,松浦大桥,黄浦江,63401120,water_level,2.77,m,3
2023-09-07,松浦大桥,黄浦江,63401120,water_level,2.71,m,3
2023-09-08,松浦大桥,黄浦江,63401120,water_level,2.63,m,3
2023-09-09,松浦大桥,黄浦江,63401120,water_level,2.57,m,3
2023-09-10,松浦大桥,黄浦江,63401120,water_level,2.48,m,3
2023-09-11,松浦大桥,黄浦江,63401120,water_level,2.44,m,3
2023-09-12,松浦大桥,黄浦江,63401120,water_level,2.49,m,3
2023-09-13,松浦大桥,黄浦江,63401120,water_level,2.54,m,3
2023-09-14,松浦大桥,黄浦江,63401120,water_level,2.62,m,3
2023-09-15,松浦大桥,黄浦江,63401120,water_level,2.73,m,3
2023-09-16,松浦大桥,黄浦江,63401120,water_level,2.76,m,3
2023-09-17,松浦大桥,黄浦江,63401120,water_level,2.76,m,3
2023-09-18,松浦大桥,黄浦江,63401120,water_level,2.75,m,3
2023-09-19,松浦大桥,黄浦江,63401120,water_level,2.75,m,3
2023-09-20,松浦大桥,黄浦江,63401120,water_level,2.73,m,3
2023-09-21,松浦大桥,黄浦江,63401120,water_level,2.67,m,3
2023-09-22,松浦大桥,黄浦江,63401120,water_level,2.77,m,3
2023-09-23,松浦大桥,黄浦江,63401120,water_level,2.68,m,3
2023-09-24,松浦大桥,黄浦江,63401120,water_level,2.72,m,3
2023-09-25,松浦大桥,黄浦江,63401120,water_level,2.68,m,3
2023-09-26,松浦大桥,黄浦江,63401120,water_level,2.6,m,3
2023-09-27,松浦大桥,黄浦江,63401120,water_level,2.61,m,3
2023-09-28,松浦大桥,黄浦江,63401120,water_level,2.64,m,3
2023-09-29,松浦大桥,黄浦江,63401120,water_level,2.69,m,3
2023-09-30,松浦大桥,黄浦江,63401120,water_level,2.75,m,3
2023-10-01,松浦大桥,黄浦江,63401120,water_level,2.81,m,3
2023-10-02,松浦大桥,黄浦江,63401120,water_level,2.85,m,3
2023-10-03,松浦大桥,黄浦江,63401120,water_level,2.82,m,3
2023-10-04,松浦大桥,黄浦江,63401120,water_level,2.77,m,3
2023-10-05,松浦大桥,黄浦江,63401120,water_level,2.77,m,3
2023-10-06,松浦大桥,黄浦江,63401120,water_level,2.79,m,3
2023-10-07,松浦大桥,黄浦江,63401120,water_level,2.59,m,3
2023-10-08,松浦大桥,黄浦江,63401120,water_level,2.59,m,3
2023-10-09,松浦大桥,黄浦江,63401120,water_level,2.54,m,3
2023-10-10,松浦大桥,黄浦江,63401120,water_level,2.53,m,3
2023-10-11,松浦大桥,黄浦江,63401120,water_level,2.52,m,3
2023-10-12,松浦大桥,黄浦江,63401120,water_level,2.49,m,3
2023-10-13,松浦大桥,黄浦江,63401120,water_level,2.57,m,3
2023-10-14,松浦大桥,黄浦江,63401120,water_level,2.6,m,3
2023-10-15,松浦大桥,黄浦江,63401120,water_level,2.6,m,3
2023-10-16,松浦大桥,黄浦江,63401120,water_level,2.62,m,3
2023-10-17,松浦大桥,黄浦江,63401120,water_level,2.66,m,3
2023-10-18,松浦大桥,黄浦江,63401120,water_level,2.66,m,3
2023-10-19,松浦大桥,黄浦江,63401120,water_level,2.61,m,3
2023-10-20,松浦大桥,黄浦江,63401120,water_level,2.61,m,3
2023-10-21,松浦大桥,黄浦江,63401120,water_level,2.67,m,3
2023-10-22,松浦大桥,黄浦江,63401120,water_level,2.54,m,3
2023-10-23,松浦大桥,黄浦江,63401120,water_level,2.41,m,3
2023-10-24,松浦大桥,黄浦江,63401120,water_level,2.39,m,3
2023-10-25,松浦大桥,黄浦江,63401120,water_level,2.34,m,3
2023-10-26,松浦大桥,黄浦江,63401120,water_level,2.39,m,3
2023-10-27,松浦大桥,黄浦江,63401120,water_level,2.42,m,3
2023-10-28,松浦大桥,黄浦江,63401120,water_level,2.53,m,3
2023-10-29,松浦大桥,黄浦江,63401120,water_level,2.53,m,3
2023-10-30,松浦大桥,黄浦江,63401120,water_level,2.59,m,3
2023-10-31,松浦大桥,黄浦江,63401120,water_level,2.64,m,3
2023-11-01,松浦大桥,黄浦江,63401120,water_level,2.58,m,3
2023-11-02,松浦大桥,黄浦江,63401120,water_level,2.47,m,3
2023-11-03,松浦大桥,黄浦江,63401120,water_level,2.43,m,3
2023-11-04,松浦大桥,黄浦江,63401120,water_level,2.43,m,3
2023-11-05,松浦大桥,黄浦江,63401120,water_level,2.48,m,3
2023-11-06,松浦大桥,黄浦江,63401120,water_level,2.37,m,3
2023-11-07,松浦大桥,黄浦江,63401120,water_level,2.27,m,3
2023-11-08,松浦大桥,黄浦江,63401120,water_level,2.26,m,3
2023-11-09,松浦大桥,黄浦江,63401120,water_level,2.17,m,3
2023-11-10,松浦大桥,黄浦江,63401120,water_level,2.39,m,3
2023-11-11,松浦大桥,黄浦江,63401120,water_level,2.69,m,3
2023-11-12,松浦大桥,黄浦江,63401120,water_level,2.51,m,3
2023-11-13,松浦大桥,黄浦江,63401120,water_level,2.49,m,3
2023-11-14,松浦大桥,黄浦江,63401120,water_level,2.48,m,3
2023-11-15,松浦大桥,黄浦江,63401120,water_level,2.41,m,3
2023-11-16,松浦大桥,黄浦江,63401120,water_level,2.48,m,3
2023-11-17,松浦大桥,黄浦江,63401120,water_level,2.44,m,3
2023-11-18,松浦大桥,黄浦江,63401120,water_level,2.39,m,3
2023-11-19,松浦大桥,黄浦江,63401120,water_level,2.37,m,3
2023-11-20,松浦大桥,黄浦江,63401120,water_level,2.19,m,3
2023-11-21,松浦大桥,黄浦江,63401120,water_level,2.34,m,3
2023-11-22,松浦大桥,黄浦江,63401120,water_level,2.25,m,3
2023-11-23,松浦大桥,黄浦江,63401120,water_level,2.23,m,3
2023-11-24,松浦大桥,黄浦江,63401120,water_level,2.28,m,3
2023-11-25,松浦大桥,黄浦江,63401120,water_level,2.38,m,3
2023-11-26,松浦大桥,黄浦江,63401120,water_level,2.31,m,3
2023-11-27,松浦大桥,黄浦江,63401120,water_level,2.35,m,3
2023-11-28,松浦大桥,黄浦江,63401120,water_level,2.33,m,3
2023-11-29,松浦大桥,黄浦江,63401120,water_level,2.36,m,3
2023-11-30,松浦大桥,黄浦江,63401120,water_level,2.34,m,3
2023-12-01,松浦大桥,黄浦江,63401120,water_level,2.45,m,3
2023-12-02,松浦大桥,黄浦江,63401120,water_level,2.29,m,3
2023-12-03,松浦大桥,黄浦江,63401120,water_level,2.25,m,3
2023-12-04,松浦大桥,黄浦江,63401120,water_level,2.23,m,3
2023-12-05,松浦大桥,黄浦江,63401120,water_level,2.2,m,3
2023-12-06,松浦大桥,黄浦江,63401120,water_level,2.17,m,3
2023-12-07,松浦大桥,黄浦江,63401120,water_level,2.12,m,3
2023-12-08,松浦大桥,黄浦江,63401120,water_level,2.13,m,3
2023-12-09,松浦大桥,黄浦江,63401120,water_level,1.97,m,3
2023-12-10,松浦大桥,黄浦江,63401120,water_level,2.18,m,3
2023-12-11,松浦大桥,黄浦江,63401120,water_level,2.25,m,3
2023-12-12,松浦大桥,黄浦江,63401120,water_level,2.33,m,3
2023-12-13,松浦大桥,黄浦江,63401120,water_level,2.35,m,3
2023-12-14,松浦大桥,黄浦江,63401120,water_level,2.3,m,3
2023-12-15,松浦大桥,黄浦江,63401120,water_level,2.39,m,3
2023-12-16,松浦大桥,黄浦江,63401120,water_level,2.44,m,3
2023-12-17,松浦大桥,黄浦江,63401120,water_level,2.41,m,3
2023-12-18,松浦大桥,黄浦江,63401120,water_level,2.26,m,3
2023-12-19,松浦大桥,黄浦江,63401120,water_level,2.29,m,3
2023-12-20,松浦大桥,黄浦江,63401120,water_level,2.41,m,3
2023-12-21,松浦大桥,黄浦江,63401120,water_level,2.35,m,3
2023-12-22,松浦大桥,黄浦江,63401120,water_level,2.16,m,3
2023-12-23,松浦大桥,黄浦江,63401120,water_level,2.12,m,3
2023-12-24,松浦大桥,黄浦江,63401120,water_level,2.11,m,3
2023-12-25,松浦大桥,黄浦江,63401120,water_level,2.14,m,3
2023-12-26,松浦大桥,黄浦江,63401120,water_level,2.15,m,3
2023-12-27,松浦大桥,黄浦江,63401120,water_level,2.16,m,3
2023-12-28,松浦大桥,黄浦江,63401120,water_level,2.26,m,3
2023-12-29,松浦大桥,黄浦江,63401120,water_level,2.28,m,3
2023-12-30,松浦大桥,黄浦江,63401120,water_level,2.29,m,3
2023-12-31,松浦大桥,黄浦江,63401120,water_level,2.28,m,3
2024-01-01,松浦大桥,黄浦江,63401120,water_level,2.3,m,3
2024-01-02,松浦大桥,黄浦江,63401120,water_level,2.29,m,3
2024-01-03,松浦大桥,黄浦江,63401120,water_level,2.26,m,3
2024-01-04,松浦大桥,黄浦江,63401120,water_level,2.28,m,3
2024-01-05,松浦大桥,黄浦江,63401120,water_level,2.17,m,3
2024-01-06,松浦大桥,黄浦江,63401120,water_level,2.13,m,3
2024-01-07,松浦大桥,黄浦江,63401120,water_level,2.19,m,3
2024-01-08,松浦大桥,黄浦江,63401120,water_level,2.17,m,3
2024-01-09,松浦大桥,黄浦江,63401120,water_level,2.13,m,3
2024-01-10,松浦大桥,黄浦江,63401120,water_level,2.14,m,3
2024-01-11,松浦大桥,黄浦江,63401120,water_level,2.26,m,3
2024-01-12,松浦大桥,黄浦江,63401120,water_level,2.23,m,3
2024-01-13,松浦大桥,黄浦江,63401120,water_level,2.27,m,3
2024-01-14,松浦大桥,黄浦江,63401120,water_level,2.34,m,3
2024-01-15,松浦大桥,黄浦江,63401120,water_level,2.35,m,3
2024-01-16,松浦大桥,黄浦江,63401120,water_level,2.48,m,3
2024-01-17,松浦大桥,黄浦江,63401120,water_level,2.32,m,3
2024-01-18,松浦大桥,黄浦江,63401120,water_level,2.33,m,3
2024-01-19,松浦大桥,黄浦江,63401120,water_level,2.36,m,3
2024-01-20,松浦大桥,黄浦江,63401120,water_level,2.38,m,3
2024-01-21,松浦大桥,黄浦江,63401120,water_level,2.42,m,3
2024-01-22,松浦大桥,黄浦江,63401120,water_level,2.5,m,3
2024-01-23,松浦大桥,黄浦江,63401120,water_level,2.45,m,3
2024-01-24,松浦大桥,黄浦江,63401120,water_level,2.24,m,3
2024-01-25,松浦大桥,黄浦江,63401120,water_level,2.16,m,3
2024-01-26,松浦大桥,黄浦江,63401120,water_level,2.21,m,3
2024-01-27,松浦大桥,黄浦江,63401120,water_level,2.28,m,3
2024-01-28,松浦大桥,黄浦江,63401120,water_level,2.32,m,3
2024-01-29,松浦大桥,黄浦江,63401120,water_level,2.33,m,3
2024-01-30,松浦大桥,黄浦江,63401120,water_level,2.33,m,3
2024-01-31,松浦大桥,黄浦江,63401120,water_level,2.38,m,3
2024-02-01,松浦大桥,黄浦江,63401120,water_level,2.39,m,3
2024-02-02,松浦大桥,黄浦江,63401120,water_level,2.53,m,3
2024-02-03,松浦大桥,黄浦江,63401120,water_level,2.55,m,3
2024-02-04,松浦大桥,黄浦江,63401120,water_level,2.55,m,3
2024-02-05,松浦大桥,黄浦江,63401120,water_level,2.49,m,3
2024-02-06,松浦大桥,黄浦江,63401120,water_level,2.37,m,3
2024-02-07,松浦大桥,黄浦江,63401120,water_level,2.42,m,3
2024-02-08,松浦大桥,黄浦江,63401120,water_level,2.39,m,3
2024-02-09,松浦大桥,黄浦江,63401120,water_level,2.4,m,3
2024-02-10,松浦大桥,黄浦江,63401120,water_level,2.42,m,3
2024-02-11,松浦大桥,黄浦江,63401120,water_level,2.46,m,3
2024-02-12,松浦大桥,黄浦江,63401120,water_level,2.51,m,3
2024-02-13,松浦大桥,黄浦江,63401120,water_level,2.5,m,3
2024-02-14,松浦大桥,黄浦江,63401120,water_level,2.48,m,3
2024-02-15,松浦大桥,黄浦江,63401120,water_level,2.51,m,3
2024-02-16,松浦大桥,黄浦江,63401120,water_level,2.59,m,3
2024-02-17,松浦大桥,黄浦江,63401120,water_level,2.48,m,3
2024-02-18,松浦大桥,黄浦江,63401120,water_level,2.35,m,3
2024-02-19,松浦大桥,黄浦江,63401120,water_level,2.32,m,3
2024-02-20,松浦大桥,黄浦江,63401120,water_level,2.3,m,3
2024-02-21,松浦大桥,黄浦江,63401120,water_level,2.46,m,3
2024-02-22,松浦大桥,黄浦江,63401120,water_level,2.47,m,3
2024-02-23,松浦大桥,黄浦江,63401120,water_level,2.76,m,3
2024-02-24,松浦大桥,黄浦江,63401120,water_level,2.64,m,3
2024-02-25,松浦大桥,黄浦江,63401120,water_level,2.62,m,3
2024-02-26,松浦大桥,黄浦江,63401120,water_level,2.57,m,3
2024-02-27,松浦大桥,黄浦江,63401120,water_level,2.59,m,3
2024-02-28,松浦大桥,黄浦江,63401120,water_level,2.58,m,3
2024-02-29,松浦大桥,黄浦江,63401120,water_level,2.66,m,3
2024-03-01,松浦大桥,黄浦江,63401120,water_level,2.79,m,3
2024-03-02,松浦大桥,黄浦江,63401120,water_level,2.79,m,3
2024-03-03,松浦大桥,黄浦江,63401120,water_level,2.46,m,3
2024-03-04,松浦大桥,黄浦江,63401120,water_level,2.36,m,3
2024-03-05,松浦大桥,黄浦江,63401120,water_level,2.4,m,3
2024-03-06,松浦大桥,黄浦江,63401120,water_level,2.43,m,3
2024-03-07,松浦大桥,黄浦江,63401120,water_level,2.59,m,3
2024-03-08,松浦大桥,黄浦江,63401120,water_level,2.49,m,3
2024-03-09,松浦大桥,黄浦江,63401120,water_level,2.38,m,3
2024-03-10,松浦大桥,黄浦江,63401120,water_level,2.5,m,3
2024-03-11,松浦大桥,黄浦江,63401120,water_level,2.63,m,3
2024-03-12,松浦大桥,黄浦江,63401120,water_level,2.58,m,3
2024-03-13,松浦大桥,黄浦江,63401120,water_level,2.65,m,3
2024-03-14,松浦大桥,黄浦江,63401120,water_level,2.6,m,3
2024-03-15,松浦大桥,黄浦江,63401120,water_level,2.56,m,3
2024-03-16,松浦大桥,黄浦江,63401120,water_level,2.54,m,3
2024-03-17,松浦大桥,黄浦江,63401120,water_level,2.47,m,3
2024-03-18,松浦大桥,黄浦江,63401120,water_level,2.45,m,3
2024-03-19,松浦大桥,黄浦江,63401120,water_level,2.38,m,3
2024-03-20,松浦大桥,黄浦江,63401120,water_level,2.23,m,3
2024-03-21,松浦大桥,黄浦江,63401120,water_level,2.32,m,3
2024-03-22,松浦大桥,黄浦江,63401120,water_level,2.19,m,3
2024-03-23,松浦大桥,黄浦江,63401120,water_level,2.23,m,3
2024-03-24,松浦大桥,黄浦江,63401120,water_level,2.42,m,3
2024-03-25,松浦大桥,黄浦江,63401120,water_level,2.46,m,3
2024-03-26,松浦大桥,黄浦江,63401120,water_level,2.54,m,3
2024-03-27,松浦大桥,黄浦江,63401120,water_level,2.55,m,3
2024-03-28,松浦大桥,黄浦江,63401120,water_level,2.52,m,3
2024-03-29,松浦大桥,黄浦江,63401120,water_level,2.56,m,3
2024-03-30,松浦大桥,黄浦江,63401120,water_level,2.52,m,3
2024-03-31,松浦大桥,黄浦江,63401120,water_level,2.5,m,3
2024-04-01,松浦大桥,黄浦江,63401120,water_level,2.55,m,3
2024-04-02,松浦大桥,黄浦江,63401120,water_level,2.44,m,3
2024-04-03,松浦大桥,黄浦江,63401120,water_level,2.36,m,3
2024-04-04,松浦大桥,黄浦江,63401120,water_level,2.39,m,3
2024-04-05,松浦大桥,黄浦江,63401120,water_level,2.43,m,3
2024-04-06,松浦大桥,黄浦江,63401120,water_level,2.41,m,3
2024-04-07,松浦大桥,黄浦江,63401120,water_level,2.43,m,3
2024-04-08,松浦大桥,黄浦江,63401120,water_level,2.47,m,3
2024-04-09,松浦大桥,黄浦江,63401120,water_level,2.6,m,3
2024-04-10,松浦大桥,黄浦江,63401120,water_level,2.68,m,3
2024-04-11,松浦大桥,黄浦江,63401120,water_level,2.65,m,3
2024-04-12,松浦大桥,黄浦江,63401120,water_level,2.63,m,3
2024-04-13,松浦大桥,黄浦江,63401120,water_level,2.63,m,3
2024-04-14,松浦大桥,黄浦江,63401120,water_level,2.59,m,3
2024-04-15,松浦大桥,黄浦江,63401120,water_level,2.53,m,3
2024-04-16,松浦大桥,黄浦江,63401120,water_level,2.47,m,3
2024-04-17,松浦大桥,黄浦江,63401120,water_level,2.46,m,3
2024-04-18,松浦大桥,黄浦江,63401120,water_level,2.42,m,3
2024-04-19,松浦大桥,黄浦江,63401120,water_level,2.42,m,3
2024-04-20,松浦大桥,黄浦江,63401120,water_level,2.43,m,3
2024-04-21,松浦大桥,黄浦江,63401120,water_level,2.43,m,3
2024-04-22,松浦大桥,黄浦江,63401120,water_level,2.56,m,3
2024-04-23,松浦大桥,黄浦江,63401120,water_level,2.57,m,3
2024-04-24,松浦大桥,黄浦江,63401120,water_level,2.61,m,3
2024-04-25,松浦大桥,黄浦江,63401120,water_level,2.62,m,3
2024-04-26,松浦大桥,黄浦江,63401120,water_level,2.58,m,3
2024-04-27,松浦大桥,黄浦江,63401120,water_level,2.59,m,3
2024-04-28,松浦大桥,黄浦江,63401120,water_level,2.6,m,3
2024-04-29,松浦大桥,黄浦江,63401120,water_level,2.6,m,3
2024-04-30,松浦大桥,黄浦江,63401120,water_level,2.58,m,3
2024-05-01,松浦大桥,黄浦江,63401120,water_level,2.63,m,3
2024-05-02,松浦大桥,黄浦江,63401120,water_level,2.54,m,3
2024-05-03,松浦大桥,黄浦江,63401120,water_level,2.2,m,3
2024-05-04,松浦大桥,黄浦江,63401120,water_level,2.49,m,3
2024-05-05,松浦大桥,黄浦江,63401120,water_level,2.44,m,3
2024-05-06,松浦大桥,黄浦江,63401120,water_level,2.48,m,3
2024-05-07,松浦大桥,黄浦江,63401120,water_level,2.55,m,3
2024-05-08,松浦大桥,黄浦江,63401120,water_level,2.56,m,3
2024-05-09,松浦大桥,黄浦江,63401120,water_level,2.66,m,3
2024-05-10,松浦大桥,黄浦江,63401120,water_level,2.67,m,3
2024-05-11,松浦大桥,黄浦江,63401120,water_level,2.65,m,3
2024-05-12,松浦大桥,黄浦江,63401120,water_level,2.57,m,3
2024-05-13,松浦大桥,黄浦江,63401120,water_level,2.68,m,3
2024-05-14,松浦大桥,黄浦江,63401120,water_level,2.57,m,3
2024-05-15,松浦大桥,黄浦江,63401120,water_level,2.48,m,3
2024-05-16,松浦大桥,黄浦江,63401120,water_level,2.53,m,3
2024-05-17,松浦大桥,黄浦江,63401120,water_level,2.33,m,3
2024-05-18,松浦大桥,黄浦江,63401120,water_level,2.24,m,3
2024-05-19,松浦大桥,黄浦江,63401120,water_level,2.36,m,3
2024-05-20,松浦大桥,黄浦江,63401120,water_level,2.42,m,3
2024-05-21,松浦大桥,黄浦江,63401120,water_level,2.39,m,3
2024-05-22,松浦大桥,黄浦江,63401120,water_level,2.46,m,3
2024-05-23,松浦大桥,黄浦江,63401120,water_level,2.47,m,3
2024-05-24,松浦大桥,黄浦江,63401120,water_level,2.51,m,3
2024-05-25,松浦大桥,黄浦江,63401120,water_level,2.48,m,3
2024-05-26,松浦大桥,黄浦江,63401120,water_level,2.57,m,3
2024-05-27,松浦大桥,黄浦江,63401120,water_level,2.53,m,3
2024-05-28,松浦大桥,黄浦江,63401120,water_level,2.7,m,3
2024-05-29,松浦大桥,黄浦江,63401120,water_level,2.6,m,3
2024-05-30,松浦大桥,黄浦江,63401120,water_level,2.56,m,3
2024-05-31,松浦大桥,黄浦江,63401120,water_level,2.49,m,3
2024-06-01,松浦大桥,黄浦江,63401120,water_level,2.48,m,3
2024-06-02,松浦大桥,黄浦江,63401120,water_level,2.49,m,3
2024-06-03,松浦大桥,黄浦江,63401120,water_level,2.42,m,3
2024-06-04,松浦大桥,黄浦江,63401120,water_level,2.46,m,3
2024-06-05,松浦大桥,黄浦江,63401120,water_level,2.53,m,3
2024-06-06,松浦大桥,黄浦江,63401120,water_level,2.57,m,3
2024-06-07,松浦大桥,黄浦江,63401120,water_level,2.57,m,3
2024-06-08,松浦大桥,黄浦江,63401120,water_level,2.58,m,3
2024-06-09,松浦大桥,黄浦江,63401120,water_level,2.56,m,3
2024-06-10,松浦大桥,黄浦江,63401120,water_level,2.59,m,3
2024-06-11,松浦大桥,黄浦江,63401120,water_level,2.54,m,3
2024-06-12,松浦大桥,黄浦江,63401120,water_level,2.55,m,3
2024-06-13,松浦大桥,黄浦江,63401120,water_level,2.52,m,3
2024-06-14,松浦大桥,黄浦江,63401120,water_level,2.51,m,3
2024-06-15,松浦大桥,黄浦江,63401120,water_level,2.47,m,3
2024-06-16,松浦大桥,黄浦江,63401120,water_level,2.49,m,3
2024-06-17,松浦大桥,黄浦江,63401120,water_level,2.43,m,3
2024-06-18,松浦大桥,黄浦江,63401120,water_level,2.42,m,3
2024-06-19,松浦大桥,黄浦江,63401120,water_level,2.41,m,3
2024-06-20,松浦大桥,黄浦江,63401120,water_level,2.49,m,3
2024-06-21,松浦大桥,黄浦江,63401120,water_level,2.61,m,3
2024-06-22,松浦大桥,黄浦江,63401120,water_level,2.73,m,3
2024-06-23,松浦大桥,黄浦江,63401120,water_level,2.7,m,3
2024-06-24,松浦大桥,黄浦江,63401120,water_level,2.82,m,3
2024-06-25,松浦大桥,黄浦江,63401120,water_level,2.87,m,3
2024-06-26,松浦大桥,黄浦江,63401120,water_level,2.89,m,3
2024-06-27,松浦大桥,黄浦江,63401120,water_level,2.98,m,3
2024-06-28,松浦大桥,黄浦江,63401120,water_level,3.03,m,3
2024-06-29,松浦大桥,黄浦江,63401120,water_level,3.0,m,3
2024-06-30,松浦大桥,黄浦江,63401120,water_level,2.89,m,3
2024-07-01,松浦大桥,黄浦江,63401120,water_level,2.94,m,3
2024-07-02,松浦大桥,黄浦江,63401120,water_level,2.94,m,3
2024-07-03,松浦大桥,黄浦江,63401120,water_level,2.77,m,3
2024-07-04,松浦大桥,黄浦江,63401120,water_level,2.81,m,3
2024-07-05,松浦大桥,黄浦江,63401120,water_level,2.8,m,3
2024-07-06,松浦大桥,黄浦江,63401120,water_level,2.77,m,3
2024-07-07,松浦大桥,黄浦江,63401120,water_level,2.77,m,3
2024-07-08,松浦大桥,黄浦江,63401120,water_level,2.81,m,3
2024-07-09,松浦大桥,黄浦江,63401120,water_level,2.78,m,3
2024-07-10,松浦大桥,黄浦江,63401120,water_level,2.76,m,3
2024-07-11,松浦大桥,黄浦江,63401120,water_level,2.81,m,3
2024-07-12,松浦大桥,黄浦江,63401120,water_level,2.9,m,3
2024-07-13,松浦大桥,黄浦江,63401120,water_level,2.91,m,3
2024-07-14,松浦大桥,黄浦江,63401120,water_level,2.92,m,3
2024-07-15,松浦大桥,黄浦江,63401120,water_level,2.84,m,3
2024-07-16,松浦大桥,黄浦江,63401120,water_level,2.76,m,3
2024-07-17,松浦大桥,黄浦江,63401120,water_level,2.65,m,3
2024-07-18,松浦大桥,黄浦江,63401120,water_level,2.6,m,3
2024-07-19,松浦大桥,黄浦江,63401120,water_level,2.61,m,3
2024-07-20,松浦大桥,黄浦江,63401120,water_level,2.66,m,3
2024-07-21,松浦大桥,黄浦江,63401120,water_level,2.66,m,3
2024-07-22,松浦大桥,黄浦江,63401120,water_level,2.73,m,3
2024-07-23,松浦大桥,黄浦江,63401120,water_level,2.74,m,3
2024-07-24,松浦大桥,黄浦江,63401120,water_level,2.79,m,3
2024-07-25,松浦大桥,黄浦江,63401120,water_level,2.85,m,3
2024-07-26,松浦大桥,黄浦江,63401120,water_level,2.86,m,3
2024-07-27,松浦大桥,黄浦江,63401120,water_level,2.91,m,3
2024-07-28,松浦大桥,黄浦江,63401120,water_level,2.77,m,3
2024-07-29,松浦大桥,黄浦江,63401120,water_level,2.57,m,3
2024-07-30,松浦大桥,黄浦江,63401120,water_level,2.53,m,3
2024-07-31,松浦大桥,黄浦江,63401120,water_level,2.47,m,3
2024-08-01,松浦大桥,黄浦江,63401120,water_level,2.43,m,3
2024-08-02,松浦大桥,黄浦江,63401120,water_level,2.48,m,3
2024-08-03,松浦大桥,黄浦江,63401120,water_level,2.54,m,3
2024-08-04,松浦大桥,黄浦江,63401120,water_level,2.59,m,3
2024-08-05,松浦大桥,黄浦江,63401120,water_level,2.62,m,3
2024-08-06,松浦大桥,黄浦江,63401120,water_level,2.64,m,3
2024-08-07,松浦大桥,黄浦江,63401120,water_level,2.68,m,3
2024-08-08,松浦大桥,黄浦江,63401120,water_level,2.69,m,3
2024-08-09,松浦大桥,黄浦江,63401120,water_level,2.73,m,3
2024-08-10,松浦大桥,黄浦江,63401120,water_level,2.71,m,3
2024-08-11,松浦大桥,黄浦江,63401120,water_level,2.65,m,3
2024-08-12,松浦大桥,黄浦江,63401120,water_level,2.62,m,3
2024-08-13,松浦大桥,黄浦江,63401120,water_level,2.64,m,3
2024-08-14,松浦大桥,黄浦江,63401120,water_level,2.63,m,3
2024-08-15,松浦大桥,黄浦江,63401120,water_level,2.58,m,3
2024-08-16,松浦大桥,黄浦江,63401120,water_level,2.53,m,3
2024-08-17,松浦大桥,黄浦江,63401120,water_level,2.55,m,3
2024-08-18,松浦大桥,黄浦江,63401120,water_level,2.58,m,3
2024-08-19,松浦大桥,黄浦江,63401120,water_level,2.6,m,3
2024-08-20,松浦大桥,黄浦江,63401120,water_level,2.64,m,3
2024-08-21,松浦大桥,黄浦江,63401120,water_level,2.7,m,3
2024-08-22,松浦大桥,黄浦江,63401120,water_level,2.75,m,3
2024-08-23,松浦大桥,黄浦江,63401120,water_level,2.72,m,3
2024-08-24,松浦大桥,黄浦江,63401120,water_level,2.77,m,3
2024-08-25,松浦大桥,黄浦江,63401120,water_level,2.73,m,3
2024-08-26,松浦大桥,黄浦江,63401120,water_level,2.69,m,3
2024-08-27,松浦大桥,黄浦江,63401120,water_level,2.64,m,3
2024-08-28,松浦大桥,黄浦江,63401120,water_level,2.62,m,3
2024-08-29,松浦大桥,黄浦江,63401120,water_level,2.64,m,3
2024-08-30,松浦大桥,黄浦江,63401120,water_level,2.66,m,3
2024-08-31,松浦大桥,黄浦江,63401120,water_level,2.58,m,3
2024-09-01,松浦大桥,黄浦江,63401120,water_level,2.51,m,3
2024-09-02,松浦大桥,黄浦江,63401120,water_level,2.52,m,3
2024-09-03,松浦大桥,黄浦江,63401120,water_level,2.57,m,3
2024-09-04,松浦大桥,黄浦江,63401120,water_level,2.64,m,3
2024-09-05,松浦大桥,黄浦江,63401120,water_level,2.62,m,3
2024-09-06,松浦大桥,黄浦江,63401120,water_level,2.66,m,3
2024-09-07,松浦大桥,黄浦江,63401120,water_level,2.65,m,3
2024-09-08,松浦大桥,黄浦江,63401120,water_level,2.62,m,3
2024-09-09,松浦大桥,黄浦江,63401120,water_level,2.61,m,3
2024-09-10,松浦大桥,黄浦江,63401120,water_level,2.58,m,3
2024-09-11,松浦大桥,黄浦江,63401120,water_level,2.7,m,3
2024-09-12,松浦大桥,黄浦江,63401120,water_level,2.88,m,3
2024-09-13,松浦大桥,黄浦江,63401120,water_level,2.62,m,3
2024-09-14,松浦大桥,黄浦江,63401120,water_level,2.48,m,3
2024-09-15,松浦大桥,黄浦江,63401120,water_level,2.55,m,3
2024-09-16,松浦大桥,黄浦江,63401120,water_level,2.74,m,3
2024-09-17,松浦大桥,黄浦江,63401120,water_level,3.31,m,3
2024-09-18,松浦大桥,黄浦江,63401120,water_level,3.2,m,3
2024-09-19,松浦大桥,黄浦江,63401120,water_level,3.14,m,3
2024-09-20,松浦大桥,黄浦江,63401120,water_level,3.21,m,3
2024-09-21,松浦大桥,黄浦江,63401120,water_level,3.37,m,3
2024-09-22,松浦大桥,黄浦江,63401120,water_level,3.18,m,3
2024-09-23,松浦大桥,黄浦江,63401120,water_level,3.04,m,3
2024-09-24,松浦大桥,黄浦江,63401120,water_level,2.8,m,3
2024-09-25,松浦大桥,黄浦江,63401120,water_level,2.72,m,3
2024-09-26,松浦大桥,黄浦江,63401120,water_level,2.6,m,3
2024-09-27,松浦大桥,黄浦江,63401120,water_level,2.52,m,3
2024-09-28,松浦大桥,黄浦江,63401120,water_level,2.52,m,3
2024-09-29,松浦大桥,黄浦江,63401120,water_level,2.53,m,3
2024-09-30,松浦大桥,黄浦江,63401120,water_level,2.59,m,3
2024-10-01,松浦大桥,黄浦江,63401120,water_level,2.63,m,3
2024-10-02,松浦大桥,黄浦江,63401120,water_level,2.7,m,3
2024-10-03,松浦大桥,黄浦江,63401120,water_level,2.73,m,3
2024-10-04,松浦大桥,黄浦江,63401120,water_level,2.68,m,3
2024-10-05,松浦大桥,黄浦江,63401120,water_level,2.75,m,3
2024-10-06,松浦大桥,黄浦江,63401120,water_level,2.82,m,3
2024-10-07,松浦大桥,黄浦江,63401120,water_level,2.7,m,3
2024-10-08,松浦大桥,黄浦江,63401120,water_level,2.66,m,3
2024-10-09,松浦大桥,黄浦江,63401120,water_level,2.56,m,3
2024-10-10,松浦大桥,黄浦江,63401120,water_level,2.49,m,3
2024-10-11,松浦大桥,黄浦江,63401120,water_level,2.5,m,3
2024-10-12,松浦大桥,黄浦江,63401120,water_level,2.48,m,3
2024-10-13,松浦大桥,黄浦江,63401120,water_level,2.47,m,3
2024-10-14,松浦大桥,黄浦江,63401120,water_level,2.43,m,3
2024-10-15,松浦大桥,黄浦江,63401120,water_level,2.44,m,3
2024-10-16,松浦大桥,黄浦江,63401120,water_level,2.53,m,3
2024-10-17,松浦大桥,黄浦江,63401120,water_level,2.64,m,3
2024-10-18,松浦大桥,黄浦江,63401120,water_level,2.7,m,3
2024-10-19,松浦大桥,黄浦江,63401120,water_level,2.73,m,3
2024-10-20,松浦大桥,黄浦江,63401120,water_level,2.84,m,3
2024-10-21,松浦大桥,黄浦江,63401120,water_level,2.81,m,3
2024-10-22,松浦大桥,黄浦江,63401120,water_level,2.74,m,3
2024-10-23,松浦大桥,黄浦江,63401120,water_level,2.67,m,3
2024-10-24,松浦大桥,黄浦江,63401120,water_level,2.52,m,3
2024-10-25,松浦大桥,黄浦江,63401120,water_level,2.41,m,3
2024-10-26,松浦大桥,黄浦江,63401120,water_level,2.57,m,3
2024-10-27,松浦大桥,黄浦江,63401120,water_level,2.57,m,3
2024-10-28,松浦大桥,黄浦江,63401120,water_level,2.53,m,3
2024-10-29,松浦大桥,黄浦江,63401120,water_level,2.51,m,3
2024-10-30,松浦大桥,黄浦江,63401120,water_level,2.51,m,3
2024-10-31,松浦大桥,黄浦江,63401120,water_level,2.69,m,3
2024-11-01,松浦大桥,黄浦江,63401120,water_level,2.75,m,3
2024-11-02,松浦大桥,黄浦江,63401120,water_level,3.42,m,3
2024-11-03,松浦大桥,黄浦江,63401120,water_level,3.27,m,3
2024-11-04,松浦大桥,黄浦江,63401120,water_level,2.92,m,3
2024-11-05,松浦大桥,黄浦江,63401120,water_level,2.78,m,3
2024-11-06,松浦大桥,黄浦江,63401120,water_level,2.74,m,3
2024-11-07,松浦大桥,黄浦江,63401120,water_level,2.64,m,3
2024-11-08,松浦大桥,黄浦江,63401120,water_level,2.57,m,3
2024-11-09,松浦大桥,黄浦江,63401120,water_level,2.52,m,3
2024-11-10,松浦大桥,黄浦江,63401120,water_level,2.53,m,3
2024-11-11,松浦大桥,黄浦江,63401120,water_level,2.46,m,3
2024-11-12,松浦大桥,黄浦江,63401120,water_level,2.45,m,3
2024-11-13,松浦大桥,黄浦江,63401120,water_level,2.42,m,3
2024-11-14,松浦大桥,黄浦江,63401120,water_level,2.49,m,3
2024-11-15,松浦大桥,黄浦江,63401120,water_level,2.55,m,3
2024-11-16,松浦大桥,黄浦江,63401120,water_level,2.62,m,3
2024-11-17,松浦大桥,黄浦江,63401120,water_level,2.66,m,3
2024-11-18,松浦大桥,黄浦江,63401120,water_level,2.83,m,3
2024-11-19,松浦大桥,黄浦江,63401120,water_level,2.82,m,3
2024-11-20,松浦大桥,黄浦江,63401120,water_level,2.63,m,3
2024-11-21,松浦大桥,黄浦江,63401120,water_level,2.56,m,3
2024-11-22,松浦大桥,黄浦江,63401120,water_level,2.46,m,3
2024-11-23,松浦大桥,黄浦江,63401120,water_level,2.43,m,3
2024-11-24,松浦大桥,黄浦江,63401120,water_level,2.41,m,3
2024-11-25,松浦大桥,黄浦江,63401120,water_level,2.36,m,3
2024-11-26,松浦大桥,黄浦江,63401120,water_level,2.35,m,3
2024-11-27,松浦大桥,黄浦江,63401120,water_level,2.32,m,3
2024-11-28,松浦大桥,黄浦江,63401120,water_level,2.19,m,3
2024-11-29,松浦大桥,黄浦江,63401120,water_level,2.07,m,3
2024-11-30,松浦大桥,黄浦江,63401120,water_level,2.08,m,3
2024-12-01,松浦大桥,黄浦江,63401120,water_level,2.18,m,3
2024-12-02,松浦大桥,黄浦江,63401120,water_level,2.23,m,3
2024-12-03,松浦大桥,黄浦江,63401120,water_level,2.32,m,3
2024-12-04,松浦大桥,黄浦江,63401120,water_level,2.42,m,3
2024-12-05,松浦大桥,黄浦江,63401120,water_level,2.33,m,3
2024-12-06,松浦大桥,黄浦江,63401120,water_level,2.35,m,3
2024-12-07,松浦大桥,黄浦江,63401120,water_level,2.29,m,3
2024-12-08,松浦大桥,黄浦江,63401120,water_level,2.29,m,3
2024-12-09,松浦大桥,黄浦江,63401120,water_level,2.35,m,3
2024-12-10,松浦大桥,黄浦江,63401120,water_level,2.18,m,3
2024-12-11,松浦大桥,黄浦江,63401120,water_level,2.27,m,3
2024-12-12,松浦大桥,黄浦江,63401120,water_level,2.32,m,3
2024-12-13,松浦大桥,黄浦江,63401120,water_level,2.34,m,3
2024-12-14,松浦大桥,黄浦江,63401120,water_level,2.3,m,3
2024-12-15,松浦大桥,黄浦江,63401120,water_level,2.31,m,3
2024-12-16,松浦大桥,黄浦江,63401120,water_level,2.25,m,3
2024-12-17,松浦大桥,黄浦江,63401120,water_level,2.26,m,3
2024-12-18,松浦大桥,黄浦江,63401120,water_level,2.31,m,3
2024-12-19,松浦大桥,黄浦江,63401120,water_level,2.4,m,3
2024-12-20,松浦大桥,黄浦江,63401120,water_level,2.34,m,3
2024-12-21,松浦大桥,黄浦江,63401120,water_level,2.27,m,3
2024-12-22,松浦大桥,黄浦江,63401120,water_level,2.34,m,3
2024-12-23,松浦大桥,黄浦江,63401120,water_level,2.26,m,3
2024-12-24,松浦大桥,黄浦江,63401120,water_level,2.17,m,3
2024-12-25,松浦大桥,黄浦江,63401120,water_level,2.24,m,3
2024-12-26,松浦大桥,黄浦江,63401120,water_level,2.16,m,3
2024-12-27,松浦大桥,黄浦江,63401120,water_level,2.2,m,3
2024-12-28,松浦大桥,黄浦江,63401120,water_level,2.14,m,3
2024-12-29,松浦大桥,黄浦江,63401120,water_level,2.08,m,3
2024-12-30,松浦大桥,黄浦江,63401120,water_level,2.09,m,3
2024-12-31,松浦大桥,黄浦江,63401120,water_level,2.14,m,3
2022-01-01,黄渡,苏州河/吴淞江,63405100,flow,26.4,m3/s,0
2022-01-02,黄渡,苏州河/吴淞江,63405100,flow,10.9,m3/s,0
2022-01-03,黄渡,苏州河/吴淞江,63405100,flow,3.8,m3/s,0
2022-01-04,黄渡,苏州河/吴淞江,63405100,flow,5.8,m3/s,0
2022-01-05,黄渡,苏州河/吴淞江,63405100,flow,4.3,m3/s,0
2022-01-06,黄渡,苏州河/吴淞江,63405100,flow,3.9,m3/s,0
2022-01-07,黄渡,苏州河/吴淞江,63405100,flow,4.6,m3/s,0
2022-01-08,黄渡,苏州河/吴淞江,63405100,flow,9.9,m3/s,0
2022-01-09,黄渡,苏州河/吴淞江,63405100,flow,27.5,m3/s,0
2022-01-10,黄渡,苏州河/吴淞江,63405100,flow,31.0,m3/s,0
2022-01-11,黄渡,苏州河/吴淞江,63405100,flow,28.7,m3/s,0
2022-01-12,黄渡,苏州河/吴淞江,63405100,flow,32.2,m3/s,0
2022-01-13,黄渡,苏州河/吴淞江,63405100,flow,30.8,m3/s,0
2022-01-14,黄渡,苏州河/吴淞江,63405100,flow,30.9,m3/s,0
2022-01-15,黄渡,苏州河/吴淞江,63405100,flow,30.4,m3/s,0
2022-01-16,黄渡,苏州河/吴淞江,63405100,flow,29.4,m3/s,0
2022-01-17,黄渡,苏州河/吴淞江,63405100,flow,9.6,m3/s,0
2022-01-18,黄渡,苏州河/吴淞江,63405100,flow,12.3,m3/s,0
2022-01-19,黄渡,苏州河/吴淞江,63405100,flow,10.1,m3/s,0
2022-01-20,黄渡,苏州河/吴淞江,63405100,flow,4.6,m3/s,0
2022-01-21,黄渡,苏州河/吴淞江,63405100,flow,4.8,m3/s,0
2022-01-22,黄渡,苏州河/吴淞江,63405100,flow,5.4,m3/s,0
2022-01-23,黄渡,苏州河/吴淞江,63405100,flow,5.1,m3/s,0
2022-01-24,黄渡,苏州河/吴淞江,63405100,flow,28.0,m3/s,0
2022-01-25,黄渡,苏州河/吴淞江,63405100,flow,32.8,m3/s,0
2022-01-26,黄渡,苏州河/吴淞江,63405100,flow,32.0,m3/s,0
2022-01-27,黄渡,苏州河/吴淞江,63405100,flow,36.6,m3/s,0
2022-01-28,黄渡,苏州河/吴淞江,63405100,flow,37.6,m3/s,0
2022-01-29,黄渡,苏州河/吴淞江,63405100,flow,35.1,m3/s,0
2022-01-30,黄渡,苏州河/吴淞江,63405100,flow,34.9,m3/s,0
2022-01-31,黄渡,苏州河/吴淞江,63405100,flow,11.1,m3/s,0
2022-02-01,黄渡,苏州河/吴淞江,63405100,flow,11.0,m3/s,0
2022-02-02,黄渡,苏州河/吴淞江,63405100,flow,8.9,m3/s,0
2022-02-03,黄渡,苏州河/吴淞江,63405100,flow,9.2,m3/s,0
2022-02-04,黄渡,苏州河/吴淞江,63405100,flow,8.8,m3/s,0
2022-02-05,黄渡,苏州河/吴淞江,63405100,flow,11.6,m3/s,0
2022-02-06,黄渡,苏州河/吴淞江,63405100,flow,11.9,m3/s,0
2022-02-07,黄渡,苏州河/吴淞江,63405100,flow,32.6,m3/s,0
2022-02-08,黄渡,苏州河/吴淞江,63405100,flow,41.2,m3/s,0
2022-02-09,黄渡,苏州河/吴淞江,63405100,flow,45.4,m3/s,0
2022-02-10,黄渡,苏州河/吴淞江,63405100,flow,41.1,m3/s,0
2022-02-11,黄渡,苏州河/吴淞江,63405100,flow,41.1,m3/s,0
2022-02-12,黄渡,苏州河/吴淞江,63405100,flow,39.9,m3/s,0
2022-02-13,黄渡,苏州河/吴淞江,63405100,flow,38.5,m3/s,0
2022-02-14,黄渡,苏州河/吴淞江,63405100,flow,35.9,m3/s,0
2022-02-15,黄渡,苏州河/吴淞江,63405100,flow,9.8,m3/s,0
2022-02-16,黄渡,苏州河/吴淞江,63405100,flow,15.7,m3/s,0
2022-02-17,黄渡,苏州河/吴淞江,63405100,flow,7.3,m3/s,0
2022-02-18,黄渡,苏州河/吴淞江,63405100,flow,3.4,m3/s,0
2022-02-19,黄渡,苏州河/吴淞江,63405100,flow,1.8,m3/s,0
2022-02-20,黄渡,苏州河/吴淞江,63405100,flow,7.9,m3/s,0
2022-02-21,黄渡,苏州河/吴淞江,63405100,flow,6.2,m3/s,0
2022-02-22,黄渡,苏州河/吴淞江,63405100,flow,30.8,m3/s,0
2022-02-23,黄渡,苏州河/吴淞江,63405100,flow,35.5,m3/s,0
2022-02-24,黄渡,苏州河/吴淞江,63405100,flow,38.0,m3/s,0
2022-02-25,黄渡,苏州河/吴淞江,63405100,flow,37.4,m3/s,0
2022-02-26,黄渡,苏州河/吴淞江,63405100,flow,33.5,m3/s,0
2022-02-27,黄渡,苏州河/吴淞江,63405100,flow,32.4,m3/s,0
2022-02-28,黄渡,苏州河/吴淞江,63405100,flow,34.5,m3/s,0
2022-03-01,黄渡,苏州河/吴淞江,63405100,flow,32.7,m3/s,0
2022-03-02,黄渡,苏州河/吴淞江,63405100,flow,14.3,m3/s,0
2022-03-03,黄渡,苏州河/吴淞江,63405100,flow,9.5,m3/s,0
2022-03-04,黄渡,苏州河/吴淞江,63405100,flow,3.2,m3/s,0
2022-03-05,黄渡,苏州河/吴淞江,63405100,flow,7.3,m3/s,0
2022-03-06,黄渡,苏州河/吴淞江,63405100,flow,7.7,m3/s,0
2022-03-07,黄渡,苏州河/吴淞江,63405100,flow,7.9,m3/s,0
2022-03-08,黄渡,苏州河/吴淞江,63405100,flow,8.5,m3/s,0
2022-03-09,黄渡,苏州河/吴淞江,63405100,flow,34.5,m3/s,0
2022-03-10,黄渡,苏州河/吴淞江,63405100,flow,38.8,m3/s,0
2022-03-11,黄渡,苏州河/吴淞江,63405100,flow,44.2,m3/s,0
2022-03-12,黄渡,苏州河/吴淞江,63405100,flow,35.2,m3/s,0
2022-03-13,黄渡,苏州河/吴淞江,63405100,flow,29.1,m3/s,0
2022-03-14,黄渡,苏州河/吴淞江,63405100,flow,40.2,m3/s,0
2022-03-15,黄渡,苏州河/吴淞江,63405100,flow,35.2,m3/s,0
2022-03-16,黄渡,苏州河/吴淞江,63405100,flow,34.7,m3/s,0
2022-03-17,黄渡,苏州河/吴淞江,63405100,flow,11.1,m3/s,0
2022-03-18,黄渡,苏州河/吴淞江,63405100,flow,6.6,m3/s,0
2022-03-19,黄渡,苏州河/吴淞江,63405100,flow,6.2,m3/s,0
2022-03-20,黄渡,苏州河/吴淞江,63405100,flow,-8.2,m3/s,0
2022-03-21,黄渡,苏州河/吴淞江,63405100,flow,-7.3,m3/s,0
2022-03-22,黄渡,苏州河/吴淞江,63405100,flow,2.5,m3/s,0
2022-03-23,黄渡,苏州河/吴淞江,63405100,flow,20.6,m3/s,0
2022-03-24,黄渡,苏州河/吴淞江,63405100,flow,40.5,m3/s,0
2022-03-25,黄渡,苏州河/吴淞江,63405100,flow,35.5,m3/s,0
2022-03-26,黄渡,苏州河/吴淞江,63405100,flow,42.1,m3/s,0
2022-03-27,黄渡,苏州河/吴淞江,63405100,flow,46.5,m3/s,0
2022-03-28,黄渡,苏州河/吴淞江,63405100,flow,48.9,m3/s,0
2022-03-29,黄渡,苏州河/吴淞江,63405100,flow,39.8,m3/s,0
2022-03-30,黄渡,苏州河/吴淞江,63405100,flow,40.6,m3/s,0
2022-03-31,黄渡,苏州河/吴淞江,63405100,flow,14.6,m3/s,0
2022-04-01,黄渡,苏州河/吴淞江,63405100,flow,13.3,m3/s,0
2022-04-02,黄渡,苏州河/吴淞江,63405100,flow,12.8,m3/s,0
2022-04-03,黄渡,苏州河/吴淞江,63405100,flow,11.9,m3/s,0
2022-04-04,黄渡,苏州河/吴淞江,63405100,flow,11.3,m3/s,0
2022-04-05,黄渡,苏州河/吴淞江,63405100,flow,11.8,m3/s,0
2022-04-06,黄渡,苏州河/吴淞江,63405100,flow,13.3,m3/s,0
2022-04-07,黄渡,苏州河/吴淞江,63405100,flow,26.2,m3/s,0
2022-04-08,黄渡,苏州河/吴淞江,63405100,flow,28.4,m3/s,0
2022-04-09,黄渡,苏州河/吴淞江,63405100,flow,29.0,m3/s,0
2022-04-10,黄渡,苏州河/吴淞江,63405100,flow,31.2,m3/s,0
2022-04-11,黄渡,苏州河/吴淞江,63405100,flow,30.4,m3/s,0
2022-04-12,黄渡,苏州河/吴淞江,63405100,flow,27.1,m3/s,0
2022-04-13,黄渡,苏州河/吴淞江,63405100,flow,18.7,m3/s,0
2022-04-14,黄渡,苏州河/吴淞江,63405100,flow,24.9,m3/s,0
2022-04-15,黄渡,苏州河/吴淞江,63405100,flow,10.6,m3/s,0
2022-04-16,黄渡,苏州河/吴淞江,63405100,flow,14.2,m3/s,0
2022-04-17,黄渡,苏州河/吴淞江,63405100,flow,9.2,m3/s,0
2022-04-18,黄渡,苏州河/吴淞江,63405100,flow,12.6,m3/s,0
2022-04-19,黄渡,苏州河/吴淞江,63405100,flow,7.4,m3/s,0
2022-04-20,黄渡,苏州河/吴淞江,63405100,flow,12.4,m3/s,0
2022-04-21,黄渡,苏州河/吴淞江,63405100,flow,12.4,m3/s,0
2022-04-22,黄渡,苏州河/吴淞江,63405100,flow,32.1,m3/s,0
2022-04-23,黄渡,苏州河/吴淞江,63405100,flow,30.5,m3/s,0
2022-04-24,黄渡,苏州河/吴淞江,63405100,flow,25.0,m3/s,0
2022-04-25,黄渡,苏州河/吴淞江,63405100,flow,32.4,m3/s,0
2022-04-26,黄渡,苏州河/吴淞江,63405100,flow,24.6,m3/s,0
2022-04-27,黄渡,苏州河/吴淞江,63405100,flow,24.6,m3/s,0
2022-04-28,黄渡,苏州河/吴淞江,63405100,flow,26.2,m3/s,0
2022-04-29,黄渡,苏州河/吴淞江,63405100,flow,25.6,m3/s,0
2022-04-30,黄渡,苏州河/吴淞江,63405100,flow,11.0,m3/s,0
2022-05-01,黄渡,苏州河/吴淞江,63405100,flow,8.1,m3/s,0
2022-05-02,黄渡,苏州河/吴淞江,63405100,flow,13.5,m3/s,0
2022-05-03,黄渡,苏州河/吴淞江,63405100,flow,9.6,m3/s,0
2022-05-04,黄渡,苏州河/吴淞江,63405100,flow,10.7,m3/s,0
2022-05-05,黄渡,苏州河/吴淞江,63405100,flow,13.5,m3/s,0
2022-05-06,黄渡,苏州河/吴淞江,63405100,flow,6.4,m3/s,0
2022-05-07,黄渡,苏州河/吴淞江,63405100,flow,26.1,m3/s,0
2022-05-08,黄渡,苏州河/吴淞江,63405100,flow,30.6,m3/s,0
2022-05-09,黄渡,苏州河/吴淞江,63405100,flow,25.6,m3/s,0
2022-05-10,黄渡,苏州河/吴淞江,63405100,flow,29.2,m3/s,0
2022-05-11,黄渡,苏州河/吴淞江,63405100,flow,27.3,m3/s,0
2022-05-12,黄渡,苏州河/吴淞江,63405100,flow,25.1,m3/s,0
2022-05-13,黄渡,苏州河/吴淞江,63405100,flow,19.4,m3/s,0
2022-05-14,黄渡,苏州河/吴淞江,63405100,flow,25.3,m3/s,0
2022-05-15,黄渡,苏州河/吴淞江,63405100,flow,6.1,m3/s,0
2022-05-16,黄渡,苏州河/吴淞江,63405100,flow,8.4,m3/s,0
2022-05-17,黄渡,苏州河/吴淞江,63405100,flow,5.6,m3/s,0
2022-05-18,黄渡,苏州河/吴淞江,63405100,flow,8.8,m3/s,0
2022-05-19,黄渡,苏州河/吴淞江,63405100,flow,6.0,m3/s,0
2022-05-20,黄渡,苏州河/吴淞江,63405100,flow,9.2,m3/s,0
2022-05-21,黄渡,苏州河/吴淞江,63405100,flow,14.1,m3/s,0
2022-05-22,黄渡,苏州河/吴淞江,63405100,flow,24.8,m3/s,0
2022-05-23,黄渡,苏州河/吴淞江,63405100,flow,29.6,m3/s,0
2022-05-24,黄渡,苏州河/吴淞江,63405100,flow,27.4,m3/s,0
2022-05-25,黄渡,苏州河/吴淞江,63405100,flow,26.7,m3/s,0
2022-05-26,黄渡,苏州河/吴淞江,63405100,flow,25.6,m3/s,0
2022-05-27,黄渡,苏州河/吴淞江,63405100,flow,22.2,m3/s,0
2022-05-28,黄渡,苏州河/吴淞江,63405100,flow,23.3,m3/s,0
2022-05-29,黄渡,苏州河/吴淞江,63405100,flow,10.1,m3/s,0
2022-05-30,黄渡,苏州河/吴淞江,63405100,flow,9.1,m3/s,0
2022-05-31,黄渡,苏州河/吴淞江,63405100,flow,5.7,m3/s,0
2022-06-01,黄渡,苏州河/吴淞江,63405100,flow,12.5,m3/s,0
2022-06-02,黄渡,苏州河/吴淞江,63405100,flow,5.4,m3/s,0
2022-06-03,黄渡,苏州河/吴淞江,63405100,flow,2.9,m3/s,0
2022-06-04,黄渡,苏州河/吴淞江,63405100,flow,10.3,m3/s,0
2022-06-05,黄渡,苏州河/吴淞江,63405100,flow,18.9,m3/s,0
2022-06-06,黄渡,苏州河/吴淞江,63405100,flow,39.0,m3/s,0
2022-06-07,黄渡,苏州河/吴淞江,63405100,flow,42.3,m3/s,0
2022-06-08,黄渡,苏州河/吴淞江,63405100,flow,43.8,m3/s,0
2022-06-09,黄渡,苏州河/吴淞江,63405100,flow,43.7,m3/s,0
2022-06-10,黄渡,苏州河/吴淞江,63405100,flow,41.6,m3/s,0
2022-06-11,黄渡,苏州河/吴淞江,63405100,flow,38.3,m3/s,0
2022-06-12,黄渡,苏州河/吴淞江,63405100,flow,41.3,m3/s,0
2022-06-13,黄渡,苏州河/吴淞江,63405100,flow,25.0,m3/s,0
2022-06-14,黄渡,苏州河/吴淞江,63405100,flow,18.0,m3/s,0
2022-06-15,黄渡,苏州河/吴淞江,63405100,flow,10.6,m3/s,0
2022-06-16,黄渡,苏州河/吴淞江,63405100,flow,10.7,m3/s,0
2022-06-17,黄渡,苏州河/吴淞江,63405100,flow,7.3,m3/s,0
2022-06-18,黄渡,苏州河/吴淞江,63405100,flow,10.8,m3/s,0
2022-06-19,黄渡,苏州河/吴淞江,63405100,flow,13.2,m3/s,0
2022-06-20,黄渡,苏州河/吴淞江,63405100,flow,37.9,m3/s,0
2022-06-21,黄渡,苏州河/吴淞江,63405100,flow,38.5,m3/s,0
2022-06-22,黄渡,苏州河/吴淞江,63405100,flow,42.3,m3/s,0
2022-06-23,黄渡,苏州河/吴淞江,63405100,flow,46.3,m3/s,0
2022-06-24,黄渡,苏州河/吴淞江,63405100,flow,43.1,m3/s,0
2022-06-25,黄渡,苏州河/吴淞江,63405100,flow,42.9,m3/s,0
2022-06-26,黄渡,苏州河/吴淞江,63405100,flow,43.0,m3/s,0
2022-06-27,黄渡,苏州河/吴淞江,63405100,flow,39.1,m3/s,0
2022-06-28,黄渡,苏州河/吴淞江,63405100,flow,16.8,m3/s,0
2022-06-29,黄渡,苏州河/吴淞江,63405100,flow,0.4,m3/s,0
2022-06-30,黄渡,苏州河/吴淞江,63405100,flow,26.7,m3/s,0
2022-07-01,黄渡,苏州河/吴淞江,63405100,flow,11.2,m3/s,0
2022-07-02,黄渡,苏州河/吴淞江,63405100,flow,13.6,m3/s,0
2022-07-03,黄渡,苏州河/吴淞江,63405100,flow,11.4,m3/s,0
2022-07-04,黄渡,苏州河/吴淞江,63405100,flow,12.5,m3/s,0
2022-07-05,黄渡,苏州河/吴淞江,63405100,flow,30.1,m3/s,0
2022-07-06,黄渡,苏州河/吴淞江,63405100,flow,41.7,m3/s,0
2022-07-07,黄渡,苏州河/吴淞江,63405100,flow,39.7,m3/s,0
2022-07-08,黄渡,苏州河/吴淞江,63405100,flow,39.0,m3/s,0
2022-07-09,黄渡,苏州河/吴淞江,63405100,flow,40.4,m3/s,0
2022-07-10,黄渡,苏州河/吴淞江,63405100,flow,42.8,m3/s,0
2022-07-11,黄渡,苏州河/吴淞江,63405100,flow,33.0,m3/s,0
2022-07-12,黄渡,苏州河/吴淞江,63405100,flow,18.5,m3/s,0
2022-07-13,黄渡,苏州河/吴淞江,63405100,flow,15.0,m3/s,0
2022-07-14,黄渡,苏州河/吴淞江,63405100,flow,12.2,m3/s,0
2022-07-15,黄渡,苏州河/吴淞江,63405100,flow,37.6,m3/s,0
2022-07-16,黄渡,苏州河/吴淞江,63405100,flow,17.0,m3/s,0
2022-07-17,黄渡,苏州河/吴淞江,63405100,flow,4.7,m3/s,0
2022-07-18,黄渡,苏州河/吴淞江,63405100,flow,5.9,m3/s,0
2022-07-19,黄渡,苏州河/吴淞江,63405100,flow,4.6,m3/s,0
2022-07-20,黄渡,苏州河/吴淞江,63405100,flow,33.5,m3/s,0
2022-07-21,黄渡,苏州河/吴淞江,63405100,flow,40.1,m3/s,0
2022-07-22,黄渡,苏州河/吴淞江,63405100,flow,40.3,m3/s,0
2022-07-23,黄渡,苏州河/吴淞江,63405100,flow,48.2,m3/s,0
2022-07-24,黄渡,苏州河/吴淞江,63405100,flow,42.2,m3/s,0
2022-07-25,黄渡,苏州河/吴淞江,63405100,flow,44.2,m3/s,0
2022-07-26,黄渡,苏州河/吴淞江,63405100,flow,42.1,m3/s,0
2022-07-27,黄渡,苏州河/吴淞江,63405100,flow,39.4,m3/s,0
2022-07-28,黄渡,苏州河/吴淞江,63405100,flow,16.2,m3/s,0
2022-07-29,黄渡,苏州河/吴淞江,63405100,flow,6.9,m3/s,0
2022-07-30,黄渡,苏州河/吴淞江,63405100,flow,15.5,m3/s,0
2022-07-31,黄渡,苏州河/吴淞江,63405100,flow,25.2,m3/s,0
2022-08-01,黄渡,苏州河/吴淞江,63405100,flow,8.8,m3/s,0
2022-08-02,黄渡,苏州河/吴淞江,63405100,flow,18.9,m3/s,0
2022-08-03,黄渡,苏州河/吴淞江,63405100,flow,11.9,m3/s,0
2022-08-04,黄渡,苏州河/吴淞江,63405100,flow,38.7,m3/s,0
2022-08-05,黄渡,苏州河/吴淞江,63405100,flow,40.5,m3/s,0
2022-08-06,黄渡,苏州河/吴淞江,63405100,flow,32.6,m3/s,0
2022-08-07,黄渡,苏州河/吴淞江,63405100,flow,42.7,m3/s,0
2022-08-08,黄渡,苏州河/吴淞江,63405100,flow,40.0,m3/s,0
2022-08-09,黄渡,苏州河/吴淞江,63405100,flow,40.4,m3/s,0
2022-08-10,黄渡,苏州河/吴淞江,63405100,flow,36.6,m3/s,0
2022-08-11,黄渡,苏州河/吴淞江,63405100,flow,38.5,m3/s,0
2022-08-12,黄渡,苏州河/吴淞江,63405100,flow,8.7,m3/s,0
2022-08-13,黄渡,苏州河/吴淞江,63405100,flow,2.5,m3/s,0
2022-08-14,黄渡,苏州河/吴淞江,63405100,flow,7.0,m3/s,0
2022-08-15,黄渡,苏州河/吴淞江,63405100,flow,9.9,m3/s,0
2022-08-16,黄渡,苏州河/吴淞江,63405100,flow,12.0,m3/s,0
2022-08-17,黄渡,苏州河/吴淞江,63405100,flow,14.5,m3/s,0
2022-08-18,黄渡,苏州河/吴淞江,63405100,flow,11.3,m3/s,0
2022-08-19,黄渡,苏州河/吴淞江,63405100,flow,28.2,m3/s,0
2022-08-20,黄渡,苏州河/吴淞江,63405100,flow,41.7,m3/s,0
2022-08-21,黄渡,苏州河/吴淞江,63405100,flow,48.1,m3/s,0
2022-08-22,黄渡,苏州河/吴淞江,63405100,flow,44.4,m3/s,0
2022-08-23,黄渡,苏州河/吴淞江,63405100,flow,37.6,m3/s,0
2022-08-24,黄渡,苏州河/吴淞江,63405100,flow,34.2,m3/s,0
2022-08-25,黄渡,苏州河/吴淞江,63405100,flow,37.3,m3/s,0
2022-08-26,黄渡,苏州河/吴淞江,63405100,flow,27.4,m3/s,0
2022-08-27,黄渡,苏州河/吴淞江,63405100,flow,22.4,m3/s,0
2022-08-28,黄渡,苏州河/吴淞江,63405100,flow,21.7,m3/s,0
2022-08-29,黄渡,苏州河/吴淞江,63405100,flow,20.5,m3/s,0
2022-08-30,黄渡,苏州河/吴淞江,63405100,flow,18.4,m3/s,0
2022-08-31,黄渡,苏州河/吴淞江,63405100,flow,12.7,m3/s,0
2022-09-01,黄渡,苏州河/吴淞江,63405100,flow,4.4,m3/s,0
2022-09-02,黄渡,苏州河/吴淞江,63405100,flow,22.2,m3/s,0
2022-09-03,黄渡,苏州河/吴淞江,63405100,flow,41.1,m3/s,0
2022-09-04,黄渡,苏州河/吴淞江,63405100,flow,45.8,m3/s,0
2022-09-05,黄渡,苏州河/吴淞江,63405100,flow,28.4,m3/s,0
2022-09-06,黄渡,苏州河/吴淞江,63405100,flow,45.5,m3/s,0
2022-09-07,黄渡,苏州河/吴淞江,63405100,flow,37.6,m3/s,0
2022-09-08,黄渡,苏州河/吴淞江,63405100,flow,31.7,m3/s,0
2022-09-09,黄渡,苏州河/吴淞江,63405100,flow,30.7,m3/s,0
2022-09-10,黄渡,苏州河/吴淞江,63405100,flow,16.3,m3/s,0
2022-09-11,黄渡,苏州河/吴淞江,63405100,flow,10.4,m3/s,0
2022-09-12,黄渡,苏州河/吴淞江,63405100,flow,10.6,m3/s,0
2022-09-13,黄渡,苏州河/吴淞江,63405100,flow,25.5,m3/s,0
2022-09-14,黄渡,苏州河/吴淞江,63405100,flow,23.8,m3/s,0
2022-09-15,黄渡,苏州河/吴淞江,63405100,flow,-7.1,m3/s,0
2022-09-16,黄渡,苏州河/吴淞江,63405100,flow,41.6,m3/s,0
2022-09-17,黄渡,苏州河/吴淞江,63405100,flow,48.9,m3/s,0
2022-09-18,黄渡,苏州河/吴淞江,63405100,flow,44.2,m3/s,0
2022-09-19,黄渡,苏州河/吴淞江,63405100,flow,37.6,m3/s,0
2022-09-20,黄渡,苏州河/吴淞江,63405100,flow,41.4,m3/s,0
2022-09-21,黄渡,苏州河/吴淞江,63405100,flow,42.3,m3/s,0
2022-09-22,黄渡,苏州河/吴淞江,63405100,flow,39.1,m3/s,0
2022-09-23,黄渡,苏州河/吴淞江,63405100,flow,37.8,m3/s,0
2022-09-24,黄渡,苏州河/吴淞江,63405100,flow,34.9,m3/s,0
2022-09-25,黄渡,苏州河/吴淞江,63405100,flow,14.7,m3/s,0
2022-09-26,黄渡,苏州河/吴淞江,63405100,flow,7.8,m3/s,0
2022-09-27,黄渡,苏州河/吴淞江,63405100,flow,-1.1,m3/s,0
2022-09-28,黄渡,苏州河/吴淞江,63405100,flow,-9.6,m3/s,0
2022-09-29,黄渡,苏州河/吴淞江,63405100,flow,-8.3,m3/s,0
2022-09-30,黄渡,苏州河/吴淞江,63405100,flow,-7.6,m3/s,0
2022-10-01,黄渡,苏州河/吴淞江,63405100,flow,-3.9,m3/s,0
2022-10-02,黄渡,苏州河/吴淞江,63405100,flow,2.9,m3/s,0
2022-10-03,黄渡,苏州河/吴淞江,63405100,flow,6.9,m3/s,0
2022-10-04,黄渡,苏州河/吴淞江,63405100,flow,1.6,m3/s,0
2022-10-05,黄渡,苏州河/吴淞江,63405100,flow,6.5,m3/s,0
2022-10-06,黄渡,苏州河/吴淞江,63405100,flow,17.5,m3/s,0
2022-10-07,黄渡,苏州河/吴淞江,63405100,flow,26.2,m3/s,0
2022-10-08,黄渡,苏州河/吴淞江,63405100,flow,28.5,m3/s,0
2022-10-09,黄渡,苏州河/吴淞江,63405100,flow,25.8,m3/s,0
2022-10-10,黄渡,苏州河/吴淞江,63405100,flow,23.5,m3/s,0
2022-10-11,黄渡,苏州河/吴淞江,63405100,flow,-8.8,m3/s,0
2022-10-12,黄渡,苏州河/吴淞江,63405100,flow,-10.4,m3/s,0
2022-10-13,黄渡,苏州河/吴淞江,63405100,flow,-13.4,m3/s,0
2022-10-14,黄渡,苏州河/吴淞江,63405100,flow,-9.0,m3/s,0
2022-10-15,黄渡,苏州河/吴淞江,63405100,flow,-2.4,m3/s,0
2022-10-16,黄渡,苏州河/吴淞江,63405100,flow,1.8,m3/s,0
2022-10-17,黄渡,苏州河/吴淞江,63405100,flow,2.6,m3/s,0
2022-10-18,黄渡,苏州河/吴淞江,63405100,flow,9.4,m3/s,0
2022-10-19,黄渡,苏州河/吴淞江,63405100,flow,12.6,m3/s,0
2022-10-20,黄渡,苏州河/吴淞江,63405100,flow,13.5,m3/s,0
2022-10-21,黄渡,苏州河/吴淞江,63405100,flow,12.5,m3/s,0
2022-10-22,黄渡,苏州河/吴淞江,63405100,flow,14.6,m3/s,0
2022-10-23,黄渡,苏州河/吴淞江,63405100,flow,12.7,m3/s,0
2022-10-24,黄渡,苏州河/吴淞江,63405100,flow,11.4,m3/s,0
2022-10-25,黄渡,苏州河/吴淞江,63405100,flow,8.0,m3/s,0
2022-10-26,黄渡,苏州河/吴淞江,63405100,flow,5.9,m3/s,0
2022-10-27,黄渡,苏州河/吴淞江,63405100,flow,4.7,m3/s,0
2022-10-28,黄渡,苏州河/吴淞江,63405100,flow,4.2,m3/s,0
2022-10-29,黄渡,苏州河/吴淞江,63405100,flow,2.7,m3/s,0
2022-10-30,黄渡,苏州河/吴淞江,63405100,flow,1.0,m3/s,0
2022-10-31,黄渡,苏州河/吴淞江,63405100,flow,-5.7,m3/s,0
2022-11-01,黄渡,苏州河/吴淞江,63405100,flow,-1.9,m3/s,0
2022-11-02,黄渡,苏州河/吴淞江,63405100,flow,-4.8,m3/s,0
2022-11-03,黄渡,苏州河/吴淞江,63405100,flow,-0.9,m3/s,0
2022-11-04,黄渡,苏州河/吴淞江,63405100,flow,-4.1,m3/s,0
2022-11-05,黄渡,苏州河/吴淞江,63405100,flow,-1.5,m3/s,0
2022-11-06,黄渡,苏州河/吴淞江,63405100,flow,-4.4,m3/s,0
2022-11-07,黄渡,苏州河/吴淞江,63405100,flow,-4.6,m3/s,0
2022-11-08,黄渡,苏州河/吴淞江,63405100,flow,-10.2,m3/s,0
2022-11-09,黄渡,苏州河/吴淞江,63405100,flow,-11.3,m3/s,0
2022-11-10,黄渡,苏州河/吴淞江,63405100,flow,-7.5,m3/s,0
2022-11-11,黄渡,苏州河/吴淞江,63405100,flow,0.4,m3/s,0
2022-11-12,黄渡,苏州河/吴淞江,63405100,flow,17.6,m3/s,0
2022-11-13,黄渡,苏州河/吴淞江,63405100,flow,19.3,m3/s,0
2022-11-14,黄渡,苏州河/吴淞江,63405100,flow,20.8,m3/s,0
2022-11-15,黄渡,苏州河/吴淞江,63405100,flow,32.3,m3/s,0
2022-11-16,黄渡,苏州河/吴淞江,63405100,flow,36.1,m3/s,0
2022-11-17,黄渡,苏州河/吴淞江,63405100,flow,27.3,m3/s,0
2022-11-18,黄渡,苏州河/吴淞江,63405100,flow,36.6,m3/s,0
2022-11-19,黄渡,苏州河/吴淞江,63405100,flow,38.0,m3/s,0
2022-11-20,黄渡,苏州河/吴淞江,63405100,flow,32.7,m3/s,0
2022-11-21,黄渡,苏州河/吴淞江,63405100,flow,31.5,m3/s,0
2022-11-22,黄渡,苏州河/吴淞江,63405100,flow,28.5,m3/s,0
2022-11-23,黄渡,苏州河/吴淞江,63405100,flow,9.9,m3/s,0
2022-11-24,黄渡,苏州河/吴淞江,63405100,flow,3.7,m3/s,0
2022-11-25,黄渡,苏州河/吴淞江,63405100,flow,3.4,m3/s,0
2022-11-26,黄渡,苏州河/吴淞江,63405100,flow,2.3,m3/s,0
2022-11-27,黄渡,苏州河/吴淞江,63405100,flow,2.2,m3/s,0
2022-11-28,黄渡,苏州河/吴淞江,63405100,flow,10.9,m3/s,0
2022-11-29,黄渡,苏州河/吴淞江,63405100,flow,19.2,m3/s,0
2022-11-30,黄渡,苏州河/吴淞江,63405100,flow,40.4,m3/s,0
2022-12-01,黄渡,苏州河/吴淞江,63405100,flow,39.7,m3/s,0
2022-12-02,黄渡,苏州河/吴淞江,63405100,flow,41.3,m3/s,0
2022-12-03,黄渡,苏州河/吴淞江,63405100,flow,39.2,m3/s,0
2022-12-04,黄渡,苏州河/吴淞江,63405100,flow,36.0,m3/s,0
2022-12-05,黄渡,苏州河/吴淞江,63405100,flow,29.2,m3/s,0
2022-12-06,黄渡,苏州河/吴淞江,63405100,flow,35.5,m3/s,0
2022-12-07,黄渡,苏州河/吴淞江,63405100,flow,37.0,m3/s,0
2022-12-08,黄渡,苏州河/吴淞江,63405100,flow,36.3,m3/s,0
2022-12-09,黄渡,苏州河/吴淞江,63405100,flow,38.0,m3/s,0
2022-12-10,黄渡,苏州河/吴淞江,63405100,flow,33.0,m3/s,0
2022-12-11,黄渡,苏州河/吴淞江,63405100,flow,17.1,m3/s,0
2022-12-12,黄渡,苏州河/吴淞江,63405100,flow,15.5,m3/s,0
2022-12-13,黄渡,苏州河/吴淞江,63405100,flow,13.5,m3/s,0
2022-12-14,黄渡,苏州河/吴淞江,63405100,flow,28.1,m3/s,0
2022-12-15,黄渡,苏州河/吴淞江,63405100,flow,30.2,m3/s,0
2022-12-16,黄渡,苏州河/吴淞江,63405100,flow,35.9,m3/s,0
2022-12-17,黄渡,苏州河/吴淞江,63405100,flow,39.3,m3/s,0
2022-12-18,黄渡,苏州河/吴淞江,63405100,flow,34.9,m3/s,0
2022-12-19,黄渡,苏州河/吴淞江,63405100,flow,32.6,m3/s,0
2022-12-20,黄渡,苏州河/吴淞江,63405100,flow,30.5,m3/s,0
2022-12-21,黄渡,苏州河/吴淞江,63405100,flow,31.7,m3/s,0
2022-12-22,黄渡,苏州河/吴淞江,63405100,flow,12.7,m3/s,0
2022-12-23,黄渡,苏州河/吴淞江,63405100,flow,5.6,m3/s,0
2022-12-24,黄渡,苏州河/吴淞江,63405100,flow,6.5,m3/s,0
2022-12-25,黄渡,苏州河/吴淞江,63405100,flow,6.9,m3/s,0
2022-12-26,黄渡,苏州河/吴淞江,63405100,flow,7.2,m3/s,0
2022-12-27,黄渡,苏州河/吴淞江,63405100,flow,9.3,m3/s,0
2022-12-28,黄渡,苏州河/吴淞江,63405100,flow,8.3,m3/s,0
2022-12-29,黄渡,苏州河/吴淞江,63405100,flow,21.8,m3/s,0
2022-12-30,黄渡,苏州河/吴淞江,63405100,flow,24.1,m3/s,0
2022-12-31,黄渡,苏州河/吴淞江,63405100,flow,23.0,m3/s,0
2023-01-01,黄渡,苏州河/吴淞江,63405100,flow,20.3,m3/s,0
2023-01-02,黄渡,苏州河/吴淞江,63405100,flow,21.4,m3/s,0
2023-01-03,黄渡,苏州河/吴淞江,63405100,flow,20.2,m3/s,0
2023-01-04,黄渡,苏州河/吴淞江,63405100,flow,20.8,m3/s,0
2023-01-05,黄渡,苏州河/吴淞江,63405100,flow,21.3,m3/s,0
2023-01-06,黄渡,苏州河/吴淞江,63405100,flow,10.8,m3/s,0
2023-01-07,黄渡,苏州河/吴淞江,63405100,flow,7.7,m3/s,0
2023-01-08,黄渡,苏州河/吴淞江,63405100,flow,7.05,m3/s,0
2023-01-09,黄渡,苏州河/吴淞江,63405100,flow,2.29,m3/s,0
2023-01-10,黄渡,苏州河/吴淞江,63405100,flow,8.51,m3/s,0
2023-01-11,黄渡,苏州河/吴淞江,63405100,flow,5.57,m3/s,0
2023-01-12,黄渡,苏州河/吴淞江,63405100,flow,6.34,m3/s,0
2023-01-13,黄渡,苏州河/吴淞江,63405100,flow,10.7,m3/s,0
2023-01-14,黄渡,苏州河/吴淞江,63405100,flow,24.8,m3/s,0
2023-01-15,黄渡,苏州河/吴淞江,63405100,flow,35.4,m3/s,0
2023-01-16,黄渡,苏州河/吴淞江,63405100,flow,31.9,m3/s,0
2023-01-17,黄渡,苏州河/吴淞江,63405100,flow,29.4,m3/s,0
2023-01-18,黄渡,苏州河/吴淞江,63405100,flow,28.4,m3/s,0
2023-01-19,黄渡,苏州河/吴淞江,63405100,flow,28.8,m3/s,0
2023-01-20,黄渡,苏州河/吴淞江,63405100,flow,27.3,m3/s,0
2023-01-21,黄渡,苏州河/吴淞江,63405100,flow,6.12,m3/s,0
2023-01-22,黄渡,苏州河/吴淞江,63405100,flow,5.83,m3/s,0
2023-01-23,黄渡,苏州河/吴淞江,63405100,flow,-0.036,m3/s,0
2023-01-24,黄渡,苏州河/吴淞江,63405100,flow,0.666,m3/s,0
2023-01-25,黄渡,苏州河/吴淞江,63405100,flow,0.108,m3/s,0
2023-01-26,黄渡,苏州河/吴淞江,63405100,flow,5.16,m3/s,0
2023-01-27,黄渡,苏州河/吴淞江,63405100,flow,1.39,m3/s,0
2023-01-28,黄渡,苏州河/吴淞江,63405100,flow,26.5,m3/s,0
2023-01-29,黄渡,苏州河/吴淞江,63405100,flow,28.2,m3/s,0
2023-01-30,黄渡,苏州河/吴淞江,63405100,flow,28.3,m3/s,0
2023-01-31,黄渡,苏州河/吴淞江,63405100,flow,29.2,m3/s,0
2023-02-01,黄渡,苏州河/吴淞江,63405100,flow,31.9,m3/s,0
2023-02-02,黄渡,苏州河/吴淞江,63405100,flow,33.9,m3/s,0
2023-02-03,黄渡,苏州河/吴淞江,63405100,flow,28.0,m3/s,0
2023-02-04,黄渡,苏州河/吴淞江,63405100,flow,25.0,m3/s,0
2023-02-05,黄渡,苏州河/吴淞江,63405100,flow,5.9,m3/s,0
2023-02-06,黄渡,苏州河/吴淞江,63405100,flow,7.03,m3/s,0
2023-02-07,黄渡,苏州河/吴淞江,63405100,flow,-0.666,m3/s,0
2023-02-08,黄渡,苏州河/吴淞江,63405100,flow,2.61,m3/s,0
2023-02-09,黄渡,苏州河/吴淞江,63405100,flow,0.23,m3/s,0
2023-02-10,黄渡,苏州河/吴淞江,63405100,flow,3.6,m3/s,0
2023-02-11,黄渡,苏州河/吴淞江,63405100,flow,-2.34,m3/s,0
2023-02-12,黄渡,苏州河/吴淞江,63405100,flow,17.4,m3/s,0
2023-02-13,黄渡,苏州河/吴淞江,63405100,flow,23.3,m3/s,0
2023-02-14,黄渡,苏州河/吴淞江,63405100,flow,41.6,m3/s,0
2023-02-15,黄渡,苏州河/吴淞江,63405100,flow,36.4,m3/s,0
2023-02-16,黄渡,苏州河/吴淞江,63405100,flow,33.5,m3/s,0
2023-02-17,黄渡,苏州河/吴淞江,63405100,flow,36.6,m3/s,0
2023-02-18,黄渡,苏州河/吴淞江,63405100,flow,34.0,m3/s,0
2023-02-19,黄渡,苏州河/吴淞江,63405100,flow,13.3,m3/s,0
2023-02-20,黄渡,苏州河/吴淞江,63405100,flow,5.72,m3/s,0
2023-02-21,黄渡,苏州河/吴淞江,63405100,flow,5.31,m3/s,0
2023-02-22,黄渡,苏州河/吴淞江,63405100,flow,5.25,m3/s,0
2023-02-23,黄渡,苏州河/吴淞江,63405100,flow,5.95,m3/s,0
2023-02-24,黄渡,苏州河/吴淞江,63405100,flow,1.83,m3/s,0
2023-02-25,黄渡,苏州河/吴淞江,63405100,flow,5.93,m3/s,0
2023-02-26,黄渡,苏州河/吴淞江,63405100,flow,30.4,m3/s,0
2023-02-27,黄渡,苏州河/吴淞江,63405100,flow,31.3,m3/s,0
2023-02-28,黄渡,苏州河/吴淞江,63405100,flow,32.9,m3/s,0
2023-03-01,黄渡,苏州河/吴淞江,63405100,flow,30.2,m3/s,0
2023-03-02,黄渡,苏州河/吴淞江,63405100,flow,22.4,m3/s,0
2023-03-03,黄渡,苏州河/吴淞江,63405100,flow,27.9,m3/s,0
2023-03-04,黄渡,苏州河/吴淞江,63405100,flow,28.5,m3/s,0
2023-03-05,黄渡,苏州河/吴淞江,63405100,flow,27.0,m3/s,0
2023-03-06,黄渡,苏州河/吴淞江,63405100,flow,8.84,m3/s,0
2023-03-07,黄渡,苏州河/吴淞江,63405100,flow,8.13,m3/s,0
2023-03-08,黄渡,苏州河/吴淞江,63405100,flow,5.43,m3/s,0
2023-03-09,黄渡,苏州河/吴淞江,63405100,flow,-0.552,m3/s,0
2023-03-10,黄渡,苏州河/吴淞江,63405100,flow,2.31,m3/s,0
2023-03-11,黄渡,苏州河/吴淞江,63405100,flow,1.63,m3/s,0
2023-03-12,黄渡,苏州河/吴淞江,63405100,flow,4.4,m3/s,0
2023-03-13,黄渡,苏州河/吴淞江,63405100,flow,26.1,m3/s,0
2023-03-14,黄渡,苏州河/吴淞江,63405100,flow,26.3,m3/s,0
2023-03-15,黄渡,苏州河/吴淞江,63405100,flow,26.4,m3/s,0
2023-03-16,黄渡,苏州河/吴淞江,63405100,flow,25.4,m3/s,0
2023-03-17,黄渡,苏州河/吴淞江,63405100,flow,21.4,m3/s,0
2023-03-18,黄渡,苏州河/吴淞江,63405100,flow,33.1,m3/s,0
2023-03-19,黄渡,苏州河/吴淞江,63405100,flow,33.1,m3/s,0
2023-03-20,黄渡,苏州河/吴淞江,63405100,flow,28.0,m3/s,0
2023-03-21,黄渡,苏州河/吴淞江,63405100,flow,0.708,m3/s,0
2023-03-22,黄渡,苏州河/吴淞江,63405100,flow,5.27,m3/s,0
2023-03-23,黄渡,苏州河/吴淞江,63405100,flow,9.44,m3/s,0
2023-03-24,黄渡,苏州河/吴淞江,63405100,flow,7.52,m3/s,0
2023-03-25,黄渡,苏州河/吴淞江,63405100,flow,7.93,m3/s,0
2023-03-26,黄渡,苏州河/吴淞江,63405100,flow,7.91,m3/s,0
2023-03-27,黄渡,苏州河/吴淞江,63405100,flow,12.8,m3/s,0
2023-03-28,黄渡,苏州河/吴淞江,63405100,flow,31.2,m3/s,0
2023-03-29,黄渡,苏州河/吴淞江,63405100,flow,33.9,m3/s,0
2023-03-30,黄渡,苏州河/吴淞江,63405100,flow,25.9,m3/s,0
2023-03-31,黄渡,苏州河/吴淞江,63405100,flow,24.1,m3/s,0
2023-04-01,黄渡,苏州河/吴淞江,63405100,flow,34.7,m3/s,0
2023-04-02,黄渡,苏州河/吴淞江,63405100,flow,25.5,m3/s,0
2023-04-03,黄渡,苏州河/吴淞江,63405100,flow,23.5,m3/s,0
2023-04-04,黄渡,苏州河/吴淞江,63405100,flow,17.6,m3/s,0
2023-04-05,黄渡,苏州河/吴淞江,63405100,flow,10.6,m3/s,0
2023-04-06,黄渡,苏州河/吴淞江,63405100,flow,2.17,m3/s,0
2023-04-07,黄渡,苏州河/吴淞江,63405100,flow,0.358,m3/s,0
2023-04-08,黄渡,苏州河/吴淞江,63405100,flow,4.08,m3/s,0
2023-04-09,黄渡,苏州河/吴淞江,63405100,flow,4.73,m3/s,0
2023-04-10,黄渡,苏州河/吴淞江,63405100,flow,3.83,m3/s,0
2023-04-11,黄渡,苏州河/吴淞江,63405100,flow,2.44,m3/s,0
2023-04-12,黄渡,苏州河/吴淞江,63405100,flow,27.0,m3/s,0
2023-04-13,黄渡,苏州河/吴淞江,63405100,flow,34.8,m3/s,0
2023-04-14,黄渡,苏州河/吴淞江,63405100,flow,34.8,m3/s,0
2023-04-15,黄渡,苏州河/吴淞江,63405100,flow,36.9,m3/s,0
2023-04-16,黄渡,苏州河/吴淞江,63405100,flow,40.6,m3/s,0
2023-04-17,黄渡,苏州河/吴淞江,63405100,flow,31.4,m3/s,0
2023-04-18,黄渡,苏州河/吴淞江,63405100,flow,32.0,m3/s,0
2023-04-19,黄渡,苏州河/吴淞江,63405100,flow,13.0,m3/s,0
2023-04-20,黄渡,苏州河/吴淞江,63405100,flow,6.7,m3/s,0
2023-04-21,黄渡,苏州河/吴淞江,63405100,flow,4.7,m3/s,0
2023-04-22,黄渡,苏州河/吴淞江,63405100,flow,2.51,m3/s,0
2023-04-23,黄渡,苏州河/吴淞江,63405100,flow,0.924,m3/s,0
2023-04-24,黄渡,苏州河/吴淞江,63405100,flow,0.379,m3/s,0
2023-04-25,黄渡,苏州河/吴淞江,63405100,flow,8.35,m3/s,0
2023-04-26,黄渡,苏州河/吴淞江,63405100,flow,32.2,m3/s,0
2023-04-27,黄渡,苏州河/吴淞江,63405100,flow,24.6,m3/s,0
2023-04-28,黄渡,苏州河/吴淞江,63405100,flow,18.8,m3/s,0
2023-04-29,黄渡,苏州河/吴淞江,63405100,flow,17.7,m3/s,0
2023-04-30,黄渡,苏州河/吴淞江,63405100,flow,16.2,m3/s,0
2023-05-01,黄渡,苏州河/吴淞江,63405100,flow,23.0,m3/s,0
2023-05-02,黄渡,苏州河/吴淞江,63405100,flow,25.3,m3/s,0
2023-05-03,黄渡,苏州河/吴淞江,63405100,flow,24.3,m3/s,0
2023-05-04,黄渡,苏州河/吴淞江,63405100,flow,5.8,m3/s,0
2023-05-05,黄渡,苏州河/吴淞江,63405100,flow,-7.46,m3/s,0
2023-05-06,黄渡,苏州河/吴淞江,63405100,flow,-0.344,m3/s,0
2023-05-07,黄渡,苏州河/吴淞江,63405100,flow,-2.41,m3/s,0
2023-05-08,黄渡,苏州河/吴淞江,63405100,flow,1.73,m3/s,0
2023-05-09,黄渡,苏州河/吴淞江,63405100,flow,12.6,m3/s,0
2023-05-10,黄渡,苏州河/吴淞江,63405100,flow,10.5,m3/s,0
2023-05-11,黄渡,苏州河/吴淞江,63405100,flow,31.4,m3/s,0
2023-05-12,黄渡,苏州河/吴淞江,63405100,flow,33.1,m3/s,0
2023-05-13,黄渡,苏州河/吴淞江,63405100,flow,34.6,m3/s,0
2023-05-14,黄渡,苏州河/吴淞江,63405100,flow,37.7,m3/s,0
2023-05-15,黄渡,苏州河/吴淞江,63405100,flow,31.8,m3/s,0
2023-05-16,黄渡,苏州河/吴淞江,63405100,flow,27.2,m3/s,0
2023-05-17,黄渡,苏州河/吴淞江,63405100,flow,21.2,m3/s,0
2023-05-18,黄渡,苏州河/吴淞江,63405100,flow,18.5,m3/s,0
2023-05-19,黄渡,苏州河/吴淞江,63405100,flow,12.3,m3/s,0
2023-05-20,黄渡,苏州河/吴淞江,63405100,flow,13.2,m3/s,0
2023-05-21,黄渡,苏州河/吴淞江,63405100,flow,11.4,m3/s,0
2023-05-22,黄渡,苏州河/吴淞江,63405100,flow,9.03,m3/s,0
2023-05-23,黄渡,苏州河/吴淞江,63405100,flow,11.1,m3/s,0
2023-05-24,黄渡,苏州河/吴淞江,63405100,flow,11.4,m3/s,0
2023-05-25,黄渡,苏州河/吴淞江,63405100,flow,26.1,m3/s,0
2023-05-26,黄渡,苏州河/吴淞江,63405100,flow,27.2,m3/s,0
2023-05-27,黄渡,苏州河/吴淞江,63405100,flow,12.8,m3/s,0
2023-05-28,黄渡,苏州河/吴淞江,63405100,flow,31.4,m3/s,0
2023-05-29,黄渡,苏州河/吴淞江,63405100,flow,39.0,m3/s,0
2023-05-30,黄渡,苏州河/吴淞江,63405100,flow,38.2,m3/s,0
2023-05-31,黄渡,苏州河/吴淞江,63405100,flow,35.8,m3/s,0
2023-06-01,黄渡,苏州河/吴淞江,63405100,flow,36.2,m3/s,0
2023-06-02,黄渡,苏州河/吴淞江,63405100,flow,14.0,m3/s,0
2023-06-03,黄渡,苏州河/吴淞江,63405100,flow,10.3,m3/s,0
2023-06-04,黄渡,苏州河/吴淞江,63405100,flow,5.23,m3/s,0
2023-06-05,黄渡,苏州河/吴淞江,63405100,flow,2.58,m3/s,0
2023-06-06,黄渡,苏州河/吴淞江,63405100,flow,1.68,m3/s,0
2023-06-07,黄渡,苏州河/吴淞江,63405100,flow,10.0,m3/s,0
2023-06-08,黄渡,苏州河/吴淞江,63405100,flow,9.28,m3/s,0
2023-06-09,黄渡,苏州河/吴淞江,63405100,flow,13.6,m3/s,0
2023-06-10,黄渡,苏州河/吴淞江,63405100,flow,15.4,m3/s,0
2023-06-11,黄渡,苏州河/吴淞江,63405100,flow,29.9,m3/s,0
2023-06-12,黄渡,苏州河/吴淞江,63405100,flow,38.7,m3/s,0
2023-06-13,黄渡,苏州河/吴淞江,63405100,flow,38.9,m3/s,0
2023-06-14,黄渡,苏州河/吴淞江,63405100,flow,37.4,m3/s,0
2023-06-15,黄渡,苏州河/吴淞江,63405100,flow,26.1,m3/s,0
2023-06-16,黄渡,苏州河/吴淞江,63405100,flow,25.8,m3/s,0
2023-06-17,黄渡,苏州河/吴淞江,63405100,flow,15.0,m3/s,0
2023-06-18,黄渡,苏州河/吴淞江,63405100,flow,4.41,m3/s,0
2023-06-19,黄渡,苏州河/吴淞江,63405100,flow,19.5,m3/s,0
2023-06-20,黄渡,苏州河/吴淞江,63405100,flow,37.2,m3/s,0
2023-06-21,黄渡,苏州河/吴淞江,63405100,flow,39.5,m3/s,0
2023-06-22,黄渡,苏州河/吴淞江,63405100,flow,23.9,m3/s,0
2023-06-23,黄渡,苏州河/吴淞江,63405100,flow,19.3,m3/s,0
2023-06-24,黄渡,苏州河/吴淞江,63405100,flow,-19.3,m3/s,0
2023-06-25,黄渡,苏州河/吴淞江,63405100,flow,45.3,m3/s,0
2023-06-26,黄渡,苏州河/吴淞江,63405100,flow,66.9,m3/s,0
2023-06-27,黄渡,苏州河/吴淞江,63405100,flow,56.0,m3/s,0
2023-06-28,黄渡,苏州河/吴淞江,63405100,flow,48.2,m3/s,0
2023-06-29,黄渡,苏州河/吴淞江,63405100,flow,43.4,m3/s,0
2023-06-30,黄渡,苏州河/吴淞江,63405100,flow,33.6,m3/s,0
2023-07-01,黄渡,苏州河/吴淞江,63405100,flow,43.5,m3/s,0
2023-07-02,黄渡,苏州河/吴淞江,63405100,flow,20.2,m3/s,0
2023-07-03,黄渡,苏州河/吴淞江,63405100,flow,10.1,m3/s,0
2023-07-04,黄渡,苏州河/吴淞江,63405100,flow,19.1,m3/s,0
2023-07-05,黄渡,苏州河/吴淞江,63405100,flow,12.1,m3/s,0
2023-07-06,黄渡,苏州河/吴淞江,63405100,flow,12.1,m3/s,0
2023-07-07,黄渡,苏州河/吴淞江,63405100,flow,14.7,m3/s,0
2023-07-08,黄渡,苏州河/吴淞江,63405100,flow,-4.03,m3/s,0
2023-07-09,黄渡,苏州河/吴淞江,63405100,flow,33.6,m3/s,0
2023-07-10,黄渡,苏州河/吴淞江,63405100,flow,55.3,m3/s,0
2023-07-11,黄渡,苏州河/吴淞江,63405100,flow,44.5,m3/s,0
2023-07-12,黄渡,苏州河/吴淞江,63405100,flow,44.5,m3/s,0
2023-07-13,黄渡,苏州河/吴淞江,63405100,flow,46.3,m3/s,0
2023-07-14,黄渡,苏州河/吴淞江,63405100,flow,37.9,m3/s,0
2023-07-15,黄渡,苏州河/吴淞江,63405100,flow,38.2,m3/s,0
2023-07-16,黄渡,苏州河/吴淞江,63405100,flow,41.8,m3/s,0
2023-07-17,黄渡,苏州河/吴淞江,63405100,flow,27.6,m3/s,0
2023-07-18,黄渡,苏州河/吴淞江,63405100,flow,11.3,m3/s,0
2023-07-19,黄渡,苏州河/吴淞江,63405100,flow,11.0,m3/s,0
2023-07-20,黄渡,苏州河/吴淞江,63405100,flow,23.9,m3/s,0
2023-07-21,黄渡,苏州河/吴淞江,63405100,flow,9.98,m3/s,0
2023-07-22,黄渡,苏州河/吴淞江,63405100,flow,0.493,m3/s,0
2023-07-23,黄渡,苏州河/吴淞江,63405100,flow,31.0,m3/s,0
2023-07-24,黄渡,苏州河/吴淞江,63405100,flow,39.0,m3/s,0
2023-07-25,黄渡,苏州河/吴淞江,63405100,flow,36.4,m3/s,0
2023-07-26,黄渡,苏州河/吴淞江,63405100,flow,39.7,m3/s,0
2023-07-27,黄渡,苏州河/吴淞江,63405100,flow,41.3,m3/s,0
2023-07-28,黄渡,苏州河/吴淞江,63405100,flow,34.1,m3/s,0
2023-07-29,黄渡,苏州河/吴淞江,63405100,flow,34.1,m3/s,0
2023-07-30,黄渡,苏州河/吴淞江,63405100,flow,33.8,m3/s,0
2023-07-31,黄渡,苏州河/吴淞江,63405100,flow,36.6,m3/s,0
2023-08-01,黄渡,苏州河/吴淞江,63405100,flow,6.12,m3/s,0
2023-08-02,黄渡,苏州河/吴淞江,63405100,flow,-3.63,m3/s,0
2023-08-03,黄渡,苏州河/吴淞江,63405100,flow,-8.43,m3/s,0
2023-08-04,黄渡,苏州河/吴淞江,63405100,flow,7.42,m3/s,0
2023-08-05,黄渡,苏州河/吴淞江,63405100,flow,7.67,m3/s,0
2023-08-06,黄渡,苏州河/吴淞江,63405100,flow,10.2,m3/s,0
2023-08-07,黄渡,苏州河/吴淞江,63405100,flow,9.34,m3/s,0
2023-08-08,黄渡,苏州河/吴淞江,63405100,flow,26.8,m3/s,0
2023-08-09,黄渡,苏州河/吴淞江,63405100,flow,36.9,m3/s,0
2023-08-10,黄渡,苏州河/吴淞江,63405100,flow,44.0,m3/s,0
2023-08-11,黄渡,苏州河/吴淞江,63405100,flow,48.8,m3/s,0
2023-08-12,黄渡,苏州河/吴淞江,63405100,flow,47.4,m3/s,0
2023-08-13,黄渡,苏州河/吴淞江,63405100,flow,40.3,m3/s,0
2023-08-14,黄渡,苏州河/吴淞江,63405100,flow,35.6,m3/s,0
2023-08-15,黄渡,苏州河/吴淞江,63405100,flow,7.67,m3/s,0
2023-08-16,黄渡,苏州河/吴淞江,63405100,flow,-1.18,m3/s,0
2023-08-17,黄渡,苏州河/吴淞江,63405100,flow,4.61,m3/s,0
2023-08-18,黄渡,苏州河/吴淞江,63405100,flow,8.87,m3/s,0
2023-08-19,黄渡,苏州河/吴淞江,63405100,flow,7.78,m3/s,0
2023-08-20,黄渡,苏州河/吴淞江,63405100,flow,10.3,m3/s,0
2023-08-21,黄渡,苏州河/吴淞江,63405100,flow,10.7,m3/s,0
2023-08-22,黄渡,苏州河/吴淞江,63405100,flow,23.6,m3/s,0
2023-08-23,黄渡,苏州河/吴淞江,63405100,flow,23.4,m3/s,0
2023-08-24,黄渡,苏州河/吴淞江,63405100,flow,38.6,m3/s,0
2023-08-25,黄渡,苏州河/吴淞江,63405100,flow,34.0,m3/s,0
2023-08-26,黄渡,苏州河/吴淞江,63405100,flow,37.6,m3/s,0
2023-08-27,黄渡,苏州河/吴淞江,63405100,flow,32.7,m3/s,0
2023-08-28,黄渡,苏州河/吴淞江,63405100,flow,27.8,m3/s,0
2023-08-29,黄渡,苏州河/吴淞江,63405100,flow,23.2,m3/s,0
2023-08-30,黄渡,苏州河/吴淞江,63405100,flow,28.0,m3/s,0
2023-08-31,黄渡,苏州河/吴淞江,63405100,flow,31.0,m3/s,0
2023-09-01,黄渡,苏州河/吴淞江,63405100,flow,31.3,m3/s,0
2023-09-02,黄渡,苏州河/吴淞江,63405100,flow,20.1,m3/s,0
2023-09-03,黄渡,苏州河/吴淞江,63405100,flow,0.311,m3/s,0
2023-09-04,黄渡,苏州河/吴淞江,63405100,flow,-1.53,m3/s,0
2023-09-05,黄渡,苏州河/吴淞江,63405100,flow,11.5,m3/s,0
2023-09-06,黄渡,苏州河/吴淞江,63405100,flow,31.9,m3/s,0
2023-09-07,黄渡,苏州河/吴淞江,63405100,flow,44.6,m3/s,0
2023-09-08,黄渡,苏州河/吴淞江,63405100,flow,39.6,m3/s,0
2023-09-09,黄渡,苏州河/吴淞江,63405100,flow,39.3,m3/s,0
2023-09-10,黄渡,苏州河/吴淞江,63405100,flow,38.1,m3/s,0
2023-09-11,黄渡,苏州河/吴淞江,63405100,flow,32.8,m3/s,0
2023-09-12,黄渡,苏州河/吴淞江,63405100,flow,29.8,m3/s,0
2023-09-13,黄渡,苏州河/吴淞江,63405100,flow,30.0,m3/s,0
2023-09-14,黄渡,苏州河/吴淞江,63405100,flow,8.48,m3/s,0
2023-09-15,黄渡,苏州河/吴淞江,63405100,flow,22.4,m3/s,0
2023-09-16,黄渡,苏州河/吴淞江,63405100,flow,41.6,m3/s,0
2023-09-17,黄渡,苏州河/吴淞江,63405100,flow,37.2,m3/s,0
2023-09-18,黄渡,苏州河/吴淞江,63405100,flow,28.2,m3/s,0
2023-09-19,黄渡,苏州河/吴淞江,63405100,flow,18.6,m3/s,0
2023-09-20,黄渡,苏州河/吴淞江,63405100,flow,11.4,m3/s,0
2023-09-21,黄渡,苏州河/吴淞江,63405100,flow,32.2,m3/s,0
2023-09-22,黄渡,苏州河/吴淞江,63405100,flow,44.9,m3/s,0
2023-09-23,黄渡,苏州河/吴淞江,63405100,flow,40.7,m3/s,0
2023-09-24,黄渡,苏州河/吴淞江,63405100,flow,38.4,m3/s,0
2023-09-25,黄渡,苏州河/吴淞江,63405100,flow,44.7,m3/s,0
2023-09-26,黄渡,苏州河/吴淞江,63405100,flow,36.8,m3/s,0
2023-09-27,黄渡,苏州河/吴淞江,63405100,flow,31.9,m3/s,0
2023-09-28,黄渡,苏州河/吴淞江,63405100,flow,26.9,m3/s,0
2023-09-29,黄渡,苏州河/吴淞江,63405100,flow,2.39,m3/s,0
2023-09-30,黄渡,苏州河/吴淞江,63405100,flow,-3.21,m3/s,0
2023-10-01,黄渡,苏州河/吴淞江,63405100,flow,3.9,m3/s,0
2023-10-02,黄渡,苏州河/吴淞江,63405100,flow,5.76,m3/s,0
2023-10-03,黄渡,苏州河/吴淞江,63405100,flow,5.92,m3/s,0
2023-10-04,黄渡,苏州河/吴淞江,63405100,flow,7.64,m3/s,0
2023-10-05,黄渡,苏州河/吴淞江,63405100,flow,7.89,m3/s,0
2023-10-06,黄渡,苏州河/吴淞江,63405100,flow,30.5,m3/s,0
2023-10-07,黄渡,苏州河/吴淞江,63405100,flow,23.5,m3/s,0
2023-10-08,黄渡,苏州河/吴淞江,63405100,flow,11.2,m3/s,0
2023-10-09,黄渡,苏州河/吴淞江,63405100,flow,23.5,m3/s,0
2023-10-10,黄渡,苏州河/吴淞江,63405100,flow,24.7,m3/s,0
2023-10-11,黄渡,苏州河/吴淞江,63405100,flow,28.7,m3/s,0
2023-10-12,黄渡,苏州河/吴淞江,63405100,flow,27.3,m3/s,0
2023-10-13,黄渡,苏州河/吴淞江,63405100,flow,25.5,m3/s,0
2023-10-14,黄渡,苏州河/吴淞江,63405100,flow,11.2,m3/s,0
2023-10-15,黄渡,苏州河/吴淞江,63405100,flow,-5.49,m3/s,0
2023-10-16,黄渡,苏州河/吴淞江,63405100,flow,-7.97,m3/s,0
2023-10-17,黄渡,苏州河/吴淞江,63405100,flow,-6.53,m3/s,0
2023-10-18,黄渡,苏州河/吴淞江,63405100,flow,-1.49,m3/s,0
2023-10-19,黄渡,苏州河/吴淞江,63405100,flow,-0.331,m3/s,0
2023-10-20,黄渡,苏州河/吴淞江,63405100,flow,4.75,m3/s,0
2023-10-21,黄渡,苏州河/吴淞江,63405100,flow,27.0,m3/s,0
2023-10-22,黄渡,苏州河/吴淞江,63405100,flow,32.8,m3/s,0
2023-10-23,黄渡,苏州河/吴淞江,63405100,flow,39.8,m3/s,0
2023-10-24,黄渡,苏州河/吴淞江,63405100,flow,34.7,m3/s,0
2023-10-25,黄渡,苏州河/吴淞江,63405100,flow,35.1,m3/s,0
2023-10-26,黄渡,苏州河/吴淞江,63405100,flow,32.1,m3/s,0
2023-10-27,黄渡,苏州河/吴淞江,63405100,flow,30.0,m3/s,0
2023-10-28,黄渡,苏州河/吴淞江,63405100,flow,1.21,m3/s,0
2023-10-29,黄渡,苏州河/吴淞江,63405100,flow,1.93,m3/s,0
2023-10-30,黄渡,苏州河/吴淞江,63405100,flow,-1.34,m3/s,0
2023-10-31,黄渡,苏州河/吴淞江,63405100,flow,-5.13,m3/s,0
2023-11-01,黄渡,苏州河/吴淞江,63405100,flow,-3.85,m3/s,0
2023-11-02,黄渡,苏州河/吴淞江,63405100,flow,1.35,m3/s,0
2023-11-03,黄渡,苏州河/吴淞江,63405100,flow,1.51,m3/s,0
2023-11-04,黄渡,苏州河/吴淞江,63405100,flow,6.3,m3/s,0
2023-11-05,黄渡,苏州河/吴淞江,63405100,flow,22.8,m3/s,0
2023-11-06,黄渡,苏州河/吴淞江,63405100,flow,26.0,m3/s,0
2023-11-07,黄渡,苏州河/吴淞江,63405100,flow,32.1,m3/s,0
2023-11-08,黄渡,苏州河/吴淞江,63405100,flow,24.5,m3/s,0
2023-11-09,黄渡,苏州河/吴淞江,63405100,flow,27.7,m3/s,0
2023-11-10,黄渡,苏州河/吴淞江,63405100,flow,36.6,m3/s,0
2023-11-11,黄渡,苏州河/吴淞江,63405100,flow,31.5,m3/s,0
2023-11-12,黄渡,苏州河/吴淞江,63405100,flow,10.4,m3/s,0
2023-11-13,黄渡,苏州河/吴淞江,63405100,flow,5.87,m3/s,0
2023-11-14,黄渡,苏州河/吴淞江,63405100,flow,3.46,m3/s,0
2023-11-15,黄渡,苏州河/吴淞江,63405100,flow,1.69,m3/s,0
2023-11-16,黄渡,苏州河/吴淞江,63405100,flow,1.57,m3/s,0
2023-11-17,黄渡,苏州河/吴淞江,63405100,flow,5.18,m3/s,0
2023-11-18,黄渡,苏州河/吴淞江,63405100,flow,7.06,m3/s,0
2023-11-19,黄渡,苏州河/吴淞江,63405100,flow,25.9,m3/s,0
2023-11-20,黄渡,苏州河/吴淞江,63405100,flow,32.7,m3/s,0
2023-11-21,黄渡,苏州河/吴淞江,63405100,flow,26.3,m3/s,0
2023-11-22,黄渡,苏州河/吴淞江,63405100,flow,21.6,m3/s,0
2023-11-23,黄渡,苏州河/吴淞江,63405100,flow,20.6,m3/s,0
2023-11-24,黄渡,苏州河/吴淞江,63405100,flow,22.2,m3/s,0
2023-11-25,黄渡,苏州河/吴淞江,63405100,flow,26.5,m3/s,0
2023-11-26,黄渡,苏州河/吴淞江,63405100,flow,29.3,m3/s,0
2023-11-27,黄渡,苏州河/吴淞江,63405100,flow,8.02,m3/s,0
2023-11-28,黄渡,苏州河/吴淞江,63405100,flow,-0.683,m3/s,0
2023-11-29,黄渡,苏州河/吴淞江,63405100,flow,1.91,m3/s,0
2023-11-30,黄渡,苏州河/吴淞江,63405100,flow,2.02,m3/s,0
2023-12-01,黄渡,苏州河/吴淞江,63405100,flow,10.9,m3/s,0
2023-12-02,黄渡,苏州河/吴淞江,63405100,flow,11.6,m3/s,0
2023-12-03,黄渡,苏州河/吴淞江,63405100,flow,12.4,m3/s,0
2023-12-04,黄渡,苏州河/吴淞江,63405100,flow,27.7,m3/s,0
2023-12-05,黄渡,苏州河/吴淞江,63405100,flow,30.0,m3/s,0
2023-12-06,黄渡,苏州河/吴淞江,63405100,flow,31.0,m3/s,0
2023-12-07,黄渡,苏州河/吴淞江,63405100,flow,30.1,m3/s,0
2023-12-08,黄渡,苏州河/吴淞江,63405100,flow,30.2,m3/s,0
2023-12-09,黄渡,苏州河/吴淞江,63405100,flow,30.9,m3/s,0
2023-12-10,黄渡,苏州河/吴淞江,63405100,flow,24.0,m3/s,0
2023-12-11,黄渡,苏州河/吴淞江,63405100,flow,17.0,m3/s,0
2023-12-12,黄渡,苏州河/吴淞江,63405100,flow,0.73,m3/s,0
2023-12-13,黄渡,苏州河/吴淞江,63405100,flow,-3.42,m3/s,0
2023-12-14,黄渡,苏州河/吴淞江,63405100,flow,7.46,m3/s,0
2023-12-15,黄渡,苏州河/吴淞江,63405100,flow,8.73,m3/s,0
2023-12-16,黄渡,苏州河/吴淞江,63405100,flow,3.39,m3/s,0
2023-12-17,黄渡,苏州河/吴淞江,63405100,flow,7.85,m3/s,0
2023-12-18,黄渡,苏州河/吴淞江,63405100,flow,4.72,m3/s,0
2023-12-19,黄渡,苏州河/吴淞江,63405100,flow,20.5,m3/s,0
2023-12-20,黄渡,苏州河/吴淞江,63405100,flow,31.1,m3/s,0
2023-12-21,黄渡,苏州河/吴淞江,63405100,flow,32.8,m3/s,0
2023-12-22,黄渡,苏州河/吴淞江,63405100,flow,29.4,m3/s,0
2023-12-23,黄渡,苏州河/吴淞江,63405100,flow,28.1,m3/s,0
2023-12-24,黄渡,苏州河/吴淞江,63405100,flow,27.3,m3/s,0
2023-12-25,黄渡,苏州河/吴淞江,63405100,flow,21.0,m3/s,0
2023-12-26,黄渡,苏州河/吴淞江,63405100,flow,16.2,m3/s,0
2023-12-27,黄渡,苏州河/吴淞江,63405100,flow,1.16,m3/s,0
2023-12-28,黄渡,苏州河/吴淞江,63405100,flow,-1.01,m3/s,0
2023-12-29,黄渡,苏州河/吴淞江,63405100,flow,-1.47,m3/s,0
2023-12-30,黄渡,苏州河/吴淞江,63405100,flow,1.26,m3/s,0
2023-12-31,黄渡,苏州河/吴淞江,63405100,flow,1.36,m3/s,0
2024-01-01,黄渡,苏州河/吴淞江,63405100,flow,3.42,m3/s,0
2024-01-02,黄渡,苏州河/吴淞江,63405100,flow,7.44,m3/s,0
2024-01-03,黄渡,苏州河/吴淞江,63405100,flow,27.5,m3/s,0
2024-01-04,黄渡,苏州河/吴淞江,63405100,flow,31.7,m3/s,0
2024-01-05,黄渡,苏州河/吴淞江,63405100,flow,32.2,m3/s,0
2024-01-06,黄渡,苏州河/吴淞江,63405100,flow,31.5,m3/s,0
2024-01-07,黄渡,苏州河/吴淞江,63405100,flow,23.9,m3/s,0
2024-01-08,黄渡,苏州河/吴淞江,63405100,flow,28.9,m3/s,0
2024-01-09,黄渡,苏州河/吴淞江,63405100,flow,30.8,m3/s,0
2024-01-10,黄渡,苏州河/吴淞江,63405100,flow,8.19,m3/s,0
2024-01-11,黄渡,苏州河/吴淞江,63405100,flow,6.08,m3/s,0
2024-01-12,黄渡,苏州河/吴淞江,63405100,flow,8.34,m3/s,0
2024-01-13,黄渡,苏州河/吴淞江,63405100,flow,5.54,m3/s,0
2024-01-14,黄渡,苏州河/吴淞江,63405100,flow,8.47,m3/s,0
2024-01-15,黄渡,苏州河/吴淞江,63405100,flow,1.28,m3/s,0
2024-01-16,黄渡,苏州河/吴淞江,63405100,flow,1.54,m3/s,0
2024-01-17,黄渡,苏州河/吴淞江,63405100,flow,10.5,m3/s,0
2024-01-18,黄渡,苏州河/吴淞江,63405100,flow,2.98,m3/s,0
2024-01-19,黄渡,苏州河/吴淞江,63405100,flow,6.2,m3/s,0
2024-01-20,黄渡,苏州河/吴淞江,63405100,flow,6.38,m3/s,0
2024-01-21,黄渡,苏州河/吴淞江,63405100,flow,17.9,m3/s,0
2024-01-22,黄渡,苏州河/吴淞江,63405100,flow,17.0,m3/s,0
2024-01-23,黄渡,苏州河/吴淞江,63405100,flow,25.0,m3/s,0
2024-01-24,黄渡,苏州河/吴淞江,63405100,flow,22.7,m3/s,0
2024-01-25,黄渡,苏州河/吴淞江,63405100,flow,7.52,m3/s,0
2024-01-26,黄渡,苏州河/吴淞江,63405100,flow,3.65,m3/s,0
2024-01-27,黄渡,苏州河/吴淞江,63405100,flow,0.906,m3/s,0
2024-01-28,黄渡,苏州河/吴淞江,63405100,flow,3.31,m3/s,0
2024-01-29,黄渡,苏州河/吴淞江,63405100,flow,-2.96,m3/s,0
2024-01-30,黄渡,苏州河/吴淞江,63405100,flow,-3.97,m3/s,0
2024-01-31,黄渡,苏州河/吴淞江,63405100,flow,-8.29,m3/s,0
2024-02-01,黄渡,苏州河/吴淞江,63405100,flow,7.03,m3/s,0
2024-02-02,黄渡,苏州河/吴淞江,63405100,flow,20.5,m3/s,0
2024-02-03,黄渡,苏州河/吴淞江,63405100,flow,12.6,m3/s,0
2024-02-04,黄渡,苏州河/吴淞江,63405100,flow,33.6,m3/s,0
2024-02-05,黄渡,苏州河/吴淞江,63405100,flow,24.4,m3/s,0
2024-02-06,黄渡,苏州河/吴淞江,63405100,flow,33.6,m3/s,0
2024-02-07,黄渡,苏州河/吴淞江,63405100,flow,33.4,m3/s,0
2024-02-08,黄渡,苏州河/吴淞江,63405100,flow,33.0,m3/s,0
2024-02-09,黄渡,苏州河/吴淞江,63405100,flow,15.7,m3/s,0
2024-02-10,黄渡,苏州河/吴淞江,63405100,flow,8.55,m3/s,0
2024-02-11,黄渡,苏州河/吴淞江,63405100,flow,6.85,m3/s,0
2024-02-12,黄渡,苏州河/吴淞江,63405100,flow,3.43,m3/s,0
2024-02-13,黄渡,苏州河/吴淞江,63405100,flow,4.89,m3/s,0
2024-02-14,黄渡,苏州河/吴淞江,63405100,flow,4.69,m3/s,0
2024-02-15,黄渡,苏州河/吴淞江,63405100,flow,5.63,m3/s,0
2024-02-16,黄渡,苏州河/吴淞江,63405100,flow,28.8,m3/s,0
2024-02-17,黄渡,苏州河/吴淞江,63405100,flow,32.6,m3/s,0
2024-02-18,黄渡,苏州河/吴淞江,63405100,flow,32.1,m3/s,0
2024-02-19,黄渡,苏州河/吴淞江,63405100,flow,25.7,m3/s,0
2024-02-20,黄渡,苏州河/吴淞江,63405100,flow,21.8,m3/s,0
2024-02-21,黄渡,苏州河/吴淞江,63405100,flow,19.5,m3/s,0
2024-02-22,黄渡,苏州河/吴淞江,63405100,flow,24.8,m3/s,0
2024-02-23,黄渡,苏州河/吴淞江,63405100,flow,29.7,m3/s,0
2024-02-24,黄渡,苏州河/吴淞江,63405100,flow,24.5,m3/s,0
2024-02-25,黄渡,苏州河/吴淞江,63405100,flow,15.7,m3/s,0
2024-02-26,黄渡,苏州河/吴淞江,63405100,flow,9.05,m3/s,0
2024-02-27,黄渡,苏州河/吴淞江,63405100,flow,3.37,m3/s,0
2024-02-28,黄渡,苏州河/吴淞江,63405100,flow,0.923,m3/s,0
2024-02-29,黄渡,苏州河/吴淞江,63405100,flow,4.31,m3/s,0
2024-03-01,黄渡,苏州河/吴淞江,63405100,flow,11.7,m3/s,0
2024-03-02,黄渡,苏州河/吴淞江,63405100,flow,35.4,m3/s,0
2024-03-03,黄渡,苏州河/吴淞江,63405100,flow,35.1,m3/s,0
2024-03-04,黄渡,苏州河/吴淞江,63405100,flow,36.4,m3/s,0
2024-03-05,黄渡,苏州河/吴淞江,63405100,flow,34.4,m3/s,0
2024-03-06,黄渡,苏州河/吴淞江,63405100,flow,36.4,m3/s,0
2024-03-07,黄渡,苏州河/吴淞江,63405100,flow,40.2,m3/s,0
2024-03-08,黄渡,苏州河/吴淞江,63405100,flow,35.7,m3/s,0
2024-03-09,黄渡,苏州河/吴淞江,63405100,flow,11.8,m3/s,0
2024-03-10,黄渡,苏州河/吴淞江,63405100,flow,6.61,m3/s,0
2024-03-11,黄渡,苏州河/吴淞江,63405100,flow,6.1,m3/s,0
2024-03-12,黄渡,苏州河/吴淞江,63405100,flow,7.86,m3/s,0
2024-03-13,黄渡,苏州河/吴淞江,63405100,flow,8.43,m3/s,0
2024-03-14,黄渡,苏州河/吴淞江,63405100,flow,6.28,m3/s,0
2024-03-15,黄渡,苏州河/吴淞江,63405100,flow,7.68,m3/s,0
2024-03-16,黄渡,苏州河/吴淞江,63405100,flow,23.5,m3/s,0
2024-03-17,黄渡,苏州河/吴淞江,63405100,flow,27.0,m3/s,0
2024-03-18,黄渡,苏州河/吴淞江,63405100,flow,20.7,m3/s,0
2024-03-19,黄渡,苏州河/吴淞江,63405100,flow,24.1,m3/s,0
2024-03-20,黄渡,苏州河/吴淞江,63405100,flow,30.3,m3/s,0
2024-03-21,黄渡,苏州河/吴淞江,63405100,flow,27.7,m3/s,0
2024-03-22,黄渡,苏州河/吴淞江,63405100,flow,28.0,m3/s,0
2024-03-23,黄渡,苏州河/吴淞江,63405100,flow,25.5,m3/s,0
2024-03-24,黄渡,苏州河/吴淞江,63405100,flow,3.3,m3/s,0
2024-03-25,黄渡,苏州河/吴淞江,63405100,flow,-0.298,m3/s,0
2024-03-26,黄渡,苏州河/吴淞江,63405100,flow,-2.43,m3/s,0
2024-03-27,黄渡,苏州河/吴淞江,63405100,flow,-7.14,m3/s,0
2024-03-28,黄渡,苏州河/吴淞江,63405100,flow,-20.3,m3/s,0
2024-03-29,黄渡,苏州河/吴淞江,63405100,flow,2.44,m3/s,0
2024-03-30,黄渡,苏州河/吴淞江,63405100,flow,9.86,m3/s,0
2024-03-31,黄渡,苏州河/吴淞江,63405100,flow,30.9,m3/s,0
2024-04-01,黄渡,苏州河/吴淞江,63405100,flow,27.3,m3/s,0
2024-04-02,黄渡,苏州河/吴淞江,63405100,flow,21.6,m3/s,0
2024-04-03,黄渡,苏州河/吴淞江,63405100,flow,26.2,m3/s,0
2024-04-04,黄渡,苏州河/吴淞江,63405100,flow,24.7,m3/s,0
2024-04-05,黄渡,苏州河/吴淞江,63405100,flow,22.4,m3/s,0
2024-04-06,黄渡,苏州河/吴淞江,63405100,flow,22.3,m3/s,0
2024-04-07,黄渡,苏州河/吴淞江,63405100,flow,24.5,m3/s,0
2024-04-08,黄渡,苏州河/吴淞江,63405100,flow,1.4,m3/s,0
2024-04-09,黄渡,苏州河/吴淞江,63405100,flow,5.66,m3/s,0
2024-04-10,黄渡,苏州河/吴淞江,63405100,flow,2.63,m3/s,0
2024-04-11,黄渡,苏州河/吴淞江,63405100,flow,6.32,m3/s,0
2024-04-12,黄渡,苏州河/吴淞江,63405100,flow,2.54,m3/s,0
2024-04-13,黄渡,苏州河/吴淞江,63405100,flow,16.4,m3/s,0
2024-04-14,黄渡,苏州河/吴淞江,63405100,flow,13.7,m3/s,0
2024-04-15,黄渡,苏州河/吴淞江,63405100,flow,35.0,m3/s,0
2024-04-16,黄渡,苏州河/吴淞江,63405100,flow,39.4,m3/s,0
2024-04-17,黄渡,苏州河/吴淞江,63405100,flow,22.1,m3/s,0
2024-04-18,黄渡,苏州河/吴淞江,63405100,flow,24.5,m3/s,0
2024-04-19,黄渡,苏州河/吴淞江,63405100,flow,37.7,m3/s,0
2024-04-20,黄渡,苏州河/吴淞江,63405100,flow,36.9,m3/s,0
2024-04-21,黄渡,苏州河/吴淞江,63405100,flow,35.7,m3/s,0
2024-04-22,黄渡,苏州河/吴淞江,63405100,flow,33.4,m3/s,0
2024-04-23,黄渡,苏州河/吴淞江,63405100,flow,9.25,m3/s,0
2024-04-24,黄渡,苏州河/吴淞江,63405100,flow,10.3,m3/s,0
2024-04-25,黄渡,苏州河/吴淞江,63405100,flow,5.17,m3/s,0
2024-04-26,黄渡,苏州河/吴淞江,63405100,flow,3.21,m3/s,0
2024-04-27,黄渡,苏州河/吴淞江,63405100,flow,5.33,m3/s,0
2024-04-28,黄渡,苏州河/吴淞江,63405100,flow,6.17,m3/s,0
2024-04-29,黄渡,苏州河/吴淞江,63405100,flow,18.7,m3/s,0
2024-04-30,黄渡,苏州河/吴淞江,63405100,flow,32.7,m3/s,0
2024-05-01,黄渡,苏州河/吴淞江,63405100,flow,41.4,m3/s,0
2024-05-02,黄渡,苏州河/吴淞江,63405100,flow,39.0,m3/s,0
2024-05-03,黄渡,苏州河/吴淞江,63405100,flow,37.9,m3/s,0
2024-05-04,黄渡,苏州河/吴淞江,63405100,flow,34.9,m3/s,0
2024-05-05,黄渡,苏州河/吴淞江,63405100,flow,36.0,m3/s,0
2024-05-06,黄渡,苏州河/吴淞江,63405100,flow,32.5,m3/s,0
2024-05-07,黄渡,苏州河/吴淞江,63405100,flow,11.2,m3/s,0
2024-05-08,黄渡,苏州河/吴淞江,63405100,flow,11.5,m3/s,0
2024-05-09,黄渡,苏州河/吴淞江,63405100,flow,13.6,m3/s,0
2024-05-10,黄渡,苏州河/吴淞江,63405100,flow,12.3,m3/s,0
2024-05-11,黄渡,苏州河/吴淞江,63405100,flow,11.3,m3/s,0
2024-05-12,黄渡,苏州河/吴淞江,63405100,flow,4.61,m3/s,0
2024-05-13,黄渡,苏州河/吴淞江,63405100,flow,12.7,m3/s,0
2024-05-14,黄渡,苏州河/吴淞江,63405100,flow,35.1,m3/s,0
2024-05-15,黄渡,苏州河/吴淞江,63405100,flow,42.2,m3/s,0
2024-05-16,黄渡,苏州河/吴淞江,63405100,flow,40.9,m3/s,0
2024-05-17,黄渡,苏州河/吴淞江,63405100,flow,39.1,m3/s,0
2024-05-18,黄渡,苏州河/吴淞江,63405100,flow,38.1,m3/s,0
2024-05-19,黄渡,苏州河/吴淞江,63405100,flow,34.7,m3/s,0
2024-05-20,黄渡,苏州河/吴淞江,63405100,flow,31.6,m3/s,0
2024-05-21,黄渡,苏州河/吴淞江,63405100,flow,31.6,m3/s,0
2024-05-22,黄渡,苏州河/吴淞江,63405100,flow,7.65,m3/s,0
2024-05-23,黄渡,苏州河/吴淞江,63405100,flow,0.725,m3/s,0
2024-05-24,黄渡,苏州河/吴淞江,63405100,flow,5.68,m3/s,0
2024-05-25,黄渡,苏州河/吴淞江,63405100,flow,3.1,m3/s,0
2024-05-26,黄渡,苏州河/吴淞江,63405100,flow,10.5,m3/s,0
2024-05-27,黄渡,苏州河/吴淞江,63405100,flow,3.22,m3/s,0
2024-05-28,黄渡,苏州河/吴淞江,63405100,flow,6.71,m3/s,0
2024-05-29,黄渡,苏州河/吴淞江,63405100,flow,24.6,m3/s,0
2024-05-30,黄渡,苏州河/吴淞江,63405100,flow,32.4,m3/s,0
2024-05-31,黄渡,苏州河/吴淞江,63405100,flow,33.1,m3/s,0
2024-06-01,黄渡,苏州河/吴淞江,63405100,flow,26.9,m3/s,0
2024-06-02,黄渡,苏州河/吴淞江,63405100,flow,36.1,m3/s,0
2024-06-03,黄渡,苏州河/吴淞江,63405100,flow,42.3,m3/s,0
2024-06-04,黄渡,苏州河/吴淞江,63405100,flow,34.0,m3/s,0
2024-06-05,黄渡,苏州河/吴淞江,63405100,flow,7.75,m3/s,0
2024-06-06,黄渡,苏州河/吴淞江,63405100,flow,-0.986,m3/s,0
2024-06-07,黄渡,苏州河/吴淞江,63405100,flow,1.43,m3/s,0
2024-06-08,黄渡,苏州河/吴淞江,63405100,flow,8.15,m3/s,0
2024-06-09,黄渡,苏州河/吴淞江,63405100,flow,7.74,m3/s,0
2024-06-10,黄渡,苏州河/吴淞江,63405100,flow,9.14,m3/s,0
2024-06-11,黄渡,苏州河/吴淞江,63405100,flow,6.39,m3/s,0
2024-06-12,黄渡,苏州河/吴淞江,63405100,flow,31.8,m3/s,0
2024-06-13,黄渡,苏州河/吴淞江,63405100,flow,33.7,m3/s,0
2024-06-14,黄渡,苏州河/吴淞江,63405100,flow,38.6,m3/s,0
2024-06-15,黄渡,苏州河/吴淞江,63405100,flow,40.9,m3/s,0
2024-06-16,黄渡,苏州河/吴淞江,63405100,flow,38.6,m3/s,0
2024-06-17,黄渡,苏州河/吴淞江,63405100,flow,33.8,m3/s,0
2024-06-18,黄渡,苏州河/吴淞江,63405100,flow,33.4,m3/s,0
2024-06-19,黄渡,苏州河/吴淞江,63405100,flow,27.2,m3/s,0
2024-06-20,黄渡,苏州河/吴淞江,63405100,flow,17.8,m3/s,0
2024-06-21,黄渡,苏州河/吴淞江,63405100,flow,15.0,m3/s,0
2024-06-22,黄渡,苏州河/吴淞江,63405100,flow,9.35,m3/s,0
2024-06-23,黄渡,苏州河/吴淞江,63405100,flow,10.5,m3/s,0
2024-06-24,黄渡,苏州河/吴淞江,63405100,flow,14.1,m3/s,0
2024-06-25,黄渡,苏州河/吴淞江,63405100,flow,-1.43,m3/s,0
2024-06-26,黄渡,苏州河/吴淞江,63405100,flow,19.9,m3/s,0
2024-06-27,黄渡,苏州河/吴淞江,63405100,flow,44.2,m3/s,0
2024-06-28,黄渡,苏州河/吴淞江,63405100,flow,57.6,m3/s,0
2024-06-29,黄渡,苏州河/吴淞江,63405100,flow,66.8,m3/s,0
2024-06-30,黄渡,苏州河/吴淞江,63405100,flow,30.2,m3/s,0
2024-07-01,黄渡,苏州河/吴淞江,63405100,flow,61.0,m3/s,0
2024-07-02,黄渡,苏州河/吴淞江,63405100,flow,71.1,m3/s,0
2024-07-03,黄渡,苏州河/吴淞江,63405100,flow,43.6,m3/s,0
2024-07-04,黄渡,苏州河/吴淞江,63405100,flow,43.8,m3/s,0
2024-07-05,黄渡,苏州河/吴淞江,63405100,flow,23.5,m3/s,0
2024-07-06,黄渡,苏州河/吴淞江,63405100,flow,13.0,m3/s,0
2024-07-07,黄渡,苏州河/吴淞江,63405100,flow,5.29,m3/s,0
2024-07-08,黄渡,苏州河/吴淞江,63405100,flow,9.93,m3/s,0
2024-07-09,黄渡,苏州河/吴淞江,63405100,flow,10.9,m3/s,0
2024-07-10,黄渡,苏州河/吴淞江,63405100,flow,0.371,m3/s,0
2024-07-11,黄渡,苏州河/吴淞江,63405100,flow,32.1,m3/s,0
2024-07-12,黄渡,苏州河/吴淞江,63405100,flow,48.1,m3/s,0
2024-07-13,黄渡,苏州河/吴淞江,63405100,flow,50.3,m3/s,0
2024-07-14,黄渡,苏州河/吴淞江,63405100,flow,54.7,m3/s,0
2024-07-15,黄渡,苏州河/吴淞江,63405100,flow,43.5,m3/s,0
2024-07-16,黄渡,苏州河/吴淞江,63405100,flow,40.2,m3/s,0
2024-07-17,黄渡,苏州河/吴淞江,63405100,flow,42.7,m3/s,0
2024-07-18,黄渡,苏州河/吴淞江,63405100,flow,41.0,m3/s,0
2024-07-19,黄渡,苏州河/吴淞江,63405100,flow,44.1,m3/s,0
2024-07-20,黄渡,苏州河/吴淞江,63405100,flow,16.7,m3/s,0
2024-07-21,黄渡,苏州河/吴淞江,63405100,flow,3.16,m3/s,0
2024-07-22,黄渡,苏州河/吴淞江,63405100,flow,-3.1,m3/s,0
2024-07-23,黄渡,苏州河/吴淞江,63405100,flow,1.04,m3/s,0
2024-07-24,黄渡,苏州河/吴淞江,63405100,flow,4.65,m3/s,0
2024-07-25,黄渡,苏州河/吴淞江,63405100,flow,-9.0,m3/s,0
2024-07-26,黄渡,苏州河/吴淞江,63405100,flow,-6.81,m3/s,0
2024-07-27,黄渡,苏州河/吴淞江,63405100,flow,17.8,m3/s,0
2024-07-28,黄渡,苏州河/吴淞江,63405100,flow,35.6,m3/s,0
2024-07-29,黄渡,苏州河/吴淞江,63405100,flow,35.9,m3/s,0
2024-07-30,黄渡,苏州河/吴淞江,63405100,flow,35.6,m3/s,0
2024-07-31,黄渡,苏州河/吴淞江,63405100,flow,34.9,m3/s,0
2024-08-01,黄渡,苏州河/吴淞江,63405100,flow,32.4,m3/s,0
2024-08-02,黄渡,苏州河/吴淞江,63405100,flow,30.2,m3/s,0
2024-08-03,黄渡,苏州河/吴淞江,63405100,flow,12.7,m3/s,0
2024-08-04,黄渡,苏州河/吴淞江,63405100,flow,6.9,m3/s,0
2024-08-05,黄渡,苏州河/吴淞江,63405100,flow,3.41,m3/s,0
2024-08-06,黄渡,苏州河/吴淞江,63405100,flow,1.93,m3/s,0
2024-08-07,黄渡,苏州河/吴淞江,63405100,flow,1.86,m3/s,0
2024-08-08,黄渡,苏州河/吴淞江,63405100,flow,-8.01,m3/s,0
2024-08-09,黄渡,苏州河/吴淞江,63405100,flow,9.55,m3/s,0
2024-08-10,黄渡,苏州河/吴淞江,63405100,flow,33.2,m3/s,0
2024-08-11,黄渡,苏州河/吴淞江,63405100,flow,30.0,m3/s,0
2024-08-12,黄渡,苏州河/吴淞江,63405100,flow,35.0,m3/s,0
2024-08-13,黄渡,苏州河/吴淞江,63405100,flow,36.8,m3/s,0
2024-08-14,黄渡,苏州河/吴淞江,63405100,flow,32.8,m3/s,0
2024-08-15,黄渡,苏州河/吴淞江,63405100,flow,24.0,m3/s,0
2024-08-16,黄渡,苏州河/吴淞江,63405100,flow,34.5,m3/s,0
2024-08-17,黄渡,苏州河/吴淞江,63405100,flow,28.1,m3/s,0
2024-08-18,黄渡,苏州河/吴淞江,63405100,flow,1.23,m3/s,0
2024-08-19,黄渡,苏州河/吴淞江,63405100,flow,-1.5,m3/s,0
2024-08-20,黄渡,苏州河/吴淞江,63405100,flow,3.09,m3/s,0
2024-08-21,黄渡,苏州河/吴淞江,63405100,flow,-5.28,m3/s,0
2024-08-22,黄渡,苏州河/吴淞江,63405100,flow,0.294,m3/s,0
2024-08-23,黄渡,苏州河/吴淞江,63405100,flow,1.11,m3/s,0
2024-08-24,黄渡,苏州河/吴淞江,63405100,flow,4.84,m3/s,0
2024-08-25,黄渡,苏州河/吴淞江,63405100,flow,24.2,m3/s,0
2024-08-26,黄渡,苏州河/吴淞江,63405100,flow,32.4,m3/s,0
2024-08-27,黄渡,苏州河/吴淞江,63405100,flow,31.5,m3/s,0
2024-08-28,黄渡,苏州河/吴淞江,63405100,flow,30.0,m3/s,0
2024-08-29,黄渡,苏州河/吴淞江,63405100,flow,31.3,m3/s,0
2024-08-30,黄渡,苏州河/吴淞江,63405100,flow,41.1,m3/s,0
2024-08-31,黄渡,苏州河/吴淞江,63405100,flow,32.5,m3/s,0
2024-09-01,黄渡,苏州河/吴淞江,63405100,flow,28.7,m3/s,0
2024-09-02,黄渡,苏州河/吴淞江,63405100,flow,6.17,m3/s,0
2024-09-03,黄渡,苏州河/吴淞江,63405100,flow,-2.23,m3/s,0
2024-09-04,黄渡,苏州河/吴淞江,63405100,flow,-1.58,m3/s,0
2024-09-05,黄渡,苏州河/吴淞江,63405100,flow,-4.23,m3/s,0
2024-09-06,黄渡,苏州河/吴淞江,63405100,flow,-0.944,m3/s,0
2024-09-07,黄渡,苏州河/吴淞江,63405100,flow,2.35,m3/s,0
2024-09-08,黄渡,苏州河/吴淞江,63405100,flow,2.25,m3/s,0
2024-09-09,黄渡,苏州河/吴淞江,63405100,flow,28.2,m3/s,0
2024-09-10,黄渡,苏州河/吴淞江,63405100,flow,22.9,m3/s,0
2024-09-11,黄渡,苏州河/吴淞江,63405100,flow,22.0,m3/s,0
2024-09-12,黄渡,苏州河/吴淞江,63405100,flow,40.0,m3/s,0
2024-09-13,黄渡,苏州河/吴淞江,63405100,flow,45.5,m3/s,0
2024-09-14,黄渡,苏州河/吴淞江,63405100,flow,39.1,m3/s,0
2024-09-15,黄渡,苏州河/吴淞江,63405100,flow,39.0,m3/s,0
2024-09-16,黄渡,苏州河/吴淞江,63405100,flow,18.5,m3/s,0
2024-09-17,黄渡,苏州河/吴淞江,63405100,flow,50.9,m3/s,0
2024-09-18,黄渡,苏州河/吴淞江,63405100,flow,46.0,m3/s,0
2024-09-19,黄渡,苏州河/吴淞江,63405100,flow,52.3,m3/s,0
2024-09-20,黄渡,苏州河/吴淞江,63405100,flow,9.3,m3/s,0
2024-09-21,黄渡,苏州河/吴淞江,63405100,flow,39.7,m3/s,0
2024-09-22,黄渡,苏州河/吴淞江,63405100,flow,34.0,m3/s,0
2024-09-23,黄渡,苏州河/吴淞江,63405100,flow,20.7,m3/s,0
2024-09-24,黄渡,苏州河/吴淞江,63405100,flow,40.1,m3/s,0
2024-09-25,黄渡,苏州河/吴淞江,63405100,flow,41.2,m3/s,0
2024-09-26,黄渡,苏州河/吴淞江,63405100,flow,20.9,m3/s,0
2024-09-27,黄渡,苏州河/吴淞江,63405100,flow,11.4,m3/s,0
2024-09-28,黄渡,苏州河/吴淞江,63405100,flow,17.0,m3/s,0
2024-09-29,黄渡,苏州河/吴淞江,63405100,flow,14.4,m3/s,0
2024-09-30,黄渡,苏州河/吴淞江,63405100,flow,12.0,m3/s,0
2024-10-01,黄渡,苏州河/吴淞江,63405100,flow,31.6,m3/s,0
2024-10-02,黄渡,苏州河/吴淞江,63405100,flow,11.2,m3/s,0
2024-10-03,黄渡,苏州河/吴淞江,63405100,flow,2.4,m3/s,0
2024-10-04,黄渡,苏州河/吴淞江,63405100,flow,4.24,m3/s,0
2024-10-05,黄渡,苏州河/吴淞江,63405100,flow,16.2,m3/s,0
2024-10-06,黄渡,苏州河/吴淞江,63405100,flow,30.9,m3/s,0
2024-10-07,黄渡,苏州河/吴淞江,63405100,flow,3.83,m3/s,0
2024-10-08,黄渡,苏州河/吴淞江,63405100,flow,6.39,m3/s,0
2024-10-09,黄渡,苏州河/吴淞江,63405100,flow,32.0,m3/s,0
2024-10-10,黄渡,苏州河/吴淞江,63405100,flow,34.9,m3/s,0
2024-10-11,黄渡,苏州河/吴淞江,63405100,flow,39.7,m3/s,0
2024-10-12,黄渡,苏州河/吴淞江,63405100,flow,34.7,m3/s,0
2024-10-13,黄渡,苏州河/吴淞江,63405100,flow,28.6,m3/s,0
2024-10-14,黄渡,苏州河/吴淞江,63405100,flow,29.6,m3/s,0
2024-10-15,黄渡,苏州河/吴淞江,63405100,flow,32.2,m3/s,0
2024-10-16,黄渡,苏州河/吴淞江,63405100,flow,28.3,m3/s,0
2024-10-17,黄渡,苏州河/吴淞江,63405100,flow,9.53,m3/s,0
2024-10-18,黄渡,苏州河/吴淞江,63405100,flow,9.55,m3/s,0
2024-10-19,黄渡,苏州河/吴淞江,63405100,flow,5.69,m3/s,0
2024-10-20,黄渡,苏州河/吴淞江,63405100,flow,6.56,m3/s,0
2024-10-21,黄渡,苏州河/吴淞江,63405100,flow,3.2,m3/s,0
2024-10-22,黄渡,苏州河/吴淞江,63405100,flow,1.65,m3/s,0
2024-10-23,黄渡,苏州河/吴淞江,63405100,flow,5.18,m3/s,0
2024-10-24,黄渡,苏州河/吴淞江,63405100,flow,27.9,m3/s,0
2024-10-25,黄渡,苏州河/吴淞江,63405100,flow,35.4,m3/s,0
2024-10-26,黄渡,苏州河/吴淞江,63405100,flow,27.8,m3/s,0
2024-10-27,黄渡,苏州河/吴淞江,63405100,flow,34.9,m3/s,0
2024-10-28,黄渡,苏州河/吴淞江,63405100,flow,30.2,m3/s,0
2024-10-29,黄渡,苏州河/吴淞江,63405100,flow,29.5,m3/s,0
2024-10-30,黄渡,苏州河/吴淞江,63405100,flow,32.5,m3/s,0
2024-10-31,黄渡,苏州河/吴淞江,63405100,flow,25.6,m3/s,0
2024-11-01,黄渡,苏州河/吴淞江,63405100,flow,-31.8,m3/s,0
2024-11-02,黄渡,苏州河/吴淞江,63405100,flow,31.4,m3/s,0
2024-11-03,黄渡,苏州河/吴淞江,63405100,flow,20.1,m3/s,0
2024-11-04,黄渡,苏州河/吴淞江,63405100,flow,11.9,m3/s,0
2024-11-05,黄渡,苏州河/吴淞江,63405100,flow,3.62,m3/s,0
2024-11-06,黄渡,苏州河/吴淞江,63405100,flow,2.97,m3/s,0
2024-11-07,黄渡,苏州河/吴淞江,63405100,flow,28.6,m3/s,0
2024-11-08,黄渡,苏州河/吴淞江,63405100,flow,30.1,m3/s,0
2024-11-09,黄渡,苏州河/吴淞江,63405100,flow,35.5,m3/s,0
2024-11-10,黄渡,苏州河/吴淞江,63405100,flow,36.9,m3/s,0
2024-11-11,黄渡,苏州河/吴淞江,63405100,flow,40.4,m3/s,0
2024-11-12,黄渡,苏州河/吴淞江,63405100,flow,27.8,m3/s,0
2024-11-13,黄渡,苏州河/吴淞江,63405100,flow,24.0,m3/s,0
2024-11-14,黄渡,苏州河/吴淞江,63405100,flow,29.4,m3/s,0
2024-11-15,黄渡,苏州河/吴淞江,63405100,flow,7.88,m3/s,0
2024-11-16,黄渡,苏州河/吴淞江,63405100,flow,0.142,m3/s,0
2024-11-17,黄渡,苏州河/吴淞江,63405100,flow,-2.44,m3/s,0
2024-11-18,黄渡,苏州河/吴淞江,63405100,flow,-2.53,m3/s,0
2024-11-19,黄渡,苏州河/吴淞江,63405100,flow,3.72,m3/s,0
2024-11-20,黄渡,苏州河/吴淞江,63405100,flow,7.33,m3/s,0
2024-11-21,黄渡,苏州河/吴淞江,63405100,flow,12.2,m3/s,0
2024-11-22,黄渡,苏州河/吴淞江,63405100,flow,28.8,m3/s,0
2024-11-23,黄渡,苏州河/吴淞江,63405100,flow,41.9,m3/s,0
2024-11-24,黄渡,苏州河/吴淞江,63405100,flow,35.1,m3/s,0
2024-11-25,黄渡,苏州河/吴淞江,63405100,flow,37.4,m3/s,0
2024-11-26,黄渡,苏州河/吴淞江,63405100,flow,32.2,m3/s,0
2024-11-27,黄渡,苏州河/吴淞江,63405100,flow,29.0,m3/s,0
2024-11-28,黄渡,苏州河/吴淞江,63405100,flow,30.4,m3/s,0
2024-11-29,黄渡,苏州河/吴淞江,63405100,flow,28.7,m3/s,0
2024-11-30,黄渡,苏州河/吴淞江,63405100,flow,8.57,m3/s,0
2024-12-01,黄渡,苏州河/吴淞江,63405100,flow,4.65,m3/s,0
2024-12-02,黄渡,苏州河/吴淞江,63405100,flow,4.93,m3/s,0
2024-12-03,黄渡,苏州河/吴淞江,63405100,flow,4.32,m3/s,0
2024-12-04,黄渡,苏州河/吴淞江,63405100,flow,4.18,m3/s,0
2024-12-05,黄渡,苏州河/吴淞江,63405100,flow,5.78,m3/s,0
2024-12-06,黄渡,苏州河/吴淞江,63405100,flow,10.4,m3/s,0
2024-12-07,黄渡,苏州河/吴淞江,63405100,flow,25.5,m3/s,0
2024-12-08,黄渡,苏州河/吴淞江,63405100,flow,27.6,m3/s,0
2024-12-09,黄渡,苏州河/吴淞江,63405100,flow,26.0,m3/s,0
2024-12-10,黄渡,苏州河/吴淞江,63405100,flow,23.5,m3/s,0
2024-12-11,黄渡,苏州河/吴淞江,63405100,flow,26.4,m3/s,0
2024-12-12,黄渡,苏州河/吴淞江,63405100,flow,26.6,m3/s,0
2024-12-13,黄渡,苏州河/吴淞江,63405100,flow,31.1,m3/s,0
2024-12-14,黄渡,苏州河/吴淞江,63405100,flow,29.3,m3/s,0
2024-12-15,黄渡,苏州河/吴淞江,63405100,flow,6.62,m3/s,0
2024-12-16,黄渡,苏州河/吴淞江,63405100,flow,6.07,m3/s,0
2024-12-17,黄渡,苏州河/吴淞江,63405100,flow,2.88,m3/s,0
2024-12-18,黄渡,苏州河/吴淞江,63405100,flow,3.61,m3/s,0
2024-12-19,黄渡,苏州河/吴淞江,63405100,flow,3.87,m3/s,0
2024-12-20,黄渡,苏州河/吴淞江,63405100,flow,7.44,m3/s,0
2024-12-21,黄渡,苏州河/吴淞江,63405100,flow,7.92,m3/s,0
2024-12-22,黄渡,苏州河/吴淞江,63405100,flow,24.5,m3/s,0
2024-12-23,黄渡,苏州河/吴淞江,63405100,flow,24.5,m3/s,0
2024-12-24,黄渡,苏州河/吴淞江,63405100,flow,27.1,m3/s,0
2024-12-25,黄渡,苏州河/吴淞江,63405100,flow,26.1,m3/s,0
2024-12-26,黄渡,苏州河/吴淞江,63405100,flow,27.1,m3/s,0
2024-12-27,黄渡,苏州河/吴淞江,63405100,flow,26.8,m3/s,0
2024-12-28,黄渡,苏州河/吴淞江,63405100,flow,26.8,m3/s,0
2024-12-29,黄渡,苏州河/吴淞江,63405100,flow,24.5,m3/s,0
2024-12-30,黄渡,苏州河/吴淞江,63405100,flow,3.72,m3/s,0
2024-12-31,黄渡,苏州河/吴淞江,63405100,flow,0.192,m3/s,0
2022-01-01,黄渡,苏州河/吴淞江,63405100,water_level,2.48,m,1
2022-01-02,黄渡,苏州河/吴淞江,63405100,water_level,2.48,m,1
2022-01-03,黄渡,苏州河/吴淞江,63405100,water_level,2.56,m,1
2022-01-04,黄渡,苏州河/吴淞江,63405100,water_level,2.64,m,1
2022-01-05,黄渡,苏州河/吴淞江,63405100,water_level,2.67,m,1
2022-01-06,黄渡,苏州河/吴淞江,63405100,water_level,2.73,m,1
2022-01-07,黄渡,苏州河/吴淞江,63405100,water_level,2.76,m,1
2022-01-08,黄渡,苏州河/吴淞江,63405100,water_level,2.77,m,1
2022-01-09,黄渡,苏州河/吴淞江,63405100,water_level,2.73,m,1
2022-01-10,黄渡,苏州河/吴淞江,63405100,water_level,2.67,m,1
2022-01-11,黄渡,苏州河/吴淞江,63405100,water_level,2.62,m,1
2022-01-12,黄渡,苏州河/吴淞江,63405100,water_level,2.6,m,1
2022-01-13,黄渡,苏州河/吴淞江,63405100,water_level,2.55,m,1
2022-01-14,黄渡,苏州河/吴淞江,63405100,water_level,2.51,m,1
2022-01-15,黄渡,苏州河/吴淞江,63405100,water_level,2.52,m,1
2022-01-16,黄渡,苏州河/吴淞江,63405100,water_level,2.5,m,1
2022-01-17,黄渡,苏州河/吴淞江,63405100,water_level,2.51,m,1
2022-01-18,黄渡,苏州河/吴淞江,63405100,water_level,2.59,m,1
2022-01-19,黄渡,苏州河/吴淞江,63405100,water_level,2.61,m,1
2022-01-20,黄渡,苏州河/吴淞江,63405100,water_level,2.65,m,1
2022-01-21,黄渡,苏州河/吴淞江,63405100,water_level,2.66,m,1
2022-01-22,黄渡,苏州河/吴淞江,63405100,water_level,2.68,m,1
2022-01-23,黄渡,苏州河/吴淞江,63405100,water_level,2.69,m,1
2022-01-24,黄渡,苏州河/吴淞江,63405100,water_level,2.76,m,1
2022-01-25,黄渡,苏州河/吴淞江,63405100,water_level,2.75,m,1
2022-01-26,黄渡,苏州河/吴淞江,63405100,water_level,2.75,m,1
2022-01-27,黄渡,苏州河/吴淞江,63405100,water_level,2.72,m,1
2022-01-28,黄渡,苏州河/吴淞江,63405100,water_level,2.76,m,1
2022-01-29,黄渡,苏州河/吴淞江,63405100,water_level,2.74,m,1
2022-01-30,黄渡,苏州河/吴淞江,63405100,water_level,2.75,m,1
2022-01-31,黄渡,苏州河/吴淞江,63405100,water_level,2.76,m,1
2022-02-01,黄渡,苏州河/吴淞江,63405100,water_level,2.82,m,1
2022-02-02,黄渡,苏州河/吴淞江,63405100,water_level,2.81,m,1
2022-02-03,黄渡,苏州河/吴淞江,63405100,water_level,2.83,m,1
2022-02-04,黄渡,苏州河/吴淞江,63405100,water_level,2.86,m,1
2022-02-05,黄渡,苏州河/吴淞江,63405100,water_level,2.86,m,1
2022-02-06,黄渡,苏州河/吴淞江,63405100,water_level,2.86,m,1
2022-02-07,黄渡,苏州河/吴淞江,63405100,water_level,2.84,m,1
2022-02-08,黄渡,苏州河/吴淞江,63405100,water_level,2.82,m,1
2022-02-09,黄渡,苏州河/吴淞江,63405100,water_level,2.82,m,1
2022-02-10,黄渡,苏州河/吴淞江,63405100,water_level,2.79,m,1
2022-02-11,黄渡,苏州河/吴淞江,63405100,water_level,2.72,m,1
2022-02-12,黄渡,苏州河/吴淞江,63405100,water_level,2.69,m,1
2022-02-13,黄渡,苏州河/吴淞江,63405100,water_level,2.67,m,1
2022-02-14,黄渡,苏州河/吴淞江,63405100,water_level,2.67,m,1
2022-02-15,黄渡,苏州河/吴淞江,63405100,water_level,2.67,m,1
2022-02-16,黄渡,苏州河/吴淞江,63405100,water_level,2.74,m,1
2022-02-17,黄渡,苏州河/吴淞江,63405100,water_level,2.75,m,1
2022-02-18,黄渡,苏州河/吴淞江,63405100,water_level,2.77,m,1
2022-02-19,黄渡,苏州河/吴淞江,63405100,water_level,2.81,m,1
2022-02-20,黄渡,苏州河/吴淞江,63405100,water_level,2.83,m,1
2022-02-21,黄渡,苏州河/吴淞江,63405100,water_level,2.83,m,1
2022-02-22,黄渡,苏州河/吴淞江,63405100,water_level,2.82,m,1
2022-02-23,黄渡,苏州河/吴淞江,63405100,water_level,2.75,m,1
2022-02-24,黄渡,苏州河/吴淞江,63405100,water_level,2.73,m,1
2022-02-25,黄渡,苏州河/吴淞江,63405100,water_level,2.68,m,1
2022-02-26,黄渡,苏州河/吴淞江,63405100,water_level,2.65,m,1
2022-02-27,黄渡,苏州河/吴淞江,63405100,water_level,2.61,m,1
2022-02-28,黄渡,苏州河/吴淞江,63405100,water_level,2.57,m,1
2022-03-01,黄渡,苏州河/吴淞江,63405100,water_level,2.64,m,1
2022-03-02,黄渡,苏州河/吴淞江,63405100,water_level,2.61,m,1
2022-03-03,黄渡,苏州河/吴淞江,63405100,water_level,2.71,m,1
2022-03-04,黄渡,苏州河/吴淞江,63405100,water_level,2.77,m,1
2022-03-05,黄渡,苏州河/吴淞江,63405100,water_level,2.81,m,1
2022-03-06,黄渡,苏州河/吴淞江,63405100,water_level,2.83,m,1
2022-03-07,黄渡,苏州河/吴淞江,63405100,water_level,2.83,m,1
2022-03-08,黄渡,苏州河/吴淞江,63405100,water_level,2.84,m,1
2022-03-09,黄渡,苏州河/吴淞江,63405100,water_level,2.81,m,1
2022-03-10,黄渡,苏州河/吴淞江,63405100,water_level,2.75,m,1
2022-03-11,黄渡,苏州河/吴淞江,63405100,water_level,2.68,m,1
2022-03-12,黄渡,苏州河/吴淞江,63405100,water_level,2.64,m,1
2022-03-13,黄渡,苏州河/吴淞江,63405100,water_level,2.61,m,1
2022-03-14,黄渡,苏州河/吴淞江,63405100,water_level,2.59,m,1
2022-03-15,黄渡,苏州河/吴淞江,63405100,water_level,2.55,m,1
2022-03-16,黄渡,苏州河/吴淞江,63405100,water_level,2.57,m,1
2022-03-17,黄渡,苏州河/吴淞江,63405100,water_level,2.59,m,1
2022-03-18,黄渡,苏州河/吴淞江,63405100,water_level,2.72,m,1
2022-03-19,黄渡,苏州河/吴淞江,63405100,water_level,2.82,m,1
2022-03-20,黄渡,苏州河/吴淞江,63405100,water_level,2.84,m,1
2022-03-21,黄渡,苏州河/吴淞江,63405100,water_level,2.88,m,1
2022-03-22,黄渡,苏州河/吴淞江,63405100,water_level,3.02,m,1
2022-03-23,黄渡,苏州河/吴淞江,63405100,water_level,3.13,m,1
2022-03-24,黄渡,苏州河/吴淞江,63405100,water_level,2.99,m,1
2022-03-25,黄渡,苏州河/吴淞江,63405100,water_level,2.87,m,1
2022-03-26,黄渡,苏州河/吴淞江,63405100,water_level,2.91,m,1
2022-03-27,黄渡,苏州河/吴淞江,63405100,water_level,2.77,m,1
2022-03-28,黄渡,苏州河/吴淞江,63405100,water_level,2.72,m,1
2022-03-29,黄渡,苏州河/吴淞江,63405100,water_level,2.7,m,1
2022-03-30,黄渡,苏州河/吴淞江,63405100,water_level,2.74,m,1
2022-03-31,黄渡,苏州河/吴淞江,63405100,water_level,2.76,m,1
2022-04-01,黄渡,苏州河/吴淞江,63405100,water_level,2.87,m,1
2022-04-02,黄渡,苏州河/吴淞江,63405100,water_level,2.87,m,1
2022-04-03,黄渡,苏州河/吴淞江,63405100,water_level,2.89,m,1
2022-04-04,黄渡,苏州河/吴淞江,63405100,water_level,2.93,m,1
2022-04-05,黄渡,苏州河/吴淞江,63405100,water_level,2.9,m,1
2022-04-06,黄渡,苏州河/吴淞江,63405100,water_level,2.89,m,1
2022-04-07,黄渡,苏州河/吴淞江,63405100,water_level,2.84,m,1
2022-04-08,黄渡,苏州河/吴淞江,63405100,water_level,2.79,m,1
2022-04-09,黄渡,苏州河/吴淞江,63405100,water_level,2.75,m,1
2022-04-10,黄渡,苏州河/吴淞江,63405100,water_level,2.71,m,1
2022-04-11,黄渡,苏州河/吴淞江,63405100,water_level,2.66,m,1
2022-04-12,黄渡,苏州河/吴淞江,63405100,water_level,2.65,m,1
2022-04-13,黄渡,苏州河/吴淞江,63405100,water_level,2.64,m,1
2022-04-14,黄渡,苏州河/吴淞江,63405100,water_level,2.79,m,1
2022-04-15,黄渡,苏州河/吴淞江,63405100,water_level,3.07,m,1
2022-04-16,黄渡,苏州河/吴淞江,63405100,water_level,2.94,m,1
2022-04-17,黄渡,苏州河/吴淞江,63405100,water_level,2.88,m,1
2022-04-18,黄渡,苏州河/吴淞江,63405100,water_level,2.87,m,1
2022-04-19,黄渡,苏州河/吴淞江,63405100,water_level,2.85,m,1
2022-04-20,黄渡,苏州河/吴淞江,63405100,water_level,2.85,m,1
2022-04-21,黄渡,苏州河/吴淞江,63405100,water_level,2.82,m,1
2022-04-22,黄渡,苏州河/吴淞江,63405100,water_level,2.81,m,1
2022-04-23,黄渡,苏州河/吴淞江,63405100,water_level,2.73,m,1
2022-04-24,黄渡,苏州河/吴淞江,63405100,water_level,2.75,m,1
2022-04-25,黄渡,苏州河/吴淞江,63405100,water_level,2.7,m,1
2022-04-26,黄渡,苏州河/吴淞江,63405100,water_level,2.68,m,1
2022-04-27,黄渡,苏州河/吴淞江,63405100,water_level,2.66,m,1
2022-04-28,黄渡,苏州河/吴淞江,63405100,water_level,2.65,m,1
2022-04-29,黄渡,苏州河/吴淞江,63405100,water_level,2.68,m,1
2022-04-30,黄渡,苏州河/吴淞江,63405100,water_level,2.74,m,1
2022-05-01,黄渡,苏州河/吴淞江,63405100,water_level,2.77,m,1
2022-05-02,黄渡,苏州河/吴淞江,63405100,water_level,2.81,m,1
2022-05-03,黄渡,苏州河/吴淞江,63405100,water_level,2.8,m,1
2022-05-04,黄渡,苏州河/吴淞江,63405100,water_level,2.82,m,1
2022-05-05,黄渡,苏州河/吴淞江,63405100,water_level,2.8,m,1
2022-05-06,黄渡,苏州河/吴淞江,63405100,water_level,2.79,m,1
2022-05-07,黄渡,苏州河/吴淞江,63405100,water_level,2.77,m,1
2022-05-08,黄渡,苏州河/吴淞江,63405100,water_level,2.72,m,1
2022-05-09,黄渡,苏州河/吴淞江,63405100,water_level,2.7,m,1
2022-05-10,黄渡,苏州河/吴淞江,63405100,water_level,2.7,m,1
2022-05-11,黄渡,苏州河/吴淞江,63405100,water_level,2.67,m,1
2022-05-12,黄渡,苏州河/吴淞江,63405100,water_level,2.67,m,1
2022-05-13,黄渡,苏州河/吴淞江,63405100,water_level,2.67,m,1
2022-05-14,黄渡,苏州河/吴淞江,63405100,water_level,2.74,m,1
2022-05-15,黄渡,苏州河/吴淞江,63405100,water_level,2.71,m,1
2022-05-16,黄渡,苏州河/吴淞江,63405100,water_level,2.75,m,1
2022-05-17,黄渡,苏州河/吴淞江,63405100,water_level,2.76,m,1
2022-05-18,黄渡,苏州河/吴淞江,63405100,water_level,2.77,m,1
2022-05-19,黄渡,苏州河/吴淞江,63405100,water_level,2.76,m,1
2022-05-20,黄渡,苏州河/吴淞江,63405100,water_level,2.77,m,1
2022-05-21,黄渡,苏州河/吴淞江,63405100,water_level,2.76,m,1
2022-05-22,黄渡,苏州河/吴淞江,63405100,water_level,2.74,m,1
2022-05-23,黄渡,苏州河/吴淞江,63405100,water_level,2.7,m,1
2022-05-24,黄渡,苏州河/吴淞江,63405100,water_level,2.68,m,1
2022-05-25,黄渡,苏州河/吴淞江,63405100,water_level,2.66,m,1
2022-05-26,黄渡,苏州河/吴淞江,63405100,water_level,2.68,m,1
2022-05-27,黄渡,苏州河/吴淞江,63405100,water_level,2.69,m,1
2022-05-28,黄渡,苏州河/吴淞江,63405100,water_level,2.69,m,1
2022-05-29,黄渡,苏州河/吴淞江,63405100,water_level,2.68,m,1
2022-05-30,黄渡,苏州河/吴淞江,63405100,water_level,2.74,m,1
2022-05-31,黄渡,苏州河/吴淞江,63405100,water_level,2.73,m,1
2022-06-01,黄渡,苏州河/吴淞江,63405100,water_level,2.74,m,1
2022-06-02,黄渡,苏州河/吴淞江,63405100,water_level,2.72,m,1
2022-06-03,黄渡,苏州河/吴淞江,63405100,water_level,2.75,m,1
2022-06-04,黄渡,苏州河/吴淞江,63405100,water_level,2.76,m,1
2022-06-05,黄渡,苏州河/吴淞江,63405100,water_level,2.76,m,1
2022-06-06,黄渡,苏州河/吴淞江,63405100,water_level,2.97,m,1
2022-06-07,黄渡,苏州河/吴淞江,63405100,water_level,2.84,m,1
2022-06-08,黄渡,苏州河/吴淞江,63405100,water_level,2.77,m,1
2022-06-09,黄渡,苏州河/吴淞江,63405100,water_level,2.77,m,1
2022-06-10,黄渡,苏州河/吴淞江,63405100,water_level,2.75,m,1
2022-06-11,黄渡,苏州河/吴淞江,63405100,water_level,2.75,m,1
2022-06-12,黄渡,苏州河/吴淞江,63405100,water_level,2.75,m,1
2022-06-13,黄渡,苏州河/吴淞江,63405100,water_level,2.74,m,1
2022-06-14,黄渡,苏州河/吴淞江,63405100,water_level,2.83,m,1
2022-06-15,黄渡,苏州河/吴淞江,63405100,water_level,2.88,m,1
2022-06-16,黄渡,苏州河/吴淞江,63405100,water_level,2.88,m,1
2022-06-17,黄渡,苏州河/吴淞江,63405100,water_level,2.87,m,1
2022-06-18,黄渡,苏州河/吴淞江,63405100,water_level,2.89,m,1
2022-06-19,黄渡,苏州河/吴淞江,63405100,water_level,2.84,m,1
2022-06-20,黄渡,苏州河/吴淞江,63405100,water_level,2.88,m,1
2022-06-21,黄渡,苏州河/吴淞江,63405100,water_level,2.76,m,1
2022-06-22,黄渡,苏州河/吴淞江,63405100,water_level,2.73,m,1
2022-06-23,黄渡,苏州河/吴淞江,63405100,water_level,2.72,m,1
2022-06-24,黄渡,苏州河/吴淞江,63405100,water_level,2.71,m,1
2022-06-25,黄渡,苏州河/吴淞江,63405100,water_level,2.79,m,1
2022-06-26,黄渡,苏州河/吴淞江,63405100,water_level,2.65,m,1
2022-06-27,黄渡,苏州河/吴淞江,63405100,water_level,2.64,m,1
2022-06-28,黄渡,苏州河/吴淞江,63405100,water_level,2.67,m,1
2022-06-29,黄渡,苏州河/吴淞江,63405100,water_level,2.69,m,1
2022-06-30,黄渡,苏州河/吴淞江,63405100,water_level,2.79,m,1
2022-07-01,黄渡,苏州河/吴淞江,63405100,water_level,2.85,m,1
2022-07-02,黄渡,苏州河/吴淞江,63405100,water_level,2.84,m,1
2022-07-03,黄渡,苏州河/吴淞江,63405100,water_level,2.81,m,1
2022-07-04,黄渡,苏州河/吴淞江,63405100,water_level,2.83,m,1
2022-07-05,黄渡,苏州河/吴淞江,63405100,water_level,2.81,m,1
2022-07-06,黄渡,苏州河/吴淞江,63405100,water_level,2.78,m,1
2022-07-07,黄渡,苏州河/吴淞江,63405100,water_level,2.72,m,1
2022-07-08,黄渡,苏州河/吴淞江,63405100,water_level,2.71,m,1
2022-07-09,黄渡,苏州河/吴淞江,63405100,water_level,2.73,m,1
2022-07-10,黄渡,苏州河/吴淞江,63405100,water_level,2.72,m,1
2022-07-11,黄渡,苏州河/吴淞江,63405100,water_level,2.68,m,1
2022-07-12,黄渡,苏州河/吴淞江,63405100,water_level,2.77,m,1
2022-07-13,黄渡,苏州河/吴淞江,63405100,water_level,2.78,m,1
2022-07-14,黄渡,苏州河/吴淞江,63405100,water_level,2.75,m,1
2022-07-15,黄渡,苏州河/吴淞江,63405100,water_level,2.77,m,1
2022-07-16,黄渡,苏州河/吴淞江,63405100,water_level,2.82,m,1
2022-07-17,黄渡,苏州河/吴淞江,63405100,water_level,2.81,m,1
2022-07-18,黄渡,苏州河/吴淞江,63405100,water_level,2.8,m,1
2022-07-19,黄渡,苏州河/吴淞江,63405100,water_level,2.8,m,1
2022-07-20,黄渡,苏州河/吴淞江,63405100,water_level,2.83,m,1
2022-07-21,黄渡,苏州河/吴淞江,63405100,water_level,2.74,m,1
2022-07-22,黄渡,苏州河/吴淞江,63405100,water_level,2.74,m,1
2022-07-23,黄渡,苏州河/吴淞江,63405100,water_level,2.71,m,1
2022-07-24,黄渡,苏州河/吴淞江,63405100,water_level,2.66,m,1
2022-07-25,黄渡,苏州河/吴淞江,63405100,water_level,2.65,m,1
2022-07-26,黄渡,苏州河/吴淞江,63405100,water_level,2.67,m,1
2022-07-27,黄渡,苏州河/吴淞江,63405100,water_level,2.67,m,1
2022-07-28,黄渡,苏州河/吴淞江,63405100,water_level,2.69,m,1
2022-07-29,黄渡,苏州河/吴淞江,63405100,water_level,2.73,m,1
2022-07-30,黄渡,苏州河/吴淞江,63405100,water_level,2.76,m,1
2022-07-31,黄渡,苏州河/吴淞江,63405100,water_level,2.8,m,1
2022-08-01,黄渡,苏州河/吴淞江,63405100,water_level,2.68,m,1
2022-08-02,黄渡,苏州河/吴淞江,63405100,water_level,2.79,m,1
2022-08-03,黄渡,苏州河/吴淞江,63405100,water_level,2.82,m,1
2022-08-04,黄渡,苏州河/吴淞江,63405100,water_level,2.8,m,1
2022-08-05,黄渡,苏州河/吴淞江,63405100,water_level,2.76,m,1
2022-08-06,黄渡,苏州河/吴淞江,63405100,water_level,2.73,m,1
2022-08-07,黄渡,苏州河/吴淞江,63405100,water_level,2.76,m,1
2022-08-08,黄渡,苏州河/吴淞江,63405100,water_level,2.65,m,1
2022-08-09,黄渡,苏州河/吴淞江,63405100,water_level,2.62,m,1
2022-08-10,黄渡,苏州河/吴淞江,63405100,water_level,2.61,m,1
2022-08-11,黄渡,苏州河/吴淞江,63405100,water_level,2.62,m,1
2022-08-12,黄渡,苏州河/吴淞江,63405100,water_level,2.64,m,1
2022-08-13,黄渡,苏州河/吴淞江,63405100,water_level,2.72,m,1
2022-08-14,黄渡,苏州河/吴淞江,63405100,water_level,2.74,m,1
2022-08-15,黄渡,苏州河/吴淞江,63405100,water_level,2.76,m,1
2022-08-16,黄渡,苏州河/吴淞江,63405100,water_level,2.77,m,1
2022-08-17,黄渡,苏州河/吴淞江,63405100,water_level,2.75,m,1
2022-08-18,黄渡,苏州河/吴淞江,63405100,water_level,2.77,m,1
2022-08-19,黄渡,苏州河/吴淞江,63405100,water_level,2.76,m,1
2022-08-20,黄渡,苏州河/吴淞江,63405100,water_level,2.71,m,1
2022-08-21,黄渡,苏州河/吴淞江,63405100,water_level,2.67,m,1
2022-08-22,黄渡,苏州河/吴淞江,63405100,water_level,2.62,m,1
2022-08-23,黄渡,苏州河/吴淞江,63405100,water_level,2.58,m,1
2022-08-24,黄渡,苏州河/吴淞江,63405100,water_level,2.61,m,1
2022-08-25,黄渡,苏州河/吴淞江,63405100,water_level,2.63,m,1
2022-08-26,黄渡,苏州河/吴淞江,63405100,water_level,2.62,m,1
2022-08-27,黄渡,苏州河/吴淞江,63405100,water_level,2.71,m,1
2022-08-28,黄渡,苏州河/吴淞江,63405100,water_level,2.79,m,1
2022-08-29,黄渡,苏州河/吴淞江,63405100,water_level,2.85,m,1
2022-08-30,黄渡,苏州河/吴淞江,63405100,water_level,2.86,m,1
2022-08-31,黄渡,苏州河/吴淞江,63405100,water_level,2.85,m,1
2022-09-01,黄渡,苏州河/吴淞江,63405100,water_level,2.85,m,1
2022-09-02,黄渡,苏州河/吴淞江,63405100,water_level,2.82,m,1
2022-09-03,黄渡,苏州河/吴淞江,63405100,water_level,2.8,m,1
2022-09-04,黄渡,苏州河/吴淞江,63405100,water_level,2.83,m,1
2022-09-05,黄渡,苏州河/吴淞江,63405100,water_level,2.82,m,1
2022-09-06,黄渡,苏州河/吴淞江,63405100,water_level,2.89,m,1
2022-09-07,黄渡,苏州河/吴淞江,63405100,water_level,2.73,m,1
2022-09-08,黄渡,苏州河/吴淞江,63405100,water_level,2.72,m,1
2022-09-09,黄渡,苏州河/吴淞江,63405100,water_level,2.71,m,1
2022-09-10,黄渡,苏州河/吴淞江,63405100,water_level,2.75,m,1
2022-09-11,黄渡,苏州河/吴淞江,63405100,water_level,2.78,m,1
2022-09-12,黄渡,苏州河/吴淞江,63405100,water_level,2.82,m,1
2022-09-13,黄渡,苏州河/吴淞江,63405100,water_level,2.86,m,1
2022-09-14,黄渡,苏州河/吴淞江,63405100,water_level,2.83,m,1
2022-09-15,黄渡,苏州河/吴淞江,63405100,water_level,2.87,m,1
2022-09-16,黄渡,苏州河/吴淞江,63405100,water_level,3.4,m,1
2022-09-17,黄渡,苏州河/吴淞江,63405100,water_level,2.88,m,1
2022-09-18,黄渡,苏州河/吴淞江,63405100,water_level,2.8,m,1
2022-09-19,黄渡,苏州河/吴淞江,63405100,water_level,2.81,m,1
2022-09-20,黄渡,苏州河/吴淞江,63405100,water_level,2.81,m,1
2022-09-21,黄渡,苏州河/吴淞江,63405100,water_level,2.81,m,1
2022-09-22,黄渡,苏州河/吴淞江,63405100,water_level,2.72,m,1
2022-09-23,黄渡,苏州河/吴淞江,63405100,water_level,2.75,m,1
2022-09-24,黄渡,苏州河/吴淞江,63405100,water_level,2.71,m,1
2022-09-25,黄渡,苏州河/吴淞江,63405100,water_level,2.73,m,1
2022-09-26,黄渡,苏州河/吴淞江,63405100,water_level,2.78,m,1
2022-09-27,黄渡,苏州河/吴淞江,63405100,water_level,2.81,m,1
2022-09-28,黄渡,苏州河/吴淞江,63405100,water_level,2.83,m,1
2022-09-29,黄渡,苏州河/吴淞江,63405100,water_level,2.85,m,1
2022-09-30,黄渡,苏州河/吴淞江,63405100,water_level,2.81,m,1
2022-10-01,黄渡,苏州河/吴淞江,63405100,water_level,2.81,m,1
2022-10-02,黄渡,苏州河/吴淞江,63405100,water_level,2.8,m,1
2022-10-03,黄渡,苏州河/吴淞江,63405100,water_level,2.78,m,1
2022-10-04,黄渡,苏州河/吴淞江,63405100,water_level,2.76,m,1
2022-10-05,黄渡,苏州河/吴淞江,63405100,water_level,2.75,m,1
2022-10-06,黄渡,苏州河/吴淞江,63405100,water_level,2.73,m,1
2022-10-07,黄渡,苏州河/吴淞江,63405100,water_level,2.72,m,1
2022-10-08,黄渡,苏州河/吴淞江,63405100,water_level,2.75,m,1
2022-10-09,黄渡,苏州河/吴淞江,63405100,water_level,2.78,m,1
2022-10-10,黄渡,苏州河/吴淞江,63405100,water_level,2.79,m,1
2022-10-11,黄渡,苏州河/吴淞江,63405100,water_level,2.79,m,1
2022-10-12,黄渡,苏州河/吴淞江,63405100,water_level,2.82,m,1
2022-10-13,黄渡,苏州河/吴淞江,63405100,water_level,2.78,m,1
2022-10-14,黄渡,苏州河/吴淞江,63405100,water_level,2.79,m,1
2022-10-15,黄渡,苏州河/吴淞江,63405100,water_level,2.81,m,1
2022-10-16,黄渡,苏州河/吴淞江,63405100,water_level,2.79,m,1
2022-10-17,黄渡,苏州河/吴淞江,63405100,water_level,2.77,m,1
2022-10-18,黄渡,苏州河/吴淞江,63405100,water_level,2.75,m,1
2022-10-19,黄渡,苏州河/吴淞江,63405100,water_level,2.72,m,1
2022-10-20,黄渡,苏州河/吴淞江,63405100,water_level,2.66,m,1
2022-10-21,黄渡,苏州河/吴淞江,63405100,water_level,2.63,m,1
2022-10-22,黄渡,苏州河/吴淞江,63405100,water_level,2.61,m,1
2022-10-23,黄渡,苏州河/吴淞江,63405100,water_level,2.61,m,1
2022-10-24,黄渡,苏州河/吴淞江,63405100,water_level,2.63,m,1
2022-10-25,黄渡,苏州河/吴淞江,63405100,water_level,2.66,m,1
2022-10-26,黄渡,苏州河/吴淞江,63405100,water_level,2.68,m,1
2022-10-27,黄渡,苏州河/吴淞江,63405100,water_level,2.7,m,1
2022-10-28,黄渡,苏州河/吴淞江,63405100,water_level,2.74,m,1
2022-10-29,黄渡,苏州河/吴淞江,63405100,water_level,2.76,m,1
2022-10-30,黄渡,苏州河/吴淞江,63405100,water_level,2.77,m,1
2022-10-31,黄渡,苏州河/吴淞江,63405100,water_level,2.76,m,1
2022-11-01,黄渡,苏州河/吴淞江,63405100,water_level,2.78,m,1
2022-11-02,黄渡,苏州河/吴淞江,63405100,water_level,2.77,m,1
2022-11-03,黄渡,苏州河/吴淞江,63405100,water_level,2.77,m,1
2022-11-04,黄渡,苏州河/吴淞江,63405100,water_level,2.74,m,1
2022-11-05,黄渡,苏州河/吴淞江,63405100,water_level,2.73,m,1
2022-11-06,黄渡,苏州河/吴淞江,63405100,water_level,2.72,m,1
2022-11-07,黄渡,苏州河/吴淞江,63405100,water_level,2.72,m,1
2022-11-08,黄渡,苏州河/吴淞江,63405100,water_level,2.72,m,1
2022-11-09,黄渡,苏州河/吴淞江,63405100,water_level,2.74,m,1
2022-11-10,黄渡,苏州河/吴淞江,63405100,water_level,2.75,m,1
2022-11-11,黄渡,苏州河/吴淞江,63405100,water_level,2.76,m,1
2022-11-12,黄渡,苏州河/吴淞江,63405100,water_level,2.75,m,1
2022-11-13,黄渡,苏州河/吴淞江,63405100,water_level,2.71,m,1
2022-11-14,黄渡,苏州河/吴淞江,63405100,water_level,2.71,m,1
2022-11-15,黄渡,苏州河/吴淞江,63405100,water_level,2.69,m,1
2022-11-16,黄渡,苏州河/吴淞江,63405100,water_level,2.63,m,1
2022-11-17,黄渡,苏州河/吴淞江,63405100,water_level,2.59,m,1
2022-11-18,黄渡,苏州河/吴淞江,63405100,water_level,2.63,m,1
2022-11-19,黄渡,苏州河/吴淞江,63405100,water_level,2.62,m,1
2022-11-20,黄渡,苏州河/吴淞江,63405100,water_level,2.62,m,1
2022-11-21,黄渡,苏州河/吴淞江,63405100,water_level,2.63,m,1
2022-11-22,黄渡,苏州河/吴淞江,63405100,water_level,2.64,m,1
2022-11-23,黄渡,苏州河/吴淞江,63405100,water_level,2.71,m,1
2022-11-24,黄渡,苏州河/吴淞江,63405100,water_level,2.75,m,1
2022-11-25,黄渡,苏州河/吴淞江,63405100,water_level,2.8,m,1
2022-11-26,黄渡,苏州河/吴淞江,63405100,water_level,2.8,m,1
2022-11-27,黄渡,苏州河/吴淞江,63405100,water_level,2.81,m,1
2022-11-28,黄渡,苏州河/吴淞江,63405100,water_level,2.82,m,1
2022-11-29,黄渡,苏州河/吴淞江,63405100,water_level,2.8,m,1
2022-11-30,黄渡,苏州河/吴淞江,63405100,water_level,2.8,m,1
2022-12-01,黄渡,苏州河/吴淞江,63405100,water_level,2.83,m,1
2022-12-02,黄渡,苏州河/吴淞江,63405100,water_level,2.75,m,1
2022-12-03,黄渡,苏州河/吴淞江,63405100,water_level,2.68,m,1
2022-12-04,黄渡,苏州河/吴淞江,63405100,water_level,2.67,m,1
2022-12-05,黄渡,苏州河/吴淞江,63405100,water_level,2.72,m,1
2022-12-06,黄渡,苏州河/吴淞江,63405100,water_level,2.79,m,1
2022-12-07,黄渡,苏州河/吴淞江,63405100,water_level,2.77,m,1
2022-12-08,黄渡,苏州河/吴淞江,63405100,water_level,2.79,m,1
2022-12-09,黄渡,苏州河/吴淞江,63405100,water_level,2.76,m,1
2022-12-10,黄渡,苏州河/吴淞江,63405100,water_level,2.78,m,1
2022-12-11,黄渡,苏州河/吴淞江,63405100,water_level,2.83,m,1
2022-12-12,黄渡,苏州河/吴淞江,63405100,water_level,2.84,m,1
2022-12-13,黄渡,苏州河/吴淞江,63405100,water_level,2.82,m,1
2022-12-14,黄渡,苏州河/吴淞江,63405100,water_level,2.77,m,1
2022-12-15,黄渡,苏州河/吴淞江,63405100,water_level,2.71,m,1
2022-12-16,黄渡,苏州河/吴淞江,63405100,water_level,2.64,m,1
2022-12-17,黄渡,苏州河/吴淞江,63405100,water_level,2.57,m,1
2022-12-18,黄渡,苏州河/吴淞江,63405100,water_level,2.56,m,1
2022-12-19,黄渡,苏州河/吴淞江,63405100,water_level,2.52,m,1
2022-12-20,黄渡,苏州河/吴淞江,63405100,water_level,2.48,m,1
2022-12-21,黄渡,苏州河/吴淞江,63405100,water_level,2.5,m,1
2022-12-22,黄渡,苏州河/吴淞江,63405100,water_level,2.54,m,1
2022-12-23,黄渡,苏州河/吴淞江,63405100,water_level,2.6,m,1
2022-12-24,黄渡,苏州河/吴淞江,63405100,water_level,2.63,m,1
2022-12-25,黄渡,苏州河/吴淞江,63405100,water_level,2.63,m,1
2022-12-26,黄渡,苏州河/吴淞江,63405100,water_level,2.64,m,1
2022-12-27,黄渡,苏州河/吴淞江,63405100,water_level,2.66,m,1
2022-12-28,黄渡,苏州河/吴淞江,63405100,water_level,2.67,m,1
2022-12-29,黄渡,苏州河/吴淞江,63405100,water_level,2.66,m,1
2022-12-30,黄渡,苏州河/吴淞江,63405100,water_level,2.62,m,1
2022-12-31,黄渡,苏州河/吴淞江,63405100,water_level,2.59,m,1
2023-01-01,黄渡,苏州河/吴淞江,63405100,water_level,2.56,m,1
2023-01-02,黄渡,苏州河/吴淞江,63405100,water_level,2.55,m,1
2023-01-03,黄渡,苏州河/吴淞江,63405100,water_level,2.54,m,1
2023-01-04,黄渡,苏州河/吴淞江,63405100,water_level,2.55,m,1
2023-01-05,黄渡,苏州河/吴淞江,63405100,water_level,2.54,m,1
2023-01-06,黄渡,苏州河/吴淞江,63405100,water_level,2.53,m,1
2023-01-07,黄渡,苏州河/吴淞江,63405100,water_level,2.59,m,1
2023-01-08,黄渡,苏州河/吴淞江,63405100,water_level,2.62,m,1
2023-01-09,黄渡,苏州河/吴淞江,63405100,water_level,2.63,m,1
2023-01-10,黄渡,苏州河/吴淞江,63405100,water_level,2.64,m,1
2023-01-11,黄渡,苏州河/吴淞江,63405100,water_level,2.64,m,1
2023-01-12,黄渡,苏州河/吴淞江,63405100,water_level,2.65,m,1
2023-01-13,黄渡,苏州河/吴淞江,63405100,water_level,2.66,m,1
2023-01-14,黄渡,苏州河/吴淞江,63405100,water_level,2.72,m,1
2023-01-15,黄渡,苏州河/吴淞江,63405100,water_level,2.66,m,1
2023-01-16,黄渡,苏州河/吴淞江,63405100,water_level,2.67,m,1
2023-01-17,黄渡,苏州河/吴淞江,63405100,water_level,2.66,m,1
2023-01-18,黄渡,苏州河/吴淞江,63405100,water_level,2.61,m,1
2023-01-19,黄渡,苏州河/吴淞江,63405100,water_level,2.59,m,1
2023-01-20,黄渡,苏州河/吴淞江,63405100,water_level,2.57,m,1
2023-01-21,黄渡,苏州河/吴淞江,63405100,water_level,2.57,m,1
2023-01-22,黄渡,苏州河/吴淞江,63405100,water_level,2.64,m,1
2023-01-23,黄渡,苏州河/吴淞江,63405100,water_level,2.67,m,1
2023-01-24,黄渡,苏州河/吴淞江,63405100,water_level,2.72,m,1
2023-01-25,黄渡,苏州河/吴淞江,63405100,water_level,2.76,m,1
2023-01-26,黄渡,苏州河/吴淞江,63405100,water_level,2.75,m,1
2023-01-27,黄渡,苏州河/吴淞江,63405100,water_level,2.7,m,1
2023-01-28,黄渡,苏州河/吴淞江,63405100,water_level,2.72,m,1
2023-01-29,黄渡,苏州河/吴淞江,63405100,water_level,2.66,m,1
2023-01-30,黄渡,苏州河/吴淞江,63405100,water_level,2.59,m,1
2023-01-31,黄渡,苏州河/吴淞江,63405100,water_level,2.55,m,1
2023-02-01,黄渡,苏州河/吴淞江,63405100,water_level,2.51,m,1
2023-02-02,黄渡,苏州河/吴淞江,63405100,water_level,2.51,m,1
2023-02-03,黄渡,苏州河/吴淞江,63405100,water_level,2.56,m,1
2023-02-04,黄渡,苏州河/吴淞江,63405100,water_level,2.56,m,1
2023-02-05,黄渡,苏州河/吴淞江,63405100,water_level,2.56,m,1
2023-02-06,黄渡,苏州河/吴淞江,63405100,water_level,2.63,m,1
2023-02-07,黄渡,苏州河/吴淞江,63405100,water_level,2.69,m,1
2023-02-08,黄渡,苏州河/吴淞江,63405100,water_level,2.74,m,1
2023-02-09,黄渡,苏州河/吴淞江,63405100,water_level,2.73,m,1
2023-02-10,黄渡,苏州河/吴淞江,63405100,water_level,2.75,m,1
2023-02-11,黄渡,苏州河/吴淞江,63405100,water_level,2.77,m,1
2023-02-12,黄渡,苏州河/吴淞江,63405100,water_level,2.78,m,1
2023-02-13,黄渡,苏州河/吴淞江,63405100,water_level,2.78,m,1
2023-02-14,黄渡,苏州河/吴淞江,63405100,water_level,2.88,m,1
2023-02-15,黄渡,苏州河/吴淞江,63405100,water_level,2.79,m,1
2023-02-16,黄渡,苏州河/吴淞江,63405100,water_level,2.73,m,1
2023-02-17,黄渡,苏州河/吴淞江,63405100,water_level,2.65,m,1
2023-02-18,黄渡,苏州河/吴淞江,63405100,water_level,2.6,m,1
2023-02-19,黄渡,苏州河/吴淞江,63405100,water_level,2.6,m,1
2023-02-20,黄渡,苏州河/吴淞江,63405100,water_level,2.67,m,1
2023-02-21,黄渡,苏州河/吴淞江,63405100,water_level,2.72,m,1
2023-02-22,黄渡,苏州河/吴淞江,63405100,water_level,2.74,m,1
2023-02-23,黄渡,苏州河/吴淞江,63405100,water_level,2.78,m,1
2023-02-24,黄渡,苏州河/吴淞江,63405100,water_level,2.78,m,1
2023-02-25,黄渡,苏州河/吴淞江,63405100,water_level,2.79,m,1
2023-02-26,黄渡,苏州河/吴淞江,63405100,water_level,2.75,m,1
2023-02-27,黄渡,苏州河/吴淞江,63405100,water_level,2.68,m,1
2023-02-28,黄渡,苏州河/吴淞江,63405100,water_level,2.62,m,1
2023-03-01,黄渡,苏州河/吴淞江,63405100,water_level,2.57,m,1
2023-03-02,黄渡,苏州河/吴淞江,63405100,water_level,2.53,m,1
2023-03-03,黄渡,苏州河/吴淞江,63405100,water_level,2.55,m,1
2023-03-04,黄渡,苏州河/吴淞江,63405100,water_level,2.52,m,1
2023-03-05,黄渡,苏州河/吴淞江,63405100,water_level,2.51,m,1
2023-03-06,黄渡,苏州河/吴淞江,63405100,water_level,2.53,m,1
2023-03-07,黄渡,苏州河/吴淞江,63405100,water_level,2.61,m,1
2023-03-08,黄渡,苏州河/吴淞江,63405100,water_level,2.61,m,1
2023-03-09,黄渡,苏州河/吴淞江,63405100,water_level,2.64,m,1
2023-03-10,黄渡,苏州河/吴淞江,63405100,water_level,2.69,m,1
2023-03-11,黄渡,苏州河/吴淞江,63405100,water_level,2.7,m,1
2023-03-12,黄渡,苏州河/吴淞江,63405100,water_level,2.7,m,1
2023-03-13,黄渡,苏州河/吴淞江,63405100,water_level,2.72,m,1
2023-03-14,黄渡,苏州河/吴淞江,63405100,water_level,2.68,m,1
2023-03-15,黄渡,苏州河/吴淞江,63405100,water_level,2.58,m,1
2023-03-16,黄渡,苏州河/吴淞江,63405100,water_level,2.54,m,1
2023-03-17,黄渡,苏州河/吴淞江,63405100,water_level,2.52,m,1
2023-03-18,黄渡,苏州河/吴淞江,63405100,water_level,2.57,m,1
2023-03-19,黄渡,苏州河/吴淞江,63405100,water_level,2.57,m,1
2023-03-20,黄渡,苏州河/吴淞江,63405100,water_level,2.58,m,1
2023-03-21,黄渡,苏州河/吴淞江,63405100,water_level,2.58,m,1
2023-03-22,黄渡,苏州河/吴淞江,63405100,water_level,2.77,m,1
2023-03-23,黄渡,苏州河/吴淞江,63405100,water_level,2.79,m,1
2023-03-24,黄渡,苏州河/吴淞江,63405100,water_level,2.82,m,1
2023-03-25,黄渡,苏州河/吴淞江,63405100,water_level,2.84,m,1
2023-03-26,黄渡,苏州河/吴淞江,63405100,water_level,2.83,m,1
2023-03-27,黄渡,苏州河/吴淞江,63405100,water_level,2.81,m,1
2023-03-28,黄渡,苏州河/吴淞江,63405100,water_level,2.78,m,1
2023-03-29,黄渡,苏州河/吴淞江,63405100,water_level,2.68,m,1
2023-03-30,黄渡,苏州河/吴淞江,63405100,water_level,2.61,m,1
2023-03-31,黄渡,苏州河/吴淞江,63405100,water_level,2.58,m,1
2023-04-01,黄渡,苏州河/吴淞江,63405100,water_level,2.55,m,1
2023-04-02,黄渡,苏州河/吴淞江,63405100,water_level,2.49,m,1
2023-04-03,黄渡,苏州河/吴淞江,63405100,water_level,2.5,m,1
2023-04-04,黄渡,苏州河/吴淞江,63405100,water_level,2.54,m,1
2023-04-05,黄渡,苏州河/吴淞江,63405100,water_level,2.58,m,1
2023-04-06,黄渡,苏州河/吴淞江,63405100,water_level,2.63,m,1
2023-04-07,黄渡,苏州河/吴淞江,63405100,water_level,2.71,m,1
2023-04-08,黄渡,苏州河/吴淞江,63405100,water_level,2.74,m,1
2023-04-09,黄渡,苏州河/吴淞江,63405100,water_level,2.74,m,1
2023-04-10,黄渡,苏州河/吴淞江,63405100,water_level,2.73,m,1
2023-04-11,黄渡,苏州河/吴淞江,63405100,water_level,2.72,m,1
2023-04-12,黄渡,苏州河/吴淞江,63405100,water_level,2.71,m,1
2023-04-13,黄渡,苏州河/吴淞江,63405100,water_level,2.63,m,1
2023-04-14,黄渡,苏州河/吴淞江,63405100,water_level,2.61,m,1
2023-04-15,黄渡,苏州河/吴淞江,63405100,water_level,2.62,m,1
2023-04-16,黄渡,苏州河/吴淞江,63405100,water_level,2.58,m,1
2023-04-17,黄渡,苏州河/吴淞江,63405100,water_level,2.54,m,1
2023-04-18,黄渡,苏州河/吴淞江,63405100,water_level,2.57,m,1
2023-04-19,黄渡,苏州河/吴淞江,63405100,water_level,2.57,m,1
2023-04-20,黄渡,苏州河/吴淞江,63405100,water_level,2.65,m,1
2023-04-21,黄渡,苏州河/吴淞江,63405100,water_level,2.7,m,1
2023-04-22,黄渡,苏州河/吴淞江,63405100,water_level,2.72,m,1
2023-04-23,黄渡,苏州河/吴淞江,63405100,water_level,2.72,m,1
2023-04-24,黄渡,苏州河/吴淞江,63405100,water_level,2.73,m,1
2023-04-25,黄渡,苏州河/吴淞江,63405100,water_level,2.76,m,1
2023-04-26,黄渡,苏州河/吴淞江,63405100,water_level,2.74,m,1
2023-04-27,黄渡,苏州河/吴淞江,63405100,water_level,2.65,m,1
2023-04-28,黄渡,苏州河/吴淞江,63405100,water_level,2.6,m,1
2023-04-29,黄渡,苏州河/吴淞江,63405100,water_level,2.57,m,1
2023-04-30,黄渡,苏州河/吴淞江,63405100,water_level,2.56,m,1
2023-05-01,黄渡,苏州河/吴淞江,63405100,water_level,2.54,m,1
2023-05-02,黄渡,苏州河/吴淞江,63405100,water_level,2.49,m,1
2023-05-03,黄渡,苏州河/吴淞江,63405100,water_level,2.47,m,1
2023-05-04,黄渡,苏州河/吴淞江,63405100,water_level,2.47,m,1
2023-05-05,黄渡,苏州河/吴淞江,63405100,water_level,2.57,m,1
2023-05-06,黄渡,苏州河/吴淞江,63405100,water_level,2.66,m,1
2023-05-07,黄渡,苏州河/吴淞江,63405100,water_level,2.67,m,1
2023-05-08,黄渡,苏州河/吴淞江,63405100,water_level,2.71,m,1
2023-05-09,黄渡,苏州河/吴淞江,63405100,water_level,2.73,m,1
2023-05-10,黄渡,苏州河/吴淞江,63405100,water_level,2.73,m,1
2023-05-11,黄渡,苏州河/吴淞江,63405100,water_level,2.71,m,1
2023-05-12,黄渡,苏州河/吴淞江,63405100,water_level,2.64,m,1
2023-05-13,黄渡,苏州河/吴淞江,63405100,water_level,2.61,m,1
2023-05-14,黄渡,苏州河/吴淞江,63405100,water_level,2.56,m,1
2023-05-15,黄渡,苏州河/吴淞江,63405100,water_level,2.52,m,1
2023-05-16,黄渡,苏州河/吴淞江,63405100,water_level,2.52,m,1
2023-05-17,黄渡,苏州河/吴淞江,63405100,water_level,2.53,m,1
2023-05-18,黄渡,苏州河/吴淞江,63405100,water_level,2.56,m,1
2023-05-19,黄渡,苏州河/吴淞江,63405100,water_level,2.65,m,1
2023-05-20,黄渡,苏州河/吴淞江,63405100,water_level,2.7,m,1
2023-05-21,黄渡,苏州河/吴淞江,63405100,water_level,2.73,m,1
2023-05-22,黄渡,苏州河/吴淞江,63405100,water_level,2.74,m,1
2023-05-23,黄渡,苏州河/吴淞江,63405100,water_level,2.79,m,1
2023-05-24,黄渡,苏州河/吴淞江,63405100,water_level,2.78,m,1
2023-05-25,黄渡,苏州河/吴淞江,63405100,water_level,2.75,m,1
2023-05-26,黄渡,苏州河/吴淞江,63405100,water_level,2.7,m,1
2023-05-27,黄渡,苏州河/吴淞江,63405100,water_level,2.66,m,1
2023-05-28,黄渡,苏州河/吴淞江,63405100,water_level,2.81,m,1
2023-05-29,黄渡,苏州河/吴淞江,63405100,water_level,2.64,m,1
2023-05-30,黄渡,苏州河/吴淞江,63405100,water_level,2.57,m,1
2023-05-31,黄渡,苏州河/吴淞江,63405100,water_level,2.56,m,1
2023-06-01,黄渡,苏州河/吴淞江,63405100,water_level,2.58,m,1
2023-06-02,黄渡,苏州河/吴淞江,63405100,water_level,2.62,m,1
2023-06-03,黄渡,苏州河/吴淞江,63405100,water_level,2.7,m,1
2023-06-04,黄渡,苏州河/吴淞江,63405100,water_level,2.73,m,1
2023-06-05,黄渡,苏州河/吴淞江,63405100,water_level,2.74,m,1
2023-06-06,黄渡,苏州河/吴淞江,63405100,water_level,2.8,m,1
2023-06-07,黄渡,苏州河/吴淞江,63405100,water_level,2.78,m,1
2023-06-08,黄渡,苏州河/吴淞江,63405100,water_level,2.77,m,1
2023-06-09,黄渡,苏州河/吴淞江,63405100,water_level,2.76,m,1
2023-06-10,黄渡,苏州河/吴淞江,63405100,water_level,2.74,m,1
2023-06-11,黄渡,苏州河/吴淞江,63405100,water_level,2.72,m,1
2023-06-12,黄渡,苏州河/吴淞江,63405100,water_level,2.67,m,1
2023-06-13,黄渡,苏州河/吴淞江,63405100,water_level,2.64,m,1
2023-06-14,黄渡,苏州河/吴淞江,63405100,water_level,2.64,m,1
2023-06-15,黄渡,苏州河/吴淞江,63405100,water_level,2.62,m,1
2023-06-16,黄渡,苏州河/吴淞江,63405100,water_level,2.63,m,1
2023-06-17,黄渡,苏州河/吴淞江,63405100,water_level,2.63,m,1
2023-06-18,黄渡,苏州河/吴淞江,63405100,water_level,2.65,m,1
2023-06-19,黄渡,苏州河/吴淞江,63405100,water_level,2.86,m,1
2023-06-20,黄渡,苏州河/吴淞江,63405100,water_level,3.18,m,1
2023-06-21,黄渡,苏州河/吴淞江,63405100,water_level,3.18,m,1
2023-06-22,黄渡,苏州河/吴淞江,63405100,water_level,2.97,m,1
2023-06-23,黄渡,苏州河/吴淞江,63405100,water_level,2.92,m,1
2023-06-24,黄渡,苏州河/吴淞江,63405100,water_level,2.85,m,1
2023-06-25,黄渡,苏州河/吴淞江,63405100,water_level,3.61,m,1
2023-06-26,黄渡,苏州河/吴淞江,63405100,water_level,3.41,m,1
2023-06-27,黄渡,苏州河/吴淞江,63405100,water_level,2.98,m,1
2023-06-28,黄渡,苏州河/吴淞江,63405100,water_level,2.81,m,1
2023-06-29,黄渡,苏州河/吴淞江,63405100,water_level,2.7,m,1
2023-06-30,黄渡,苏州河/吴淞江,63405100,water_level,2.71,m,1
2023-07-01,黄渡,苏州河/吴淞江,63405100,water_level,2.69,m,1
2023-07-02,黄渡,苏州河/吴淞江,63405100,water_level,2.73,m,1
2023-07-03,黄渡,苏州河/吴淞江,63405100,water_level,2.89,m,1
2023-07-04,黄渡,苏州河/吴淞江,63405100,water_level,3.01,m,1
2023-07-05,黄渡,苏州河/吴淞江,63405100,water_level,2.86,m,1
2023-07-06,黄渡,苏州河/吴淞江,63405100,water_level,2.88,m,1
2023-07-07,黄渡,苏州河/吴淞江,63405100,water_level,2.86,m,1
2023-07-08,黄渡,苏州河/吴淞江,63405100,water_level,2.88,m,1
2023-07-09,黄渡,苏州河/吴淞江,63405100,water_level,3.07,m,1
2023-07-10,黄渡,苏州河/吴淞江,63405100,water_level,2.85,m,1
2023-07-11,黄渡,苏州河/吴淞江,63405100,water_level,2.78,m,1
2023-07-12,黄渡,苏州河/吴淞江,63405100,water_level,2.74,m,1
2023-07-13,黄渡,苏州河/吴淞江,63405100,water_level,2.72,m,1
2023-07-14,黄渡,苏州河/吴淞江,63405100,water_level,2.69,m,1
2023-07-15,黄渡,苏州河/吴淞江,63405100,water_level,2.68,m,1
2023-07-16,黄渡,苏州河/吴淞江,63405100,water_level,2.71,m,1
2023-07-17,黄渡,苏州河/吴淞江,63405100,water_level,2.84,m,1
2023-07-18,黄渡,苏州河/吴淞江,63405100,water_level,2.89,m,1
2023-07-19,黄渡,苏州河/吴淞江,63405100,water_level,2.84,m,1
2023-07-20,黄渡,苏州河/吴淞江,63405100,water_level,2.84,m,1
2023-07-21,黄渡,苏州河/吴淞江,63405100,water_level,3.21,m,1
2023-07-22,黄渡,苏州河/吴淞江,63405100,water_level,3.25,m,1
2023-07-23,黄渡,苏州河/吴淞江,63405100,water_level,3.52,m,1
2023-07-24,黄渡,苏州河/吴淞江,63405100,water_level,3.01,m,1
2023-07-25,黄渡,苏州河/吴淞江,63405100,water_level,2.86,m,1
2023-07-26,黄渡,苏州河/吴淞江,63405100,water_level,2.71,m,1
2023-07-27,黄渡,苏州河/吴淞江,63405100,water_level,2.68,m,1
2023-07-28,黄渡,苏州河/吴淞江,63405100,water_level,2.69,m,1
2023-07-29,黄渡,苏州河/吴淞江,63405100,water_level,2.72,m,1
2023-07-30,黄渡,苏州河/吴淞江,63405100,water_level,2.64,m,1
2023-07-31,黄渡,苏州河/吴淞江,63405100,water_level,2.62,m,1
2023-08-01,黄渡,苏州河/吴淞江,63405100,water_level,2.6,m,1
2023-08-02,黄渡,苏州河/吴淞江,63405100,water_level,2.77,m,1
2023-08-03,黄渡,苏州河/吴淞江,63405100,water_level,2.85,m,1
2023-08-04,黄渡,苏州河/吴淞江,63405100,water_level,2.85,m,1
2023-08-05,黄渡,苏州河/吴淞江,63405100,water_level,2.76,m,1
2023-08-06,黄渡,苏州河/吴淞江,63405100,water_level,2.71,m,1
2023-08-07,黄渡,苏州河/吴淞江,63405100,water_level,2.78,m,1
2023-08-08,黄渡,苏州河/吴淞江,63405100,water_level,2.81,m,1
2023-08-09,黄渡,苏州河/吴淞江,63405100,water_level,2.78,m,1
2023-08-10,黄渡,苏州河/吴淞江,63405100,water_level,2.77,m,1
2023-08-11,黄渡,苏州河/吴淞江,63405100,water_level,2.76,m,1
2023-08-12,黄渡,苏州河/吴淞江,63405100,water_level,2.71,m,1
2023-08-13,黄渡,苏州河/吴淞江,63405100,water_level,2.65,m,1
2023-08-14,黄渡,苏州河/吴淞江,63405100,water_level,2.62,m,1
2023-08-15,黄渡,苏州河/吴淞江,63405100,water_level,2.64,m,1
2023-08-16,黄渡,苏州河/吴淞江,63405100,water_level,2.75,m,1
2023-08-17,黄渡,苏州河/吴淞江,63405100,water_level,2.82,m,1
2023-08-18,黄渡,苏州河/吴淞江,63405100,water_level,2.9,m,1
2023-08-19,黄渡,苏州河/吴淞江,63405100,water_level,2.82,m,1
2023-08-20,黄渡,苏州河/吴淞江,63405100,water_level,2.83,m,1
2023-08-21,黄渡,苏州河/吴淞江,63405100,water_level,2.84,m,1
2023-08-22,黄渡,苏州河/吴淞江,63405100,water_level,2.85,m,1
2023-08-23,黄渡,苏州河/吴淞江,63405100,water_level,2.85,m,1
2023-08-24,黄渡,苏州河/吴淞江,63405100,water_level,2.79,m,1
2023-08-25,黄渡,苏州河/吴淞江,63405100,water_level,2.69,m,1
2023-08-26,黄渡,苏州河/吴淞江,63405100,water_level,2.71,m,1
2023-08-27,黄渡,苏州河/吴淞江,63405100,water_level,2.67,m,1
2023-08-28,黄渡,苏州河/吴淞江,63405100,water_level,2.66,m,1
2023-08-29,黄渡,苏州河/吴淞江,63405100,water_level,2.71,m,1
2023-08-30,黄渡,苏州河/吴淞江,63405100,water_level,2.8,m,1
2023-08-31,黄渡,苏州河/吴淞江,63405100,water_level,3.02,m,1
2023-09-01,黄渡,苏州河/吴淞江,63405100,water_level,2.92,m,1
2023-09-02,黄渡,苏州河/吴淞江,63405100,water_level,2.78,m,1
2023-09-03,黄渡,苏州河/吴淞江,63405100,water_level,2.77,m,1
2023-09-04,黄渡,苏州河/吴淞江,63405100,water_level,3.02,m,1
2023-09-05,黄渡,苏州河/吴淞江,63405100,water_level,2.98,m,1
2023-09-06,黄渡,苏州河/吴淞江,63405100,water_level,2.86,m,1
2023-09-07,黄渡,苏州河/吴淞江,63405100,water_level,2.84,m,1
2023-09-08,黄渡,苏州河/吴淞江,63405100,water_level,2.77,m,1
2023-09-09,黄渡,苏州河/吴淞江,63405100,water_level,2.72,m,1
2023-09-10,黄渡,苏州河/吴淞江,63405100,water_level,2.7,m,1
2023-09-11,黄渡,苏州河/吴淞江,63405100,water_level,2.66,m,1
2023-09-12,黄渡,苏州河/吴淞江,63405100,water_level,2.68,m,1
2023-09-13,黄渡,苏州河/吴淞江,63405100,water_level,2.73,m,1
2023-09-14,黄渡,苏州河/吴淞江,63405100,water_level,2.73,m,1
2023-09-15,黄渡,苏州河/吴淞江,63405100,water_level,2.81,m,1
2023-09-16,黄渡,苏州河/吴淞江,63405100,water_level,2.88,m,1
2023-09-17,黄渡,苏州河/吴淞江,63405100,water_level,2.83,m,1
2023-09-18,黄渡,苏州河/吴淞江,63405100,water_level,2.86,m,1
2023-09-19,黄渡,苏州河/吴淞江,63405100,water_level,2.91,m,1
2023-09-20,黄渡,苏州河/吴淞江,63405100,water_level,2.89,m,1
2023-09-21,黄渡,苏州河/吴淞江,63405100,water_level,2.93,m,1
2023-09-22,黄渡,苏州河/吴淞江,63405100,water_level,2.84,m,1
2023-09-23,黄渡,苏州河/吴淞江,63405100,water_level,2.84,m,1
2023-09-24,黄渡,苏州河/吴淞江,63405100,water_level,2.91,m,1
2023-09-25,黄渡,苏州河/吴淞江,63405100,water_level,2.95,m,1
2023-09-26,黄渡,苏州河/吴淞江,63405100,water_level,2.84,m,1
2023-09-27,黄渡,苏州河/吴淞江,63405100,water_level,2.81,m,1
2023-09-28,黄渡,苏州河/吴淞江,63405100,water_level,2.81,m,1
2023-09-29,黄渡,苏州河/吴淞江,63405100,water_level,2.82,m,1
2023-09-30,黄渡,苏州河/吴淞江,63405100,water_level,2.89,m,1
2023-10-01,黄渡,苏州河/吴淞江,63405100,water_level,2.92,m,1
2023-10-02,黄渡,苏州河/吴淞江,63405100,water_level,2.91,m,1
2023-10-03,黄渡,苏州河/吴淞江,63405100,water_level,2.91,m,1
2023-10-04,黄渡,苏州河/吴淞江,63405100,water_level,2.89,m,1
2023-10-05,黄渡,苏州河/吴淞江,63405100,water_level,2.89,m,1
2023-10-06,黄渡,苏州河/吴淞江,63405100,water_level,2.89,m,1
2023-10-07,黄渡,苏州河/吴淞江,63405100,water_level,2.81,m,1
2023-10-08,黄渡,苏州河/吴淞江,63405100,water_level,2.78,m,1
2023-10-09,黄渡,苏州河/吴淞江,63405100,water_level,2.82,m,1
2023-10-10,黄渡,苏州河/吴淞江,63405100,water_level,2.76,m,1
2023-10-11,黄渡,苏州河/吴淞江,63405100,water_level,2.74,m,1
2023-10-12,黄渡,苏州河/吴淞江,63405100,water_level,2.71,m,1
2023-10-13,黄渡,苏州河/吴淞江,63405100,water_level,2.71,m,1
2023-10-14,黄渡,苏州河/吴淞江,63405100,water_level,2.79,m,1
2023-10-15,黄渡,苏州河/吴淞江,63405100,water_level,2.8,m,1
2023-10-16,黄渡,苏州河/吴淞江,63405100,water_level,2.85,m,1
2023-10-17,黄渡,苏州河/吴淞江,63405100,water_level,2.88,m,1
2023-10-18,黄渡,苏州河/吴淞江,63405100,water_level,2.87,m,1
2023-10-19,黄渡,苏州河/吴淞江,63405100,water_level,2.85,m,1
2023-10-20,黄渡,苏州河/吴淞江,63405100,water_level,2.86,m,1
2023-10-21,黄渡,苏州河/吴淞江,63405100,water_level,2.85,m,1
2023-10-22,黄渡,苏州河/吴淞江,63405100,water_level,2.78,m,1
2023-10-23,黄渡,苏州河/吴淞江,63405100,water_level,2.72,m,1
2023-10-24,黄渡,苏州河/吴淞江,63405100,water_level,2.66,m,1
2023-10-25,黄渡,苏州河/吴淞江,63405100,water_level,2.64,m,1
2023-10-26,黄渡,苏州河/吴淞江,63405100,water_level,2.63,m,1
2023-10-27,黄渡,苏州河/吴淞江,63405100,water_level,2.65,m,1
2023-10-28,黄渡,苏州河/吴淞江,63405100,water_level,2.68,m,1
2023-10-29,黄渡,苏州河/吴淞江,63405100,water_level,2.79,m,1
2023-10-30,黄渡,苏州河/吴淞江,63405100,water_level,2.81,m,1
2023-10-31,黄渡,苏州河/吴淞江,63405100,water_level,2.84,m,1
2023-11-01,黄渡,苏州河/吴淞江,63405100,water_level,2.84,m,1
2023-11-02,黄渡,苏州河/吴淞江,63405100,water_level,2.85,m,1
2023-11-03,黄渡,苏州河/吴淞江,63405100,water_level,2.83,m,1
2023-11-04,黄渡,苏州河/吴淞江,63405100,water_level,2.81,m,1
2023-11-05,黄渡,苏州河/吴淞江,63405100,water_level,2.8,m,1
2023-11-06,黄渡,苏州河/吴淞江,63405100,water_level,2.73,m,1
2023-11-07,黄渡,苏州河/吴淞江,63405100,water_level,2.77,m,1
2023-11-08,黄渡,苏州河/吴淞江,63405100,water_level,2.7,m,1
2023-11-09,黄渡,苏州河/吴淞江,63405100,water_level,2.63,m,1
2023-11-10,黄渡,苏州河/吴淞江,63405100,water_level,2.64,m,1
2023-11-11,黄渡,苏州河/吴淞江,63405100,water_level,2.67,m,1
2023-11-12,黄渡,苏州河/吴淞江,63405100,water_level,2.7,m,1
2023-11-13,黄渡,苏州河/吴淞江,63405100,water_level,2.75,m,1
2023-11-14,黄渡,苏州河/吴淞江,63405100,water_level,2.79,m,1
2023-11-15,黄渡,苏州河/吴淞江,63405100,water_level,2.79,m,1
2023-11-16,黄渡,苏州河/吴淞江,63405100,water_level,2.77,m,1
2023-11-17,黄渡,苏州河/吴淞江,63405100,water_level,2.8,m,1
2023-11-18,黄渡,苏州河/吴淞江,63405100,water_level,2.77,m,1
2023-11-19,黄渡,苏州河/吴淞江,63405100,water_level,2.73,m,1
2023-11-20,黄渡,苏州河/吴淞江,63405100,water_level,2.63,m,1
2023-11-21,黄渡,苏州河/吴淞江,63405100,water_level,2.59,m,1
2023-11-22,黄渡,苏州河/吴淞江,63405100,water_level,2.63,m,1
2023-11-23,黄渡,苏州河/吴淞江,63405100,water_level,2.61,m,1
2023-11-24,黄渡,苏州河/吴淞江,63405100,water_level,2.6,m,1
2023-11-25,黄渡,苏州河/吴淞江,63405100,water_level,2.62,m,1
2023-11-26,黄渡,苏州河/吴淞江,63405100,water_level,2.6,m,1
2023-11-27,黄渡,苏州河/吴淞江,63405100,water_level,2.61,m,1
2023-11-28,黄渡,苏州河/吴淞江,63405100,water_level,2.7,m,1
2023-11-29,黄渡,苏州河/吴淞江,63405100,water_level,2.73,m,1
2023-11-30,黄渡,苏州河/吴淞江,63405100,water_level,2.73,m,1
2023-12-01,黄渡,苏州河/吴淞江,63405100,water_level,2.73,m,1
2023-12-02,黄渡,苏州河/吴淞江,63405100,water_level,2.72,m,1
2023-12-03,黄渡,苏州河/吴淞江,63405100,water_level,2.69,m,1
2023-12-04,黄渡,苏州河/吴淞江,63405100,water_level,2.67,m,1
2023-12-05,黄渡,苏州河/吴淞江,63405100,water_level,2.61,m,1
2023-12-06,黄渡,苏州河/吴淞江,63405100,water_level,2.55,m,1
2023-12-07,黄渡,苏州河/吴淞江,63405100,water_level,2.5,m,1
2023-12-08,黄渡,苏州河/吴淞江,63405100,water_level,2.5,m,1
2023-12-09,黄渡,苏州河/吴淞江,63405100,water_level,2.48,m,1
2023-12-10,黄渡,苏州河/吴淞江,63405100,water_level,2.5,m,1
2023-12-11,黄渡,苏州河/吴淞江,63405100,water_level,2.57,m,1
2023-12-12,黄渡,苏州河/吴淞江,63405100,water_level,2.62,m,1
2023-12-13,黄渡,苏州河/吴淞江,63405100,water_level,2.7,m,1
2023-12-14,黄渡,苏州河/吴淞江,63405100,water_level,2.7,m,1
2023-12-15,黄渡,苏州河/吴淞江,63405100,water_level,2.71,m,1
2023-12-16,黄渡,苏州河/吴淞江,63405100,water_level,2.75,m,1
2023-12-17,黄渡,苏州河/吴淞江,63405100,water_level,2.73,m,1
2023-12-18,黄渡,苏州河/吴淞江,63405100,water_level,2.67,m,1
2023-12-19,黄渡,苏州河/吴淞江,63405100,water_level,2.65,m,1
2023-12-20,黄渡,苏州河/吴淞江,63405100,water_level,2.67,m,1
2023-12-21,黄渡,苏州河/吴淞江,63405100,water_level,2.64,m,1
2023-12-22,黄渡,苏州河/吴淞江,63405100,water_level,2.59,m,1
2023-12-23,黄渡,苏州河/吴淞江,63405100,water_level,2.55,m,1
2023-12-24,黄渡,苏州河/吴淞江,63405100,water_level,2.53,m,1
2023-12-25,黄渡,苏州河/吴淞江,63405100,water_level,2.53,m,1
2023-12-26,黄渡,苏州河/吴淞江,63405100,water_level,2.54,m,1
2023-12-27,黄渡,苏州河/吴淞江,63405100,water_level,2.55,m,1
2023-12-28,黄渡,苏州河/吴淞江,63405100,water_level,2.6,m,1
2023-12-29,黄渡,苏州河/吴淞江,63405100,water_level,2.64,m,1
2023-12-30,黄渡,苏州河/吴淞江,63405100,water_level,2.66,m,1
2023-12-31,黄渡,苏州河/吴淞江,63405100,water_level,2.67,m,1
2024-01-01,黄渡,苏州河/吴淞江,63405100,water_level,2.67,m,1
2024-01-02,黄渡,苏州河/吴淞江,63405100,water_level,2.67,m,1
2024-01-03,黄渡,苏州河/吴淞江,63405100,water_level,2.64,m,1
2024-01-04,黄渡,苏州河/吴淞江,63405100,water_level,2.62,m,1
2024-01-05,黄渡,苏州河/吴淞江,63405100,water_level,2.57,m,1
2024-01-06,黄渡,苏州河/吴淞江,63405100,water_level,2.53,m,1
2024-01-07,黄渡,苏州河/吴淞江,63405100,water_level,2.51,m,1
2024-01-08,黄渡,苏州河/吴淞江,63405100,water_level,2.51,m,1
2024-01-09,黄渡,苏州河/吴淞江,63405100,water_level,2.53,m,1
2024-01-10,黄渡,苏州河/吴淞江,63405100,water_level,2.52,m,1
2024-01-11,黄渡,苏州河/吴淞江,63405100,water_level,2.59,m,1
2024-01-12,黄渡,苏州河/吴淞江,63405100,water_level,2.62,m,1
2024-01-13,黄渡,苏州河/吴淞江,63405100,water_level,2.64,m,1
2024-01-14,黄渡,苏州河/吴淞江,63405100,water_level,2.66,m,1
2024-01-15,黄渡,苏州河/吴淞江,63405100,water_level,2.68,m,1
2024-01-16,黄渡,苏州河/吴淞江,63405100,water_level,2.72,m,1
2024-01-17,黄渡,苏州河/吴淞江,63405100,water_level,2.7,m,1
2024-01-18,黄渡,苏州河/吴淞江,63405100,water_level,2.65,m,1
2024-01-19,黄渡,苏州河/吴淞江,63405100,water_level,2.67,m,1
2024-01-20,黄渡,苏州河/吴淞江,63405100,water_level,2.66,m,1
2024-01-21,黄渡,苏州河/吴淞江,63405100,water_level,2.74,m,1
2024-01-22,黄渡,苏州河/吴淞江,63405100,water_level,2.7,m,1
2024-01-23,黄渡,苏州河/吴淞江,63405100,water_level,2.69,m,1
2024-01-24,黄渡,苏州河/吴淞江,63405100,water_level,2.62,m,1
2024-01-25,黄渡,苏州河/吴淞江,63405100,water_level,2.58,m,1
2024-01-26,黄渡,苏州河/吴淞江,63405100,water_level,2.6,m,1
2024-01-27,黄渡,苏州河/吴淞江,63405100,water_level,2.62,m,1
2024-01-28,黄渡,苏州河/吴淞江,63405100,water_level,2.64,m,1
2024-01-29,黄渡,苏州河/吴淞江,63405100,water_level,2.65,m,1
2024-01-30,黄渡,苏州河/吴淞江,63405100,water_level,2.67,m,1
2024-01-31,黄渡,苏州河/吴淞江,63405100,water_level,2.69,m,1
2024-02-01,黄渡,苏州河/吴淞江,63405100,water_level,2.71,m,1
2024-02-02,黄渡,苏州河/吴淞江,63405100,water_level,2.73,m,1
2024-02-03,黄渡,苏州河/吴淞江,63405100,water_level,2.75,m,1
2024-02-04,黄渡,苏州河/吴淞江,63405100,water_level,2.86,m,1
2024-02-05,黄渡,苏州河/吴淞江,63405100,water_level,2.8,m,1
2024-02-06,黄渡,苏州河/吴淞江,63405100,water_level,2.77,m,1
2024-02-07,黄渡,苏州河/吴淞江,63405100,water_level,2.71,m,1
2024-02-08,黄渡,苏州河/吴淞江,63405100,water_level,2.69,m,1
2024-02-09,黄渡,苏州河/吴淞江,63405100,water_level,2.68,m,1
2024-02-10,黄渡,苏州河/吴淞江,63405100,water_level,2.73,m,1
2024-02-11,黄渡,苏州河/吴淞江,63405100,water_level,2.75,m,1
2024-02-12,黄渡,苏州河/吴淞江,63405100,water_level,2.77,m,1
2024-02-13,黄渡,苏州河/吴淞江,63405100,water_level,2.78,m,1
2024-02-14,黄渡,苏州河/吴淞江,63405100,water_level,2.78,m,1
2024-02-15,黄渡,苏州河/吴淞江,63405100,water_level,2.8,m,1
2024-02-16,黄渡,苏州河/吴淞江,63405100,water_level,2.79,m,1
2024-02-17,黄渡,苏州河/吴淞江,63405100,water_level,2.75,m,1
2024-02-18,黄渡,苏州河/吴淞江,63405100,water_level,2.68,m,1
2024-02-19,黄渡,苏州河/吴淞江,63405100,water_level,2.63,m,1
2024-02-20,黄渡,苏州河/吴淞江,63405100,water_level,2.62,m,1
2024-02-21,黄渡,苏州河/吴淞江,63405100,water_level,2.64,m,1
2024-02-22,黄渡,苏州河/吴淞江,63405100,water_level,2.73,m,1
2024-02-23,黄渡,苏州河/吴淞江,63405100,water_level,2.8,m,1
2024-02-24,黄渡,苏州河/吴淞江,63405100,water_level,2.82,m,1
2024-02-25,黄渡,苏州河/吴淞江,63405100,water_level,2.9,m,1
2024-02-26,黄渡,苏州河/吴淞江,63405100,water_level,2.9,m,1
2024-02-27,黄渡,苏州河/吴淞江,63405100,water_level,2.88,m,1
2024-02-28,黄渡,苏州河/吴淞江,63405100,water_level,2.86,m,1
2024-02-29,黄渡,苏州河/吴淞江,63405100,water_level,2.87,m,1
2024-03-01,黄渡,苏州河/吴淞江,63405100,water_level,2.92,m,1
2024-03-02,黄渡,苏州河/吴淞江,63405100,water_level,2.91,m,1
2024-03-03,黄渡,苏州河/吴淞江,63405100,water_level,2.83,m,1
2024-03-04,黄渡,苏州河/吴淞江,63405100,water_level,2.75,m,1
2024-03-05,黄渡,苏州河/吴淞江,63405100,water_level,2.7,m,1
2024-03-06,黄渡,苏州河/吴淞江,63405100,water_level,2.71,m,1
2024-03-07,黄渡,苏州河/吴淞江,63405100,water_level,2.69,m,1
2024-03-08,黄渡,苏州河/吴淞江,63405100,water_level,2.71,m,1
2024-03-09,黄渡,苏州河/吴淞江,63405100,water_level,2.72,m,1
2024-03-10,黄渡,苏州河/吴淞江,63405100,water_level,2.77,m,1
2024-03-11,黄渡,苏州河/吴淞江,63405100,water_level,2.78,m,1
2024-03-12,黄渡,苏州河/吴淞江,63405100,water_level,2.82,m,1
2024-03-13,黄渡,苏州河/吴淞江,63405100,water_level,2.83,m,1
2024-03-14,黄渡,苏州河/吴淞江,63405100,water_level,2.84,m,1
2024-03-15,黄渡,苏州河/吴淞江,63405100,water_level,2.84,m,1
2024-03-16,黄渡,苏州河/吴淞江,63405100,water_level,2.81,m,1
2024-03-17,黄渡,苏州河/吴淞江,63405100,water_level,2.76,m,1
2024-03-18,黄渡,苏州河/吴淞江,63405100,water_level,2.72,m,1
2024-03-19,黄渡,苏州河/吴淞江,63405100,water_level,2.71,m,1
2024-03-20,黄渡,苏州河/吴淞江,63405100,water_level,2.64,m,1
2024-03-21,黄渡,苏州河/吴淞江,63405100,water_level,2.6,m,1
2024-03-22,黄渡,苏州河/吴淞江,63405100,water_level,2.55,m,1
2024-03-23,黄渡,苏州河/吴淞江,63405100,water_level,2.53,m,1
2024-03-24,黄渡,苏州河/吴淞江,63405100,water_level,2.56,m,1
2024-03-25,黄渡,苏州河/吴淞江,63405100,water_level,2.65,m,1
2024-03-26,黄渡,苏州河/吴淞江,63405100,water_level,2.73,m,1
2024-03-27,黄渡,苏州河/吴淞江,63405100,water_level,2.77,m,1
2024-03-28,黄渡,苏州河/吴淞江,63405100,water_level,2.77,m,1
2024-03-29,黄渡,苏州河/吴淞江,63405100,water_level,2.88,m,1
2024-03-30,黄渡,苏州河/吴淞江,63405100,water_level,2.83,m,1
2024-03-31,黄渡,苏州河/吴淞江,63405100,water_level,2.79,m,1
2024-04-01,黄渡,苏州河/吴淞江,63405100,water_level,2.72,m,1
2024-04-02,黄渡,苏州河/吴淞江,63405100,water_level,2.71,m,1
2024-04-03,黄渡,苏州河/吴淞江,63405100,water_level,2.69,m,1
2024-04-04,黄渡,苏州河/吴淞江,63405100,water_level,2.67,m,1
2024-04-05,黄渡,苏州河/吴淞江,63405100,water_level,2.62,m,1
2024-04-06,黄渡,苏州河/吴淞江,63405100,water_level,2.62,m,1
2024-04-07,黄渡,苏州河/吴淞江,63405100,water_level,2.65,m,1
2024-04-08,黄渡,苏州河/吴淞江,63405100,water_level,2.69,m,1
2024-04-09,黄渡,苏州河/吴淞江,63405100,water_level,2.87,m,1
2024-04-10,黄渡,苏州河/吴淞江,63405100,water_level,2.89,m,1
2024-04-11,黄渡,苏州河/吴淞江,63405100,water_level,2.86,m,1
2024-04-12,黄渡,苏州河/吴淞江,63405100,water_level,2.84,m,1
2024-04-13,黄渡,苏州河/吴淞江,63405100,water_level,2.85,m,1
2024-04-14,黄渡,苏州河/吴淞江,63405100,water_level,2.81,m,1
2024-04-15,黄渡,苏州河/吴淞江,63405100,water_level,2.77,m,1
2024-04-16,黄渡,苏州河/吴淞江,63405100,water_level,2.71,m,1
2024-04-17,黄渡,苏州河/吴淞江,63405100,water_level,2.67,m,1
2024-04-18,黄渡,苏州河/吴淞江,63405100,water_level,2.74,m,1
2024-04-19,黄渡,苏州河/吴淞江,63405100,water_level,2.77,m,1
2024-04-20,黄渡,苏州河/吴淞江,63405100,water_level,2.68,m,1
2024-04-21,黄渡,苏州河/吴淞江,63405100,water_level,2.68,m,1
2024-04-22,黄渡,苏州河/吴淞江,63405100,water_level,2.69,m,1
2024-04-23,黄渡,苏州河/吴淞江,63405100,water_level,2.74,m,1
2024-04-24,黄渡,苏州河/吴淞江,63405100,water_level,2.81,m,1
2024-04-25,黄渡,苏州河/吴淞江,63405100,water_level,2.83,m,1
2024-04-26,黄渡,苏州河/吴淞江,63405100,water_level,2.84,m,1
2024-04-27,黄渡,苏州河/吴淞江,63405100,water_level,2.82,m,1
2024-04-28,黄渡,苏州河/吴淞江,63405100,water_level,2.8,m,1
2024-04-29,黄渡,苏州河/吴淞江,63405100,water_level,2.81,m,1
2024-04-30,黄渡,苏州河/吴淞江,63405100,water_level,2.82,m,1
2024-05-01,黄渡,苏州河/吴淞江,63405100,water_level,2.75,m,1
2024-05-02,黄渡,苏州河/吴淞江,63405100,water_level,2.72,m,1
2024-05-03,黄渡,苏州河/吴淞江,63405100,water_level,2.68,m,1
2024-05-04,黄渡,苏州河/吴淞江,63405100,water_level,2.66,m,1
2024-05-05,黄渡,苏州河/吴淞江,63405100,water_level,2.66,m,1
2024-05-06,黄渡,苏州河/吴淞江,63405100,water_level,2.69,m,1
2024-05-07,黄渡,苏州河/吴淞江,63405100,water_level,2.74,m,1
2024-05-08,黄渡,苏州河/吴淞江,63405100,water_level,2.81,m,1
2024-05-09,黄渡,苏州河/吴淞江,63405100,water_level,2.84,m,1
2024-05-10,黄渡,苏州河/吴淞江,63405100,water_level,2.85,m,1
2024-05-11,黄渡,苏州河/吴淞江,63405100,water_level,2.83,m,1
2024-05-12,黄渡,苏州河/吴淞江,63405100,water_level,2.84,m,1
2024-05-13,黄渡,苏州河/吴淞江,63405100,water_level,2.76,m,1
2024-05-14,黄渡,苏州河/吴淞江,63405100,water_level,2.76,m,1
2024-05-15,黄渡,苏州河/吴淞江,63405100,water_level,2.71,m,1
2024-05-16,黄渡,苏州河/吴淞江,63405100,water_level,2.69,m,1
2024-05-17,黄渡,苏州河/吴淞江,63405100,water_level,2.68,m,1
2024-05-18,黄渡,苏州河/吴淞江,63405100,water_level,2.63,m,1
2024-05-19,黄渡,苏州河/吴淞江,63405100,water_level,2.58,m,1
2024-05-20,黄渡,苏州河/吴淞江,63405100,water_level,2.61,m,1
2024-05-21,黄渡,苏州河/吴淞江,63405100,water_level,2.62,m,1
2024-05-22,黄渡,苏州河/吴淞江,63405100,water_level,2.63,m,1
2024-05-23,黄渡,苏州河/吴淞江,63405100,water_level,2.68,m,1
2024-05-24,黄渡,苏州河/吴淞江,63405100,water_level,2.73,m,1
2024-05-25,黄渡,苏州河/吴淞江,63405100,water_level,2.74,m,1
2024-05-26,黄渡,苏州河/吴淞江,63405100,water_level,2.75,m,1
2024-05-27,黄渡,苏州河/吴淞江,63405100,water_level,2.75,m,1
2024-05-28,黄渡,苏州河/吴淞江,63405100,water_level,2.8,m,1
2024-05-29,黄渡,苏州河/吴淞江,63405100,water_level,2.78,m,1
2024-05-30,黄渡,苏州河/吴淞江,63405100,water_level,2.74,m,1
2024-05-31,黄渡,苏州河/吴淞江,63405100,water_level,2.7,m,1
2024-06-01,黄渡,苏州河/吴淞江,63405100,water_level,2.73,m,1
2024-06-02,黄渡,苏州河/吴淞江,63405100,water_level,2.7,m,1
2024-06-03,黄渡,苏州河/吴淞江,63405100,water_level,2.69,m,1
2024-06-04,黄渡,苏州河/吴淞江,63405100,water_level,2.7,m,1
2024-06-05,黄渡,苏州河/吴淞江,63405100,water_level,2.7,m,1
2024-06-06,黄渡,苏州河/吴淞江,63405100,water_level,2.8,m,1
2024-06-07,黄渡,苏州河/吴淞江,63405100,water_level,2.8,m,1
2024-06-08,黄渡,苏州河/吴淞江,63405100,water_level,2.8,m,1
2024-06-09,黄渡,苏州河/吴淞江,63405100,water_level,2.79,m,1
2024-06-10,黄渡,苏州河/吴淞江,63405100,water_level,2.79,m,1
2024-06-11,黄渡,苏州河/吴淞江,63405100,water_level,2.77,m,1
2024-06-12,黄渡,苏州河/吴淞江,63405100,water_level,2.77,m,1
2024-06-13,黄渡,苏州河/吴淞江,63405100,water_level,2.72,m,1
2024-06-14,黄渡,苏州河/吴淞江,63405100,water_level,2.72,m,1
2024-06-15,黄渡,苏州河/吴淞江,63405100,water_level,2.67,m,1
2024-06-16,黄渡,苏州河/吴淞江,63405100,water_level,2.65,m,1
2024-06-17,黄渡,苏州河/吴淞江,63405100,water_level,2.62,m,1
2024-06-18,黄渡,苏州河/吴淞江,63405100,water_level,2.62,m,1
2024-06-19,黄渡,苏州河/吴淞江,63405100,water_level,2.65,m,1
2024-06-20,黄渡,苏州河/吴淞江,63405100,water_level,2.78,m,1
2024-06-21,黄渡,苏州河/吴淞江,63405100,water_level,2.78,m,1
2024-06-22,黄渡,苏州河/吴淞江,63405100,water_level,3.0,m,1
2024-06-23,黄渡,苏州河/吴淞江,63405100,water_level,3.07,m,1
2024-06-24,黄渡,苏州河/吴淞江,63405100,water_level,3.04,m,1
2024-06-25,黄渡,苏州河/吴淞江,63405100,water_level,2.95,m,1
2024-06-26,黄渡,苏州河/吴淞江,63405100,water_level,3.09,m,1
2024-06-27,黄渡,苏州河/吴淞江,63405100,water_level,3.16,m,1
2024-06-28,黄渡,苏州河/吴淞江,63405100,water_level,3.4,m,1
2024-06-29,黄渡,苏州河/吴淞江,63405100,water_level,3.19,m,1
2024-06-30,黄渡,苏州河/吴淞江,63405100,water_level,3.12,m,1
2024-07-01,黄渡,苏州河/吴淞江,63405100,water_level,3.68,m,1
2024-07-02,黄渡,苏州河/吴淞江,63405100,water_level,3.53,m,1
2024-07-03,黄渡,苏州河/吴淞江,63405100,water_level,3.18,m,1
2024-07-04,黄渡,苏州河/吴淞江,63405100,water_level,3.01,m,1
2024-07-05,黄渡,苏州河/吴淞江,63405100,water_level,2.93,m,1
2024-07-06,黄渡,苏州河/吴淞江,63405100,water_level,2.96,m,1
2024-07-07,黄渡,苏州河/吴淞江,63405100,water_level,2.96,m,1
2024-07-08,黄渡,苏州河/吴淞江,63405100,water_level,2.92,m,1
2024-07-09,黄渡,苏州河/吴淞江,63405100,water_level,2.9,m,1
2024-07-10,黄渡,苏州河/吴淞江,63405100,water_level,2.86,m,1
2024-07-11,黄渡,苏州河/吴淞江,63405100,water_level,2.87,m,1
2024-07-12,黄渡,苏州河/吴淞江,63405100,water_level,3.12,m,1
2024-07-13,黄渡,苏州河/吴淞江,63405100,water_level,3.08,m,1
2024-07-14,黄渡,苏州河/吴淞江,63405100,water_level,3.09,m,1
2024-07-15,黄渡,苏州河/吴淞江,63405100,water_level,2.97,m,1
2024-07-16,黄渡,苏州河/吴淞江,63405100,water_level,2.83,m,1
2024-07-17,黄渡,苏州河/吴淞江,63405100,water_level,2.72,m,1
2024-07-18,黄渡,苏州河/吴淞江,63405100,water_level,2.7,m,1
2024-07-19,黄渡,苏州河/吴淞江,63405100,water_level,2.73,m,1
2024-07-20,黄渡,苏州河/吴淞江,63405100,water_level,2.74,m,1
2024-07-21,黄渡,苏州河/吴淞江,63405100,water_level,2.81,m,1
2024-07-22,黄渡,苏州河/吴淞江,63405100,water_level,2.82,m,1
2024-07-23,黄渡,苏州河/吴淞江,63405100,water_level,2.81,m,1
2024-07-24,黄渡,苏州河/吴淞江,63405100,water_level,2.75,m,1
2024-07-25,黄渡,苏州河/吴淞江,63405100,water_level,2.75,m,1
2024-07-26,黄渡,苏州河/吴淞江,63405100,water_level,2.79,m,1
2024-07-27,黄渡,苏州河/吴淞江,63405100,water_level,2.79,m,1
2024-07-28,黄渡,苏州河/吴淞江,63405100,water_level,2.71,m,1
2024-07-29,黄渡,苏州河/吴淞江,63405100,water_level,2.68,m,1
2024-07-30,黄渡,苏州河/吴淞江,63405100,water_level,2.69,m,1
2024-07-31,黄渡,苏州河/吴淞江,63405100,water_level,2.69,m,1
2024-08-01,黄渡,苏州河/吴淞江,63405100,water_level,2.68,m,1
2024-08-02,黄渡,苏州河/吴淞江,63405100,water_level,2.7,m,1
2024-08-03,黄渡,苏州河/吴淞江,63405100,water_level,2.73,m,1
2024-08-04,黄渡,苏州河/吴淞江,63405100,water_level,2.79,m,1
2024-08-05,黄渡,苏州河/吴淞江,63405100,water_level,2.81,m,1
2024-08-06,黄渡,苏州河/吴淞江,63405100,water_level,2.82,m,1
2024-08-07,黄渡,苏州河/吴淞江,63405100,water_level,2.83,m,1
2024-08-08,黄渡,苏州河/吴淞江,63405100,water_level,2.85,m,1
2024-08-09,黄渡,苏州河/吴淞江,63405100,water_level,2.9,m,1
2024-08-10,黄渡,苏州河/吴淞江,63405100,water_level,2.81,m,1
2024-08-11,黄渡,苏州河/吴淞江,63405100,water_level,2.77,m,1
2024-08-12,黄渡,苏州河/吴淞江,63405100,water_level,2.79,m,1
2024-08-13,黄渡,苏州河/吴淞江,63405100,water_level,2.76,m,1
2024-08-14,黄渡,苏州河/吴淞江,63405100,water_level,2.74,m,1
2024-08-15,黄渡,苏州河/吴淞江,63405100,water_level,2.71,m,1
2024-08-16,黄渡,苏州河/吴淞江,63405100,water_level,2.73,m,1
2024-08-17,黄渡,苏州河/吴淞江,63405100,water_level,2.73,m,1
2024-08-18,黄渡,苏州河/吴淞江,63405100,water_level,2.7,m,1
2024-08-19,黄渡,苏州河/吴淞江,63405100,water_level,2.73,m,1
2024-08-20,黄渡,苏州河/吴淞江,63405100,water_level,2.75,m,1
2024-08-21,黄渡,苏州河/吴淞江,63405100,water_level,2.75,m,1
2024-08-22,黄渡,苏州河/吴淞江,63405100,water_level,2.8,m,1
2024-08-23,黄渡,苏州河/吴淞江,63405100,water_level,2.77,m,1
2024-08-24,黄渡,苏州河/吴淞江,63405100,water_level,2.78,m,1
2024-08-25,黄渡,苏州河/吴淞江,63405100,water_level,2.79,m,1
2024-08-26,黄渡,苏州河/吴淞江,63405100,water_level,2.76,m,1
2024-08-27,黄渡,苏州河/吴淞江,63405100,water_level,2.74,m,1
2024-08-28,黄渡,苏州河/吴淞江,63405100,water_level,2.73,m,1
2024-08-29,黄渡,苏州河/吴淞江,63405100,water_level,2.65,m,1
2024-08-30,黄渡,苏州河/吴淞江,63405100,water_level,2.69,m,1
2024-08-31,黄渡,苏州河/吴淞江,63405100,water_level,2.68,m,1
2024-09-01,黄渡,苏州河/吴淞江,63405100,water_level,2.65,m,1
2024-09-02,黄渡,苏州河/吴淞江,63405100,water_level,2.64,m,1
2024-09-03,黄渡,苏州河/吴淞江,63405100,water_level,2.7,m,1
2024-09-04,黄渡,苏州河/吴淞江,63405100,water_level,2.75,m,1
2024-09-05,黄渡,苏州河/吴淞江,63405100,water_level,2.76,m,1
2024-09-06,黄渡,苏州河/吴淞江,63405100,water_level,2.78,m,1
2024-09-07,黄渡,苏州河/吴淞江,63405100,water_level,2.78,m,1
2024-09-08,黄渡,苏州河/吴淞江,63405100,water_level,2.78,m,1
2024-09-09,黄渡,苏州河/吴淞江,63405100,water_level,2.77,m,1
2024-09-10,黄渡,苏州河/吴淞江,63405100,water_level,2.73,m,1
2024-09-11,黄渡,苏州河/吴淞江,63405100,water_level,2.8,m,1
2024-09-12,黄渡,苏州河/吴淞江,63405100,water_level,2.84,m,1
2024-09-13,黄渡,苏州河/吴淞江,63405100,water_level,2.73,m,1
2024-09-14,黄渡,苏州河/吴淞江,63405100,water_level,2.68,m,1
2024-09-15,黄渡,苏州河/吴淞江,63405100,water_level,2.75,m,1
2024-09-16,黄渡,苏州河/吴淞江,63405100,water_level,2.77,m,1
2024-09-17,黄渡,苏州河/吴淞江,63405100,water_level,3.3,m,1
2024-09-18,黄渡,苏州河/吴淞江,63405100,water_level,3.41,m,1
2024-09-19,黄渡,苏州河/吴淞江,63405100,water_level,3.29,m,1
2024-09-20,黄渡,苏州河/吴淞江,63405100,water_level,3.14,m,1
2024-09-21,黄渡,苏州河/吴淞江,63405100,water_level,3.42,m,1
2024-09-22,黄渡,苏州河/吴淞江,63405100,water_level,3.18,m,1
2024-09-23,黄渡,苏州河/吴淞江,63405100,water_level,2.99,m,1
2024-09-24,黄渡,苏州河/吴淞江,63405100,water_level,2.96,m,1
2024-09-25,黄渡,苏州河/吴淞江,63405100,water_level,2.9,m,1
2024-09-26,黄渡,苏州河/吴淞江,63405100,water_level,2.83,m,1
2024-09-27,黄渡,苏州河/吴淞江,63405100,water_level,2.81,m,1
2024-09-28,黄渡,苏州河/吴淞江,63405100,water_level,2.77,m,1
2024-09-29,黄渡,苏州河/吴淞江,63405100,water_level,2.75,m,1
2024-09-30,黄渡,苏州河/吴淞江,63405100,water_level,2.77,m,1
2024-10-01,黄渡,苏州河/吴淞江,63405100,water_level,2.81,m,1
2024-10-02,黄渡,苏州河/吴淞江,63405100,water_level,2.85,m,1
2024-10-03,黄渡,苏州河/吴淞江,63405100,water_level,2.87,m,1
2024-10-04,黄渡,苏州河/吴淞江,63405100,water_level,2.85,m,1
2024-10-05,黄渡,苏州河/吴淞江,63405100,water_level,2.86,m,1
2024-10-06,黄渡,苏州河/吴淞江,63405100,water_level,2.96,m,1
2024-10-07,黄渡,苏州河/吴淞江,63405100,water_level,2.81,m,1
2024-10-08,黄渡,苏州河/吴淞江,63405100,water_level,2.83,m,1
2024-10-09,黄渡,苏州河/吴淞江,63405100,water_level,2.83,m,1
2024-10-10,黄渡,苏州河/吴淞江,63405100,water_level,2.76,m,1
2024-10-11,黄渡,苏州河/吴淞江,63405100,water_level,2.72,m,1
2024-10-12,黄渡,苏州河/吴淞江,63405100,water_level,2.68,m,1
2024-10-13,黄渡,苏州河/吴淞江,63405100,water_level,2.63,m,1
2024-10-14,黄渡,苏州河/吴淞江,63405100,water_level,2.64,m,1
2024-10-15,黄渡,苏州河/吴淞江,63405100,water_level,2.65,m,1
2024-10-16,黄渡,苏州河/吴淞江,63405100,water_level,2.69,m,1
2024-10-17,黄渡,苏州河/吴淞江,63405100,water_level,2.76,m,1
2024-10-18,黄渡,苏州河/吴淞江,63405100,water_level,2.83,m,1
2024-10-19,黄渡,苏州河/吴淞江,63405100,water_level,2.86,m,1
2024-10-20,黄渡,苏州河/吴淞江,63405100,water_level,2.89,m,1
2024-10-21,黄渡,苏州河/吴淞江,63405100,water_level,2.91,m,1
2024-10-22,黄渡,苏州河/吴淞江,63405100,water_level,2.92,m,1
2024-10-23,黄渡,苏州河/吴淞江,63405100,water_level,2.89,m,1
2024-10-24,黄渡,苏州河/吴淞江,63405100,water_level,2.84,m,1
2024-10-25,黄渡,苏州河/吴淞江,63405100,water_level,2.73,m,1
2024-10-26,黄渡,苏州河/吴淞江,63405100,water_level,2.67,m,1
2024-10-27,黄渡,苏州河/吴淞江,63405100,water_level,2.68,m,1
2024-10-28,黄渡,苏州河/吴淞江,63405100,water_level,2.72,m,1
2024-10-29,黄渡,苏州河/吴淞江,63405100,water_level,2.73,m,1
2024-10-30,黄渡,苏州河/吴淞江,63405100,water_level,2.71,m,1
2024-10-31,黄渡,苏州河/吴淞江,63405100,water_level,2.76,m,1
2024-11-01,黄渡,苏州河/吴淞江,63405100,water_level,2.86,m,1
2024-11-02,黄渡,苏州河/吴淞江,63405100,water_level,3.62,m,1
2024-11-03,黄渡,苏州河/吴淞江,63405100,water_level,3.21,m,1
2024-11-04,黄渡,苏州河/吴淞江,63405100,water_level,3.14,m,1
2024-11-05,黄渡,苏州河/吴淞江,63405100,water_level,3.06,m,1
2024-11-06,黄渡,苏州河/吴淞江,63405100,water_level,2.96,m,1
2024-11-07,黄渡,苏州河/吴淞江,63405100,water_level,2.92,m,1
2024-11-08,黄渡,苏州河/吴淞江,63405100,water_level,2.81,m,1
2024-11-09,黄渡,苏州河/吴淞江,63405100,water_level,2.75,m,1
2024-11-10,黄渡,苏州河/吴淞江,63405100,water_level,2.7,m,1
2024-11-11,黄渡,苏州河/吴淞江,63405100,water_level,2.68,m,1
2024-11-12,黄渡,苏州河/吴淞江,63405100,water_level,2.67,m,1
2024-11-13,黄渡,苏州河/吴淞江,63405100,water_level,2.69,m,1
2024-11-14,黄渡,苏州河/吴淞江,63405100,water_level,2.71,m,1
2024-11-15,黄渡,苏州河/吴淞江,63405100,water_level,2.72,m,1
2024-11-16,黄渡,苏州河/吴淞江,63405100,water_level,2.81,m,1
2024-11-17,黄渡,苏州河/吴淞江,63405100,water_level,2.85,m,1
2024-11-18,黄渡,苏州河/吴淞江,63405100,water_level,2.86,m,1
2024-11-19,黄渡,苏州河/吴淞江,63405100,water_level,2.85,m,1
2024-11-20,黄渡,苏州河/吴淞江,63405100,water_level,2.82,m,1
2024-11-21,黄渡,苏州河/吴淞江,63405100,water_level,2.8,m,1
2024-11-22,黄渡,苏州河/吴淞江,63405100,water_level,2.75,m,1
2024-11-23,黄渡,苏州河/吴淞江,63405100,water_level,2.68,m,1
2024-11-24,黄渡,苏州河/吴淞江,63405100,water_level,2.61,m,1
2024-11-25,黄渡,苏州河/吴淞江,63405100,water_level,2.58,m,1
2024-11-26,黄渡,苏州河/吴淞江,63405100,water_level,2.56,m,1
2024-11-27,黄渡,苏州河/吴淞江,63405100,water_level,2.57,m,1
2024-11-28,黄渡,苏州河/吴淞江,63405100,water_level,2.58,m,1
2024-11-29,黄渡,苏州河/吴淞江,63405100,water_level,2.51,m,1
2024-11-30,黄渡,苏州河/吴淞江,63405100,water_level,2.51,m,1
2024-12-01,黄渡,苏州河/吴淞江,63405100,water_level,2.56,m,1
2024-12-02,黄渡,苏州河/吴淞江,63405100,water_level,2.61,m,1
2024-12-03,黄渡,苏州河/吴淞江,63405100,water_level,2.65,m,1
2024-12-04,黄渡,苏州河/吴淞江,63405100,water_level,2.68,m,1
2024-12-05,黄渡,苏州河/吴淞江,63405100,water_level,2.69,m,1
2024-12-06,黄渡,苏州河/吴淞江,63405100,water_level,2.71,m,1
2024-12-07,黄渡,苏州河/吴淞江,63405100,water_level,2.69,m,1
2024-12-08,黄渡,苏州河/吴淞江,63405100,water_level,2.65,m,1
2024-12-09,黄渡,苏州河/吴淞江,63405100,water_level,2.62,m,1
2024-12-10,黄渡,苏州河/吴淞江,63405100,water_level,2.6,m,1
2024-12-11,黄渡,苏州河/吴淞江,63405100,water_level,2.58,m,1
2024-12-12,黄渡,苏州河/吴淞江,63405100,water_level,2.61,m,1
2024-12-13,黄渡,苏州河/吴淞江,63405100,water_level,2.6,m,1
2024-12-14,黄渡,苏州河/吴淞江,63405100,water_level,2.6,m,1
2024-12-15,黄渡,苏州河/吴淞江,63405100,water_level,2.6,m,1
2024-12-16,黄渡,苏州河/吴淞江,63405100,water_level,2.63,m,1
2024-12-17,黄渡,苏州河/吴淞江,63405100,water_level,2.64,m,1
2024-12-18,黄渡,苏州河/吴淞江,63405100,water_level,2.65,m,1
2024-12-19,黄渡,苏州河/吴淞江,63405100,water_level,2.67,m,1
2024-12-20,黄渡,苏州河/吴淞江,63405100,water_level,2.68,m,1
2024-12-21,黄渡,苏州河/吴淞江,63405100,water_level,2.65,m,1
2024-12-22,黄渡,苏州河/吴淞江,63405100,water_level,2.64,m,1
2024-12-23,黄渡,苏州河/吴淞江,63405100,water_level,2.57,m,1
2024-12-24,黄渡,苏州河/吴淞江,63405100,water_level,2.52,m,1
2024-12-25,黄渡,苏州河/吴淞江,63405100,water_level,2.49,m,1
2024-12-26,黄渡,苏州河/吴淞江,63405100,water_level,2.48,m,1
2024-12-27,黄渡,苏州河/吴淞江,63405100,water_level,2.46,m,1
2024-12-28,黄渡,苏州河/吴淞江,63405100,water_level,2.46,m,1
2024-12-29,黄渡,苏州河/吴淞江,63405100,water_level,2.45,m,1
2024-12-30,黄渡,苏州河/吴淞江,63405100,water_level,2.45,m,1
2024-12-31,黄渡,苏州河/吴淞江,63405100,water_level,2.5,m,1
